ePOS Code,Company Code,Date,ACRA REGISTERED NAME,Brand/Deal Name/Business Name,Sub Domain Link (If Lead is already available in Backend) Fill only when EPOS client,Tele Sales or MR (For KPI - Internal),Name of the Market Researcher,Original Source (Marketing),"Marketing Source (Do not fill anything if the leads are from Hubspot, EPOS clients)",Company Registration date / Date Established,Company Registration Number (UEN),Primary SSIC Code,Secondary SSIC Code,Hubspot ID (Company),Hubspot ID(Deal),Hubspot ID(Contact),Website URL,Business Type,Facebook Page,Instagram URL,Linkedin URL,Tik Tok URL,Ownership Type,Parent Industry Type,Industry Type,Sub Industry,Business model,Presence of Multiple Outlets,Number of Outlets (Write in #),Region,Planning Area,Business Location Type,Registered Address (Block & Street),Registered Address  (Unit #),Registered Address  (Postal code),"Operational Address 
(Block & Street)","Operational Address 
(Unit #)","Operational Address 
(Postal Code)",Operational Address Type,First Name,Last Name,PIC Name 1 Designation,PIC NAME 1 Contact Number,PIC 1 email address,First Name 2,Last Name 2,PIC Name 2 Designation,PIC NAME 2 Contact Number,PIC 2 email address,First Name 3,Last Name 3,PIC Name Designation 3,PIC NAME 3 Contact Number,PIC 3 email address,FB/Insta/Tik Tok/Linkedin Contact,Current ePOS Client ?,"If ePOS Client, which product they are using?",Is this deal part of the Gov List?,Source from Market Researcher,Contact Number from Lusha?,Phone number Verified ?
,,16/12/2025,AAA MOKITA FOOD MANAGEMENT & CATERING PTE. LTD.,AAA MOKITA FOOD MANAGEMENT & CATERING,,TeleSales,,Offline Sources,Adhoc,,202012747H,,,,,,,,,,,,,,,,"B2C, Offline",,,,,,,,,,,,,,,,65 9183 2482,aaamokitachangi@gmail.com,,,,,,,,,,,,,,Gov List,"ACRA, Google Searches",,
,,16/12/2025,ABR HOLDINGS LIMITED,ABR,,TeleSales,,Offline Sources,Adhoc,,197803023H,,,,,,,,,,,,,,,,"B2C, Offline",,,,,,,,,,,,,,,,65 9776 2505,bennyng@swensens.com.sg,,,,,,,,,,,,,,Gov List,"ACRA, Google Searches",,
,,16/12/2025,BEST HAWA RESTAURANT CHICKEN RICE & SEAFOOD,BEST HAWA RESTAURANT CHICKEN RICE & SEAFOOD,,TeleSales,,Offline Sources,Adhoc,,52966167E,,,,,,,,,,,,,,,,"B2C, Offline",,,,,,,,,,,,,,,,65 9003 5863,contact.besthawa@gmail.com,,,,,,,,,,,,,,Gov List,"ACRA, Google Searches",,
,,16/12/2025,CHAREN THAI KITCHEN,CHAREN THAI KITCHEN,,TeleSales,,Offline Sources,Adhoc,,53410519W,,,,,,,,,,,,,,,,"B2C, Offline",,,,,,,,,,,,,,,,65 9859 1946,kktan14505@gmail.com,,,,,multienergysavings@gmail.com,,,,,,,,,Gov List,"ACRA, Google Searches",,
,,16/12/2025,COBA COBA,COBA COBA,,TeleSales,,Offline Sources,Adhoc,,53289006W,,,,,,,,,,,,,,,,"B2C, Offline",,,,,,,,,,,,,,,,65 9630 2292,hello@cobacoba.sg,,,,,admin@carexpress.com.sg,,,,,,,,,Gov List,"ACRA, Google Searches",,
,,16/12/2025,DA SHI TANG CATERING PTE. LTD.,DA SHI TANG CATERING,,TeleSales,,Offline Sources,Adhoc,,201331601D,,,,,,,,,,,,,,,,"B2C, Offline",,,,,,,,,,,,,,,,65 8399 9147,wangyourui666@qq.com,,,,,,,,,,,,,,Gov List,"ACRA, Google Searches",,
,,16/12/2025,DAPUR PENYET,DAPUR PENYET,,TeleSales,,Offline Sources,Adhoc,,53309315E,,,,,,,,,,,,,,,,"B2C, Offline",,,,,,,,,,,,,,,,65 9126 6794,glen@dapurpenyet.com.sg,,,,,,,,,,,,,,Gov List,"ACRA, Google Searches",,
,,16/12/2025,DARTS LEGEND,DARTS LEGEND,,TeleSales,,Offline Sources,Adhoc,,53255300D,,,,,,,,,,,,,,,,"B2C, Offline",,,,,,,,,,,,,,,,65 8666 3236,stevehoong1987@gmail.com,,,,,,,,,,,,,,Gov List,"ACRA, Google Searches",,
,,16/12/2025,ERWIN PTE. LTD.,ERWIN,,TeleSales,,Offline Sources,Adhoc,,201218351W,,,,,,,,,,,,,,,,"B2C, Offline",,,,,,,,,,,,,,,,65 6235 1613,accounts@erwins.com.sg,,,,,,,,,,,,,,Gov List,"ACRA, Google Searches",,
,,16/12/2025,GERRY'S GRILL,GERRYS GRILL,,TeleSales,,Offline Sources,Adhoc,,53234744K,,,,,,,,,,,,,,,,"B2C, Offline",,,,,,,,,,,,,,,,65 8926 2899,rkctang@gerrysgrill.com,,,,,singapore2@gerrysgrill.com,,,,,wangping@gerrysgrill.com,,,,Gov List,"ACRA, Google Searches",,
,,16/12/2025,FILL-A-PITA PTE. LTD.,FILL A PITA,,TeleSales,,Offline Sources,Adhoc,,201129153C,,,,,,,,,,,,,,,,"B2C, Offline",,,,,,,,,,,,,,,,65 9764 1600,hugo@fillapita.co,,,,,,,,,,,,,,Gov List,"ACRA, Google Searches",,
,,16/12/2025,FLOC CAPITAL PRIVATE LIMITED,FLOC CAPITAL,,TeleSales,,Offline Sources,Adhoc,,201943309Z,,,,,,,,,,,,,,,,"B2C, Offline",,,,,,,,,,,,,,,,65 9646 0384,junchen@flocgroup.com,,,,,,,,,,,,,,Gov List,"ACRA, Google Searches",,
,,16/12/2025,FOOD STREET KENG FISH HEAD STEAMBOAT RESTAURANT,FOOD STREET KENG FISH HEAD STEAMBOAT RESTAURANT,,TeleSales,,Offline Sources,Adhoc,,53073715M,,,,,,,,,,,,,,,,"B2C, Offline",,,,,,,,,,,,,,,,65 9023 2854,sharonkwafoodstreet@gmail.com,,,,,,,,,,,,,,Gov List,"ACRA, Google Searches",,
,,16/12/2025,FORTUNE COOKIE PROJECTZ PTE. LTD.,FORTUNE COOKIE PROJECTZ,,TeleSales,,Offline Sources,Adhoc,,202031966M,,,,,,,,,,,,,,,,"B2C, Offline",,,,,,,,,,,,,,,,65 9720 0079,chyeling@gmail.com,,,,,,,,,,,,,,Gov List,"ACRA, Google Searches",,
,,16/12/2025,GAO JI FOOD (S) PTE LTD,GAO JI FOOD S,,TeleSales,,Offline Sources,Adhoc,,199403084M,,,,,,,,,,,,,,,,"B2C, Offline",,,,,,,,,,,,,,,,65 6773 7878,,,,,,,,,,,,,,,Gov List,"ACRA, Google Searches",,
,,16/12/2025,GEORGE TOWN TZE CHAR AND CRAFT BEER LLP,GEORGE TOWN TZE CHAR AND CRAFT BEER,,TeleSales,,Offline Sources,Adhoc,,T06LL0243E,,,,,,,,,,,,,,,,"B2C, Offline",,,,,,,,,,,,,,,,65 9682 3826,,,,,,,,,,,,,,,Gov List,"ACRA, Google Searches",,
,,16/12/2025,GOOD COFFEE PLEASE LLP,GOOD COFFEE PLEASE,,TeleSales,,Offline Sources,Adhoc,,T15LL1267K,,,,,,,,,,,,,,,,"B2C, Offline",,,,,,,,,,,,,,,,65 9010 6454,jh@good-coffeeplease.com,,,,,vp@good-coffeeplease.com,,,,,,,,,Gov List,"ACRA, Google Searches",,
,,16/12/2025,GRAPEVINE CAFE BAR & RESTAURANT LLP,GRAPEVINE CAFE BAR & RESTAURANT,,TeleSales,,Offline Sources,Adhoc,,T07LL0769F,,,,,,,,,,,,,,,,"B2C, Offline",,,,,,,,,,,,,,,,65 9009 6861,lesmich236@gmail.com,,,,,grapevineintel@gmail.com,,,,,finance.grapevinevenue@gmail.com,,,,Gov List,"ACRA, Google Searches",,
,,16/12/2025,HAO LAI WU FOOD ENTERPRISE,HAO LAI WU FOOD,,TeleSales,,Offline Sources,Adhoc,,53339840A,,,,,,,,,,,,,,,,"B2C, Offline",,,,,,,,,,,,,,,,65 8339 8649,limrichstep@gmail.com,,,,,,,,,,,,,,Gov List,"ACRA, Google Searches",,
,,16/12/2025,HENRY DINING PTE. LTD.,HENRY DINING,,TeleSales,,Offline Sources,Adhoc,,201704518G,,,,,,,,,,,,,,,,"B2C, Offline",,,,,,,,,,,,,,,,65 9105 8156,c133788@gmail.com,,,,,,,,,,,,,,Gov List,"ACRA, Google Searches",,
,,16/12/2025,HOONG YING ENTERPRISE PRIVATE LIMITED,HOONG YING,,TeleSales,,Offline Sources,Adhoc,,201317788W,,,,,,,,,,,,,,,,"B2C, Offline",,,,,,,,,,,,,,,,65 9661 5449,yeow_tk@hsg.com.sg,,,,,jennifer_sia@hsg.com.sg,,,,,gina_lim@hsg.com.sg,,,,Gov List,"ACRA, Google Searches",,
,,16/12/2025,HOT PALETTE (ASIA PACIFIC) PTE. LTD.,HOT PALETTE ASIA PACIFIC,,TeleSales,,Offline Sources,Adhoc,,200408968W,,,,,,,,,,,,,,,,"B2C, Offline",,,,,,,,,,,,,,,,,winnie@hotpalette-apac.com,,,,,celiatan@hotpalette-apac.com,,,,,sylim@hotpalette-apac.com,,,,Gov List,"ACRA, Google Searches",,
,,16/12/2025,ICHI TEI JAPANESE CUISINE (2009),ICHI TEI JAPANESE CUISINE 2009,,TeleSales,,Offline Sources,Adhoc,,53381900L,,,,,,,,,,,,,,,,"B2C, Offline",,,,,,,,,,,,,,,,65 9139 1746,ichitei@hotmail.com,,,,,,,,,,,,,,Gov List,"ACRA, Google Searches",,
,,16/12/2025,ILLUZION,ILLUZION,,TeleSales,,Offline Sources,Adhoc,,53048863M,,,,,,,,,,,,,,,,"B2C, Offline",,,,,,,,,,,,,,,,65 9106 3912,astickysituation.illuzion@gmail.com,,,,,,,,,,,,,,Gov List,"ACRA, Google Searches",,
,,16/12/2025,JARS VENTURES PRIVATE LIMITED,JARS VENTURES,,TeleSales,,Offline Sources,Adhoc,,201433677N,,,,,,,,,,,,,,,,"B2C, Offline",,,,,,,,,,,,,,,,65 9225 6558,janice.lim@jars-ventures.com,,,,,,,,,,,,,,Gov List,"ACRA, Google Searches",,
,,16/12/2025,JIA WEI FOOD HUB PRIVATE LIMITED,JIA WEI FOOD HUB,,TeleSales,,Offline Sources,Adhoc,,201023648N,,,,,,,,,,,,,,,,"B2C, Offline",,,,,,,,,,,,,,,,65 9106 1932,sharon.tan88888@gmail.com,,,,,,,,,,,,,,Gov List,"ACRA, Google Searches",,
,,16/12/2025,KACA COFFEE LLP,KACA COFFEE,,TeleSales,,Offline Sources,Adhoc,,T19LL0800E,,,,,,,,,,,,,,,,"B2C, Offline",,,,,,,,,,,,,,,,65 8168 5283,kacacoffeehouse@gmail.com,,,,,,,,,,,,,,Gov List,"ACRA, Google Searches",,
,,16/12/2025,KAI DUCK PRIVATE LIMITED,KAI DUCK,,TeleSales,,Offline Sources,Adhoc,,201910596G,,,,,,,,,,,,,,,,"B2C, Offline",,,,,,,,,,,,,,,,65 9049 3153,kaiting@benefitcapital.asia,,,,,,,,,,,,,,Gov List,"ACRA, Google Searches",,
,,16/12/2025,MAKANPANDA WESTERN PRIVATE LIMITED,MAKANPANDA WESTERN,,TeleSales,,Offline Sources,Adhoc,,201941471D,,,,,,,,,,,,,,,,"B2C, Offline",,,,,,,,,,,,,,,,65 9096 0066,dave.ker77@gmail.com,,,,,,,,,,,,,,Gov List,"ACRA, Google Searches",,
,,16/12/2025,MING CHUNG PTE. LTD.,MING CHUNG,,TeleSales,,Offline Sources,Adhoc,,201129730K,,,,,,,,,,,,,,,,"B2C, Offline",,,,,,,,,,,,,,,,65 9622 0726,peterho@mingchung.com.sg,,,,,,,,,,,,,,Gov List,"ACRA, Google Searches",,
,,16/12/2025,MONZEN@GARDEN,MONZEN@GARDEN,,TeleSales,,Offline Sources,Adhoc,,53395289A,,,,,,,,,,,,,,,,"B2C, Offline",,,,,,,,,,,,,,,,65 9119 0700,alfredngys@gmail.com,,,,,,,,,,,,,,Gov List,"ACRA, Google Searches",,
,,16/12/2025,MOUNTAIN COFFEE,MOUNTAIN COFFEE,,TeleSales,,Offline Sources,Adhoc,,53188868A,,,,,,,,,,,,,,,,"B2C, Offline",,,,,,,,,,,,,,,,65 9040 0002,yorasze@gmail.com,,,,,,,,,,,,,,Gov List,"ACRA, Google Searches",,
,,16/12/2025,NANA THAI WOK RESTAURANT LLP,NANA THAI WOK RESTAURANT,,TeleSales,,Offline Sources,Adhoc,,T12LL0905G,,,,,,,,,,,,,,,,"B2C, Offline",,,,,,,,,,,,,,,,65 9247 0816,restaurantnanathai@gmail.com,,,,,,,,,,,,,,Gov List,"ACRA, Google Searches",,
,,16/12/2025,OCTAPAS PRIVATE LIMITED,OCTAPAS,,TeleSales,,Offline Sources,Adhoc,,200403500N,,,,,,,,,,,,,,,,"B2C, Offline",,,,,,,,,,,,,,,,65 9732 4435,henny@octapasasia.com,,,,,kc@pvglobal.com.sg,,,,,,,,,Gov List,"ACRA, Google Searches",,
,,16/12/2025,PASTIME,PASTIME,,TeleSales,,Offline Sources,Adhoc,,53397104K,,,,,,,,,,,,,,,,"B2C, Offline",,,,,,,,,,,,,,,,65 9620 2019,andy@ftgroup.sg,,,,,,,,,,,,,,Gov List,"ACRA, Google Searches",,
,,16/12/2025,PTF PTE. LTD.,PTF,,TeleSales,,Offline Sources,Adhoc,,201223693K,,,,,,,,,,,,,,,,"B2C, Offline",,,,,,,,,,,,,,,,65 9353 0860,craig@ptig.email,,,,,julie@rightchoice.email,,,,,,,,,Gov List,"ACRA, Google Searches",,
,,16/12/2025,RED MARBLE PTE. LTD.,RED MARBLE,,TeleSales,,Offline Sources,Adhoc,,201916251R,,,,,,,,,,,,,,,,"B2C, Offline",,,,,,,,,,,,,,,,65 9639 8668,oneprawnnoodle@gmail.com,,,,,,,,,,,,,,Gov List,"ACRA, Google Searches",,
,,16/12/2025,REMNANT ENTERPRISE PTE LTD,REMNANT,,TeleSales,,Offline Sources,Adhoc,,200106258Z,,,,,,,,,,,,,,,,"B2C, Offline",,,,,,,,,,,,,,,,65 6447 0797,sarah@remnants.com.sg,,,,,,,,,,,,,,Gov List,"ACRA, Google Searches",,
,,16/12/2025,SHI SHENG CLAYPOT FROG,SHI SHENG CLAYPOT FROG,,TeleSales,,Offline Sources,Adhoc,,52818326E,,,,,,,,,,,,,,,,"B2C, Offline",,,,,,,,,,,,,,,,65 8333 9999,scz9d@yahoo.com.sg,,,,,multienergysavings@gmail.com,,,,,,,,,Gov List,"ACRA, Google Searches",,
,,16/12/2025,SHIVAM RESTAURANT PTE. LTD.,SHIVAM RESTAURANT,,TeleSales,,Offline Sources,Adhoc,,201807681G,,,,,,,,,,,,,,,,"B2C, Offline",,,,,,,,,,,,,,,,65 9673 6653,krishnamani_k@yahoo.com,,,,,,,,,,,,,,Gov List,"ACRA, Google Searches",,
,,16/12/2025,SIAM SQUARE MOOKATA LLP,SIAM SQUARE MOOKATA,,TeleSales,,Offline Sources,Adhoc,,T15LL0082A,,,,,,,,,,,,,,,,"B2C, Offline",,,,,,,,,,,,,,,,65 9056 8070,rose@pocoloco.com.sg,,,,,,,,,,,,,,Gov List,"ACRA, Google Searches",,
,,16/12/2025,SMOKE & ATELIER CO PTE. LTD.,SMOKE & ATELIER,,TeleSales,,Offline Sources,Adhoc,,202144640H,,,,,,,,,,,,,,,,"B2C, Offline",,,,,,,,,,,,,,,,65 8894 7367,wangmrcs@yahoo.com.sg,,,,,,,,,,,,,,Gov List,"ACRA, Google Searches",,
,,16/12/2025,SOFRA INTERNATIONAL FOOD PTE LTD,SOFRA FOOD,,TeleSales,,Offline Sources,Adhoc,,199905003K,,,,,,,,,,,,,,,,"B2C, Offline",,,,,,,,,,,,,,,,65 9616 2886,accounts@sofra.com.sg,,,,,,,,,,,,,,Gov List,"ACRA, Google Searches",,
,,16/12/2025,SUMMIT CATERING SERVICES PTE LTD,SUMMIT CATERING,,TeleSales,,Offline Sources,Adhoc,,199704731E,,,,,,,,,,,,,,,,"B2C, Offline",,,,,,,,,,,,,,,,65 9145 6813,marinecorner@singnet.com.sg,,,,,,,,,,,,,,Gov List,"ACRA, Google Searches",,
,,16/12/2025,SUN KOPITIAM,SUN KOPITIAM,,TeleSales,,Offline Sources,Adhoc,,52946635W,,,,,,,,,,,,,,,,"B2C, Offline",,,,,,,,,,,,,,,,65 8686 8656,sunkopitiam@hotmail.com,,,,,,,,,,,,,,Gov List,"ACRA, Google Searches",,
,,16/12/2025,EDO SUSHI PTE LTD,SUSHI EDO,,TeleSales,,Offline Sources,Adhoc,,199409611R,,,,,,,,,,,,,,,,"B2C, Offline",,,,,,,,,,,,,,,,65 6348 6613,,,,,,,,,,,,,,,Gov List,"ACRA, Google Searches",,
,,16/12/2025,SUSHI-TEI PTE LTD,SUSHI TEI,,TeleSales,,Offline Sources,Adhoc,,199405285E,,,,,,,,,,,,,,,,"B2C, Offline",,,,,,,,,,,,,,,,65 6376 2221,geokhoen@sushitei.com,,,,,gavinng@sushitei.com,,,,,finance@sushitei.com,,,,Gov List,"ACRA, Google Searches",,
,,16/12/2025,TANG KAY KEE EATING STALL,TANG KAY KEE EATING STALL,,TeleSales,,Offline Sources,Adhoc,,42899000B,,,,,,,,,,,,,,,,"B2C, Offline",,,,,,,,,,,,,,,,65 8157 2641,debbieywg@gmail.com,,,,,,,,,,,,,,Gov List,"ACRA, Google Searches",,
,,16/12/2025,THE FROSTED CHICK,THE FROSTED CHICK,,TeleSales,,Offline Sources,Adhoc,,53264074L,,,,,,,,,,,,,,,,"B2C, Offline",,,,,,,,,,,,,,,,65 9488 2226,frostedsg@gmail.com,,,,,,,,,,,,,,Gov List,"ACRA, Google Searches",,
,,16/12/2025,THE PLANT FOOD.CO,THE PLANT FOOD,,TeleSales,,Offline Sources,Adhoc,,53437094B,,,,,,,,,,,,,,,,"B2C, Offline",,,,,,,,,,,,,,,,65 8182 4577,theplantfood.co@gmail.com,,,,,,,,,,,,,,Gov List,"ACRA, Google Searches",,
,,16/12/2025,THIAM YIAN CONFECTIONERY,THIAM YIAN CONFECTIONERY,,TeleSales,,Offline Sources,Adhoc,,39513200B,,,,,,,,,,,,,,,,"B2C, Offline",,,,,,,,,,,,,,,,65 6458 1478,thiamyianconfectionery@gmail.com,,,,,,,,,,,,,,Gov List,"ACRA, Google Searches",,
,,16/12/2025,HEPO KEJIA LEICHA SUPPLY,HEPO KEJIA LEICHA SUPPLY,,TeleSales,,Offline Sources,Adhoc,,53080254J,,,,,,,,,,,,,,,,"B2C, Offline",,,,,,,,,,,,,,,,65 9339 8979,hello@thunderbolt.sg,,,,,,,,,,,,,,Gov List,"ACRA, Google Searches",,
,,16/12/2025,UDC PTE. LTD.,UDC,,TeleSales,,Offline Sources,Adhoc,,201101430Z,,,,,,,,,,,,,,,,"B2C, Offline",,,,,,,,,,,,,,,,65 8343 1521,chaitali@angloindian.com.sg,,,,,,,,,,,,,,Gov List,"ACRA, Google Searches",,
,,16/12/2025,VEGANFOODS GLOBAL PRIVATE LIMITED,VEGANFOODS,,TeleSales,,Offline Sources,Adhoc,,201115099Z,,,,,,,,,,,,,,,,"B2C, Offline",,,,,,,,,,,,,,,,65 9726 8297,mayuri@veganburg.com,,,,,,,,,,,,,,Gov List,"ACRA, Google Searches",,
,,16/12/2025,VICTORY BOAT NOODLE CAFE LLP,VICTORY BOAT NOODLE CAFE,,TeleSales,,Offline Sources,Adhoc,,T16LL1912B,,,,,,,,,,,,,,,,"B2C, Offline",,,,,,,,,,,,,,,,65 8126 2168,victoryboatnoodlescafe@hotmail.com,,,,,,,,,,,,,,Gov List,"ACRA, Google Searches",,
,,16/12/2025,WALA WALA CAFE BAR PTE LTD,WALA WALA CAFE BAR,,TeleSales,,Offline Sources,Adhoc,,199606638R,,,,,,,,,,,,,,,,"B2C, Offline",,,,,,,,,,,,,,,,65 6462 4288,stanley@walawala.sg,,,,,accounts@walawala.sg,,,,,,,,,Gov List,"ACRA, Google Searches",,
,,16/12/2025,WARUNG M NASIR,WARUNG M NASIR,,TeleSales,,Offline Sources,Adhoc,,53041278X,,,,,,,,,,,,,,,,"B2C, Offline",,,,,,,,,,,,,,,,65 9010 5188,warungmnasir@yahoo.com,,,,,,,,,,,,,,Gov List,"ACRA, Google Searches",,
,,16/12/2025,WEI DAO FOOD PTE. LTD.,WEI DAO FOOD,,TeleSales,,Offline Sources,Adhoc,,201924528D,,,,,,,,,,,,,,,,"B2C, Offline",,,,,,,,,,,,,,,,65 6533 2477,pacificmanpower168@gmail.com,,,,,,,,,,,,,,Gov List,"ACRA, Google Searches",,
,,16/12/2025,YHINGTHAI PALACE RESTAURANT PTE LTD,YHINGTHAI PALACE RESTAURANT,,TeleSales,,Offline Sources,Adhoc,,198703403D,,,,,,,,,,,,,,,,"B2C, Offline",,,,,,,,,,,,,,,,65 6337 1161,,,,,,,,,,,,,,,Gov List,"ACRA, Google Searches",,
,,16/12/2025,YUAN WEI QUAN VEGETARIAN PTE. LTD.,YUAN WEI QUAN VEGETARIAN,,TeleSales,,Offline Sources,Adhoc,,200300417R,,,,,,,,,,,,,,,,"B2C, Offline",,,,,,,,,,,,,,,,65 9687 8535,candrafst@gmail.com,,,,,,,,,,,,,,Gov List,"ACRA, Google Searches",,
,,16/12/2025,1-ALTITUDE,1 ALTITUDE,,TeleSales,,Offline Sources,Adhoc,,53169923D,,,,,,,,,,,,,,,,"B2C, Offline",,,,,,,,,,,,,,,,65 6773 0070,info@1-altitude.com,,,,,,,,,,,,,,Gov List,"ACRA, Google Searches",,
,,16/12/2025,A B MOHAMED RESTAURANT,ABMOHAMED RESTAURANT,,TeleSales,,Offline Sources,Adhoc,,35250000W,,,,,,,,,,,,,,,,"B2C, Offline",,,,,,,,,,,,,,,,65 6298 1010,abmrest@abmgroup.com.sg,,,,,,,,,,,,,,Gov List,"ACRA, Google Searches",,
,,16/12/2025,AGLIO OLIO BISTRO LLP,AGLIO OLIO BISTRO,,TeleSales,,Offline Sources,Adhoc,,T06LL1303L,,,,,,,,,,,,,,,,"B2C, Offline",,,,,,,,,,,,,,,,65 6327 3622,clement@aglioolio.com.sg,,,,65 6266 0643,glio@aglioolio.com.sg,,,,,,,,,Gov List,"ACRA, Google Searches",,
,,16/12/2025,AMIRAH'S GRILL RESTAURANT & CAFE,AMIRAHS GRILL RESTAURANT & CAFE,,TeleSales,,Offline Sources,Adhoc,,52898174M,,,,,,,,,,,,,,,,"B2C, Offline",,,,,,,,,,,,,,,,65 5938 3199,enquiry@amirahsgrill.com,,,,,,,,,,,,,,Gov List,"ACRA, Google Searches",,
,,16/12/2025,328 KATONG LAKSA,328 KATONG LAKSA,,TeleSales,,Offline Sources,Adhoc,,52908915K,,,,,,,,,,,,,,,,"B2C, Offline",,,,,,,,,,,,,,,,65 9732 8163,328katonglaksa@gmail.com,,,,,jamesleeweijie@gmail.com,,,,,,,,,Gov List,"ACRA, Google Searches",,
,,16/12/2025,ASIAN HALALFOOD PTE. LTD.,ASIAN HALALFOOD,,TeleSales,,Offline Sources,Adhoc,,200608015W,,,,,,,,,,,,,,,,"B2C, Offline",,,,,,,,,,,,,,,,65 6261 6887,ashraffali2001@gmail.com,,,,,,,,,,,,,,Gov List,"ACRA, Google Searches",,
,,16/12/2025,BONKERS PUB LLP,BONKERS PUB,,TeleSales,,Offline Sources,Adhoc,,T06LL1594A,,,,,,,,,,,,,,,,"B2C, Offline",,,,,,,,,,,,,,,,65 6226 3817,bonkerschng@hotmail.com,,,,,,,,,,,,,,Gov List,"ACRA, Google Searches",,
,,16/12/2025,BRAZIL CHURRASCO,BRAZIL CHURRASCO,,TeleSales,,Offline Sources,Adhoc,,51207300K,,,,,,,,,,,,,,,,"B2C, Offline",,,,,,,,,,,,,,,,65 9657 2472,mugan@brazilchurrasco.com,,,,,,,,,,,,,,Gov List,"ACRA, Google Searches",,
,,16/12/2025,BREAD STREET KITCHEN PTE. LIMITED,BREAD STREET KITCHEN,,TeleSales,,Offline Sources,Adhoc,,201421750R,,,,,,,,,,,,,,,,"B2C, Offline",,,,,,,,,,,,,,,,65 6688 5665,john.quetier@marinabaysands.com,,,,,,,,,,,,,,Gov List,"ACRA, Google Searches",,
,,16/12/2025,CHEF'S TABLE,CHEFS TABLE,,TeleSales,,Offline Sources,Adhoc,,53417137X,,,,,,,,,,,,,,,,"B2C, Offline",,,,,,,,,,,,,,,,65 6224 4188,chefstable@2015l.com,,,,,,,,,,,,,,Gov List,"ACRA, Google Searches",,
,,16/12/2025,CHENG'S SEAFOOD VILLAGE,CHENGS SEAFOOD VILLAGE,,TeleSales,,Offline Sources,Adhoc,,53034617J,,,,,,,,,,,,,,,,"B2C, Offline",,,,,,,,,,,,,,,,65 6892 5590,,,,,,,,,,,,,,,Gov List,"ACRA, Google Searches",,
,,16/12/2025,CROSSROADS CAFE,CROSSROADS CAFE,,TeleSales,,Offline Sources,Adhoc,,52735300X,,,,,,,,,,,,,,,,"B2C, Offline",,,,,,,,,,,,,,,,65 8289 5313,mhrs.sindt.crossroads.cafe.restaurant.mgr@marriotthotels.com,,,,,,,,,,,,,,Gov List,"ACRA, Google Searches",,
,,16/12/2025,DONG PO COLONIAL CAFE,DONG PO COLONIAL CAFE,,TeleSales,,Offline Sources,Adhoc,,53230549C,,,,,,,,,,,,,,,,"B2C, Offline",,,,,,,,,,,,,,,,65 6298 1318,,,,,,,,,,,,,,,Gov List,"ACRA, Google Searches",,
,,16/12/2025,EAST OCEAN TEOCHEW RESTAURANT PTE LTD,EAST OCEAN TEOCHEW RESTAURANT,,TeleSales,,Offline Sources,Adhoc,,199201419R,,,,,,,,,,,,,,,,"B2C, Offline",,,,,,,,,,,,,,,,65 6235 9088,eastoceantc@yahoo.com.sg,,,,,,,,,,,,,,Gov List,"ACRA, Google Searches",,
,,16/12/2025,DULCET & STUDIO,DULCET & STUDIO,,TeleSales,,Offline Sources,Adhoc,,53376878X,,,,,,,,,,,,,,,,"B2C, Offline",,,,,,,,,,,,,,,,65 6338 9248,,,,,,,,,,,,,,,Gov List,"ACRA, Google Searches",,
,,16/12/2025,"FAIRMONT, SINGAPORE",FAIRMONT,,TeleSales,,Offline Sources,Adhoc,,53087342K,,,,,,,,,,,,,,,,"B2C, Offline",,,,,,,,,,,,,,,,65 6431 5055,singapore@fairmont.com,,,,,,,,,,,,,,Gov List,"ACRA, Google Searches",,
,,16/12/2025,FORMOSA DELIGHTS PTE LTD,FORMOSA DELIGHTS,,TeleSales,,Offline Sources,Adhoc,,198802664G,,,,,,,,,,,,,,,,"B2C, Offline",,,,,,,,,,,,,,,,65 9100 8206,formosa.delights@gmail.com,,,,65 6778 7398,manager@formosadelights.com,,,,,,,,,Gov List,"ACRA, Google Searches",,
,,16/12/2025,GANDHI RESTAURANT,GANDHI RESTAURANT,,TeleSales,,Offline Sources,Adhoc,,42595000W,,,,,,,,,,,,,,,,"B2C, Offline",,,,,,,,,,,,,,,,65 9622 9281,raj1978sg@yahoo.com.sg,,,,,,,,,,,,,,Gov List,"ACRA, Google Searches",,
,,16/12/2025,HAN & HAN PRIVATE LIMITED,HAN,,TeleSales,,Offline Sources,Adhoc,,201707263C,,,,,,,,,,,,,,,,"B2C, Offline",,,,,,,,,,,,,,,,65 6336 2466,contact@han.com.sg,,,,,,,,,,,,,,Gov List,"ACRA, Google Searches",,
,,16/12/2025,HARVEST SEAFOOD RESTAURANT PTE LTD,HARVEST SEAFOOD RESTAURANT,,TeleSales,,Offline Sources,Adhoc,,200009275W,,,,,,,,,,,,,,,,"B2C, Offline",,,,,,,,,,,,,,,,65 6538 9192,harvestyap@hotmail.com,,,,,,,,,,,,,,Gov List,"ACRA, Google Searches",,
,,16/12/2025,HIMAWARI JAPANESE RESTAURANT,HIMAWARI JAPANESE RESTAURANT,,TeleSales,,Offline Sources,Adhoc,,53023502A,,,,,,,,,,,,,,,,"B2C, Offline",,,,,,,,,,,,,,,,65 6272 1110,amy@himawari.com.sg,,,,,,,,,,,,,,Gov List,"ACRA, Google Searches",,
,,16/12/2025,IDATEN UDON,IDATEN UDON,,TeleSales,,Offline Sources,Adhoc,,53295765B,,,,,,,,,,,,,,,,"B2C, Offline",,,,,,,,,,,,,,,,65 6238 7490,contactus@res.com.sg,,,,,,,,,,,,,,Gov List,"ACRA, Google Searches",,
,,16/12/2025,IKOI JAPANESE RESTAURANT PTE LTD,IKOI JAPANESE RESTAURANT,,TeleSales,,Offline Sources,Adhoc,,200008062G,,,,,,,,,,,,,,,,"B2C, Offline",,,,,,,,,,,,,,,,65 6887 3788,ikoi.ckoh@gmail.com,,,,,,,,,,,,,,Gov List,"ACRA, Google Searches",,
,,16/12/2025,JUNSHIN EXPRESS PTE. LTD.,JUNSHIN EXPRESS,,TeleSales,,Offline Sources,Adhoc,,201325938H,,,,,,,,,,,,,,,,"B2C, Offline",,,,,,,,,,,,,,,,65 6844 9448,sproject@junshinexpress.com.sg,,,,,,,,,,,,,,Gov List,"ACRA, Google Searches",,
,,16/12/2025,KHALSA RESTAURANT PTE LTD,KHALSA RESTAURANT,,TeleSales,,Offline Sources,Adhoc,,199604788C,,,,,,,,,,,,,,,,"B2C, Offline",,,,,,,,,,,,,,,,65 6297 6417,,,,,,,,,,,,,,,Gov List,"ACRA, Google Searches",,
,,16/12/2025,KOMBI ROCKS PRIVATE LIMITED,KOMBI ROCKS,,TeleSales,,Offline Sources,Adhoc,,201602653C,,,,,,,,,,,,,,,,"B2C, Offline",,,,,,,,,,,,,,,,65 6288 1206,wheels@kombirocks.com,,,,,,,,,,,,,,Gov List,"ACRA, Google Searches",,
,,16/12/2025,KOJI SUSHI BAR,KOJI SUSHI BAR,,TeleSales,,Offline Sources,Adhoc,,53495243K,,,,,,,,,,,,,,,,"B2C, Offline",,,,,,,,,,,,,,,,65 6225 6125,koji@kojisushi.com.sg,,,,,,,,,,,,,,Gov List,"ACRA, Google Searches",,
,,16/12/2025,LA TAPERIA,LA TAPERIA,,TeleSales,,Offline Sources,Adhoc,,53269683B,,,,,,,,,,,,,,,,"B2C, Offline",,,,,,,,,,,,,,,,65 6737 8336,,,,,,,,,,,,,,,Gov List,"ACRA, Google Searches",,
,,16/12/2025,LONG BEACH SEAFOOD RESTAURANT PTE LTD,LONG BEACH SEAFOOD RESTAURANT,,TeleSales,,Offline Sources,Adhoc,,198204068N,,,,,,,,,,,,,,,,"B2C, Offline",,,,,,,,,,,,,,,,65 9812 1563,one@longbeachseafood.com.sg,,,,65 6338 9398,,,,,,,,,,Gov List,"ACRA, Google Searches",,
,,16/12/2025,MAG'S WINE-KITCHEN,MAGS WINE KITCHEN,,TeleSales,,Offline Sources,Adhoc,,52818689B,,,,,,,,,,,,,,,,"B2C, Offline",,,,,,,,,,,,,,,,65 6438 3836,info@magswinekitchen.com,,,,,,,,,,,,,,Gov List,"ACRA, Google Searches",,
,,16/12/2025,MEERA'S CURRY,MEERAS CURRY,,TeleSales,,Offline Sources,Adhoc,,53470743B,,,,,,,,,,,,,,,,"B2C, Offline",,,,,,,,,,,,,,,,65 6298 2827,,,,,,,,,,,,,,,Gov List,"ACRA, Google Searches",,
,,16/12/2025,MY ART SPACE,MY ART SPACE,,TeleSales,,Offline Sources,Adhoc,,53427809D,,,,,,,,,,,,,,,,"B2C, Offline",,,,,,,,,,,,,,,,65 6222 1622,info@myartspace.com.sg,,,,,,,,,,,,,,Gov List,"ACRA, Google Searches",,
,,16/12/2025,NEKKID PRIVATE LIMITED,NEKKID,,TeleSales,,Offline Sources,Adhoc,,201430071M,,,,,,,,,,,,,,,,"B2C, Offline",,,,,,,,,,,,,,,,65 6694 0940,wijaya@nakedfinn.com,,,,,,,,,,,,,,Gov List,"ACRA, Google Searches",,
,,16/12/2025,NALAN RESTAURANT,NALAN RESTAURANT,,TeleSales,,Offline Sources,Adhoc,,53155440J,,,,,,,,,,,,,,,,"B2C, Offline",,,,,,,,,,,,,,,,65 6336 6404,thiru@fasttrack.com.sg,,,,65 9670 9430,info@nalan.com.sg,,,,,,,,,Gov List,"ACRA, Google Searches",,
,,16/12/2025,OLIVE & VINE,OLIVE VINE,,TeleSales,,Offline Sources,Adhoc,,53507875K,,,,,,,,,,,,,,,,"B2C, Offline",,,,,,,,,,,,,,,,65 6336 3746,olivevine.2007@gmail.com,,,,,,,,,,,,,,Gov List,"ACRA, Google Searches",,
,,16/12/2025,PHOENIX INDIAN RESTAURANT,PHOENIX INDIAN RESTAURANT,,TeleSales,,Offline Sources,Adhoc,,53154888X,,,,,,,,,,,,,,,,"B2C, Offline",,,,,,,,,,,,,,,,65 6468 1044,karusmani@gmail.com,,,,,,,,,,,,,,Gov List,"ACRA, Google Searches",,
,,16/12/2025,PIETRO RISTORANTE ITALIANO LLP,PIETRO RISTORANTE ITALIANO,,TeleSales,,Offline Sources,Adhoc,,T12LL0207G,,,,,,,,,,,,,,,,"B2C, Offline",,,,,,,,,,,,,,,,65 6484 5528,admin@passionforfood.com.sg,,,,65 8523 4300,,,,,,,,,,Gov List,"ACRA, Google Searches",,
,,16/12/2025,RABBIT BRAND SEAFOOD DELICACIES,RABBIT BRAND SEAFOOD DELICACIES,,TeleSales,,Offline Sources,Adhoc,,52920798B,,,,,,,,,,,,,,,,"B2C, Offline",,,,,,,,,,,,,,,,65 6557 0874,yeowseng@singnet.com.sg,,,,,,,,,,,,,,Gov List,"ACRA, Google Searches",,
,,16/12/2025,QUE PASA PTE LTD,QUE PASA,,TeleSales,,Offline Sources,Adhoc,,199301836K,,,,,,,,,,,,,,,,"B2C, Offline",,,,,,,,,,,,,,,,65 6235 6626,andyhoo@quepasa.com.sg,,,,,,,,,,,,,,Gov List,"ACRA, Google Searches",,
,,16/12/2025,RAKUICHI JAPANESE RESTAURANT,RAKUICHI JAPANESE RESTAURANT,,TeleSales,,Offline Sources,Adhoc,,53207825W,,,,,,,,,,,,,,,,"B2C, Offline",,,,,,,,,,,,,,,,65 8684 8669,rakuichirestaurant@gmail.com,,,,65 6474 2143,,,,,,,,,,Gov List,"ACRA, Google Searches",,
,,16/12/2025,RANG MAHAL PTE LTD,RANG MAHAL,,TeleSales,,Offline Sources,Adhoc,,199906955D,,,,,,,,,,,,,,,,"B2C, Offline",,,,,,,,,,,,,,,,65 6850 7967,rangmahal@rangmahal.com.sg,,,,,,,,,,,,,,Gov List,"ACRA, Google Searches",,
,,16/12/2025,RIVERWALK TANDOOR,RIVERWALK TANDOOR,,TeleSales,,Offline Sources,Adhoc,,52862661B,,,,,,,,,,,,,,,,"B2C, Offline",,,,,,,,,,,,,,,,65 9061 7545,sales@rwt.com.sg,,,,,,,,,,,,,,Gov List,"ACRA, Google Searches",,
,,16/12/2025,ROLAND RESTAURANT PTE LTD,ROLAND RESTAURANT,,TeleSales,,Offline Sources,Adhoc,,197200834W,,,,,,,,,,,,,,,,"B2C, Offline",,,,,,,,,,,,,,,,65 8218 8011,richard@rolandrestaurant.com.sg,,,,,,,,,,,,,,Gov List,"ACRA, Google Searches",,
,,16/12/2025,SAKAE HOLDINGS LTD.,SAKAE,,TeleSales,,Offline Sources,Adhoc,,199604816E,,,,,,,,,,,,,,,,"B2C, Offline",,,,,,,,,,,,,,,,65 6496 0014,,,,,,,,,,,,,,,Gov List,"ACRA, Google Searches",,
,,16/12/2025,SAIGON SANDWICH,SANDWICH SAIGON,,TeleSales,,Offline Sources,Adhoc,,53264592L,,,,,,,,,,,,,,,,"B2C, Offline",,,,,,,,,,,,,,,,65 9777 7519,sandwichsg@gmail.com,,,,,,,,,,,,,,Gov List,"ACRA, Google Searches",,
,,16/12/2025,SANTA FE TEX-MEX GRILL,SANTA FE TEX-MEX GRILL,,TeleSales,,Offline Sources,Adhoc,,52888739D,,,,,,,,,,,,,,,,"B2C, Offline",,,,,,,,,,,,,,,,65 6278 5775,olive@riverboat.com.sg,,,,,enquiry@santafetexmex.com.sg,,,,,,,,,Gov List,"ACRA, Google Searches",,
,,16/12/2025,SEN OF JAPAN,SEN OF JAPAN,,TeleSales,,Offline Sources,Adhoc,,53307195W,,,,,,,,,,,,,,,,"B2C, Offline",,,,,,,,,,,,,,,,65 9644 1616,ellie@soj.com.sg,,,,,,,,,,,,,,Gov List,"ACRA, Google Searches",,
,,16/12/2025,SANKRANTI,SANKRANTI,,TeleSales,,Offline Sources,Adhoc,,53107677J,,,,,,,,,,,,,,,,"B2C, Offline",,,,,,,,,,,,,,,,65 6784 8498,srinivas@sankranti.com,,,,,,,,,,,,,,Gov List,"ACRA, Google Searches",,
,,16/12/2025,SHIMBASHI SOBA,SHIMBASHI SOBA,,TeleSales,,Offline Sources,Adhoc,,52988046J,,,,,,,,,,,,,,,,"B2C, Offline",,,,,,,,,,,,,,,,65 6735 9882,contactus@res.com.sg,,,,,,,,,,,,,,Gov List,"ACRA, Google Searches",,
,,16/12/2025,STELLA PROP LLP,STELLA,,TeleSales,,Offline Sources,Adhoc,,T15LL1604L,,,,,,,,,,,,,,,,"B2C, Offline",,,,,,,,,,,,,,,,65 6214 9168,,,,,65 9088 0382,,,,,,,,,,Gov List,"ACRA, Google Searches",,
,,16/12/2025,SPIZZICO PTE LTD,SPIZZICO,,TeleSales,,Offline Sources,Adhoc,,200005753W,,,,,,,,,,,,,,,,"B2C, Offline",,,,,,,,,,,,,,,,65 6333 6174,enquiry@spizzico.sg,,,,65 9829 8222,stong@spizzico.sg,,,,,,,,,Gov List,"ACRA, Google Searches",,
,,16/12/2025,SWEE CHOON TIM SUM RESTAURANT PTE LTD,SWEE CHOON TIM SUM RESTAURANT,,TeleSales,,Offline Sources,Adhoc,,199003338C,,,,,,,,,,,,,,,,"B2C, Offline",,,,,,,,,,,,,,,,65 9633 7788,ting7788@singnet.com.sg,,,,,,,,,,,,,,Gov List,"ACRA, Google Searches",,
,,16/12/2025,SUSHI JIN,SUSHI JIN,,TeleSales,,Offline Sources,Adhoc,,53269079J,,,,,,,,,,,,,,,,"B2C, Offline",,,,,,,,,,,,,,,,65 6443 3378,sushijin@lesamis.com.sg,,,,,,,,,,,,,,Gov List,"ACRA, Google Searches",,
,,16/12/2025,THE BOOK CAFE PTE LTD,THE BOOK CAFE,,TeleSales,,Offline Sources,Adhoc,,200005527N,,,,,,,,,,,,,,,,"B2C, Offline",,,,,,,,,,,,,,,,65 6887 5430,anthonysiow@thebookcafe.com.sg,,,,,,,,,,,,,,Gov List,"ACRA, Google Searches",,
,,16/12/2025,THE CONNOISSEUR DIVAN,THE CONNOISSEUR DIVAN,,TeleSales,,Offline Sources,Adhoc,,52993044K,,,,,,,,,,,,,,,,"B2C, Offline",,,,,,,,,,,,,,,,65 6733 7141,info@connoisseurdivan.com,,,,,,,,,,,,,,Gov List,"ACRA, Google Searches",,
,,16/12/2025,THAI ACCENT,THAI ACCENT,,TeleSales,,Offline Sources,Adhoc,,53080910M,,,,,,,,,,,,,,,,"B2C, Offline",,,,,,,,,,,,,,,,65 6376 9282,kenny@seacuisine.com.sg,,,,,,,,,,,,,,Gov List,"ACRA, Google Searches",,
,,16/12/2025,THE PIZZA PLACE,THE PIZZA PLACE,,TeleSales,,Offline Sources,Adhoc,,52929842B,,,,,,,,,,,,,,,,"B2C, Offline",,,,,,,,,,,,,,,,65 6336 1979,info@thepizzaplace.com.sg,,,,,,,,,,,,,,Gov List,"ACRA, Google Searches",,
,,16/12/2025,URBAN BITES,URBAN BITES,,TeleSales,,Offline Sources,Adhoc,,53157767L,,,,,,,,,,,,,,,,"B2C, Offline",,,,,,,,,,,,,,,,65 6327 9460,info@urbanbites.com.sg,,,,,,,,,,,,,,Gov List,"ACRA, Google Searches",,
,,16/12/2025,DELHI RESTAURANT,DELHI RESTAURANT,,TeleSales,,Offline Sources,Adhoc,,33642600C,,,,,,,,,,,,,,,,"B2C, Offline",,,,,,,,,,,,,,,,65 9273 2727,dcuisines@live.com,,,,,,,,,,,,,,Gov List,"ACRA, Google Searches",,
,,16/12/2025,FUMEE BY HABANOS,FUMEE BY HABANOS,,TeleSales,,Offline Sources,Adhoc,,53290432W,,,,,,,,,,,,,,,,"B2C, Offline",,,,,,,,,,,,,,,,65 6835 7339,helengoh@habanossg.com,,,,,,,,,,,,,,Gov List,"ACRA, Google Searches",,
,,16/12/2025,SPIZZA PTE LTD,SPIZZA,,TeleSales,,Offline Sources,Adhoc,,200107460K,,,,,,,,,,,,,,,,"B2C, Offline",,,,,,,,,,,,,,,,65 6220 4315,,,,,,,,,,,,,,,Gov List,"ACRA, Google Searches",,
,,16/12/2025,FAT SAIGON BOY,FAT SAIGON BOY,,TeleSales,,Offline Sources,Adhoc,,53295000C,,,,,,,,,,,,,,,,"B2C, Offline",,,,,,,,,,,,,,,,65 6221 6784,writetofatsaigonboy@gmail.com,,,,,,,,,,,,,,Gov List,"ACRA, Google Searches",,
,,16/12/2025,SPICE JUNCTION,SPICE JUNCTION,,TeleSales,,Offline Sources,Adhoc,,53047307X,,,,,,,,,,,,,,,,"B2C, Offline",,,,,,,,,,,,,,,,65 6341 7980,info@spicejunction.com.sg,,,,65 6341 7980,dining@spicejunction.com.sg,,,,,,,,,Gov List,"ACRA, Google Searches",,
,,16/12/2025,THE BLUE GINGER RESTAURANT,THE BLUE GINGER RESTAURANT,,TeleSales,,Offline Sources,Adhoc,,53308553E,,,,,,,,,,,,,,,,"B2C, Offline",,,,,,,,,,,,,,,,65 6222 3928,alan.foo@theblueginger.com,,,,65 9755 8603,,,,,,,,,,Gov List,"ACRA, Google Searches",,
,,16/12/2025,MADAM KWAN'S PRIVATE LIMITED,MADAM KWANS,,TeleSales,,Offline Sources,Adhoc,,200208575M,,,,,,,,,,,,,,,,"B2C, Offline",,,,,,,,,,,,,,,,65 6271 9989,ethan@madamkwans.com.my,,,,,,,,,,,,,,Gov List,"ACRA, Google Searches",,
,,16/12/2025,SHASHLIK RESTAURANT PTE LTD,SHASHLIK RESTAURANT,,TeleSales,,Offline Sources,Adhoc,,198600539H,,,,,,,,,,,,,,,,"B2C, Offline",,,,,,,,,,,,,,,,65 6732 6401,enquiry@shashlik.sg,,,,,,,,,,,,,,Gov List,"ACRA, Google Searches",,
,,16/12/2025,GREENLAND VEGETARIAN RESTAURANT,GREENLAND VEGETARIAN RESTAURANT,,TeleSales,,Offline Sources,Adhoc,,48318000M,,,,,,,,,,,,,,,,"B2C, Offline",,,,,,,,,,,,,,,,65 9788 9640,tbhuat@gmail.com,,,,65 6282 8022,,,,,,,,,,Gov List,"ACRA, Google Searches",,
,,16/12/2025,DESA KARTIKA PTE LTD,DESA KARTIKA,,TeleSales,,Offline Sources,Adhoc,,199605953N,,,,,,,,,,,,,,,,"B2C, Offline",,,,,,,,,,,,,,,,65 6732 7372,rose.desakartika@gmail.com,,,,,,,,,,,,,,Gov List,"ACRA, Google Searches",,
,,16/12/2025,JOE'S KITCHEN - THAI CUISINE,JOES KITCHEN THAI CUISINE,,TeleSales,,Offline Sources,Adhoc,,53070802K,,,,,,,,,,,,,,,,"B2C, Offline",,,,,,,,,,,,,,,,65 6270 8484,contact@joesthaikitchen.com,,,,65 9857 7007,,,,,65 6270 8484,,,,,Gov List,"ACRA, Google Searches",,
,,16/12/2025,PATTAYA GARDEN RESTAURANT LLP,PATTAYA GARDEN RESTAURANT,,TeleSales,,Offline Sources,Adhoc,,T21LL0017F,,,,,,,,,,,,,,,,"B2C, Offline",,,,,,,,,,,,,,,,65 6345 5266,sales@pattayagarden.com.sg,,,,,,,,,,,,,,Gov List,"ACRA, Google Searches",,
,,16/12/2025,DIVINE REALM VEGETARIAN RESTAURANT,DIVINE REALM VEGETARIAN RESTAURANT,,TeleSales,,Offline Sources,Adhoc,,52873918B,,,,,,,,,,,,,,,,"B2C, Offline",,,,,,,,,,,,,,,,65 6387 2058,,,,,,,,,,,,,,,Gov List,"ACRA, Google Searches",,
,,16/12/2025,BENG HIANG RESTAURANT PTE LTD,BENG HIANG RESTAURANT,,TeleSales,,Offline Sources,Adhoc,,197803106K,,,,,,,,,,,,,,,,"B2C, Offline",,,,,,,,,,,,,,,,65 6221 6695,cindy.lim@benghiang.com,,,,,,,,,,,,,,Gov List,"ACRA, Google Searches",,
,,16/12/2025,SUMMER PALACE,SUMMER PALACE,,TeleSales,,Offline Sources,Adhoc,,27168200X,,,,,,,,,,,,,,,,"B2C, Offline",,,,,,,,,,,,,,,,65 6725 3288,,,,,,,,,,,,,,,Gov List,"ACRA, Google Searches",,
,,16/12/2025,SHANG PALACE,SHANG PALACE,,TeleSales,,Offline Sources,Adhoc,,47692400J,,,,,,,,,,,,,,,,"B2C, Offline",,,,,,,,,,,,,,,,65 6213 4473,,,,,,,,,,,,,,,Gov List,"ACRA, Google Searches",,
,,16/12/2025,YI JIA SOUTH VILLAGE SEAFOOD RESTAURANT,YI JIA SOUTH VILLAGE SEAFOOD RESTAURANT,,TeleSales,,Offline Sources,Adhoc,,53194698C,,,,,,,,,,,,,,,,"B2C, Offline",,,,,,,,,,,,,,,,65 6747 8263,bryanclarence@yahoo.com,,,,,,,,,,,,,,Gov List,"ACRA, Google Searches",,
,,16/12/2025,AL FORNO (EAST COAST) PTE LTD,AL FORNO EAST COAST,,TeleSales,,Offline Sources,Adhoc,,199407490E,,,,,,,,,,,,,,,,"B2C, Offline",,,,,,,,,,,,,,,,65 6348 8781,contact@alfornoeastcoast.com.sg,,,,,,,,,,,,,,Gov List,"ACRA, Google Searches",,
,,16/12/2025,HONG KONG STREET FAMILY RESTAURANT BEDOK,HONG KONG STREET FAMILY RESTAURANT BEDOK,,TeleSales,,Offline Sources,Adhoc,,53047239B,,,,,,,,,,,,,,,,"B2C, Offline",,,,,,,,,,,,,,,,65 6245 3881,,,,,65 6252 3132,,,,,,,,,,Gov List,"ACRA, Google Searches",,
,,16/12/2025,IZAKAYA NIJUMARU RESTAURANT,IZAKAYA NIJUMARU RESTAURANT,,TeleSales,,Offline Sources,Adhoc,,37613900E,,,,,,,,,,,,,,,,"B2C, Offline",,,,,,,,,,,,,,,,65 6235 6693,izakayanijumaru@gmail.com,,,,65 6235 6693,,,,,,,,,,Gov List,"ACRA, Google Searches",,
,,16/12/2025,ISUSHI,ISUSHI,,TeleSales,,Offline Sources,Adhoc,,53079726K,,,,,,,,,,,,,,,,"B2C, Offline",,,,,,,,,,,,,,,,65 6242 8652,,,,,,,,,,,,,,,Gov List,"ACRA, Google Searches",,
,,16/12/2025,BAR '75,BAR 75,,TeleSales,,Offline Sources,Adhoc,,53102713M,,,,,,,,,,,,,,,,"B2C, Offline",,,,,,,,,,,,,,,,65 6823 5355,,,,,,,,,,,,,,,Gov List,"ACRA, Google Searches",,
,,16/12/2025,GOING OM LLP,GOING OM,,TeleSales,,Offline Sources,Adhoc,,T08LL0166L,,,,,,,,,,,,,,,,"B2C, Offline",,,,,,,,,,,,,,,,65 6396 3592,info@going-om.com.sg,,,,65 8363 5640,,,,,,,,,,Gov List,"ACRA, Google Searches",,
,,16/12/2025,KAI GARDEN PRIVATE LIMITED,KAI GARDEN,,TeleSales,,Offline Sources,Adhoc,,201531878E,,,,,,,,,,,,,,,,"B2C, Offline",,,,,,,,,,,,,,,,65 6250 4826,kaiting@benefitcapital.asia,,,,,,,,,,,,,,Gov List,"ACRA, Google Searches",,
,,16/12/2025,IVINS PTE LTD,IVINS,,TeleSales,,Offline Sources,Adhoc,,199800471K,,,,,,,,,,,,,,,,"B2C, Offline",,,,,,,,,,,,,,,,65 6288 7922,,,,,65 6468 3060,,,,,,,,,,Gov List,"ACRA, Google Searches",,
,,16/12/2025,JING LONG SEAFOOD RESTAURANT,JING LONG SEAFOOD RESTAURANT,,TeleSales,,Offline Sources,Adhoc,,53111479A,,,,,,,,,,,,,,,,"B2C, Offline",,,,,,,,,,,,,,,,65 6442 9398,jinglongseafood@gmail.com,,,,65 6442 9398,,,,,,,,,,Gov List,"ACRA, Google Searches",,
,,16/12/2025,GOLDEN PEONY,GOLDEN PEONY,,TeleSales,,Offline Sources,Adhoc,,52820891L,,,,,,,,,,,,,,,,"B2C, Offline",,,,,,,,,,,,,,,,65 6432 7482,sinci.goldenpeony@conradhotels.com,,,,65 6432 7482,,,,,,,,,,Gov List,"ACRA, Google Searches",,
,,16/12/2025,TRAPIZZA,TRAPIZZA,,TeleSales,,Offline Sources,Adhoc,,52985606M,,,,,,,,,,,,,,,,"B2C, Offline",,,,,,,,,,,,,,,,65 6376 2662,,,,,,,,,,,,,,,Gov List,"ACRA, Google Searches",,
,,16/12/2025,POR KEE EATING HOUSE 1996,POR KEE EATING HOUSE 1996,,TeleSales,,Offline Sources,Adhoc,,52823476E,,,,,,,,,,,,,,,,"B2C, Offline",,,,,,,,,,,,,,,,65 6221 0582,,,,,,,,,,,,,,,Gov List,"ACRA, Google Searches",,
,,16/12/2025,YAMAGAWA JAPANESE RESTAURANT PTE LTD,YAMAGAWA JAPANESE RESTAURANT,,TeleSales,,Offline Sources,Adhoc,,199204594G,,,,,,,,,,,,,,,,"B2C, Offline",,,,,,,,,,,,,,,,65 6299 1175,yamagawa@singnet.com.sg,,,,,,,,,,,,,,Gov List,"ACRA, Google Searches",,
,,16/12/2025,THE HORSE'S MOUTH,THE HORSES MOUTH,,TeleSales,,Offline Sources,Adhoc,,53487903M,,,,,,,,,,,,,,,,"B2C, Offline",,,,,,,,,,,,,,,,65 6235 1088,info@horsesmouthbar.com,,,,,,,,,,,,,,Gov List,"ACRA, Google Searches",,
,,16/12/2025,MR PUNCH PUBLIC HOUSE,MR PUNCH HOUSE,,TeleSales,,Offline Sources,Adhoc,,53127689M,,,,,,,,,,,,,,,,"B2C, Offline",,,,,,,,,,,,,,,,65 8339 8966,reservations@mrpunch.com,,,,65 6339 6266,,,,,,,,,,Gov List,"ACRA, Google Searches",,
,,16/12/2025,GREENWOOD FISH MARKET & BISTRO,GREENWOOD FISH MARKET & BISTRO,,TeleSales,,Offline Sources,Adhoc,,53043315W,,,,,,,,,,,,,,,,"B2C, Offline",,,,,,,,,,,,,,,,65 6467 4950,greenwood_alan@yahoo.com.sg,,,,,,,,,,,,,,Gov List,"ACRA, Google Searches",,
,,16/12/2025,MADRINAA ITALIANO,MADRINAA ITALIANO,,TeleSales,,Offline Sources,Adhoc,,53084659D,,,,,,,,,,,,,,,,"B2C, Offline",,,,,,,,,,,,,,,,65 6474 7342,reservations@madrinaa.com,,,,,,,,,,,,,,Gov List,"ACRA, Google Searches",,
,,16/12/2025,SEIWAA,SEIWAA,,TeleSales,,Offline Sources,Adhoc,,53257521X,,,,,,,,,,,,,,,,"B2C, Offline",,,,,,,,,,,,,,,,65 6291 6084,reservation@seiwaa.com.sg,,,,,business@seiwaa.com.sg,,,,,,,,,Gov List,"ACRA, Google Searches",,
,,16/12/2025,SUPREME VEGE PRIVATE LIMITED,SUPREME VEGE,,TeleSales,,Offline Sources,Adhoc,,201622555E,,,,,,,,,,,,,,,,"B2C, Offline",,,,,,,,,,,,,,,,65 6238 5085,enquiry@supremevege.sg,,,,,,,,,,,,,,Gov List,"ACRA, Google Searches",,
,,16/12/2025,LE LE POT PRIVATE LIMITED,LE LE POT,,TeleSales,,Offline Sources,Adhoc,,200902940E,,,,,,,,,,,,,,,,"B2C, Offline",,,,,,,,,,,,,,,,65 9666 3617,icebox.yb@gmail.com,,,,,,,,,,,,,,Gov List,"ACRA, Google Searches",,
,,16/12/2025,G7 LIANG KEE RESTAURANT PTE LTD,G7 LIANG KEE RESTAURANT,,TeleSales,,Offline Sources,Adhoc,,200007177M,,,,,,,,,,,,,,,,"B2C, Offline",,,,,,,,,,,,,,,,65 6278 7026,,,,,,,,,,,,,,,Gov List,"ACRA, Google Searches",,
,,16/12/2025,ICE EDGE CAFE,ICE EDGE CAFE,,TeleSales,,Offline Sources,Adhoc,,53147583B,,,,,,,,,,,,,,,,"B2C, Offline",,,,,,,,,,,,,,,,65 6858 5729,info.iceedgecafe@yahoo.com,,,,65 8218 1870,enquiries@iceedgecafe.com,,,,,admin@passionforfood.com.sg,,,,Gov List,"ACRA, Google Searches",,
,,16/12/2025,WARUNG KAMPUNG LLP,WARUNG KAMPUNG,,TeleSales,,Offline Sources,Adhoc,,T16LL1445F,,,,,,,,,,,,,,,,"B2C, Offline",,,,,,,,,,,,,,,,65 8666 6699,warungkampung@hotmail.com,,,,,,,,,,,,,,Gov List,"ACRA, Google Searches",,
,,16/12/2025,SPROUT (SINGAPORE) PTE LTD,SPROUT,,TeleSales,,Offline Sources,Adhoc,,199501789Z,,,,,,,,,,,,,,,,"B2C, Offline",,,,,,,,,,,,,,,,65 9154 2022,a.rahman@eatatsprout.com,,,,,,,,,,,,,,Gov List,"ACRA, Google Searches",,
,,16/12/2025,AJI-ICHI,AJI-ICHI,,TeleSales,,Offline Sources,Adhoc,,53234232A,,,,,,,,,,,,,,,,"B2C, Offline",,,,,,,,,,,,,,,,65 6744 7732,kinchoong_phang@astons.com.sg,,,,,,,,,,,,,,Gov List,"ACRA, Google Searches",,
,,16/12/2025,BOTAN JAPANESE RESTAURANT PTE LTD,BOTAN JAPANESE RESTAURANT,,TeleSales,,Offline Sources,Adhoc,,199906640M,,,,,,,,,,,,,,,,"B2C, Offline",,,,,,,,,,,,,,,,65 6536 4404,botan@singnet.com.sg,,,,,,,,,,,,,,Gov List,"ACRA, Google Searches",,
,,16/12/2025,BEER FACTORY,BEER FACTORY,,TeleSales,,Offline Sources,Adhoc,,53290504X,,,,,,,,,,,,,,,,"B2C, Offline",,,,,,,,,,,,,,,,65 9859 5603,janverrdanantonio@yahoo.com,,,,,info@beerfactory.sg,,,,,,,,,Gov List,"ACRA, Google Searches",,
,,16/12/2025,CUBA LIBRE PRIVATE LIMITED,CUBA LIBRE,,TeleSales,,Offline Sources,Adhoc,,200613802E,,,,,,,,,,,,,,,,"B2C, Offline",,,,,,,,,,,,,,,,65 8817 5413,trevor@cubalibre.com.sg,,,,,cq@cubalibre.asia,,,,,,,,,Gov List,"ACRA, Google Searches",,
,,16/12/2025,MACKENZIE REX RESTAURANT,MACKENZIE REX RESTAURANT,,TeleSales,,Offline Sources,Adhoc,,52845846M,,,,,,,,,,,,,,,,"B2C, Offline",,,,,,,,,,,,,,,,65 6336 1702,contactus@macrex.com.sg,,,,,ivanho3755@yahoo.com.sg,,,,,,,,,Gov List,"ACRA, Google Searches",,
,,16/12/2025,JING,JING,,TeleSales,,Offline Sources,Adhoc,,53122245D,,,,,,,,,,,,,,,,"B2C, Offline",,,,,,,,,,,,,,,,65 6224 0088,bong@jing.sg,,,,,,,,,,,,,,Gov List,"ACRA, Google Searches",,
,,16/12/2025,NAKED FINN PRIVATE LIMITED,NAKED FINN,,TeleSales,,Offline Sources,Adhoc,,200906274K,,,,,,,,,,,,,,,,"B2C, Offline",,,,,,,,,,,,,,,,65 6694 0807,,,,,,,,,,,,,,,Gov List,"ACRA, Google Searches",,
,,16/12/2025,BISMILLAH BIRYANI RESTAURANT,BISMILLAH BIRYANI RESTAURANT,,TeleSales,,Offline Sources,Adhoc,,53094152W,,,,,,,,,,,,,,,,"B2C, Offline",,,,,,,,,,,,,,,,65 9382 7937,sasalahuddin@gmail.com,,,,,,,,,,,,,,Gov List,"ACRA, Google Searches",,
,,16/12/2025,KOREAN FUSION BBQ,KOREAN FUSION BBQ,,TeleSales,,Offline Sources,Adhoc,,53259614E,,,,,,,,,,,,,,,,"B2C, Offline",,,,,,,,,,,,,,,,65 6291 4468,cv.kfbbq@gmail.com,,,,,,,,,65 6291 4468,,,,,Gov List,"ACRA, Google Searches",,
,,16/12/2025,ANGMOH NOODLE HOUSE,ANGMOH NOODLE HOUSE,,TeleSales,,Offline Sources,Adhoc,,53215651W,,,,,,,,,,,,,,,,"B2C, Offline",,,,,,,,,,,,,,,,65 6744 9911,angmoh@mingsay.com.sg,,,,,,,,,,,,,,Gov List,"ACRA, Google Searches",,
,,16/12/2025,SIN HENG CLAYPOT BAK KOOT TEH,SIN HENG CLAYPOT BAK KOOT TEH,,TeleSales,,Offline Sources,Adhoc,,31593600B,,,,,,,,,,,,,,,,"B2C, Offline",,,,,,,,,,,,,,,,65 6345 8754,adrian.neo78@gmail.com,,,,,,,,,,,,,,Gov List,"ACRA, Google Searches",,
,,16/12/2025,CHUAN WEI XUAN,CHUAN WEI XUAN,,TeleSales,,Offline Sources,Adhoc,,53199820K,,,,,,,,,,,,,,,,"B2C, Offline",,,,,,,,,,,,,,,,65 6348 8003,,,,,,,,,,,,,,,Gov List,"ACRA, Google Searches",,
,,16/12/2025,SIMPLY WESTERN FOOD,SIMPLY WESTERN FOOD,,TeleSales,,Offline Sources,Adhoc,,53462357C,,,,,,,,,,,,,,,,"B2C, Offline",,,,,,,,,,,,,,,,65 6344 0354,hernandoedward@gmail.com,,,,,,,,,,,,,,Gov List,"ACRA, Google Searches",,
,,16/12/2025,BLACK EARTH PRIVATE LIMITED,BLACK EARTH,,TeleSales,,Offline Sources,Adhoc,,201304415E,,,,,,,,,,,,,,,,"B2C, Offline",,,,,,,,,,,,,,,,65 6346 4558,,,,,,,,,,,,,,,Gov List,"ACRA, Google Searches",,
,,16/12/2025,LAAF,LAAF,,TeleSales,,Offline Sources,Adhoc,,53275396L,,,,,,,,,,,,,,,,"B2C, Offline",,,,,,,,,,,,,,,,65 6247 7913,ange@laaf.sg,,,,,,,,,,,,,,Gov List,"ACRA, Google Searches",,
,,16/12/2025,CHAMPS FOOD PTE. LIMITED,FOOD CHAMPS,,TeleSales,,Offline Sources,Adhoc,,201205104K,,,,,,,,,,,,,,,,"B2C, Offline",,,,,,,,,,,,,,,,65 6297 1612,kelvin.weiwei@gmail.com,,,,,,,,,,,,,,Gov List,"ACRA, Google Searches",,
,,16/12/2025,JAG WINE LLP,JAG WINE,,TeleSales,,Offline Sources,Adhoc,,T15LL0256G,,,,,,,,,,,,,,,,"B2C, Offline",,,,,,,,,,,,,,,,65 6348 1778,azzam@jagwine.com,,,,,,,,,,,,,,Gov List,"ACRA, Google Searches",,
,,16/12/2025,MOJO SG,MOJO,,TeleSales,,Offline Sources,Adhoc,,53453721M,,,,,,,,,,,,,,,,"B2C, Offline",,,,,,,,,,,,,,,,65 6220 0723,hello@mojosingapore.com,,,,,,,,,,,,,,Gov List,"ACRA, Google Searches",,
,,16/12/2025,NUM HIAM CURRY,NUM HIAM CURRY,,TeleSales,,Offline Sources,Adhoc,,53240485L,,,,,,,,,,,,,,,,"B2C, Offline",,,,,,,,,,,,,,,,65 6569 2963,,,,,,,,,,,,,,,Gov List,"ACRA, Google Searches",,
,,16/12/2025,SLAPPY CAKES,SLAPPY CAKES,,TeleSales,,Offline Sources,Adhoc,,53460414E,,,,,,,,,,,,,,,,"B2C, Offline",,,,,,,,,,,,,,,,65 6465 1814,slappycakesgs@tunglok.com,,,,,,,,,,,,,,Gov List,"ACRA, Google Searches",,
,,16/12/2025,NOODLE MAN,NOODLE MAN,,TeleSales,,Offline Sources,Adhoc,,53234978D,,,,,,,,,,,,,,,,"B2C, Offline",,,,,,,,,,,,,,,,65 6327 1286,,,,,,,,,,,,,,,Gov List,"ACRA, Google Searches",,
,,16/12/2025,VENUE BY SEBASTIAN,VENUE BY SEBASTIAN,,TeleSales,,Offline Sources,Adhoc,,53357642C,,,,,,,,,,,,,,,,"B2C, Offline",,,,,,,,,,,,,,,,65 6904 9688,colinyong90@gmail.com,,,,,info@venuebysebastian.com,,,,,,,,,Gov List,"ACRA, Google Searches",,
,,16/12/2025,HARU CORPORATION PTE LTD,HARU HARU,,TeleSales,,Offline Sources,Adhoc,,199403675W,,,,,,,,,,,,,,,,"B2C, Offline",,,,,,,,,,,,,,,,65 6451 3201,nickchin2@hotmail.com,,,,,,,,,,,,,,Gov List,"ACRA, Google Searches",,
,,16/12/2025,SUMMER PAVILION,SUMMER PAVILION,,TeleSales,,Offline Sources,Adhoc,,52815928C,,,,,,,,,,,,,,,,"B2C, Offline",,,,,,,,,,,,,,,,65 6434 5286,rc.sinrz.summerpavilion@ritzcarlton.com,,,,,,,,,,,,,,Gov List,"ACRA, Google Searches",,
,,16/12/2025,SIAM SUPER,SUPER SIAM,,TeleSales,,Offline Sources,Adhoc,,53433993W,,,,,,,,,,,,,,,,"B2C, Offline",,,,,,,,,,,,,,,,65 6438 5233,supersiam@live.sg,,,,,,,,,,,,,,Gov List,"ACRA, Google Searches",,
,,16/12/2025,THE BIG BIRD PTE LTD,THE BIG BIRD,,TeleSales,,Offline Sources,Adhoc,,200100404D,,,,,,,,,,,,,,,,"B2C, Offline",,,,,,,,,,,,,,,,65 6734 6022,thebigbirdcr@gmail.com,,,,65 9101 0143,,,,,,,,,,Gov List,"ACRA, Google Searches",,
,,16/12/2025,SOD CAFE LLP,SOD CAFE,,TeleSales,,Offline Sources,Adhoc,,T11LL0482L,,,,,,,,,,,,,,,,"B2C, Offline",,,,,,,,,,,,,,,,65 6385 4026,,,,,,,,,,,,,,,Gov List,"ACRA, Google Searches",,
,,16/12/2025,BEE KEONG RESTAURANT,BEE KEONG RESTAURANT,,TeleSales,,Offline Sources,Adhoc,,26763100J,,,,,,,,,,,,,,,,"B2C, Offline",,,,,,,,,,,,,,,,65 6285 5285,joana@beekeong.sg,,,,,,,,,,,,,,Gov List,"ACRA, Google Searches",,
,,16/12/2025,PASTA FRESCA DA SALVATORE PTE LTD,PASTA FRESCA DA SALVATORE,,TeleSales,,Offline Sources,Adhoc,,198804400K,,,,,,,,,,,,,,,,"B2C, Offline",,,,,,,,,,,,,,,,65 6532 6283,salvo@pastafresca.com,,,,,,,,,,,,,,Gov List,"ACRA, Google Searches",,
,,16/12/2025,FRUIT BOX,FRUIT BOX,,TeleSales,,Offline Sources,Adhoc,,53168718W,,,,,,,,,,,,,,,,"B2C, Offline",,,,,,,,,,,,,,,,65 9628 2352,,,,,,,,,,,,,,,Gov List,"ACRA, Google Searches",,
,,16/12/2025,AH HUA KELONG,AH HUA KELONG,,TeleSales,,Offline Sources,Adhoc,,53256827C,,,,,,,,,,,,,,,,"B2C, Offline",,,,,,,,,,,,,,,,65 8655 3074,bryan@ahhuakelong.com,,,,,,,,,,,,,,Gov List,"ACRA, Google Searches",,
,,16/12/2025,MERDANDY BAR & CAFE LLP,MERDANDY BAR & CAFE,,TeleSales,,Offline Sources,Adhoc,,T09LL0416H,,,,,,,,,,,,,,,,"B2C, Offline",,,,,,,,,,,,,,,,65 9090 7905,,,,,,,,,,,,,,,Gov List,"ACRA, Google Searches",,
,,16/12/2025,THA SIAM THAI KITCHEN,THA SIAM THAI KITCHEN,,TeleSales,,Offline Sources,Adhoc,,53315631M,,,,,,,,,,,,,,,,"B2C, Offline",,,,,,,,,,,,,,,,65 9180 0046,mail@createries.com,,,,65 6766 4766,liverosezl@hotmail.com,,,,,thasiam@hotmail.com,,,,Gov List,"ACRA, Google Searches",,
,,16/12/2025,JIA YUEN EATING HOUSE,JIA YUEN EATING HOUSE,,TeleSales,,Offline Sources,Adhoc,,50916500A,,,,,,,,,,,,,,,,"B2C, Offline",,,,,,,,,,,,,,,,65 9672 4607,,,,,,,,,,,,,,,Gov List,"ACRA, Google Searches",,
,,16/12/2025,CURRY & CURRY,CURRY&CURRY,,TeleSales,,Offline Sources,Adhoc,,53200966E,,,,,,,,,,,,,,,,"B2C, Offline",,,,,,,,,,,,,,,,65 8121 9561,,,,,,,,,,,,,,,Gov List,"ACRA, Google Searches",,
,,16/12/2025,MING CHIN IMPERIAL KITCHEN LLP,MING CHIN IMPERIAL KITCHEN,,TeleSales,,Offline Sources,Adhoc,,T19LL1240D,,,,,,,,,,,,,,,,"B2C, Offline",,,,,,,,,,,,,,,,65 9168 1813,zanntan80@gmail.com,,,,,,,,,,,,,,Gov List,"ACRA, Google Searches",,
,,16/12/2025,HUNGRY BBQ PRIVATE LIMITED,HUNGRY BBQ,,TeleSales,,Offline Sources,Adhoc,,200918833G,,,,,,,,,,,,,,,,"B2C, Offline",,,,,,,,,,,,,,,,65 6243 2243,help@hungrybbq.com,,,,,,,,,,,,,,Gov List,"ACRA, Google Searches",,
,,16/12/2025,BAR CICHETI,BAR CICHETI,,TeleSales,,Offline Sources,Adhoc,,53381462J,,,,,,,,,,,,,,,,"B2C, Offline",,,,,,,,,,,,,,,,65 6789 9806,eat@barcicheti.com,,,,,,,,,,,,,,Gov List,"ACRA, Google Searches",,
,,16/12/2025,PEPERONI PIZZERIA,PEPERONI PIZZERIA,,TeleSales,,Offline Sources,Adhoc,,53020516E,,,,,,,,,,,,,,,,"B2C, Offline",,,,,,,,,,,,,,,,65 6509 1575,peperonifeedback@lesamis.com.sg,,,,,,,,,,,,,,Gov List,"ACRA, Google Searches",,
,,16/12/2025,CHIN SIN HUAN,CHIN SIN HUAN,,TeleSales,,Offline Sources,Adhoc,,00284700X,,,,,,,,,,,,,,,,"B2C, Offline",,,,,,,,,,,,,,,,65 9781 2891,hello@chinsinhuan.sg,,,,,,,,,,,,,,Gov List,"ACRA, Google Searches",,
,,16/12/2025,YAKINIKU JAN JAN,YAKINIKU JAN JAN,,TeleSales,,Offline Sources,Adhoc,,53347840E,,,,,,,,,,,,,,,,"B2C, Offline",,,,,,,,,,,,,,,,65 6908 9968,info@sential.com.sg,,,,,,,,,,,,,,Gov List,"ACRA, Google Searches",,
,,16/12/2025,INDIAN WOK,INDIAN WOK,,TeleSales,,Offline Sources,Adhoc,,53062289X,,,,,,,,,,,,,,,,"B2C, Offline",,,,,,,,,,,,,,,,65 6448 2003,prabhakar_a@kobian.com,,,,,,,,,,,,,,Gov List,"ACRA, Google Searches",,
,,16/12/2025,A-ROY THAI RESTAURANT,A-ROY THAI RESTAURANT,,TeleSales,,Offline Sources,Adhoc,,40897200M,,,,,,,,,,,,,,,,"B2C, Offline",,,,,,,,,,,,,,,,65 6970 5028,aroythaisg.official@outlook.com,,,,65 6338 3880,,,,,65 6352 1446,,,,,Gov List,"ACRA, Google Searches",,
,,16/12/2025,SLAKE PRIVATE LIMITED,SLAKE,,TeleSales,,Offline Sources,Adhoc,,201401176D,,,,,,,,,,,,,,,,"B2C, Offline",,,,,,,,,,,,,,,,65 9245 0184,hello@slake.sg,,,,,,,,,,,,,,Gov List,"ACRA, Google Searches",,
,,16/12/2025,KINTAMANI INDONESIAN RESTAURANT,KINTAMANI INDONESIAN RESTAURANT,,TeleSales,,Offline Sources,Adhoc,,47426300B,,,,,,,,,,,,,,,,"B2C, Offline",,,,,,,,,,,,,,,,65 6739 6463,kintamani.riverfront@furama.com,,,,,,,,,,,,,,Gov List,"ACRA, Google Searches",,
,,16/12/2025,BELLYGOOD CATERER,BELLYGOOD CATERER,,TeleSales,,Offline Sources,Adhoc,,53219726K,,,,,,,,,,,,,,,,"B2C, Offline",,,,,,,,,,,,,,,,65 6694 1717,catering@tunglok.com,,,,,,,,,,,,,,Gov List,"ACRA, Google Searches",,
,,16/12/2025,LYE HENG FOOD SUPPLIES PTE. LTD.,LYE HENG FOOD SUPPLIES,,TeleSales,,Offline Sources,Adhoc,,201630000Z,,,,,,,,,,,,,,,,"B2C, Offline",,,,,,,,,,,,,,,,65 8933 1844,enquiry@lyeheng.com,,,,,,,,,,,,,,Gov List,"ACRA, Google Searches",,
,,16/12/2025,WANTON NOODLE HOUSE,WANTON NOODLE HOUSE,,TeleSales,,Offline Sources,Adhoc,,53338258X,,,,,,,,,,,,,,,,"B2C, Offline",,,,,,,,,,,,,,,,65 8498 4137,cheriesjq96@hotmail.com,,,,,,,,,,,,,,Gov List,"ACRA, Google Searches",,
,,16/12/2025,THE KETTLE GOURMET PRIVATE LIMITED,THE KETTLE GOURMET,,TeleSales,,Offline Sources,Adhoc,,201718018W,,,,,,,,,,,,,,,,"B2C, Offline",,,,,,,,,,,,,,,,65 9159 2303,czy199162@gmail.com,,,,,,,,,,,,,,Gov List,"ACRA, Google Searches",,
,,16/12/2025,LICKERS,LICKERS,,TeleSales,,Offline Sources,Adhoc,,53285958L,,,,,,,,,,,,,,,,"B2C, Offline",,,,,,,,,,,,,,,,65 9099 5265,felix.tan@lickers.com.sg,,,,,,,,,,,,,,Gov List,"ACRA, Google Searches",,
,,16/12/2025,HUP SENG HUAT SEAFOOD,HUP SENG HUAT SEAFOOD,,TeleSales,,Offline Sources,Adhoc,,53080631B,,,,,,,,,,,,,,,,"B2C, Offline",,,,,,,,,,,,,,,,65 9383 1031,robertzhuo84@gmail.com,,,,,,,,,,,,,,Gov List,"ACRA, Google Searches",,
,,16/12/2025,JI JI WANTON NOODLE SPECIALIST (SINCE 1965),JI JI WANTON NOODLE SPECIALIST SINCE 1965,,TeleSales,,Offline Sources,Adhoc,,53122555X,,,,,,,,,,,,,,,,"B2C, Offline",,,,,,,,,,,,,,,,65 9835 9735,kristencsl@gmail.com,,,,,,,,,,,,,,Gov List,"ACRA, Google Searches",,
,,16/12/2025,GOOD CHANCE POPIAH EATING HOUSE,GOOD CHANCE POPIAH EATING HOUSE,,TeleSales,,Offline Sources,Adhoc,,53041373J,,,,,,,,,,,,,,,,"B2C, Offline",,,,,,,,,,,,,,,,65 8490 1455,goodchancestaff@gmail.com,,,,,,,,,,,,,,Gov List,"ACRA, Google Searches",,
,,16/12/2025,ORIENTAL ICE BISTRO LLP,ORIENTAL ICE BISTRO,,TeleSales,,Offline Sources,Adhoc,,T15LL1415H,,,,,,,,,,,,,,,,"B2C, Offline",,,,,,,,,,,,,,,,65 6635 7426,choonhenglee@outlook.com,,,,,,,,,,,,,,Gov List,"ACRA, Google Searches",,
,,16/12/2025,CHINA CLASSIC PTE LTD,CHINA CLASSIC,,TeleSales,,Offline Sources,Adhoc,,199503375W,,,,,,,,,,,,,,,,"B2C, Offline",,,,,,,,,,,,,,,,65 6262 1717,enquiry@chinaclassic.com.sg,,,,,,,,,,,,,,Gov List,"ACRA, Google Searches",,
,,16/12/2025,NOODLE CAFE,NOODLE CAFE,,TeleSales,,Offline Sources,Adhoc,,53265663J,,,,,,,,,,,,,,,,"B2C, Offline",,,,,,,,,,,,,,,,65 8739 9553,biz@glitz-sg.com,,,,,,,,,,,,,,Gov List,"ACRA, Google Searches",,
,,16/12/2025,FASSLER GOURMET PTE LTD,FASSLER GOURMET,,TeleSales,,Offline Sources,Adhoc,,199401989E,,,,,,,,,,,,,,,,"B2C, Offline",,,,,,,,,,,,,,,,65 6257 5257,orderdept@fasslergourmet.com,,,,,,,,,,,,,,Gov List,"ACRA, Google Searches",,
,,16/12/2025,WINDOWSILL PIES,WINDOWSILL PIES,,TeleSales,,Offline Sources,Adhoc,,53187777M,,,,,,,,,,,,,,,,"B2C, Offline",,,,,,,,,,,,,,,,65 9772 5629,pies@windowsillpies.sg,,,,,,,,,,,,,,Gov List,"ACRA, Google Searches",,
,,16/12/2025,HAVEN BISTRO PRIVATE LIMITED,HAVEN BISTRO,,TeleSales,,Offline Sources,Adhoc,,201838733K,,,,,,,,,,,,,,,,"B2C, Offline",,,,,,,,,,,,,,,,65 6817 0639,,,,,,,,,,,,,,,Gov List,"ACRA, Google Searches",,
,,16/12/2025,SUNSET BAR,SUNSET BAR,,TeleSales,,Offline Sources,Adhoc,,53241068L,,,,,,,,,,,,,,,,"B2C, Offline",,,,,,,,,,,,,,,,65 6705 7663,,,,,,,,,,,,,,,Gov List,"ACRA, Google Searches",,
,,16/12/2025,RONG HUA BAK KUT TEH,RONG HUA BAK KUT TEH,,TeleSales,,Offline Sources,Adhoc,,53262807A,,,,,,,,,,,,,,,,"B2C, Offline",,,,,,,,,,,,,,,,65 6469 3536,,,,,,,,,,,,,,,Gov List,"ACRA, Google Searches",,
,,16/12/2025,OLD SCHOOL DELIGHTS,OLD SCHOOL DELIGHTS,,TeleSales,,Offline Sources,Adhoc,,53135829A,,,,,,,,,,,,,,,,"B2C, Offline",,,,,,,,,,,,,,,,65 6909 3507,,,,,,,,,,,,,,,Gov List,"ACRA, Google Searches",,
,,16/12/2025,MMMM SG,MMMM,,TeleSales,,Offline Sources,Adhoc,,53507891M,,,,,,,,,,,,,,,,"B2C, Offline",,,,,,,,,,,,,,,,65 6397 6818,,,,,,,,,,,,,,,Gov List,"ACRA, Google Searches",,
,,16/12/2025,KAZOKU JAPANESE CUISINE,KAZOKU JAPANESE CUISINE,,TeleSales,,Offline Sources,Adhoc,,53230526D,,,,,,,,,,,,,,,,"B2C, Offline",,,,,,,,,,,,,,,,65 9687 3782,kazokusg@gmail.com,,,,,,,,,,,,,,Gov List,"ACRA, Google Searches",,
,,16/12/2025,CAFE4YOU,CAFE4YOU,,TeleSales,,Offline Sources,Adhoc,,53456264K,,,,,,,,,,,,,,,,"B2C, Offline",,,,,,,,,,,,,,,,65 6681 6555,tiffanyyeo@chilli.com.sg,,,,65 8511 5880,,,,,,,,,,Gov List,"ACRA, Google Searches",,
,,16/12/2025,KAFE UTU,KAFE UTU,,TeleSales,,Offline Sources,Adhoc,,53387812L,,,,,,,,,,,,,,,,"B2C, Offline",,,,,,,,,,,,,,,,65 6996 3937,info@kafeutu.com,,,,,,,,,,,,,,Gov List,"ACRA, Google Searches",,
,,16/12/2025,WANG YUAN CAFE LLP,WANG YUAN CAFE,,TeleSales,,Offline Sources,Adhoc,,T17LL0746L,,,,,,,,,,,,,,,,"B2C, Offline",,,,,,,,,,,,,,,,65 6909 7927,wangyuancafe@gmail.com,,,,,,,,,,,,,,Gov List,"ACRA, Google Searches",,
,,16/12/2025,JIAN FA SEAFOOD BBQ,JIAN FA SEAFOOD BBQ,,TeleSales,,Offline Sources,Adhoc,,53360517B,,,,,,,,,,,,,,,,"B2C, Offline",,,,,,,,,,,,,,,,65 6509 9198,ktong74@outlook.com,,,,,,,,,,,,,,Gov List,"ACRA, Google Searches",,
,,16/12/2025,BREADWERKS,BREADWERKS,,TeleSales,,Offline Sources,Adhoc,,53502966K,,,,,,,,,,,,,,,,"B2C, Offline",,,,,,,,,,,,,,,,65 6440 3573,enquiry@breadwerks.sg,,,,65 9116 2052,vanz@breadwerks.sg,,,,,,,,,Gov List,"ACRA, Google Searches",,
,,16/12/2025,SHENG HE FOOD CHAIN,SHENG HE FOOD CHAIN,,TeleSales,,Offline Sources,Adhoc,,53059139A,,,,,,,,,,,,,,,,"B2C, Offline",,,,,,,,,,,,,,,,65 6848 2093,,,,,,,,,,,,,,,Gov List,"ACRA, Google Searches",,
,,16/12/2025,SAKURA FAMILY RESTAURANT PTE LTD,SAKURA FAMILY RESTAURANT,,TeleSales,,Offline Sources,Adhoc,,200102485H,,,,,,,,,,,,,,,,"B2C, Offline",,,,,,,,,,,,,,,,65 6358 2938,,,,,,,,,,,,,,,Gov List,"ACRA, Google Searches",,
,,16/12/2025,IVAN'S CARBINA,IVANS CARBINA,,TeleSales,,Offline Sources,Adhoc,,53413763J,,,,,,,,,,,,,,,,"B2C, Offline",,,,,,,,,,,,,,,,65 8292 8599,,,,,,,,,,,,,,,Gov List,"ACRA, Google Searches",,
,,16/12/2025,CHULOP!,CHULOP,,TeleSales,,Offline Sources,Adhoc,,53289147C,,,,,,,,,,,,,,,,"B2C, Offline",,,,,,,,,,,,,,,,65 9776 5045,info@chulop.com,,,,,,,,,,,,,,Gov List,"ACRA, Google Searches",,
,,16/12/2025,FIRST CLASS TASTE,FIRST CLASS TASTE,,TeleSales,,Offline Sources,Adhoc,,53312613D,,,,,,,,,,,,,,,,"B2C, Offline",,,,,,,,,,,,,,,,65 9850 2202,,,,,,,,,,,,,,,Gov List,"ACRA, Google Searches",,
,,16/12/2025,TEA FAIRY,FAIRY TEA,,TeleSales,,Offline Sources,Adhoc,,53479018J,,,,,,,,,,,,,,,,"B2C, Offline",,,,,,,,,,,,,,,,65 5318 2950,diazfairyjoy@gmail.com,,,,,,,,,,,,,,Gov List,"ACRA, Google Searches",,
,,16/12/2025,ANDES BY ASTONS,ANDES BY ASTONS,,TeleSales,,Offline Sources,Adhoc,,53318405C,,,,,,,,,,,,,,,,"B2C, Offline",,,,,,,,,,,,,,,,65 6219 3816,,,,,65 6386 1074,,,,,,,,,,Gov List,"ACRA, Google Searches",,
,,16/12/2025,MARU,MARU,,TeleSales,,Offline Sources,Adhoc,,53502683L,,,,,,,,,,,,,,,,"B2C, Offline",,,,,,,,,,,,,,,,65 6327 1123,,,,,,,,,,,,,,,Gov List,"ACRA, Google Searches",,
,,16/12/2025,SUPER SIMPLE,SUPER SIMPLE,,TeleSales,,Offline Sources,Adhoc,,53324632J,,,,,,,,,,,,,,,,"B2C, Offline",,,,,,,,,,,,,,,,65 9699 5568,feedmesupersimple@gmail.com,,,,,,,,,,,,,,Gov List,"ACRA, Google Searches",,
,,16/12/2025,TASTE (SINGAPORE) PRIVATE LIMITED,TASTE,,TeleSales,,Offline Sources,Adhoc,,201627114G,,,,,,,,,,,,,,,,"B2C, Offline",,,,,,,,,,,,,,,,65 6264 8389,holland@taste.sg,,,,,,,,,,,,,,Gov List,"ACRA, Google Searches",,
,,16/12/2025,TEMPO,TEMPO,,TeleSales,,Offline Sources,Adhoc,,53336849M,,,,,,,,,,,,,,,,"B2C, Offline",,,,,,,,,,,,,,,,65 6233 1100,,,,,,,,,,,,,,,Gov List,"ACRA, Google Searches",,
,,16/12/2025,THE SALAD SHOP,THE SALAD SHOP,,TeleSales,,Offline Sources,Adhoc,,53147609W,,,,,,,,,,,,,,,,"B2C, Offline",,,,,,,,,,,,,,,,65 6536 3686,enquiry@thesaladshop.com.sg,,,,,,,,,,,,,,Gov List,"ACRA, Google Searches",,
,,16/12/2025,BOKUDA LLP,BOKUDA,,TeleSales,,Offline Sources,Adhoc,,T16LL2437F,,,,,,,,,,,,,,,,"B2C, Offline",,,,,,,,,,,,,,,,65 9793 0593,ctwong118@gmail.com,,,,,,,,,,,,,,Gov List,"ACRA, Google Searches",,
,,16/12/2025,THE RESTAURANT COMPANY PTE LTD,THE RESTAURANT,,TeleSales,,Offline Sources,Adhoc,,198502225W,,,,,,,,,,,,,,,,"B2C, Offline",,,,,,,,,,,,,,,,65 8182 0454,lionelgoh@spgg.org.sg,,,,,,,,,,,,,,Gov List,"ACRA, Google Searches",,
,,16/12/2025,SR DATA DYNAMIC PRIVATE LIMITED,SR DATA DYNAMIC,,TeleSales,,Offline Sources,Adhoc,,200502618R,,,,,,,,,,,,,,,,"B2C, Offline",,,,,,,,,,,,,,,,65 9001 4288,rocky@srdd.com,,,,,,,,,,,,,,Gov List,"ACRA, Google Searches",,
,,16/12/2025,SMART CITY KITCHENS,SMART CITY KITCHENS,,TeleSales,,Offline Sources,Adhoc,,53418955E,,,,,,,,,,,,,,,,"B2C, Offline",,,,,,,,,,,,,,,,65 8126 6579,info@smartcitykitchens.com,,,,,,,,,,,,,,Gov List,"ACRA, Google Searches",,
,,16/12/2025,SHINNSATO,SHINNSATO,,TeleSales,,Offline Sources,Adhoc,,53400940M,,,,,,,,,,,,,,,,"B2C, Offline",,,,,,,,,,,,,,,,65 9742 6840,raytanbk.tan8215@gmail.com,,,,,,,,,,,,,,Gov List,"ACRA, Google Searches",,
,,16/12/2025,KAILASH PARBAT RESTAURANTS PTE. LTD.,KAILASH PARBAT RESTAURANTS,,TeleSales,,Offline Sources,Adhoc,,200918304G,,,,,,,,,,,,,,,,"B2C, Offline",,,,,,,,,,,,,,,,65 6836 5545,arvind@kaitashparbat.com.sg,,,,,,,,,,,,,,Gov List,"ACRA, Google Searches",,
,,16/12/2025,JAPAN FOODS ENTERPRISES PTE. LTD.,JAPAN FOODS,,TeleSales,,Offline Sources,Adhoc,,200506192E,,,,,,,,,,,,,,,,"B2C, Offline",,,,,,,,,,,,,,,,65 9824 4561,,,,,,,,,,,,,,,Gov List,"ACRA, Google Searches",,
,,16/12/2025,LAOHUANG F&B (PTE. LTD.),LAOHUANG F&B,,TeleSales,,Offline Sources,Adhoc,,201721186D,,,,,,,,,,,,,,,,"B2C, Offline",,,,,,,,,,,,,,,,65 8280 5941,,,,,,,,,,,,,,,Gov List,"ACRA, Google Searches",,
,,16/12/2025,MAESTROSOFT PTE LTD,MAESTROSOFT,,TeleSales,,Offline Sources,Adhoc,,200103698Z,,,,,,,,,,,,,,,,"B2C, Offline",,,,,,,,,,,,,,,,65 9066 3301,,,,,,,,,,,,,,,Gov List,"ACRA, Google Searches",,
,,16/12/2025,ENVIRONMENTAL SOLUTIONS (ASIA) PTE LTD,ENVIRONMENTAL ASIA,,TeleSales,,Offline Sources,Adhoc,,199902448E,,,,,,,,,,,,,,,,"B2C, Offline",,,,,,,,,,,,,,,,65 9684 1200,agnes.tan@env-solutions.com,,,,65 8809 9836,yeowchuan@env-soluitons.com,,,,,,,,,Gov List,"ACRA, Google Searches",,
,,16/12/2025,YAP LOH & PARTNERS LLP,YAP LOH & PARTNERS,,TeleSales,,Offline Sources,Adhoc,,T12LL1365E,,,,,,,,,,,,,,,,"B2C, Offline",,,,,,,,,,,,,,,,65 9386 5007,juntin.tan@ylplegal.com,,,,,,,,,,,,,,Gov List,"ACRA, Google Searches",,
,,16/12/2025,NUR INDAH KITCHEN,NUR INDAH KITCHEN,,TeleSales,,Offline Sources,Adhoc,,53250563L,,,,,,,,,,,,,,,,"B2C, Offline",,,,,,,,,,,,,,,,65 9389 4301,roziwan@gmail.com,,,,,roziwan@gmail.com,,,,,,,,,Gov List,"ACRA, Google Searches",,
,,16/12/2025,SHAN DONG XIAO CHU PTE. LTD.,SHAN DONG XIAO CHU,,TeleSales,,Offline Sources,Adhoc,,200819746K,,,,,,,,,,,,,,,,"B2C, Offline",,,,,,,,,,,,,,,,65 9836 0249,848650010@qq.com,,,,65 8233 9166,enquiry@shandongdongji.sg,,,,,,,,,Gov List,"ACRA, Google Searches",,
,,16/12/2025,HARVEST ACCOUNTING PTE. LTD.,HARVEST ACCOUNTING,,TeleSales,,Offline Sources,Adhoc,,201828446N,,,,,,,,,,,,,,,,"B2C, Offline",,,,,,,,,,,,,,,,65 9821 8195,bryan@harvestaccounting.com.sg,,,,65 9821 8195,ask@harvestaccounting.com.sg,,,,,,,,,Gov List,"ACRA, Google Searches",,
,,16/12/2025,JY WANG ENTERPRISE,JY WANG,,TeleSales,,Offline Sources,Adhoc,,53184454D,,,,,,,,,,,,,,,,"B2C, Offline",,,,,,,,,,,,,,,,65 9339 4895,,,,,,,,,,,,,,,Gov List,"ACRA, Google Searches",,
,,16/12/2025,BIRYANI CENTRAL,BIRYANI CENTRAL,,TeleSales,,Offline Sources,Adhoc,,53295906W,,,,,,,,,,,,,,,,"B2C, Offline",,,,,,,,,,,,,,,,65 9632 7396,,,,,,,,,,,,,,,Gov List,"ACRA, Google Searches",,
,,16/12/2025,WIN CAFE,WIN CAFE,,TeleSales,,Offline Sources,Adhoc,,53424740K,,,,,,,,,,,,,,,,"B2C, Offline",,,,,,,,,,,,,,,,65 9695 8246,,,,,,,,,,,,,,,Gov List,"ACRA, Google Searches",,
,,16/12/2025,BENG HIANG RESTAURANT PTE LTD,BENG HIANG RESTAURANT,,TeleSales,,Offline Sources,Adhoc,,197803106K,,,,,,,,,,,,,,,,"B2C, Offline",,,,,,,,,,,,,,,,65 6708 8883,syahir.syazwan@hoteljen.com,,,,,,,,,,,,,,Gov List,"ACRA, Google Searches",,
,,16/12/2025,NPAC INTERNATIONAL PTE LTD,NPAC,,TeleSales,,Offline Sources,Adhoc,,199103917R,,,,,,,,,,,,,,,,"B2C, Offline",,,,,,,,,,,,,,,,65 9759 9782,ernestchan@npac.com.sg,,,,,,,,,,,,,,Gov List,"ACRA, Google Searches",,
,,16/12/2025,FAITHFUL+GOULD PTE. LIMITED,FAITHFUL+GOULD,,TeleSales,,Offline Sources,Adhoc,,198800405Z,,,,,,,,,,,,,,,,"B2C, Offline",,,,,,,,,,,,,,,,65 9173 0257,kathleen.kwan@fgould.com,,,,,,,,,,,,,,Gov List,"ACRA, Google Searches",,
,,16/12/2025,SAKABA EIZOU,SAKABA EIZOU,,TeleSales,,Offline Sources,Adhoc,,53458436E,,,,,,,,,,,,,,,,"B2C, Offline",,,,,,,,,,,,,,,,65 9090 8663,roglimpc@gmail.com,,,,,,,,,,,,,,Gov List,"ACRA, Google Searches",,
,,16/12/2025,KOUFU PTE LTD,KOUFU,,TeleSales,,Offline Sources,Adhoc,,199602661M,,,,,,,,,,,,,,,,"B2C, Offline",,,,,,,,,,,,,,,,65 9628 1027,houboon.ang@koufu.com.sg,,,,,,,,,,,,,,Gov List,"ACRA, Google Searches",,
,,16/12/2025,BROADWAY CO,BROADWAY,,TeleSales,,Offline Sources,Adhoc,,07119000K,,,,,,,,,,,,,,,,"B2C, Offline",,,,,,,,,,,,,,,,65 9069 8461,karl@broadway.com.sg,,,,,,,,,,,,,,Gov List,"ACRA, Google Searches",,
,,16/12/2025,IPI,IPI,,TeleSales,,Offline Sources,Adhoc,,201108236K,,,,,,,,,,,,,,,,"B2C, Offline",,,,,,,,,,,,,,,,65 9182 3125,adeline_chan@ipi-singapore.org,,,,,,,,,,,,,,Gov List,"ACRA, Google Searches",,
,,16/12/2025,ARTANS HOUSE LLP,ARTANS HOUSE,,TeleSales,,Offline Sources,Adhoc,,T16LL1881F,,,,,,,,,,,,,,,,"B2C, Offline",,,,,,,,,,,,,,,,65 9235 8660,stefano@artanshouse.com,,,,,,,,,,,,,,Gov List,"ACRA, Google Searches",,
,,16/12/2025,ERA SINGAPORE PTE LTD,ERA,,TeleSales,,Offline Sources,Adhoc,,199003777Z,,,,,,,,,,,,,,,,"B2C, Offline",,,,,,,,,,,,,,,,65 9090 9274,zaimi3878@gmail.com,,,,,,,,,,,,,,Gov List,"ACRA, Google Searches",,
,,16/12/2025,QUAICH BAR,QUAICH BAR,,TeleSales,,Offline Sources,Adhoc,,53104786E,,,,,,,,,,,,,,,,"B2C, Offline",,,,,,,,,,,,,,,,65 9643 0968,joyce@whiskystore.com.sg,,,,,,,,,,,,,,Gov List,"ACRA, Google Searches",,
,,16/12/2025,WAKANUI GRILL DINING SINGAPORE,WAKANUI GRILL DINING,,TeleSales,,Offline Sources,Adhoc,,53370618A,,,,,,,,,,,,,,,,"B2C, Offline",,,,,,,,,,,,,,,,65 9837 6258,kelvin.koh@1855fnb.com.sg,,,,,,,,,,,,,,Gov List,"ACRA, Google Searches",,
,,16/12/2025,TIONG BAHRU HAINANESE BONELESS CHICKEN RICE,TIONG BAHRU HAINANESE BONELESS CHICKEN RICE,,TeleSales,,Offline Sources,Adhoc,,52963071X,,,,,,,,,,,,,,,,"B2C, Offline",,,,,,,,,,,,,,,,65 9751 2391,muiling@gmail.com,,,,,,,,,,,,,,Gov List,"ACRA, Google Searches",,
,,16/12/2025,ONE15 MARINA CLUB,ONE15 MARINA CLUB,,TeleSales,,Offline Sources,Adhoc,,53039214C,,,,,,,,,,,,,,,,"B2C, Offline",,,,,,,,,,,,,,,,65 6306 2452,adrian.yeo@embtm.com.sg,,,,,,,,,,,,,,Gov List,"ACRA, Google Searches",,
,,16/12/2025,SEMBAWANG SEAFOOD PARADISE PTE LTD,SEMBAWANG SEAFOOD PARADISE,,TeleSales,,Offline Sources,Adhoc,,199405915W,,,,,,,,,,,,,,,,"B2C, Offline",,,,,,,,,,,,,,,,65 6487 2429,daniel@beaulieuhouse.com.sg,,,,65 8201 3688,,,,,,,,,,Gov List,"ACRA, Google Searches",,
,,16/12/2025,CHEVAL GROUP PRIVATE LIMITED,CHEVAL,,TeleSales,,Offline Sources,Adhoc,,201422171C,,,,,,,,,,,,,,,,"B2C, Offline",,,,,,,,,,,,,,,,65 9764 8903,jel.inc@hotmail.com,,,,,,,,,,,,,,Gov List,"ACRA, Google Searches",,
,,16/12/2025,MEET 4 MEAT LLP,MEET 4 MEAT,,TeleSales,,Offline Sources,Adhoc,,T19LL0469B,,,,,,,,,,,,,,,,"B2C, Offline",,,,,,,,,,,,,,,,65 8290 3605,geraldlau.wine@gmail.com,,,,,,,,,,,,,,Gov List,"ACRA, Google Searches",,
,,16/12/2025,EXTREMERS ADVENTURE PTE LTD,EXTREMERS ADVENTURE,,TeleSales,,Offline Sources,Adhoc,,200003426R,,,,,,,,,,,,,,,,"B2C, Offline",,,,,,,,,,,,,,,,65 9276 9085,grace@georges.com.sg,,,,,extremersadventure@hotmail.com,,,,,,,,,Gov List,"ACRA, Google Searches",,
,,16/12/2025,RANGOOLI RESTAURANT,RANGOOLI RESTAURANT,,TeleSales,,Offline Sources,Adhoc,,53249421X,,,,,,,,,,,,,,,,"B2C, Offline",,,,,,,,,,,,,,,,65 8118 3698,,,,,,,,,,,,,,,Gov List,"ACRA, Google Searches",,
,,16/12/2025,DIANDIN LELUK THAI RESTAURANT PRIVATE LIMITED,DIANDIN LELUK THAI RESTAURANT,,TeleSales,,Offline Sources,Adhoc,,199608549W,,,,,,,,,,,,,,,,"B2C, Offline",,,,,,,,,,,,,,,,65 8606 0118,diandinhq@gmail.com,,,,,,,,,,,,,,Gov List,"ACRA, Google Searches",,
,,16/12/2025,PHEONIX CAFE,PHEONIX CAFE,,TeleSales,,Offline Sources,Adhoc,,53339214D,,,,,,,,,,,,,,,,"B2C, Offline",,,,,,,,,,,,,,,,65 9773 0869,greenonearth@gmail.com,,,,,,,,,,,,,,Gov List,"ACRA, Google Searches",,
,,16/12/2025,HIMAWARI JAPANESE RESTAURANT,HIMAWARI JAPANESE RESTAURANT,,TeleSales,,Offline Sources,Adhoc,,53023502A,,,,,,,,,,,,,,,,"B2C, Offline",,,,,,,,,,,,,,,,65 8223 8822,amy@himawari.com,,,,,,,,,,,,,,Gov List,"ACRA, Google Searches",,
,,16/12/2025,WONDER GELATO LLP,WONDER GELATO,,TeleSales,,Offline Sources,Adhoc,,T18LL1796K,,,,,,,,,,,,,,,,"B2C, Offline",,,,,,,,,,,,,,,,65 9631 7377,hepingxingjun@hotmail.com,,,,,,,,,,,,,,Gov List,"ACRA, Google Searches",,
,,16/12/2025,S-CITY CAFE PTE LTD,S -CITY CAFE,,TeleSales,,Offline Sources,Adhoc,,199002289E,,,,,,,,,,,,,,,,"B2C, Offline",,,,,,,,,,,,,,,,65 8782 9293,darren@scitycafe.com,,,,,,,,,,,,,,Gov List,"ACRA, Google Searches",,
,,16/12/2025,POSITIVITY CAFE PRIVATE LIMITED,POSITIVITY CAFE,,TeleSales,,Offline Sources,Adhoc,,202239580M,,,,,,,,,,,,,,,,"B2C, Offline",,,,,,,,,,,,,,,,65 9636 1213,j.undeejav@gmail.com,,,,,,,,,,,,,,Gov List,"ACRA, Google Searches",,
,,16/12/2025,HARMONY COFFEE,HARMONY COFFEE,,TeleSales,,Offline Sources,Adhoc,,53477240D,,,,,,,,,,,,,,,,"B2C, Offline",,,,,,,,,,,,,,,,65 9090 3477,harmonycoffeesg@gmail.com,,,,,,,,,,,,,,Gov List,"ACRA, Google Searches",,
,,16/12/2025,JUICE FARM PRIVATE LIMITED,JUICE FARM,,TeleSales,,Offline Sources,Adhoc,,201213003K,,,,,,,,,,,,,,,,"B2C, Offline",,,,,,,,,,,,,,,,65 9836 0580,limin@juicefarm.com.sg,,,,,,,,,,,,,,Gov List,"ACRA, Google Searches",,
,,16/12/2025,3 MINS COFFEE SINGAPORE,3 MINS COFFEE,,TeleSales,,Offline Sources,Adhoc,,53459250C,,,,,,,,,,,,,,,,"B2C, Offline",,,,,,,,,,,,,,,,65 9489 1303,jskee29@gmail.com,,,,,,,,,,,,,,Gov List,"ACRA, Google Searches",,
,,16/12/2025,VILLAGE HOTEL SENTOSA,VILLAGE HOTEL SENTOSA,,TeleSales,,Offline Sources,Adhoc,,53274919K,,,,,,,,,,,,,,,,"B2C, Offline",,,,,,,,,,,,,,,,65 9048 0978,dannyyok@fareast.com,,,,,,,,,,,,,,Gov List,"ACRA, Google Searches",,
,,16/12/2025,WAKA COMPANY,WAKA WAKA,,TeleSales,,Offline Sources,Adhoc,,21174900A,,,,,,,,,,,,,,,,"B2C, Offline",,,,,,,,,,,,,,,,65 9657 4938,kongsg@furama.com,,,,,,,,,,,,,,Gov List,"ACRA, Google Searches",,
,,16/12/2025,TSP THE STRAITS PEOPLE LLP,TSP THE STRAITS PEOPLE,,TeleSales,,Offline Sources,Adhoc,,T17LL0765C,,,,,,,,,,,,,,,,"B2C, Offline",,,,,,,,,,,,,,,,65 9272 4561,annetan@ymail.com,,,,,,,,,,,,,,Gov List,"ACRA, Google Searches",,
,,16/12/2025,PARKWAY EAST HOSPITAL,PARKWAY EAST HOSPITAL,,TeleSales,,Offline Sources,Adhoc,,53029034X,,,,,,,,,,,,,,,,"B2C, Offline",,,,,,,,,,,,,,,,65 9238 8109,chiahow.choo@parkwayeast.com.sg,,,,,,,,,,,,,,Gov List,"ACRA, Google Searches",,
,,16/12/2025,NEW FUT KAI VEGETARIAN RESTAURANT,NEW FUT KAI VEGETARIAN RESTAURANT,,TeleSales,,Offline Sources,Adhoc,,53002348B,,,,,,,,,,,,,,,,"B2C, Offline",,,,,,,,,,,,,,,,65 6341 7096,admin@newfutkai.com.sg,,,,,,,,,,,,,,Gov List,"ACRA, Google Searches",,
,,16/12/2025,GREENWOOD FISH MARKET,GREENWOOD FISH MARKET,,TeleSales,,Offline Sources,Adhoc,,53370634C,,,,,,,,,,,,,,,,"B2C, Offline",,,,,,,,,,,,,,,,65 8188 9910,,,,,,,,,,,,,,,Gov List,"ACRA, Google Searches",,
,,16/12/2025,THE CURRY CULTURE,THE CURRY CULTURE,,TeleSales,,Offline Sources,Adhoc,,53381211M,,,,,,,,,,,,,,,,"B2C, Offline",,,,,,,,,,,,,,,,65 9059 1230,nill@gmail.com,,,,,,,,,,,,,,Gov List,"ACRA, Google Searches",,
,,16/12/2025,OLIVIA RESTAURANT & LOUNGE,OLIVIA RESTAURANT & LOUNGE,,TeleSales,,Offline Sources,Adhoc,,53387212W,,,,,,,,,,,,,,,,"B2C, Offline",,,,,,,,,,,,,,,,65 8126 3551,azad@olivia.com.sg,,,,,,,,,,,,,,Gov List,"ACRA, Google Searches",,
,,16/12/2025,TONG AH EATING HOUSE,TONG AH EATING HOUSE,,TeleSales,,Offline Sources,Adhoc,,53242893E,,,,,,,,,,,,,,,,"B2C, Offline",,,,,,,,,,,,,,,,65 9030 5366,,,,,,,,,,,,,,,Gov List,"ACRA, Google Searches",,
,,16/12/2025,BAKER'S WELL,BAKERS WELL,,TeleSales,,Offline Sources,Adhoc,,53026615J,,,,,,,,,,,,,,,,"B2C, Offline",,,,,,,,,,,,,,,,65 9638 2665,hello@bakerswell.com,,,,,,,,,,,,,,Gov List,"ACRA, Google Searches",,
,,16/12/2025,TEA CHAPTER TRADING PTE LTD,TEA CHAPTER,,TeleSales,,Offline Sources,Adhoc,,199101168C,,,,,,,,,,,,,,,,"B2C, Offline",,,,,,,,,,,,,,,,65 9858 6502,fund.lee@teachapter.com,,,,,,,,,,,,,,Gov List,"ACRA, Google Searches",,
,,16/12/2025,HUA TING STEAMBOAT,HUA TING STEAMBOAT,,TeleSales,,Offline Sources,Adhoc,,53339996C,,,,,,,,,,,,,,,,"B2C, Offline",,,,,,,,,,,,,,,,65 6739 6666,,,,,65 4689 3924,,,,,,,,,,Gov List,"ACRA, Google Searches",,
,,16/12/2025,GERAI NENEK OBEK,GERAI NENEK OBEK,,TeleSales,,Offline Sources,Adhoc,,53290197E,,,,,,,,,,,,,,,,"B2C, Offline",,,,,,,,,,,,,,,,65 8611 4560,filzahmiranti.dwd@gmail.com,,,,65 8611 4560,,,,,,,,,,Gov List,"ACRA, Google Searches",,
,,16/12/2025,BASASAK CHICKEN,BASASAK CHICKEN,,TeleSales,,Offline Sources,Adhoc,,53386058W,,,,,,,,,,,,,,,,"B2C, Offline",,,,,,,,,,,,,,,,65 9223 6613,basasakchicken01@gmail.com,,,,,,,,,,,,,,Gov List,"ACRA, Google Searches",,
,,16/12/2025,15 FIVE 3 PRIVATE LIMITED,15 FIVE 3,,TeleSales,,Offline Sources,Adhoc,,202342971R,,,,,,,,,,,,,,,,"B2C, Offline",,,,,,,,,,,,,,,,65 9021 8835,derrick@gmail.com,,,,,,,,,,,,,,Gov List,"ACRA, Google Searches",,
,,16/12/2025,OKRA BY SWG LLP,OKRA BY SWG,,TeleSales,,Offline Sources,Adhoc,,T23LL0554C,,,,,,,,,,,,,,,,"B2C, Offline",,,,,,,,,,,,,,,,65 8322 5712,okrabyswg@gmail.com,,,,65 9474 1162,,,,,,,,,,Gov List,"ACRA, Google Searches",,
,,16/12/2025,MIXUE PRIVATE LIMITED,MIXUE,,TeleSales,,Offline Sources,Adhoc,,202309913D,,,,,,,,,,,,,,,,"B2C, Offline",,,,,,,,,,,,,,,,65 9231 3852,,,,,,,,,,,,,,,Gov List,"ACRA, Google Searches",,
,,16/12/2025,HARYATI'S KITCHEN,HARYATIS KITCHEN,,TeleSales,,Offline Sources,Adhoc,,53448790D,,,,,,,,,,,,,,,,"B2C, Offline",,,,,,,,,,,,,,,,65 9642 7797,,,,,,,,,,,,,,,Gov List,"ACRA, Google Searches",,
,,16/12/2025,CHICK-FIL-A (ASIA) PTE. LTD.,CHICK-FIL-A ASIA,,TeleSales,,Offline Sources,Adhoc,,202033784Z,,,,,,,,,,,,,,,,"B2C, Offline",,,,,,,,,,,,,,,,65 9794 9260,joyce.tan@cfacorp.com.sg,,,,,,,,,,,,,,Gov List,"ACRA, Google Searches",,
,,16/12/2025,HOT PALETTE (ASIA PACIFIC) PTE. LTD.,HOT PALETTE ASIA PACIFIC,,TeleSales,,Offline Sources,Adhoc,,200408968W,,,,,,,,,,,,,,,,"B2C, Offline",,,,,,,,,,,,,,,,65 6336 2910,huiyi@hotpalette-apac.com,,,,65 6336 9291,sylim@hotpalette-apac.com,,,,65 9677 2897,,,,,Gov List,"ACRA, Google Searches",,
,,16/12/2025,EN JAPANESE DINING BAR,EN JAPANESE DINING BAR,,TeleSales,,Offline Sources,Adhoc,,52926074C,,,,,,,,,,,,,,,,"B2C, Offline",,,,,,,,,,,,,,,,65 9690 5574,raymond@endiningbars.com,,,,,,,,,,,,,,Gov List,"ACRA, Google Searches",,
,,16/12/2025,FOOD JUNCTION SINGAPORE PTE LTD,FOOD JUNCTION,,TeleSales,,Offline Sources,Adhoc,,200003475H,,,,,,,,,,,,,,,,"B2C, Offline",,,,,,,,,,,,,,,,65 9732 4379,keith.kek@foodjunction.com,,,,,,,,,,,,,,Gov List,"ACRA, Google Searches",,
,,16/12/2025,HENRI CHARPENTIER,HENRI CHARPENTIER,,TeleSales,,Offline Sources,Adhoc,,53272190W,,,,,,,,,,,,,,,,"B2C, Offline",,,,,,,,,,,,,,,,65 6479 5518,yamamoto-hiroaki@suzette.jp,,,,65 6386 8422,,,,,,,,,,Gov List,"ACRA, Google Searches",,
,,16/12/2025,HIC SINGAPORE PTE LTD,HIC,,TeleSales,,Offline Sources,Adhoc,,199404706K,,,,,,,,,,,,,,,,"B2C, Offline",,,,,,,,,,,,,,,,65 8223 6766,concierge@hicjuice.com.sg,,,,,,,,,,,,,,Gov List,"ACRA, Google Searches",,
,,16/12/2025,ISS FACILITY SERVICES PRIVATE LIMITED,ISS FACILITY,,TeleSales,,Offline Sources,Adhoc,,197200488G,,,,,,,,,,,,,,,,"B2C, Offline",,,,,,,,,,,,,,,,65 6622 2612,gina.toh@sg.issworld.com,,,,,,,,,,,,,,Gov List,"ACRA, Google Searches",,
,,16/12/2025,JP PEPPERDINE,JP PEPPERDINE,,TeleSales,,Offline Sources,Adhoc,,53138878J,,,,,,,,,,,,,,,,"B2C, Offline",,,,,,,,,,,,,,,,65 6282 1311,jason.ong@jppepperdine.com,,,,65 8499 8949,bryston.tng@jppepperdine.com,,,,,,,,,Gov List,"ACRA, Google Searches",,
,,16/12/2025,JUST THE PLACE,JUST THE PLACE,,TeleSales,,Offline Sources,Adhoc,,52801542K,,,,,,,,,,,,,,,,"B2C, Offline",,,,,,,,,,,,,,,,65 9637 6878,rena@justtheplacebarnweddings.com,,,,,,,,,,,,,,Gov List,"ACRA, Google Searches",,
,,16/12/2025,MAJESTIC RESTAURANT,MAJESTIC RESTAURANT,,TeleSales,,Offline Sources,Adhoc,,53393246K,,,,,,,,,,,,,,,,"B2C, Offline",,,,,,,,,,,,,,,,65 6604 6604,emmanuel.benardos@unlistedcollection.com,,,,,,,,,,,,,,Gov List,"ACRA, Google Searches",,
,,16/12/2025,MANHILL RESTAURANT,MANHILL RESTAURANT,,TeleSales,,Offline Sources,Adhoc,,08090100W,,,,,,,,,,,,,,,,"B2C, Offline",,,,,,,,,,,,,,,,65 6474 6835,,,,,65 6221 5073,,,,,,,,,,Gov List,"ACRA, Google Searches",,
,,16/12/2025,HONEY + MILK,MILK & HONEY,,TeleSales,,Offline Sources,Adhoc,,53024632E,,,,,,,,,,,,,,,,"B2C, Offline",,,,,,,,,,,,,,,,65 6834 3040,,,,,,,,,,,,,,,Gov List,"ACRA, Google Searches",,
,,16/12/2025,QI JI PTE LTD,QI JI,,TeleSales,,Offline Sources,Adhoc,,199907530C,,,,,,,,,,,,,,,,"B2C, Offline",,,,,,,,,,,,,,,,65 6283 8572,alanlau@qiji.com.sg,,,,,,,,,,,,,,Gov List,"ACRA, Google Searches",,
,,16/12/2025,SHERATON TOWERS SINGAPORE HOTEL,SHERATON TOWERS HOTEL,,TeleSales,,Offline Sources,Adhoc,,34053800K,,,,,,,,,,,,,,,,"B2C, Offline",,,,,,,,,,,,,,,,65 6389 5940,julia.chua@sheratonsingapore.com,,,,,,,,,,,,,,Gov List,"ACRA, Google Searches",,
,,16/12/2025,SOUPERLICIOUS,SOUPERLICIOUS,,TeleSales,,Offline Sources,Adhoc,,53125266C,,,,,,,,,,,,,,,,"B2C, Offline",,,,,,,,,,,,,,,,65 9766 2490,info@touchitmedia.ca,,,,,,,,,,,,,,Gov List,"ACRA, Google Searches",,
,,16/12/2025,SPINELLI PTE LTD,SPINELLI,,TeleSales,,Offline Sources,Adhoc,,199501882W,,,,,,,,,,,,,,,,"B2C, Offline",,,,,,,,,,,,,,,,65 6337 8618,jasmine.loh@spinellicoffee.com.sg,,,,,,,,,,,,,,Gov List,"ACRA, Google Searches",,
,,16/12/2025,SWISSBAKE,SWISSBAKE,,TeleSales,,Offline Sources,Adhoc,,53436417M,,,,,,,,,,,,,,,,"B2C, Offline",,,,,,,,,,,,,,,,65 8183 6540,john.lee@swiss-bake.com.sg,,,,,,,,,,,,,,Gov List,"ACRA, Google Searches",,
,,16/12/2025,TAMPOPO GRAND,TAMPOPO GRAND,,TeleSales,,Offline Sources,Adhoc,,53179350L,,,,,,,,,,,,,,,,"B2C, Offline",,,,,,,,,,,,,,,,65 6735 2959,wanchyng@cfc.com.sg,,,,65 6338 1233,,,,,,,,,,Gov List,"ACRA, Google Searches",,
,,16/12/2025,TORI-Q,TORI Q,,TeleSales,,Offline Sources,Adhoc,,52918968B,,,,,,,,,,,,,,,,"B2C, Offline",,,,,,,,,,,,,,,,65 6887 5795,karen@takopachi.com,,,,,,,,,,,,,,Gov List,"ACRA, Google Searches",,
,,16/12/2025,TOWER CLUB,TOWER CLUB,,TeleSales,,Offline Sources,Adhoc,,52823399L,,,,,,,,,,,,,,,,"B2C, Offline",,,,,,,,,,,,,,,,65 6737 3388,keith.lim@tower-club.com.sg,,,,,,,,,,,,,,Gov List,"ACRA, Google Searches",,
,,16/12/2025,"""TUCKSHOP"" PRIVATE LIMITED",TUCKSHOP,,TeleSales,,Offline Sources,Adhoc,,201214550K,,,,,,,,,,,,,,,,"B2C, Offline",,,,,,,,,,,,,,,,65 9879 9417,benson_moo520@hotmail.com,,,,,,,,,,,,,,Gov List,"ACRA, Google Searches",,
,,16/12/2025,WELL DRESSED SALAD BAR & CAFE LLP,WELL DRESSED SALAD BAR & CAFE,,TeleSales,,Offline Sources,Adhoc,,T13LL0631D,,,,,,,,,,,,,,,,"B2C, Offline",,,,,,,,,,,,,,,,65 9789 3072,sowelldressed@live.com,,,,,,,,,,,,,,Gov List,"ACRA, Google Searches",,
,,16/12/2025,ZINGRILL HOLDINGS PTE LTD,ZINGRILL,,TeleSales,,Offline Sources,Adhoc,,200101877Z,,,,,,,,,,,,,,,,"B2C, Offline",,,,,,,,,,,,,,,,65 9769 2615,andrew@zingrill.com.sg,,,,,,,,,,,,,,Gov List,"ACRA, Google Searches",,
,,16/12/2025,KITE LLP,KITE,,TeleSales,,Offline Sources,Adhoc,,T21LL0051F,,,,,,,,,,,,,,,,"B2C, Offline",,,,,,,,,,,,,,,,65 9729 7988,info@eat-at-kite.sg,,,,,,,,,,,,,,Gov List,"ACRA, Google Searches",,
,,16/12/2025,JERRY'S BARBECUE & GRILL (SINGAPORE) PTE LTD,JERRYS BARBECUE & GRILL,,TeleSales,,Offline Sources,Adhoc,,199001952R,,,,,,,,,,,,,,,,"B2C, Offline",,,,,,,,,,,,,,,,65 9670 8050,alhakam333@gmail.com,,,,,,,,,,,,,,Gov List,"ACRA, Google Searches",,
,,16/12/2025,DIAMOND KITCHEN PRIVATE LIMITED,DIAMOND KITCHEN,,TeleSales,,Offline Sources,Adhoc,,201110162W,,,,,,,,,,,,,,,,"B2C, Offline",,,,,,,,,,,,,,,,65 6464 0410,reservation@diamondkitchen.com.sg,,,,,,,,,,,,,,Gov List,"ACRA, Google Searches",,
,,16/12/2025,PEACH BLOSSOMS CHINESE RESTAURANT,PEACH BLOSSOMS CHINESE RESTAURANT,,TeleSales,,Offline Sources,Adhoc,,32930800M,,,,,,,,,,,,,,,,"B2C, Offline",,,,,,,,,,,,,,,,65 6845 1111,peachblossoms.prsmb@parkroyalhotels.com,,,,,,,,,,,,,,Gov List,"ACRA, Google Searches",,
,,16/12/2025,BAR NKD,BAR NKD,,TeleSales,,Offline Sources,Adhoc,,53202228M,,,,,,,,,,,,,,,,"B2C, Offline",,,,,,,,,,,,,,,,65 6423 4695,,,,,,,,,,,,,,,Gov List,"ACRA, Google Searches",,
,,16/12/2025,FRY BISTRO,FRY BISTRO,,TeleSales,,Offline Sources,Adhoc,,53225523B,,,,,,,,,,,,,,,,"B2C, Offline",,,,,,,,,,,,,,,,65 8418 5995,frybistro@gmail.com,,,,,,,,,,,,,,Gov List,"ACRA, Google Searches",,
,,16/12/2025,SERAYA ENERGY PTE LTD,SERAYA ENERGY,,TeleSales,,Offline Sources,Adhoc,,200103194D,,,,,,,,,,,,,,,,"B2C, Offline",,,,,,,,,,,,,,,,65 9119 7119,julia.chan@pseraya.com.sg,,,,65 6213 8784,,,,,,,,,,Gov List,"ACRA, Google Searches",,
,,16/12/2025,GRAND SHANGHAI,GRAND SHANGHAI,,TeleSales,,Offline Sources,Adhoc,,52969032B,,,,,,,,,,,,,,,,"B2C, Offline",,,,,,,,,,,,,,,,65 6836 6866,restaurant@grandshanghai.com.sg,,,,,,,,,,,,,,Gov List,"ACRA, Google Searches",,
,,16/12/2025,THE EASTERN RESTAURANT PTE LTD,THE EASTERN RESTAURANT,,TeleSales,,Offline Sources,Adhoc,,199901533R,,,,,,,,,,,,,,,,"B2C, Offline",,,,,,,,,,,,,,,,65 6743 7883,,,,,,,,,,,,,,,Gov List,"ACRA, Google Searches",,
,,16/12/2025,RUMAH MAKAN MINANG PTE LTD,RUMAH MAKAN MINANG,,TeleSales,,Offline Sources,Adhoc,,199504924G,,,,,,,,,,,,,,,,"B2C, Offline",,,,,,,,,,,,,,,,65 6294 4805,enquiry@minang.sg,,,,,,,,,,,,,,Gov List,"ACRA, Google Searches",,
,,16/12/2025,CHOP CHOP SG,CHOP CHOP,,TeleSales,,Offline Sources,Adhoc,,53493687C,,,,,,,,,,,,,,,,"B2C, Offline",,,,,,,,,,,,,,,,65 6708 6774,hello@wethehawkers.com,,,,,,,,,,,,,,Gov List,"ACRA, Google Searches",,
,,16/12/2025,CASUARINA CURRY RESTAURANT PTE LTD,CASUARINA CURRY RESTAURANT,,TeleSales,,Offline Sources,Adhoc,,199801790E,,,,,,,,,,,,,,,,"B2C, Offline",,,,,,,,,,,,,,,,65 6455 9093,enquiry@casuarinacurry.com,,,,,,,,,,,,,,Gov List,"ACRA, Google Searches",,
,,16/12/2025,PLUM VILLAGE LLP,PLUM VILLAGE,,TeleSales,,Offline Sources,Adhoc,,T25LL1034F,,,,,,,,,,,,,,,,"B2C, Offline",,,,,,,,,,,,,,,,65 6458 9005,,,,,,,,,,,,,,,Gov List,"ACRA, Google Searches",,
,,16/12/2025,GOLDEN TREASURE RESTAURANT,GOLDEN TREASURE RESTAURANT,,TeleSales,,Offline Sources,Adhoc,,53046605L,,,,,,,,,,,,,,,,"B2C, Offline",,,,,,,,,,,,,,,,65 6743 1622,,,,,,,,,,,,,,,Gov List,"ACRA, Google Searches",,
,,16/12/2025,LAKSHIMI VILAS RESTAURANT,LAKSHIMI VILAS RESTAURANT,,TeleSales,,Offline Sources,Adhoc,,04653300A,,,,,,,,,,,,,,,,"B2C, Offline",,,,,,,,,,,,,,,,65 6272 0537,,,,,,,,,,,,,,,Gov List,"ACRA, Google Searches",,
,,16/12/2025,JOO HENG RESTAURANT,JOO HENG RESTAURANT,,TeleSales,,Offline Sources,Adhoc,,53081763B,,,,,,,,,,,,,,,,"B2C, Offline",,,,,,,,,,,,,,,,65 6345 1503,,,,,,,,,,,,,,,Gov List,"ACRA, Google Searches",,
,,16/12/2025,YING YANG,YING YANG,,TeleSales,,Offline Sources,Adhoc,,53501178D,,,,,,,,,,,,,,,,"B2C, Offline",,,,,,,,,,,,,,,,65 6808 2183,,,,,,,,,,,,,,,Gov List,"ACRA, Google Searches",,
,,16/12/2025,DINOVIA KULINER,DINOVIA KULINER,,TeleSales,,Offline Sources,Adhoc,,53196629A,,,,,,,,,,,,,,,,"B2C, Offline",,,,,,,,,,,,,,,,65 6440 0774,,,,,,,,,,,,,,,Gov List,"ACRA, Google Searches",,
,,16/12/2025,MELLVIN SEAFOOD RESTAURANT,MELLVIN SEAFOOD RESTAURANT,,TeleSales,,Offline Sources,Adhoc,,53113060J,,,,,,,,,,,,,,,,"B2C, Offline",,,,,,,,,,,,,,,,65 6366 9985,,,,,,,,,,,,,,,Gov List,"ACRA, Google Searches",,
,,16/12/2025,THE CELLAR DOOR PTE LTD,THE CELLAR DOOR,,TeleSales,,Offline Sources,Adhoc,,200001784C,,,,,,,,,,,,,,,,"B2C, Offline",,,,,,,,,,,,,,,,65 6463 5296,marcom@thecellardoor.com.sg,,,,,,,,,,,,,,Gov List,"ACRA, Google Searches",,
,,16/12/2025,BOUNTIFUL RESTAURANT,BOUNTIFUL RESTAURANT,,TeleSales,,Offline Sources,Adhoc,,53199874J,,,,,,,,,,,,,,,,"B2C, Offline",,,,,,,,,,,,,,,,65 6270 3323,thebountifulstore@gmail.com,,,,,,,,,,,,,,Gov List,"ACRA, Google Searches",,
,,16/12/2025,HENG HENG BAK KUT TEH,HENG HENG BAK KUT TEH,,TeleSales,,Offline Sources,Adhoc,,48024700E,,,,,,,,,,,,,,,,"B2C, Offline",,,,,,,,,,,,,,,,65 6292 4913,henghengclaypotbkt@gmail.com,,,,,,,,,,,,,,Gov List,"ACRA, Google Searches",,
,,16/12/2025,XIN CUISINE-CHINESE RESTAURANT,XIN CUISINE CHINESE RESTAURANT,,TeleSales,,Offline Sources,Adhoc,,43057000K,,,,,,,,,,,,,,,,"B2C, Offline",,,,,,,,,,,,,,,,65 6731 7173,,,,,,,,,,,,,,,Gov List,"ACRA, Google Searches",,
,,16/12/2025,GUILIN DONG JIANG RESTAURANT LLP,GUILIN DONG JIANG RESTAURANT,,TeleSales,,Offline Sources,Adhoc,,T09LL1171K,,,,,,,,,,,,,,,,"B2C, Offline",,,,,,,,,,,,,,,,65 6766 3396,,,,,,,,,,,,,,,Gov List,"ACRA, Google Searches",,
,,16/12/2025,CHEF'S HATS,CHEFS HATS,,TeleSales,,Offline Sources,Adhoc,,53198968B,,,,,,,,,,,,,,,,"B2C, Offline",,,,,,,,,,,,,,,,65 9479 9101,chefs.hats@gmail.com,,,,,,,,,,,,,,Gov List,"ACRA, Google Searches",,
,,16/12/2025,SIN HUAT SEAFOOD RESTAURANT,SIN HUAT SEAFOOD RESTAURANT,,TeleSales,,Offline Sources,Adhoc,,53056357J,,,,,,,,,,,,,,,,"B2C, Offline",,,,,,,,,,,,,,,,65 6744 9755,,,,,,,,,,,,,,,Gov List,"ACRA, Google Searches",,
,,16/12/2025,RASA RASA THAI SEAFOOD RESTAURANT,RASA RASA THAI SEAFOOD RESTAURANT,,TeleSales,,Offline Sources,Adhoc,,53101768X,,,,,,,,,,,,,,,,"B2C, Offline",,,,,,,,,,,,,,,,65 6404 0650,,,,,,,,,,,,,,,Gov List,"ACRA, Google Searches",,
,,16/12/2025,AZUR,AZUR,,TeleSales,,Offline Sources,Adhoc,,53102711B,,,,,,,,,,,,,,,,"B2C, Offline",,,,,,,,,,,,,,,,65 6823 5354,,,,,,,,,,,,,,,Gov List,"ACRA, Google Searches",,
,,16/12/2025,THE DRUNKEN POET,THE DRUNKEN POET,,TeleSales,,Offline Sources,Adhoc,,53314990L,,,,,,,,,,,,,,,,"B2C, Offline",,,,,,,,,,,,,,,,65 6734 2924,murrayocp@gmail.com,,,,65 6887 4824,,,,,,,,,,Gov List,"ACRA, Google Searches",,
,,16/12/2025,ORIHARA SHOTEN,ORIHARA SHOTEN,,TeleSales,,Offline Sources,Adhoc,,53155868A,,,,,,,,,,,,,,,,"B2C, Offline",,,,,,,,,,,,,,,,65 6836 5710,,,,,,,,,,,,,,,Gov List,"ACRA, Google Searches",,
,,16/12/2025,BOB'S BAR,BOBS BAR,,TeleSales,,Offline Sources,Adhoc,,53113344C,,,,,,,,,,,,,,,,"B2C, Offline",,,,,,,,,,,,,,,,65 6591 5047,,,,,,,,,,,,,,,Gov List,"ACRA, Google Searches",,
,,16/12/2025,THE TAVERN WINE & TAPAS BAR,THE TAVERN WINE & TAPAS BAR,,TeleSales,,Offline Sources,Adhoc,,50745600M,,,,,,,,,,,,,,,,"B2C, Offline",,,,,,,,,,,,,,,,65 6737 6995,,,,,,,,,,,,,,,Gov List,"ACRA, Google Searches",,
,,16/12/2025,PADDY HILLS,PADDY HILLS,,TeleSales,,Offline Sources,Adhoc,,53413625K,,,,,,,,,,,,,,,,"B2C, Offline",,,,,,,,,,,,,,,,65 6479 0800,bryangoh@paddyhills.com.sg,,,,,,,,,,,,,,Gov List,"ACRA, Google Searches",,
,,16/12/2025,TRIPLE THREE PRIVATE LIMITED,TRIPLE THREE,,TeleSales,,Offline Sources,Adhoc,,201606333W,,,,,,,,,,,,,,,,"B2C, Offline",,,,,,,,,,,,,,,,65 6831 6288,,,,,65 6831 6271,,,,,,,,,,Gov List,"ACRA, Google Searches",,
,,16/12/2025,SER SENG HERBS (TURTLE) RESTAURANT,SER SENG HERBS TURTLE RESTAURANT,,TeleSales,,Offline Sources,Adhoc,,33086300B,,,,,,,,,,,,,,,,"B2C, Offline",,,,,,,,,,,,,,,,65 6287 6341,,,,,,,,,,,,,,,Gov List,"ACRA, Google Searches",,
,,16/12/2025,BIRDIE NUM NUM,BIRDIE NUM NUM,,TeleSales,,Offline Sources,Adhoc,,53294980C,,,,,,,,,,,,,,,,"B2C, Offline",,,,,,,,,,,,,,,,65 6449 2546,,,,,,,,,,,,,,,Gov List,"ACRA, Google Searches",,
,,16/12/2025,ZEN FUT SAI KAI VEGETARIAN RESTAURANT,ZEN FUT SAI KAI VEGETARIAN RESTAURANT,,TeleSales,,Offline Sources,Adhoc,,52923378M,,,,,,,,,,,,,,,,"B2C, Offline",,,,,,,,,,,,,,,,65 6291 2350,,,,,,,,,,,,,,,Gov List,"ACRA, Google Searches",,
,,16/12/2025,CRAB CORNER LLP,CRAB CORNER,,TeleSales,,Offline Sources,Adhoc,,T14LL0622L,,,,,,,,,,,,,,,,"B2C, Offline",,,,,,,,,,,,,,,,65 6333 6969,,,,,,,,,,,,,,,Gov List,"ACRA, Google Searches",,
,,16/12/2025,SAKAE SUSHI,SAKAE SUSHI,,TeleSales,,Offline Sources,Adhoc,,52846829D,,,,,,,,,,,,,,,,"B2C, Offline",,,,,,,,,,,,,,,,65 8748 5819,johnnyho@sakaeholdings.com,,,,,,,,,,,,,,Gov List,"ACRA, Google Searches",,
,,16/12/2025,DINE ON 3,DINE ON 3,,TeleSales,,Offline Sources,Adhoc,,53177314X,,,,,,,,,,,,,,,,"B2C, Offline",,,,,,,,,,,,,,,,65 6371 1964,manuel.regodon@shangri-la.com,,,,,,,,,,,,,,Gov List,"ACRA, Google Searches",,
,,16/12/2025,ARTICHOKE CAFE + BAR,ARTICHOKE CAFE & BAR,,TeleSales,,Offline Sources,Adhoc,,53171223X,,,,,,,,,,,,,,,,"B2C, Offline",,,,,,,,,,,,,,,,65 6336 6949,,,,,,,,,,,,,,,Gov List,"ACRA, Google Searches",,
,,16/12/2025,JONG ANN RESTAURANT,JONG ANN RESTAURANT,,TeleSales,,Offline Sources,Adhoc,,05440200W,,,,,,,,,,,,,,,,"B2C, Offline",,,,,,,,,,,,,,,,65 6742 6287,,,,,,,,,,,,,,,Gov List,"ACRA, Google Searches",,
,,16/12/2025,QUAN LE YAN SEAFOOD,QUAN LE YAN SEAFOOD,,TeleSales,,Offline Sources,Adhoc,,47940400C,,,,,,,,,,,,,,,,"B2C, Offline",,,,,,,,,,,,,,,,65 6273 4960,,,,,,,,,,,,,,,Gov List,"ACRA, Google Searches",,
,,16/12/2025,POH HUAT RESTAURANT,POH HUAT RESTAURANT,,TeleSales,,Offline Sources,Adhoc,,52937619M,,,,,,,,,,,,,,,,"B2C, Offline",,,,,,,,,,,,,,,,65 8194 4741,,,,,,,,,,,,,,,Gov List,"ACRA, Google Searches",,
,,16/12/2025,TIAN TIAN SEAFOOD RESTAURANT,TIAN TIAN SEAFOOD RESTAURANT,,TeleSales,,Offline Sources,Adhoc,,52814496X,,,,,,,,,,,,,,,,"B2C, Offline",,,,,,,,,,,,,,,,65 6324 1082,,,,,,,,,,,,,,,Gov List,"ACRA, Google Searches",,
,,16/12/2025,LOO'S HAINANESE CURRY RICE,LOOS HAINANESE CURRY RICE,,TeleSales,,Offline Sources,Adhoc,,53360537K,,,,,,,,,,,,,,,,"B2C, Offline",,,,,,,,,,,,,,,,65 6225 3762,,,,,,,,,,,,,,,Gov List,"ACRA, Google Searches",,
,,16/12/2025,PARCO (SINGAPORE) PTE LTD,PARCO,,TeleSales,,Offline Sources,Adhoc,,199105906E,,,,,,,,,,,,,,,,"B2C, Offline",,,,,,,,,,,,,,,,65 6595 9100,hori-hiro@parco.sg,,,,,,,,,,,,,,Gov List,"ACRA, Google Searches",,
,,16/12/2025,GONG HE GUAN,GONG HE GUAN,,TeleSales,,Offline Sources,Adhoc,,52957774K,,,,,,,,,,,,,,,,"B2C, Offline",,,,,,,,,,,,,,,,65 6223 0562,,,,,,,,,,,,,,,Gov List,"ACRA, Google Searches",,
,,16/12/2025,ANNALAKSHMI JANATHA,ANNALAKSHMI JANATHA,,TeleSales,,Offline Sources,Adhoc,,53405323L,,,,,,,,,,,,,,,,"B2C, Offline",,,,,,,,,,,,,,,,65 6223 0809,annagov@singnet.com.sg,,,,,,,,,,,,,,Gov List,"ACRA, Google Searches",,
,,16/12/2025,FISH @ BUGIS+,FISH@BUGIS,,TeleSales,,Offline Sources,Adhoc,,53316458C,,,,,,,,,,,,,,,,"B2C, Offline",,,,,,,,,,,,,,,,65 8338 6530,funatfish@gmail.com,,,,,,,,,,,,,,Gov List,"ACRA, Google Searches",,
,,16/12/2025,SHUTTERS,SHUTTERS,,TeleSales,,Offline Sources,Adhoc,,53494820X,,,,,,,,,,,,,,,,"B2C, Offline",,,,,,,,,,,,,,,,65 6825 3866,info@shutterplus.ie,,,,,,,,,,,,,,Gov List,"ACRA, Google Searches",,
,,16/12/2025,KIA HIANG RESTAURANT,KIA HIANG RESTAURANT,,TeleSales,,Offline Sources,Adhoc,,22652100A,,,,,,,,,,,,,,,,"B2C, Offline",,,,,,,,,,,,,,,,65 9004 0381,ng.kiajin@gmail.com,,,,,,,,,,,,,,Gov List,"ACRA, Google Searches",,
,,16/12/2025,MASTA KAFE,MASTA KAFE,,TeleSales,,Offline Sources,Adhoc,,53324231B,,,,,,,,,,,,,,,,"B2C, Offline",,,,,,,,,,,,,,,,65 9238 5663,kensg0110@hotmail.com,,,,,,,,,,,,,,Gov List,"ACRA, Google Searches",,
,,16/12/2025,PIZZA HUT SINGAPORE PTE LTD,PIZZA HUT,,TeleSales,,Offline Sources,Adhoc,,199302293D,,,,,,,,,,,,,,,,"B2C, Offline",,,,,,,,,,,,,,,,65 6233 8201,ishujay@gmail.com,,,,,,,,,,,,,,Gov List,"ACRA, Google Searches",,
,,16/12/2025,FLOC PRIVATE LIMITED,FLOC,,TeleSales,,Offline Sources,Adhoc,,201423107N,,,,,,,,,,,,,,,,"B2C, Offline",,,,,,,,,,,,,,,,65 9276 4511,nickhong@flocgroup.com,,,,,,,,,,,,,,Gov List,"ACRA, Google Searches",,
,,16/12/2025,SAKAE HOLDINGS LTD.,SAKAE,,TeleSales,,Offline Sources,Adhoc,,199604816E,,,,,,,,,,,,,,,,"B2C, Offline",,,,,,,,,,,,,,,,65 9785 9622,,,,,,,,,,,,,,,Gov List,"ACRA, Google Searches",,
,,16/12/2025,SKY CAPITAL,SKY CAPITAL,,TeleSales,,Offline Sources,Adhoc,,53351301D,,,,,,,,,,,,,,,,"B2C, Offline",,,,,,,,,,,,,,,,65 9009 2714,hello@pgfn.com.sg,,,,,,,,,,,,,,Gov List,"ACRA, Google Searches",,
,,16/12/2025,GOODWOOD PARK HOTEL PRIVATE LIMITED,GOODWOOD PARK HOTEL,,TeleSales,,Offline Sources,Adhoc,,194700135H,,,,,,,,,,,,,,,,"B2C, Offline",,,,,,,,,,,,,,,,65 8484 1214,thomas.wee@yorkhotel.com.sg,,,,,,,,,,,,,,Gov List,"ACRA, Google Searches",,
,,16/12/2025,AKASHI JAPANESE RESTAURANT PTE LTD,AKASHI JAPANESE RESTAURANT,,TeleSales,,Offline Sources,Adhoc,,199501873R,,,,,,,,,,,,,,,,"B2C, Offline",,,,,,,,,,,,,,,,65 6376 9972,akashi@akashijap.com.sg,,,,65 6749 1577,wesgtw@gmail.com,,,,65 9233 3452,,,,,Gov List,"ACRA, Google Searches",,
,,16/12/2025,GRID PRIVATE LIMITED,GRID,,TeleSales,,Offline Sources,Adhoc,,199001014R,,,,,,,,,,,,,,,,"B2C, Offline",,,,,,,,,,,,,,,,65 8333 5875,natalieboon.sgp@gawcapital.com,,,,,,,,,,,,,,Gov List,"ACRA, Google Searches",,
,,16/12/2025,GLORY & CO,GLORY,,TeleSales,,Offline Sources,Adhoc,,01265000E,,,,,,,,,,,,,,,,"B2C, Offline",,,,,,,,,,,,,,,,65 9173 2384,laylay.png@glory-global.com,,,,,,,,,,,,,,Gov List,"ACRA, Google Searches",,
,,16/12/2025,GRAND COPTHORNE WATERFRONT HOTEL SINGAPORE,GRAND COPTHORNE WATERFRONT HOTEL,,TeleSales,,Offline Sources,Adhoc,,52898318X,,,,,,,,,,,,,,,,"B2C, Offline",,,,,,,,,,,,,,,,65 9144 2485,shaun.chan@milleniumhotels.com,,,,,,,,,,,,,,Gov List,"ACRA, Google Searches",,
,,16/12/2025,SPARTAN SYSTEM (S) PTE LTD,SPARTAN S,,TeleSales,,Offline Sources,Adhoc,,199104419C,,,,,,,,,,,,,,,,"B2C, Offline",,,,,,,,,,,,,,,,65 6741 6339,gary@spartan.com.sg,,,,,,,,,,,,,,Gov List,"ACRA, Google Searches",,
,,16/12/2025,JUMBO GROUP LIMITED,JUMBO,,TeleSales,,Offline Sources,Adhoc,,201503401Z,,,,,,,,,,,,,,,,"B2C, Offline",,,,,,,,,,,,,,,,65 8189 1155,tan.chiahliang@jumbogroup.com.sg,,,,,,,,,,,,,,Gov List,"ACRA, Google Searches",,
,,16/12/2025,MILLENNIUM HOTELS AND RESORTS,MILLENNIUM HOTELS AND RESORTS,,TeleSales,,Offline Sources,Adhoc,,53306261J,,,,,,,,,,,,,,,,"B2C, Offline",,,,,,,,,,,,,,,,65 6664 8779,shwuyun.lee@millenniumhotels.com,,,,,,,,,,,,,,Gov List,"ACRA, Google Searches",,
,,16/12/2025,CRAY VENTURES PRIVATE LIMITED,CRAY VENTURES,,TeleSales,,Offline Sources,Adhoc,,201708657G,,,,,,,,,,,,,,,,"B2C, Offline",,,,,,,,,,,,,,,,65 9116 8992,cheryl@playmade.com,,,,,,,,,,,,,,Gov List,"ACRA, Google Searches",,
,,16/12/2025,HOLLAND VILLAGE FOOD COURT PTE LTD,HOLLAND VILLAGE FOOD COURT,,TeleSales,,Offline Sources,Adhoc,,199704619M,,,,,,,,,,,,,,,,"B2C, Offline",,,,,,,,,,,,,,,,65 9782 5108,hollandv33@gmail.com,,,,,,,,,,,,,,Gov List,"ACRA, Google Searches",,
,,16/12/2025,TONG SHUI DESSERTS,TONG SHUI DESSERTS,,TeleSales,,Offline Sources,Adhoc,,53085052D,,,,,,,,,,,,,,,,"B2C, Offline",,,,,,,,,,,,,,,,65 9234 6612,wendyteo07@gmail.com,,,,,,,,,,,,,,Gov List,"ACRA, Google Searches",,
,,16/12/2025,ASIRI TRADING PTE. LTD.,ASIRI,,TeleSales,,Offline Sources,Adhoc,,201916803C,,,,,,,,,,,,,,,,"B2C, Offline",,,,,,,,,,,,,,,,65 9186 6817,asiritrading19@gmail.com,,,,,,,,,,,,,,Gov List,"ACRA, Google Searches",,
,,16/12/2025,ETHOS FOOD PTE. LTD.,ETHOS FOOD,,TeleSales,,Offline Sources,Adhoc,,201809214E,,,,,,,,,,,,,,,,"B2C, Offline",,,,,,,,,,,,,,,,65 9668 2891,peiyee@bezcareers.com,,,,,john@ogk.sg,,,,,,,,,Gov List,"ACRA, Google Searches",,
,,16/12/2025,EBISU PRIVATE LIMITED,EBISU,,TeleSales,,Offline Sources,Adhoc,,201931514R,,,,,,,,,,,,,,,,"B2C, Offline",,,,,,,,,,,,,,,,65 9068 3439,adrian.tanas@res.com.sg,,,,,finance.ar@res.com.sg,,,,,,,,,Gov List,"ACRA, Google Searches",,
,,16/12/2025,HARILELA HOSPITALITY PTE. LTD.,HARILELA HOSPITALITY,,TeleSales,,Offline Sources,Adhoc,,200403587M,,,,,,,,,,,,,,,,"B2C, Offline",,,,,,,,,,,,,,,,65 6249 8081,letha@harilelahospitality.com,,,,,,,,,,,,,,Gov List,"ACRA, Google Searches",,
,,16/12/2025,THAICOON AUNT PTE. LTD.,THAICOON AUNT,,TeleSales,,Offline Sources,Adhoc,,201019918Z,,,,,,,,,,,,,,,,"B2C, Offline",,,,,,,,,,,,,,,,65 8118 3202,suchana@jai-thai.com,,,,,annesabalo@gmail.com,,,,,0611cassandra@gmail.com,,,,Gov List,"ACRA, Google Searches",,
,,16/12/2025,BIG LEAP PRIVATE LIMITED,BIG LEAP,,TeleSales,,Offline Sources,Adhoc,,201128662Z,,,,,,,,,,,,,,,,"B2C, Offline",,,,,,,,,,,,,,,,65 2221 1369,bigleapsub@gmail.com,,,,,,,,,,,,,,Gov List,"ACRA, Google Searches",,
,,16/12/2025,GALA FOOD (CP) PTE. LTD.,GALA FOOD CP,,TeleSales,,Offline Sources,Adhoc,,201830141D,,,,,,,,,,,,,,,,"B2C, Offline",,,,,,,,,,,,,,,,65 9780 5266,yiding.yu@galafood.sg,,,,,,,,,,,,,,Gov List,"ACRA, Google Searches",,
,,16/12/2025,MUGIWARA PTE. LTD.,MUGIWARA,,TeleSales,,Offline Sources,Adhoc,,202401226Z,,,,,,,,,,,,,,,,"B2C, Offline",,,,,,,,,,,,,,,,65 8303 3677,ericooicy@gmail.com,,,,,,,,,,,,,,Gov List,"ACRA, Google Searches",,
,,16/12/2025,ORCHARD HOTEL SINGAPORE,ORCHARD HOTEL,,TeleSales,,Offline Sources,Adhoc,,39023500L,,,,,,,,,,,,,,,,"B2C, Offline",,,,,,,,,,,,,,,,65 6734 7766,cindy.poh@millenniumhotels.com,,,,,generalledger3.ohs@millenniumhotels.com,,,,,,,,,Gov List,"ACRA, Google Searches",,
,,16/12/2025,POINTSOFT (S) PTE LTD,POINTSOFT S,,TeleSales,,Offline Sources,Adhoc,,200104074Z,,,,,,,,,,,,,,,,"B2C, Offline",,,,,,,,,,,,,,,,65 2216 8653,khor@pointsoft.com.my,,,,,accounts@pointsoft.com.my,,,,,,,,,Gov List,"ACRA, Google Searches",,
,,16/12/2025,S & R LLP,R&S,,TeleSales,,Offline Sources,Adhoc,,T25LL0924F,,,,,,,,,,,,,,,,"B2C, Offline",,,,,,,,,,,,,,,,65 9220 4757,almaliksg@gmail.com,,,,,,,,,,,,,,Gov List,"ACRA, Google Searches",,
,,16/12/2025,SL7 EATING HOUSE,SL7 EATING HOUSE,,TeleSales,,Offline Sources,Adhoc,,53393227X,,,,,,,,,,,,,,,,"B2C, Offline",,,,,,,,,,,,,,,,65 9770 5835,limengle@hotmail.com,,,,,,,,,,,,,,Gov List,"ACRA, Google Searches",,
,,16/12/2025,THE VINTAGE STATION,THE VINTAGE STATION,,TeleSales,,Offline Sources,Adhoc,,53471764X,,,,,,,,,,,,,,,,"B2C, Offline",,,,,,,,,,,,,,,,65 9851 3110,tom.ocean26@hotmail.com,,,,,,,,,,,,,,Gov List,"ACRA, Google Searches",,
,,16/12/2025,KARUBI SINGAPORE (PTE. LTD.),KARUBI,,TeleSales,,Offline Sources,Adhoc,,202216312K,,,,,,,,,,,,,,,,"B2C, Offline",,,,,,,,,,,,,,,,65 9893 4154,ambrosemmf@hotmail.com,,,,,,,,,,,,,,Gov List,"ACRA, Google Searches",,
,,16/12/2025,SENSHI PTE. LTD.,SENSHI,,TeleSales,,Offline Sources,Adhoc,,202037903C,,,,,,,,,,,,,,,,"B2C, Offline",,,,,,,,,,,,,,,,65 9852 1163,mark@senshi.com.sg,,,,,,,,,,,,,,Gov List,"ACRA, Google Searches",,
,,16/12/2025,UNCLE MEOW PTE. LTD.,UNCLE MEOW,,TeleSales,,Offline Sources,Adhoc,,202216301G,,,,,,,,,,,,,,,,"B2C, Offline",,,,,,,,,,,,,,,,65 9232 7085,unclemeow.finance@gmail.com,,,,,,,,,,,,,,Gov List,"ACRA, Google Searches",,
,,16/12/2025,THE CAFFEINE EXPERIENCE PTE. LTD.,THE CAFFEINE EXPERIENCE,,TeleSales,,Offline Sources,Adhoc,,201725426R,,,,,,,,,,,,,,,,"B2C, Offline",,,,,,,,,,,,,,,,65 1000 0000,matthew.poh@theofficialtce.com,,,,,,,,,,,,,,Gov List,"ACRA, Google Searches",,
,,16/12/2025,JC GLOBAL,JC,,TeleSales,,Offline Sources,Adhoc,,52867746B,,,,,,,,,,,,,,,,"B2C, Offline",,,,,,,,,,,,,,,,65 8279 3023,lauailing2112@gmail.com,,,,,,,,,,,,,,Gov List,"ACRA, Google Searches",,
,,16/12/2025,HAWKSTER CONCEPTS LLP,HAWKSTER CONCEPTS,,TeleSales,,Offline Sources,Adhoc,,T18LL1494A,,,,,,,,,,,,,,,,"B2C, Offline",,,,,,,,,,,,,,,,65 9027 6289,anoodlestory@hotmail.com,,,,,,,,,,,,,,Gov List,"ACRA, Google Searches",,
,,16/12/2025,ABR HOLDINGS LIMITED,ABR,,TeleSales,,Offline Sources,Adhoc,,197803023H,,,,,,,,,,,,,,,,"B2C, Offline",,,,,,,,,,,,,,,,65 9017 7252,deongoh@abr.com.sg,,,,,,,,,,,,,,Gov List,"ACRA, Google Searches",,
,,16/12/2025,THE BACKYARD BAKERS,THE BACKYARD BAKERS,,TeleSales,,Offline Sources,Adhoc,,53357894M,,,,,,,,,,,,,,,,"B2C, Offline",,,,,,,,,,,,,,,,65 8782 1076,,,,,,,,,,,,,,,Gov List,"ACRA, Google Searches",,
,,16/12/2025,SF GROUP LIMITED,SF,,TeleSales,,Offline Sources,Adhoc,,201714570N,,,,,,,,,,,,,,,,"B2C, Offline",,,,,,,,,,,,,,,,65 9126 6873,xavier.boey@sfgroup.sg,,,,,,,,,,,,,,Gov List,"ACRA, Google Searches",,
,,16/12/2025,BOAT NOODLE EXPRESS LLP,BOAT NOODLE EXPRESS,,TeleSales,,Offline Sources,Adhoc,,T16LL1600K,,,,,,,,,,,,,,,,"B2C, Offline",,,,,,,,,,,,,,,,65 9793 3237,desireegoh1@gmail.com,,,,,,,,,,,,,,Gov List,"ACRA, Google Searches",,
,,16/12/2025,GOODLUCK SINGAPORE PTE. LTD.,GOODLUCK,,TeleSales,,Offline Sources,Adhoc,,201842131C,,,,,,,,,,,,,,,,"B2C, Offline",,,,,,,,,,,,,,,,65 8886 5865,goodluck3646@gmail.com,,,,,,,,,,,,,,Gov List,"ACRA, Google Searches",,
,,16/12/2025,MILLENNIUM HOTELS AND RESORTS,MILLENNIUM HOTELS AND RESORTS,,TeleSales,,Offline Sources,Adhoc,,53306261J,,,,,,,,,,,,,,,,"B2C, Offline",,,,,,,,,,,,,,,,,,,,,,,,,,,,,,,Gov List,"ACRA, Google Searches",,
,,16/12/2025,BOOMARANG BISTRO & BAR PTE. LTD.,BOOMARANG BISTRO & BAR,,TeleSales,,Offline Sources,Adhoc,,200719919K,,,,,,,,,,,,,,,,"B2C, Offline",,,,,,,,,,,,,,,,65 8183 2246,sheena@boomarang.com.sg,,,,,,,,,,,,,,Gov List,"ACRA, Google Searches",,
,,16/12/2025,EXTREMERS ADVENTURE PTE LTD,EXTREMERS ADVENTURE,,TeleSales,,Offline Sources,Adhoc,,200003426R,,,,,,,,,,,,,,,,"B2C, Offline",,,,,,,,,,,,,,,,65 9617 1231,simon@georges.com.sg,,,,,,,,,,,,,,Gov List,"ACRA, Google Searches",,
,,16/12/2025,886 PTE. LTD.,886,,TeleSales,,Offline Sources,Adhoc,,202114628R,,,,,,,,,,,,,,,,"B2C, Offline",,,,,,,,,,,,,,,,65 8363 9063,,,,,,,,,,,,,,,Gov List,"ACRA, Google Searches",,
,,16/12/2025,BISMILLAH FOOD INDUSTRY PTE. LTD.,BISMILLAH FOOD INDUSTRY,,TeleSales,,Offline Sources,Adhoc,,201720756R,,,,,,,,,,,,,,,,"B2C, Offline",,,,,,,,,,,,,,,,65 9114 1603,azan@bismillahbiryani.com,,,,,,,,,,,,,,Gov List,"ACRA, Google Searches",,
,,16/12/2025,TWO LITTLE BOYS PTE. LTD.,TWO LITTLE BOYS,,TeleSales,,Offline Sources,Adhoc,,201207256D,,,,,,,,,,,,,,,,"B2C, Offline",,,,,,,,,,,,,,,,65 9226 6774,russ.aldridge@gmail.com,,,,,,,,,,,,,,Gov List,"ACRA, Google Searches",,
,,16/12/2025,MUN ZUK WG PTE. LTD.,MUN ZUK WG,,TeleSales,,Offline Sources,Adhoc,,202042380Z,,,,,,,,,,,,,,,,"B2C, Offline",,,,,,,,,,,,,,,,65 9634 8383,,,,,,,,,,,,,,,Gov List,"ACRA, Google Searches",,
,,16/12/2025,THE CURRY WOK PTE. LTD.,THE CURRY WOK,,TeleSales,,Offline Sources,Adhoc,,200409165E,,,,,,,,,,,,,,,,"B2C, Offline",,,,,,,,,,,,,,,,65 9107 0265,currywok@yahoo.com.sg,,,,,,,,,,,,,,Gov List,"ACRA, Google Searches",,
,,16/12/2025,OH!CAFE PTE. LTD.,OH CAFE,,TeleSales,,Offline Sources,Adhoc,,201631956R,,,,,,,,,,,,,,,,"B2C, Offline",,,,,,,,,,,,,,,,65 9477 5778,caffezeppin@gmail.com,,,,,,,,,,,,,,Gov List,"ACRA, Google Searches",,
,,16/12/2025,HENG HENG BAK KUT TEH,HENG HENG BAK KUT TEH,,TeleSales,,Offline Sources,Adhoc,,48024700E,,,,,,,,,,,,,,,,"B2C, Offline",,,,,,,,,,,,,,,,65 8157 4841,cavinte92@gmail.com,,,,,,,,,,,,,,Gov List,"ACRA, Google Searches",,
,,16/12/2025,AGAPE FOOD & BEVERAGE PTE. LTD.,AGAPE FOOD & BEVERAGE,,TeleSales,,Offline Sources,Adhoc,,202110722Z,,,,,,,,,,,,,,,,"B2C, Offline",,,,,,,,,,,,,,,,65 9191 2022,,,,,,,,,,,,,,,Gov List,"ACRA, Google Searches",,
,,16/12/2025,GOING OM LLP,GOING OM,,TeleSales,,Offline Sources,Adhoc,,T08LL0166L,,,,,,,,,,,,,,,,"B2C, Offline",,,,,,,,,,,,,,,,65 9889 7498,ollie@going-om.com.sg,,,,,,,,,,,,,,Gov List,"ACRA, Google Searches",,
,,16/12/2025,LHL GROUP PTE. LTD.,LHL,,TeleSales,,Offline Sources,Adhoc,,200414016N,,,,,,,,,,,,,,,,"B2C, Offline",,,,,,,,,,,,,,,,65 6289 1605,paul.yam@kimlygroup.sg,,,,,,,,,,,,,,Gov List,"ACRA, Google Searches",,
,,16/12/2025,MING CHUNG RESTAURANT,MING CHUNG RESTAURANT,,TeleSales,,Offline Sources,Adhoc,,04095900K,,,,,,,,,,,,,,,,"B2C, Offline",,,,,,,,,,,,,,,,65 9169 8661,nicholashwm@gmail.com,,,,,,,,,,,,,,Gov List,"ACRA, Google Searches",,
,,16/12/2025,PRODIGAL PEOPLE PTE. LTD.,PRODIGAL PEOPLE,,TeleSales,,Offline Sources,Adhoc,,202118140G,,,,,,,,,,,,,,,,"B2C, Offline",,,,,,,,,,,,,,,,65 8223 4631,andreamjtang@gmail.com,,,,,,,,,,,,,,Gov List,"ACRA, Google Searches",,
,,16/12/2025,SUKI SUSHI PTE. LTD.,SUKI SUSHI,,TeleSales,,Offline Sources,Adhoc,,200204495W,,,,,,,,,,,,,,,,"B2C, Offline",,,,,,,,,,,,,,,,65 8781 9243,jasminekoh@sukigroup.com.sg,,,,,,,,,,,,,,Gov List,"ACRA, Google Searches",,
,,16/12/2025,JAPAN MEDIAMIX SINGAPORE PTE. LTD.,JAPAN MEDIAMIX,,TeleSales,,Offline Sources,Adhoc,,201222022G,,,,,,,,,,,,,,,,"B2C, Offline",,,,,,,,,,,,,,,,65 1111 1205,,,,,,,,,,,,,,,Gov List,"ACRA, Google Searches",,
,,16/12/2025,SICILIA MIA PTE. LTD.,SICILIA MIA,,TeleSales,,Offline Sources,Adhoc,,200517740C,,,,,,,,,,,,,,,,"B2C, Offline",,,,,,,,,,,,,,,,65 8397 6954,catherine.nonis@live.com.sg,,,,,,,,,,,,,,Gov List,"ACRA, Google Searches",,
,,16/12/2025,THE PLANT FOOD.CO,THE PLANT FOOD,,TeleSales,,Offline Sources,Adhoc,,53437094B,,,,,,,,,,,,,,,,"B2C, Offline",,,,,,,,,,,,,,,,65 9183 8290,theplantfood.co@gmail.com,,,,,,,,,,,,,,Gov List,"ACRA, Google Searches",,
,,16/12/2025,TASTE OF INDIA RESTAURANT PTE. LTD.,TASTE OF INDIA RESTAURANT,,TeleSales,,Offline Sources,Adhoc,,200918733M,,,,,,,,,,,,,,,,"B2C, Offline",,,,,,,,,,,,,,,,65 9028 6401,tasteofindia@singnet.com.sg,,,,,,,,,,,,,,Gov List,"ACRA, Google Searches",,
,,16/12/2025,SEED SQUARED PTE. LTD.,SEED SQUARED,,TeleSales,,Offline Sources,Adhoc,,201609235N,,,,,,,,,,,,,,,,"B2C, Offline",,,,,,,,,,,,,,,,65 8499 6609,jackuk@gmail.com,,,,,,,,,,,,,,Gov List,"ACRA, Google Searches",,
,,16/12/2025,CHICKY FUN PTE. LTD.,CHICKY FUN,,TeleSales,,Offline Sources,Adhoc,,199405076N,,,,,,,,,,,,,,,,"B2C, Offline",,,,,,,,,,,,,,,,65 8168 0940,,,,,,,,,,,,,,,Gov List,"ACRA, Google Searches",,
,,16/12/2025,MASTER CHIPPY PTE. LTD.,MASTER CHIPPY,,TeleSales,,Offline Sources,Adhoc,,202006385G,,,,,,,,,,,,,,,,"B2C, Offline",,,,,,,,,,,,,,,,65 9093 1588,xaocious@gmail.com,,,,,,,,,,,,,,Gov List,"ACRA, Google Searches",,
,,16/12/2025,SOD CAFE LLP,SOD CAFE,,TeleSales,,Offline Sources,Adhoc,,T11LL0482L,,,,,,,,,,,,,,,,"B2C, Offline",,,,,,,,,,,,,,,,65 6517 7295,,,,,,,,,,,,,,,Gov List,"ACRA, Google Searches",,
,,16/12/2025,MEVAN ASIA PTE. LTD.,MEVAN ASIA,,TeleSales,,Offline Sources,Adhoc,,202105227E,,,,,,,,,,,,,,,,"B2C, Offline",,,,,,,,,,,,,,,,65 8738 7225,daunbistrosg@gmail.com,,,,,,,,,,,,,,Gov List,"ACRA, Google Searches",,
,,16/12/2025,ONE PALATE PTE. LTD.,ONE PALATE,,TeleSales,,Offline Sources,Adhoc,,202027891C,,,,,,,,,,,,,,,,"B2C, Offline",,,,,,,,,,,,,,,,65 9767 7139,estheryhlim@hotmail.com,,,,,,,,,,,,,,Gov List,"ACRA, Google Searches",,
,,16/12/2025,PALATE ADDICTION PTE. LTD.,PALATE ADDICTION,,TeleSales,,Offline Sources,Adhoc,,202140526H,,,,,,,,,,,,,,,,"B2C, Offline",,,,,,,,,,,,,,,,65 9680 4233,jay@palateaddiction.com,,,,,,,,,,,,,,Gov List,"ACRA, Google Searches",,
,,16/12/2025,TRIVE LLP,TRIVE,,TeleSales,,Offline Sources,Adhoc,,T11LL1364D,,,,,,,,,,,,,,,,"B2C, Offline",,,,,,,,,,,,,,,,65 9821 4020,ishanee@trive.vc,,,,,,,,,,,,,,Gov List,"ACRA, Google Searches",,
,,16/12/2025,MINT MUSEUM OF TOYS,MINT MUSEUM OF TOYS,,TeleSales,,Offline Sources,Adhoc,,53054764C,,,,,,,,,,,,,,,,"B2C, Offline",,,,,,,,,,,,,,,,65 9792 6417,maxongsm@gmail.com,,,,,,,,,,,,,,Gov List,"ACRA, Google Searches",,
,,16/12/2025,MEATSMITH,MEATSMITH,,TeleSales,,Offline Sources,Adhoc,,53281309W,,,,,,,,,,,,,,,,"B2C, Offline",,,,,,,,,,,,,,,,65 9245 5675,james@meatsmith.com.sg,,,,,,,,,,,,,,Gov List,"ACRA, Google Searches",,
,,16/12/2025,VENUE BY SEBASTIAN,VENUE BY SEBASTIAN,,TeleSales,,Offline Sources,Adhoc,,53357642C,,,,,,,,,,,,,,,,"B2C, Offline",,,,,,,,,,,,,,,,65 6904 9688,,,,,,,,,,,,,,,Gov List,"ACRA, Google Searches",,
,,16/12/2025,STELLA PROP LLP,STELLA,,TeleSales,,Offline Sources,Adhoc,,T15LL1604L,,,,,,,,,,,,,,,,"B2C, Offline",,,,,,,,,,,,,,,,65 9088 0382,,,,,,,,,,,,,,,Gov List,"ACRA, Google Searches",,
,,16/12/2025,GUAN HOE SOON RESTAURANT,GUAN HOE SOON RESTAURANT,,TeleSales,,Offline Sources,Adhoc,,02507500D,,,,,,,,,,,,,,,,"B2C, Offline",,,,,,,,,,,,,,,,65 9633 2833,sales@guanhoesoon.com,,,,,,,,,,,,,,Gov List,"ACRA, Google Searches",,
,,16/12/2025,GRAND HYATT SINGAPORE,GRAND HYATT,,TeleSales,,Offline Sources,Adhoc,,24672300M,,,,,,,,,,,,,,,,"B2C, Offline",,,,,,,,,,,,,,,,65 2182 1234,angebakesketo@gmail.com,,,,,,,,,,,,,,Gov List,"ACRA, Google Searches",,
,,16/12/2025,RESORTS WORLD (SINGAPORE) PTE LTD,RESORTS WORLD,,TeleSales,,Offline Sources,Adhoc,,198000082C,,,,,,,,,,,,,,,,"B2C, Offline",,,,,,,,,,,,,,,,65 9183 2788,irene.altan@rwsentosa.com,,,,,,,,,,,,,,Gov List,"ACRA, Google Searches",,
,,16/12/2025,CREATION CAFE,CREATION CAFE,,TeleSales,,Offline Sources,Adhoc,,52910221L,,,,,,,,,,,,,,,,"B2C, Offline",,,,,,,,,,,,,,,,65 9116 6870,dcchen006@gmail.com,,,,,,,,,,,,,,Gov List,"ACRA, Google Searches",,
,,16/12/2025,BEPPU MENKAN RESTAURANT (SINGAPORE) PTE LTD,BEPPU MENKAN RESTAURANT,,TeleSales,,Offline Sources,Adhoc,,199804858E,,,,,,,,,,,,,,,,"B2C, Offline",,,,,,,,,,,,,,,,65 9850 4331,beppu98@gmail.com,,,,,,,,,,,,,,Gov List,"ACRA, Google Searches",,
,,16/12/2025,HUNGRY BBQ PRIVATE LIMITED,HUNGRY BBQ,,TeleSales,,Offline Sources,Adhoc,,200918833G,,,,,,,,,,,,,,,,"B2C, Offline",,,,,,,,,,,,,,,,65 9384 4334,help@hungrybbq.com,,,,,,,,,,,,,,Gov List,"ACRA, Google Searches",,
,,16/12/2025,DESSERT BOWL LLP,DESSERT BOWL,,TeleSales,,Offline Sources,Adhoc,,T08LL0435F,,,,,,,,,,,,,,,,"B2C, Offline",,,,,,,,,,,,,,,,65 9848 6543,serene.ng@dessertbowl.com.sg,,,,,,,,,,,,,,Gov List,"ACRA, Google Searches",,
,,16/12/2025,URBAN BITES,URBAN BITES,,TeleSales,,Offline Sources,Adhoc,,53157767L,,,,,,,,,,,,,,,,"B2C, Offline",,,,,,,,,,,,,,,,65 6327 9460,,,,,,,,,,,,,,,Gov List,"ACRA, Google Searches",,
,,16/12/2025,NAOMI KITCHEN PTE. LTD.,NAOMI KITCHEN,,TeleSales,,Offline Sources,Adhoc,,201007935C,,,,,,,,,,,,,,,,"B2C, Offline",,,,,,,,,,,,,,,,65 9321 3688,naomibakeshoppe@gmail.com,,,,,,,,,,,,,,Gov List,"ACRA, Google Searches",,
,,16/12/2025,SWEE CHOON COMPANY PRIVATE LIMITED,SWEE CHOON,,TeleSales,,Offline Sources,Adhoc,,197101240M,,,,,,,,,,,,,,,,"B2C, Offline",,,,,,,,,,,,,,,,65 9179 3971,,,,,,,,,,,,,,,Gov List,"ACRA, Google Searches",,
,,16/12/2025,NUR INDAH KITCHEN,NUR INDAH KITCHEN,,TeleSales,,Offline Sources,Adhoc,,53250563L,,,,,,,,,,,,,,,,"B2C, Offline",,,,,,,,,,,,,,,,65 9389 4301,roziwan@gmail.com,,,,,,,,,,,,,,Gov List,"ACRA, Google Searches",,
,,16/12/2025,GOOD CHANCE POPIAH EATING HOUSE,GOOD CHANCE POPIAH EATING HOUSE,,TeleSales,,Offline Sources,Adhoc,,53041373J,,,,,,,,,,,,,,,,"B2C, Offline",,,,,,,,,,,,,,,,65 9634 7375,heng@goodchancepopiah.com.sg,,,,,,,,,,,,,,Gov List,"ACRA, Google Searches",,
,,16/12/2025,THE SONG OF INDIA PTE. LTD.,THE SONG OF INDIA,,TeleSales,,Offline Sources,Adhoc,,200511676M,,,,,,,,,,,,,,,,"B2C, Offline",,,,,,,,,,,,,,,,65 9100 5612,terese@songofindia.com.sg,,,,,,,,,,,,,,Gov List,"ACRA, Google Searches",,
,,16/12/2025,KOREAN FUSION BBQ,KOREAN FUSION BBQ,,TeleSales,,Offline Sources,Adhoc,,53259614E,,,,,,,,,,,,,,,,"B2C, Offline",,,,,,,,,,,,,,,,65 9060 7369,cv.kfbbq@gmail.com,,,,,,,,,,,,,,Gov List,"ACRA, Google Searches",,
,,16/12/2025,MGCA CAFE PTE. LTD.,MGCA CAFE,,TeleSales,,Offline Sources,Adhoc,,202245636C,,,,,,,,,,,,,,,,"B2C, Offline",,,,,,,,,,,,,,,,65 9729 6608,winnie-nam@tims-mgca.com,,,,,,,,,,,,,,Gov List,"ACRA, Google Searches",,
,,16/12/2025,YA KUN INTERNATIONAL PTE LTD,YA KUN,,TeleSales,,Offline Sources,Adhoc,,200104668W,,,,,,,,,,,,,,,,"B2C, Offline",,,,,,,,,,,,,,,,65 9741 8118,eugene@yakun.com,,,,,,,,,,,,,,Gov List,"ACRA, Google Searches",,
,,16/12/2025,SARIKA CONNOISSEUR CAFE PTE LTD,SARIKA CONNOISSEUR CAFÉ,,TeleSales,,Offline Sources,Adhoc,,200004940E,,,,,,,,,,,,,,,,"B2C, Offline",,,,,,,,,,,,,,,,65 9692 0937,patrick_yong@theconnoisseurconcerto.com,,,,,,,,,,,,,,Gov List,"ACRA, Google Searches",,
,,16/12/2025,PIZZA HUT SINGAPORE PTE LTD,PIZZA HUT,,TeleSales,,Offline Sources,Adhoc,,199302293D,,,,,,,,,,,,,,,,"B2C, Offline",,,,,,,,,,,,,,,,65 9823 5932,frederick.kang@yum.com,,,,,,,,,,,,,,Gov List,"ACRA, Google Searches",,
,,16/12/2025,AM CULINARY CONSULTANCY LLP,AM CULINARY CONSULTANCY,,TeleSales,,Offline Sources,Adhoc,,T18LL1018C,,,,,,,,,,,,,,,,"B2C, Offline",,,,,,,,,,,,,,,,65 9618 2011,andrewng@amculinaryconsultancy.com,,,,,,,,,,,,,,Gov List,"ACRA, Google Searches",,
,,16/12/2025,LIM CHEE GUAN PTE LTD,LIM CHEE GUAN,,TeleSales,,Offline Sources,Adhoc,,200106155M,,,,,,,,,,,,,,,,"B2C, Offline",,,,,,,,,,,,,,,,65 6933 7230,fayth.seet@limcheeguan.com.sg,,,,,,,,,,,,,,Gov List,"ACRA, Google Searches",,
,,16/12/2025,LAI & COMPANY,LAI LAI,,TeleSales,,Offline Sources,Adhoc,,53131257K,,,,,,,,,,,,,,,,"B2C, Offline",,,,,,,,,,,,,,,,65 9678 2935,alex.onn@lailaifr.com,,,,,,,,,,,,,,Gov List,"ACRA, Google Searches",,
,,16/12/2025,SARIKA CONNOISSEUR CAFE PTE LTD,SARIKA CONNOISSEUR CAFE,,TeleSales,,Offline Sources,Adhoc,,200004940E,,,,,,,,,,,,,,,,"B2C, Offline",,,,,,,,,,,,,,,,65 9321 6808,ivan_chua@theconnoisseurconcerto.com,,,,,,,,,,,,,,Gov List,"ACRA, Google Searches",,
,,16/12/2025,EPSON SINGAPORE PTE LTD,EPSON,,TeleSales,,Offline Sources,Adhoc,,198204474C,,,,,,,,,,,,,,,,"B2C, Offline",,,,,,,,,,,,,,,,65 9179 3970,ckteo@esp.epson.com.sg,,,,,,,,,,,,,,Gov List,"ACRA, Google Searches",,
,,16/12/2025,ETTO PTE. LIMITED,ETTO,,TeleSales,,Offline Sources,Adhoc,,201103268H,,,,,,,,,,,,,,,,"B2C, Offline",,,,,,,,,,,,,,,,65 9674 4887,lilian@etto.sg,,,,,,,,,,,,,,Gov List,"ACRA, Google Searches",,
,,16/12/2025,SINGAPORE INSTITUTE OF TECHNOLOGY,INSTITUTE OF TECHNOLOGY,,TeleSales,,Offline Sources,Adhoc,,200917667D,,,,,,,,,,,,,,,,"B2C, Offline",,,,,,,,,,,,,,,,65 6592 5011,kuanhuei.lee@singaporetech.edu.sg,,,,,,,,,,,,,,Gov List,"ACRA, Google Searches",,
,,16/12/2025,SUSHI-TEI PTE LTD,SUSHI TEI,,TeleSales,,Offline Sources,Adhoc,,199405285E,,,,,,,,,,,,,,,,"B2C, Offline",,,,,,,,,,,,,,,,65 9093 7799,janicelee@sushitei.com,,,,,,,,,,,,,,Gov List,"ACRA, Google Searches",,
,,16/12/2025,CREATIVE EATERIES PTE LTD,CREATIVE EATERIES,,TeleSales,,Offline Sources,Adhoc,,199605714E,,,,,,,,,,,,,,,,"B2C, Offline",,,,,,,,,,,,,,,,65 9737 5543,bonniewong@creativeeateries.com.sg,,,,,,,,,,,,,,Gov List,"ACRA, Google Searches",,
,,16/12/2025,ENVIRONMENTAL SOLUTIONS (ASIA) PTE LTD,ENVIRONMENTAL ASIA,,TeleSales,,Offline Sources,Adhoc,,199902448E,,,,,,,,,,,,,,,,"B2C, Offline",,,,,,,,,,,,,,,,65 8809 9836,yeowchuan@env-soluitons.com,,,,,,,,,,,,,,Gov List,"ACRA, Google Searches",,
,,16/12/2025,FUJITSU SINGAPORE,FUJITSU,,TeleSales,,Offline Sources,Adhoc,,53218442D,,,,,,,,,,,,,,,,"B2C, Offline",,,,,,,,,,,,,,,,65 6512 7555,arata.itakura@sg.fujitsu.com,,,,,,,,,,,,,,Gov List,"ACRA, Google Searches",,
,,16/12/2025,200 HCM FOOD PTE. LTD.,200 HCM FOOD,,TeleSales,,Offline Sources,Adhoc,,201805711Z,,,,,,,,,,,,,,,,"B2C, Offline",,,,,,,,,,,,,,,,65 8263 6363,rambo.song@yahoo.com,,,,,,,,,,,,,,Gov List,"ACRA, Google Searches",,
,,16/12/2025,2DEGREES NORTH COFFEE CO. PTE. LTD.,2DEGREES NORTH COFFEE,,TeleSales,,Offline Sources,Adhoc,,201434267Z,,,,,,,,,,,,,,,,"B2C, Offline",,,,,,,,,,,,,,,,65 9763 4200,kyy1992@gmail.com,,,,,,,,,,,,,,Gov List,"ACRA, Google Searches",,
,,16/12/2025,2SIX PTE. LTD.,2SIX,,TeleSales,,Offline Sources,Adhoc,,201607584W,,,,,,,,,,,,,,,,"B2C, Offline",,,,,,,,,,,,,,,,65 9761 1606,enquiry@2six.com.sg,,,,,,,,,,,,,,Gov List,"ACRA, Google Searches",,
,,16/12/2025,40 HANDS PTE. LTD.,40 HANDS,,TeleSales,,Offline Sources,Adhoc,,201010742R,,,,,,,,,,,,,,,,"B2C, Offline",,,,,,,,,,,,,,,,65 9295 8849,michael.bovell@cmcroasters.com,,,,,,,,,,,,,,Gov List,"ACRA, Google Searches",,
,,16/12/2025,6IX 6IX RESTAURANT AND BAR PTE. LTD.,6IX 6IX RESTAURANT AND BAR,,TeleSales,,Offline Sources,Adhoc,,201918613W,,,,,,,,,,,,,,,,"B2C, Offline",,,,,,,,,,,,,,,,65 9088 1121,wendy@6ix6ix.com.sg,,,,,,,,,,,,,,Gov List,"ACRA, Google Searches",,
,,16/12/2025,7 INCH SQUARE PIZZA PTE. LTD.,7 INCH SQUARE PIZZA,,TeleSales,,Offline Sources,Adhoc,,201327685H,,,,,,,,,,,,,,,,"B2C, Offline",,,,,,,,,,,,,,,,65 9025 8148,kokjinhui89@gmail.com,,,,,,,,,,,,,,Gov List,"ACRA, Google Searches",,
,,16/12/2025,A MATTER OF TASTE PTE. LTD.,A MATTER OF TASTE,,TeleSales,,Offline Sources,Adhoc,,201002922N,,,,,,,,,,,,,,,,"B2C, Offline",,,,,,,,,,,,,,,,65 9228 3559,ming@bbbs.com.sg,,,,,,,,,,,,,,Gov List,"ACRA, Google Searches",,
,,16/12/2025,ABC FOOD COURT PTE. LTD.,ABC FOOD COURT,,TeleSales,,Offline Sources,Adhoc,,202004790K,,,,,,,,,,,,,,,,"B2C, Offline",,,,,,,,,,,,,,,,65 8591 2010,abcfoodcourtpteltd@gmail.com,,,,,,,,,,,,,,Gov List,"ACRA, Google Searches",,
,,16/12/2025,AC HESED PTE. LTD.,AC HESED,,TeleSales,,Offline Sources,Adhoc,,197800043E,,,,,,,,,,,,,,,,"B2C, Offline",,,,,,,,,,,,,,,,65 8500 7606,nurhakimah@manna360.com.sg,,,,,,,,,,,,,,Gov List,"ACRA, Google Searches",,
,,16/12/2025,ADDICTUDE PTE. LTD.,ADDICTUDE,,TeleSales,,Offline Sources,Adhoc,,201933792W,,,,,,,,,,,,,,,,"B2C, Offline",,,,,,,,,,,,,,,,65 9129 6380,addictude@addictudesg.com,,,,,,,,,,,,,,Gov List,"ACRA, Google Searches",,
,,16/12/2025,ADIGAS RESTAURANT PTE. LTD.,ADIGAS RESTAURANT,,TeleSales,,Offline Sources,Adhoc,,201612953D,,,,,,,,,,,,,,,,"B2C, Offline",,,,,,,,,,,,,,,,65 9223 1174,spiceboxrestaurant@gmail.com,,,,,,,,,,,,,,Gov List,"ACRA, Google Searches",,
,,16/12/2025,HCL LEASING & TRADING PTE. LTD.,HCL LEASING,,TeleSales,,Offline Sources,Adhoc,,201915970R,,,,,,,,,,,,,,,,"B2C, Offline",,,,,,,,,,,,,,,,65 8111 8444,hclleasing@gmail.com,,,,,,,,,,,,,,Gov List,"ACRA, Google Searches",,
,,16/12/2025,AMBROSIA FINE FOODS PTE. LTD.,AMBROSIA FINE FOODS,,TeleSales,,Offline Sources,Adhoc,,201918944K,,,,,,,,,,,,,,,,"B2C, Offline",,,,,,,,,,,,,,,,65 9006 5450,michael.chong@lardercafe.com,,,,,,,,,,,,,,Gov List,"ACRA, Google Searches",,
,,16/12/2025,AN HONEST CUP PTE. LTD.,AN HONEST CUP,,TeleSales,,Offline Sources,Adhoc,,202307453H,,,,,,,,,,,,,,,,"B2C, Offline",,,,,,,,,,,,,,,,65 9875 2064,anhonestcup@gmail.com,,,,,,,,,,,,,,Gov List,"ACRA, Google Searches",,
,,16/12/2025,ANDHRA CHEFS PTE. LTD.,ANDHRA CHEFS,,TeleSales,,Offline Sources,Adhoc,,202010577E,,,,,,,,,,,,,,,,"B2C, Offline",,,,,,,,,,,,,,,,65 8460 7237,dwarakafood@gmail.com,,,,,,,,,,,,,,Gov List,"ACRA, Google Searches",,
,,16/12/2025,ANT BROTHERS PTE. LTD.,ANT BROTHERS,,TeleSales,,Offline Sources,Adhoc,,202016757G,,,,,,,,,,,,,,,,"B2C, Offline",,,,,,,,,,,,,,,,65 9328 9444,jamesong@crabwangseafood.com,,,,,,,,,,,,,,Gov List,"ACRA, Google Searches",,
,,16/12/2025,ASIA CUISINE.COM PTE. LTD.,ASIA CUISINECOM,,TeleSales,,Offline Sources,Adhoc,,200602934E,,,,,,,,,,,,,,,,"B2C, Offline",,,,,,,,,,,,,,,,65 9738 5867,deepali@fifthseason.com.sg,,,,,,,,,,,,,,Gov List,"ACRA, Google Searches",,
,,16/12/2025,ASIA GHANI RESTAURANT AND CATERING PTE. LTD.,ASIA GHANI RESTAURANT AND CATERING,,TeleSales,,Offline Sources,Adhoc,,200918230G,,,,,,,,,,,,,,,,"B2C, Offline",,,,,,,,,,,,,,,,65 8333 0109,essarem_61@hotmail.com,,,,,,,,,,,,,,Gov List,"ACRA, Google Searches",,
,,16/12/2025,AUSDAUER UND EHRLICHKEIT PTE. LTD.,AUSDAUER UND EHRLICHKEIT,,TeleSales,,Offline Sources,Adhoc,,201835660M,,,,,,,,,,,,,,,,"B2C, Offline",,,,,,,,,,,,,,,,65 9337 8690,lohks001@yahoo.com,,,,,,,,,,,,,,Gov List,"ACRA, Google Searches",,
,,16/12/2025,AVERLON DYNAMICS PTE. LTD.,AVERLON DYNAMICS,,TeleSales,,Offline Sources,Adhoc,,201837319R,,,,,,,,,,,,,,,,"B2C, Offline",,,,,,,,,,,,,,,,65 6592 8990,averlon.d@outlook.com,,,,,,,,,,,,,,Gov List,"ACRA, Google Searches",,
,,16/12/2025,AWESOME ANNAM PTE. LTD.,AWESOME ANNAM,,TeleSales,,Offline Sources,Adhoc,,201010795M,,,,,,,,,,,,,,,,"B2C, Offline",,,,,,,,,,,,,,,,65 9060 2204,info@kurrykorner.com.sg,,,,,,,,,,,,,,Gov List,"ACRA, Google Searches",,
,,16/12/2025,BBBS PTE. LTD.,BBBS,,TeleSales,,Offline Sources,Adhoc,,201625844N,,,,,,,,,,,,,,,,"B2C, Offline",,,,,,,,,,,,,,,,65 9325 2515,dylan@bbbs.com.sg,,,,,,,,,,,,,,Gov List,"ACRA, Google Searches",,
,,16/12/2025,BBZ DESIGN INTERNATIONAL PTE. LTD.,BBZ DESIGN,,TeleSales,,Offline Sources,Adhoc,,200304429R,,,,,,,,,,,,,,,,"B2C, Offline",,,,,,,,,,,,,,,,65 6631 2592,finance@minorfoodsingapore.com,,,,,,,,,,,,,,Gov List,"ACRA, Google Searches",,
,,16/12/2025,REKHI ENTERPRISES PTE. LTD.,REKHI,,TeleSales,,Offline Sources,Adhoc,,201015959R,,,,,,,,,,,,,,,,"B2C, Offline",,,,,,,,,,,,,,,,65 8751 0249,kelly@geniecollective.sg,,,,,finance@geniecollective.sg,,,,,,,,,Gov List,"ACRA, Google Searches",,
,,16/12/2025,BIBIK CATERERS PTE. LTD.,BIBIK CATERERS,,TeleSales,,Offline Sources,Adhoc,,201721230H,,,,,,,,,,,,,,,,"B2C, Offline",,,,,,,,,,,,,,,,65 9187 7331,enquiry@bibik.com.sg,,,,65 9186 5398,,,,,,,,,,Gov List,"ACRA, Google Searches",,
,,16/12/2025,BIG O EVENTS PTE. LTD.,BIG O EVENTS,,TeleSales,,Offline Sources,Adhoc,,201911412D,,,,,,,,,,,,,,,,"B2C, Offline",,,,,,,,,,,,,,,,65 9786 0676,witcheswork@yahoo.com,,,,,,,,,,,,,,Gov List,"ACRA, Google Searches",,
,,16/12/2025,BROTZEIT PTE. LTD.,BROTZEIT,,TeleSales,,Offline Sources,Adhoc,,200609823C,,,,,,,,,,,,,,,,"B2C, Offline",,,,,,,,,,,,,,,,65 9795 7729,,,,,,,,,,,,,,,Gov List,"ACRA, Google Searches",,
,,16/12/2025,SHOKUDO CONCEPTS PTE. LTD.,SHOKUDO CONCEPTS,,TeleSales,,Offline Sources,Adhoc,,200304395G,,,,,,,,,,,,,,,,"B2C, Offline",,,,,,,,,,,,,,,,65 6238 0525,finance@minorfoodsingapore.com,,,,,,,,,,,,,,Gov List,"ACRA, Google Searches",,
,,16/12/2025,CANTON PARADISE PTE. LTD.,CANTON PARADISE @ ARC,,TeleSales,,Offline Sources,Adhoc,,201010317N,,,,,,,,,,,,,,,,"B2C, Offline",,,,,,,,,,,,,,,,65 9060 8744,account@paradisegroup.com.sg,,,,,,,,,,,,,,Gov List,"ACRA, Google Searches",,
,,16/12/2025,CHALONG PTE. LTD.,CHALONG,,TeleSales,,Offline Sources,Adhoc,,201530099H,,,,,,,,,,,,,,,,"B2C, Offline",,,,,,,,,,,,,,,,65 9650 7649,chalongpteltd@gmail.com,,,,,,,,,,,,,,Gov List,"ACRA, Google Searches",,
,,16/12/2025,CHAMPION MANAGEMENT PTE. LTD.,CHAMPION MANAGEMENT,,TeleSales,,Offline Sources,Adhoc,,201330261E,,,,,,,,,,,,,,,,"B2C, Offline",,,,,,,,,,,,,,,,65 9366 2795,amanda@championhotel.com.sg,,,,,,,,,,,,,,Gov List,"ACRA, Google Searches",,
,,16/12/2025,CHANINTR LIVING PTE. LTD.,CHANINTR LIVING,,TeleSales,,Offline Sources,Adhoc,,201320099D,,,,,,,,,,,,,,,,"B2C, Offline",,,,,,,,,,,,,,,,65 9756 6969,benjamin@chanintr.com,,,,,,,,,,,,,,Gov List,"ACRA, Google Searches",,
,,16/12/2025,COFFEE AVENUE PTE. LTD.,COFFEE AVENUE,,TeleSales,,Offline Sources,Adhoc,,201901574W,,,,,,,,,,,,,,,,"B2C, Offline",,,,,,,,,,,,,,,,65 8133 9377,coffeeavenue165@gmail.com,,,,,,,,,,,,,,Gov List,"ACRA, Google Searches",,
,,16/12/2025,CHICKEN EMPIRE PTE. LTD.,CHICKEN EMPIRE,,TeleSales,,Offline Sources,Adhoc,,200909952N,,,,,,,,,,,,,,,,"B2C, Offline",,,,,,,,,,,,,,,,65 9088 8406,marvella.ong@gmail.com,,,,,,,,,,,,,,Gov List,"ACRA, Google Searches",,
,,16/12/2025,CHILLI & PEPPER RESTAURANT PTE. LTD.,CHILLI & PEPPER RESTAURANT,,TeleSales,,Offline Sources,Adhoc,,201924082C,,,,,,,,,,,,,,,,"B2C, Offline",,,,,,,,,,,,,,,,65 9146 3351,sathishkumar2001@gmail.com,,,,,,,,,,,,,,Gov List,"ACRA, Google Searches",,
,,16/12/2025,GRIP TECHNOLOGY PTE. LTD.,GRIP TECHNOLOGY,,TeleSales,,Offline Sources,Adhoc,,201416259E,,,,,,,,,,,,,,,,"B2C, Offline",,,,,,,,,,,,,,,,65 9730 2468,edward@citycafe.com.sg,,,,,,,,,,,,,,Gov List,"ACRA, Google Searches",,
,,16/12/2025,CO CHUNG PTE. LTD.,CHUNG,,TeleSales,,Offline Sources,Adhoc,,201918421Z,,,,,,,,,,,,,,,,"B2C, Offline",,,,,,,,,,,,,,,,65 8876 8137,bryanhoon@hotmail.com,,,,,khanh.p.ly@gmail.com,,,,,,,,,Gov List,"ACRA, Google Searches",,
,,16/12/2025,COCA INTERNATIONAL SINGAPORE CO PTE. LTD.,COCA,,TeleSales,,Offline Sources,Adhoc,,199200712G,,,,,,,,,,,,,,,,"B2C, Offline",,,,,,,,,,,,,,,,65 6260 4069,denise@coca.com.sg,,,,,,,,,,,,,,Gov List,"ACRA, Google Searches",,
,,16/12/2025,CUCINA 17 SUPPLIES PTE. LTD.,CUCINA 17 SUPPLIES,,TeleSales,,Offline Sources,Adhoc,,201113328K,,,,,,,,,,,,,,,,"B2C, Offline",,,,,,,,,,,,,,,,65 9825 0065,cucina17@yahoo.com.sg,,,,,,,,,,,,,,Gov List,"ACRA, Google Searches",,
,,16/12/2025,DISHA HOTELS PTE. LTD.,DISHA HOTELS,,TeleSales,,Offline Sources,Adhoc,,201828494R,,,,,,,,,,,,,,,,"B2C, Offline",,,,,,,,,,,,,,,,65 8755 3929,dt@dishahotels.com,,,,,,,,,,,,,,Gov List,"ACRA, Google Searches",,
,,16/12/2025,D'RUBINAH @ PUNGGOL PTE. LTD.,DRUBINAH @ PUNGGOL,,TeleSales,,Offline Sources,Adhoc,,201813503E,,,,,,,,,,,,,,,,"B2C, Offline",,,,,,,,,,,,,,,,65 9001 6105,d.rubinah@gmail.com,,,,,,,,,,,,,,Gov List,"ACRA, Google Searches",,
,,16/12/2025,DARUMA TAVERN PTE. LTD.,DARUMA TAVERN,,TeleSales,,Offline Sources,Adhoc,,202025053D,,,,,,,,,,,,,,,,"B2C, Offline",,,,,,,,,,,,,,,,65 8692 2360,clairengsiew@gmail.com,,,,,,,,,,,,,,Gov List,"ACRA, Google Searches",,
,,16/12/2025,DINING INNOVATION ASIA-PACIFIC PTE. LTD.,DINING INNOVATION ASIA-PACIFIC,,TeleSales,,Offline Sources,Adhoc,,201305138R,,,,,,,,,,,,,,,,"B2C, Offline",,,,,,,,,,,,,,,,65 6336 4211,,,,,,,,,,,,,,,Gov List,"ACRA, Google Searches",,
,,16/12/2025,DIVINE FOODS PTE. LTD.,DIVINE FOODS,,TeleSales,,Offline Sources,Adhoc,,200709473K,,,,,,,,,,,,,,,,"B2C, Offline",,,,,,,,,,,,,,,,65 8768 8382,accounts@janicewong.co,,,,,,,,,,,,,,Gov List,"ACRA, Google Searches",,
,,16/12/2025,EDEN LOFT PTE. LTD.,EDEN LOFT,,TeleSales,,Offline Sources,Adhoc,,202005589D,,,,,,,,,,,,,,,,"B2C, Offline",,,,,,,,,,,,,,,,65 8752 7076,info@paradisebiryanisg.com,,,,,,,,,,,,,,Gov List,"ACRA, Google Searches",,
,,16/12/2025,EIGHTEEN CHEFS PTE. LTD.,EIGHTEEN CHEFS,,TeleSales,,Offline Sources,Adhoc,,200703692R,,,,,,,,,,,,,,,,"B2C, Offline",,,,,,,,,,,,,,,,65 6741 1788,joeleen.tan@eighteenchefs.com,,,,,finance@eighteenchefs.com,,,,,jearea.heng@eighteenchefs.com,,,,Gov List,"ACRA, Google Searches",,
,,16/12/2025,EURASIA F&B PTE. LTD.,EURASIA F&B,,TeleSales,,Offline Sources,Adhoc,,201606577C,,,,,,,,,,,,,,,,"B2C, Offline",,,,,,,,,,,,,,,,65 8209 7078,wenkit.lim@eurasiaglobalfood.com,,,,,,,,,,,,,,Gov List,"ACRA, Google Searches",,
,,16/12/2025,FAIRY GROUP VENTURES PTE. LTD.,FAIRY VENTURES,,TeleSales,,Offline Sources,Adhoc,,201801389M,,,,,,,,,,,,,,,,"B2C, Offline",,,,,,,,,,,,,,,,65 9680 5603,jialing@blackfairycoffee.com,,,,,jennifer@jkeart.com,,,,,,,,,Gov List,"ACRA, Google Searches",,
,,16/12/2025,FAT PO PTE. LTD.,FAT PO,,TeleSales,,Offline Sources,Adhoc,,201807615C,,,,,,,,,,,,,,,,"B2C, Offline",,,,,,,,,,,,,,,,65 9619 0608,shuzhen_pan@hotmail.com,,,,,,,,,,,,,,Gov List,"ACRA, Google Searches",,
,,16/12/2025,FAYIDHA RESTAURANT PTE. LTD.,FAYIDHA RESTAURANT,,TeleSales,,Offline Sources,Adhoc,,200507149N,,,,,,,,,,,,,,,,"B2C, Offline",,,,,,,,,,,,,,,,65 9147 1684,nisfayi@hotmail.com,,,,,,,,,,,,,,Gov List,"ACRA, Google Searches",,
,,16/12/2025,FILIPINO PRIME GRILL PTE. LTD.,FILIPINO PRIME GRILL,,TeleSales,,Offline Sources,Adhoc,,201023803W,,,,,,,,,,,,,,,,"B2C, Offline",,,,,,,,,,,,,,,,65 9733 3276,rkctang@gerrysgrill.com,,,,,singapore2@gerrysgrill.com,,,,,wangping@gerrysgrill.com,,,,Gov List,"ACRA, Google Searches",,
,,16/12/2025,FINEST SONGKEE'S CUISINE PTE. LTD.,FINEST SONGKEES CUISINE,,TeleSales,,Offline Sources,Adhoc,,201621254N,,,,,,,,,,,,,,,,"B2C, Offline",,,,,,,,,,,,,,,,65 9677 8888,simonchongkf@gmail.com,,,,,advertisingmedia2014@gmail.com,,,,,,,,,Gov List,"ACRA, Google Searches",,
,,16/12/2025,FIVE AM GROUP PTE. LTD.,FIVE,,TeleSales,,Offline Sources,Adhoc,,202325992E,,,,,,,,,,,,,,,,"B2C, Offline",,,,,,,,,,,,,,,,65 9234 4930,,,,,,,,,,,,,,,Gov List,"ACRA, Google Searches",,
,,16/12/2025,FLAVOUR FLINGS LLP,FLAVOUR FLING,,TeleSales,,Offline Sources,Adhoc,,T14LL1681C,,,,,,,,,,,,,,,,"B2C, Offline",,,,,,,,,,,,,,,,65 8113 3441,flavourflings@gmail.com,,,,,,,,,,,,,,Gov List,"ACRA, Google Searches",,
,,16/12/2025,FOOD ASPIRATION PTE. LTD.,FOOD ASPIRATIONS,,TeleSales,,Offline Sources,Adhoc,,201304764C,,,,,,,,,,,,,,,,"B2C, Offline",,,,,,,,,,,,,,,,65 9669 4923,siraj_z@yahoo.com,,,,,,,,,,,,,,Gov List,"ACRA, Google Searches",,
,,16/12/2025,FOOD REPUBLIC PTE. LTD.,FOOD REPUBLIC,,TeleSales,,Offline Sources,Adhoc,,200513951H,,,,,,,,,,,,,,,,"B2C, Offline",,,,,,,,,,,,,,,,65 6444 6019,paul.chong@breadtalk.com,,,,,melissa.ong@breadtalk.com,,,,,,,,,Gov List,"ACRA, Google Searches",,
,,16/12/2025,FORTUNE GARDEN PTE. LTD.,FORTUNE GARDEN,,TeleSales,,Offline Sources,Adhoc,,202113582R,,,,,,,,,,,,,,,,"B2C, Offline",,,,,,,,,,,,,,,,65 8265 8111,fortunegarden61@gmail.com,,,,,,,,,,,,,,Gov List,"ACRA, Google Searches",,
,,16/12/2025,FOTIA PTE. LTD.,FOTIA,,TeleSales,,Offline Sources,Adhoc,,201323146K,,,,,,,,,,,,,,,,"B2C, Offline",,,,,,,,,,,,,,,,65 9736 0911,ganesh.k@cockpit.com.sg,,,,,,,,,,,,,,Gov List,"ACRA, Google Searches",,
,,16/12/2025,FUFU POT PTE. LTD.,FUFU POT,,TeleSales,,Offline Sources,Adhoc,,202114246C,,,,,,,,,,,,,,,,"B2C, Offline",,,,,,,,,,,,,,,,65 8686 1068,wayne.teoh@ouerestaurants.com,,,,,sarah.lee@ouerestaurants.com,,,,,sihui.tang@ouerestaurants.com,,,,Gov List,"ACRA, Google Searches",,
,,16/12/2025,G&B BISTRO PTE. LTD.,G&B BISTRO,,TeleSales,,Offline Sources,Adhoc,,201808774W,,,,,,,,,,,,,,,,"B2C, Offline",,,,,,,,,,,,,,,,65 9827 6887,guobin_91@hotmail.com,,,,,,,,,,,,,,Gov List,"ACRA, Google Searches",,
,,16/12/2025,GALA FOOD (CP) PTE. LTD.,GALA FOOD CP,,TeleSales,,Offline Sources,Adhoc,,201830141D,,,,,,,,,,,,,,,,"B2C, Offline",,,,,,,,,,,,,,,,65 9118 3282,rong.xu@galafood.sg,,,,,,,,,,,,,,Gov List,"ACRA, Google Searches",,
,,16/12/2025,GATHERFOOD PTE. LTD.,GATHERFOOD,,TeleSales,,Offline Sources,Adhoc,,202143797G,,,,,,,,,,,,,,,,"B2C, Offline",,,,,,,,,,,,,,,,65 8684 4552,jytan@nature2000.com.sg,,,,,,,,,,,,,,Gov List,"ACRA, Google Searches",,
,,16/12/2025,GIHON REMNANT PTE. LTD.,GIHON REMNANT,,TeleSales,,Offline Sources,Adhoc,,201014460C,,,,,,,,,,,,,,,,"B2C, Offline",,,,,,,,,,,,,,,,65 6795 5265,sarah@remnants.com.sg,,,,,,,,,,,,,,Gov List,"ACRA, Google Searches",,
,,16/12/2025,GOCHISO SHOKUDO PTE. LTD.,GOCHISO SHOKUDO,,TeleSales,,Offline Sources,Adhoc,,202025776D,,,,,,,,,,,,,,,,"B2C, Offline",,,,,,,,,,,,,,,,65 9008 9841,wenkit.lim@eurasiaglobalfood.com,,,,,,,,,,,,,,Gov List,"ACRA, Google Searches",,
,,16/12/2025,GRUMPY BEAR (KBCC) PTE. LTD.,GRUMPY BEAR KBCC,,TeleSales,,Offline Sources,Adhoc,,201806686E,,,,,,,,,,,,,,,,"B2C, Offline",,,,,,,,,,,,,,,,65 9692 6910,leesoonlee1@gmail.com,,,,,leekarenmk@gmail.com,,,,,,,,,Gov List,"ACRA, Google Searches",,
,,16/12/2025,GURNEY DRIVE PTE. LTD.,GURNEY DRIVE,,TeleSales,,Offline Sources,Adhoc,,200911897M,,,,,,,,,,,,,,,,"B2C, Offline",,,,,,,,,,,,,,,,65 6848 9093,ap@neogroup.com.sg,,,,,,,,,,,,,,Gov List,"ACRA, Google Searches",,
,,16/12/2025,HABITAT COFFEE PTE. LTD.,HABITAT COFFEE,,TeleSales,,Offline Sources,Adhoc,,201118802N,,,,,,,,,,,,,,,,"B2C, Offline",,,,,,,,,,,,,,,,65 9797 4407,chin_esther2002@yahoo.com,,,,,,,,,,,,,,Gov List,"ACRA, Google Searches",,
,,16/12/2025,HAPPIEST HOUR PTE. LTD.,HAPPIEST HOUR F&B,,TeleSales,,Offline Sources,Adhoc,,202108200M,,,,,,,,,,,,,,,,"B2C, Offline",,,,,,,,,,,,,,,,65 9021 1314,lee.bajin@mookata.com,,,,65 9155 9244,,,,,,,,,,Gov List,"ACRA, Google Searches",,
,,16/12/2025,HATCH KITCHEN (SINGAPORE) PTE. LTD.,HATCH KITCHEN,,TeleSales,,Offline Sources,Adhoc,,201821602N,,,,,,,,,,,,,,,,"B2C, Offline",,,,,,,,,,,,,,,,65 9632 0590,,,,,,,,,,,,,,,Gov List,"ACRA, Google Searches",,
,,16/12/2025,HJ BISTRO PTE. LTD.,HJ BISTRO,,TeleSales,,Offline Sources,Adhoc,,202005639N,,,,,,,,,,,,,,,,"B2C, Offline",,,,,,,,,,,,,,,,65 9693 7405,hjbistro@gmail.com,,,,,,,,,,,,,,Gov List,"ACRA, Google Searches",,
,,16/12/2025,HOM AROY 5 PTE. LTD.,HOM AROY 5,,TeleSales,,Offline Sources,Adhoc,,202200997W,,,,,,,,,,,,,,,,"B2C, Offline",,,,,,,,,,,,,,,,65 9272 7446,anthony_chng@yahoo.com,,,,,,,,,,,,,,Gov List,"ACRA, Google Searches",,
,,16/12/2025,MUSUBI PTE. LTD.,MUSUBI,,TeleSales,,Offline Sources,Adhoc,,201633039E,,,,,,,,,,,,,,,,"B2C, Offline",,,,,,,,,,,,,,,,65 6351 1674,mandylee@sfbi.com.sg,,,,,winnie@sfbi.com.sg,,,,,,,,,Gov List,"ACRA, Google Searches",,
,,16/12/2025,HOWLERS PTE. LTD.,HOWLERS,,TeleSales,,Offline Sources,Adhoc,,201533641N,,,,,,,,,,,,,,,,"B2C, Offline",,,,,,,,,,,,,,,,65 8339 6533,andreas.yeap@wolfburgers.com,,,,,,,,,,,,,,Gov List,"ACRA, Google Searches",,
,,16/12/2025,HUNDREDFOLD REMNANT PTE. LTD.,HUNDREDFOLD REMNANT,,TeleSales,,Offline Sources,Adhoc,,200609631D,,,,,,,,,,,,,,,,"B2C, Offline",,,,,,,,,,,,,,,,65 6483 3997,sarah@remnants.com.sg,,,,,,,,,,,,,,Gov List,"ACRA, Google Searches",,
,,16/12/2025,IKIGAI (F&B) PTE. LTD.,IKIGAI F&B,,TeleSales,,Offline Sources,Adhoc,,202206185E,,,,,,,,,,,,,,,,"B2C, Offline",,,,,,,,,,,,,,,,65 8338 5243,,,,,,,,,,,,,,,Gov List,"ACRA, Google Searches",,
,,16/12/2025,GRAND IMPERIAL HOTEL PTE. LIMITED,IMPERIAL GRAND,,TeleSales,,Offline Sources,Adhoc,,200709583W,,,,,,,,,,,,,,,,"B2C, Offline",,,,,,,,,,,,,,,,65 9768 5294,canicehng@gmail.com,,,,,,,,,,,,,,Gov List,"ACRA, Google Searches",,
,,16/12/2025,INDIAN CURRY HOUSE PTE. LTD.,INDIAN CURRY HOUSE,,TeleSales,,Offline Sources,Adhoc,,200819575H,,,,,,,,,,,,,,,,"B2C, Offline",,,,,,,,,,,,,,,,65 9101 5589,shamiana5080@gmail.com,,,,,,,,,,,,,,Gov List,"ACRA, Google Searches",,
,,16/12/2025,INNOVATE ONE F&B PTE. LTD.,INNOVATE ONE F&B,,TeleSales,,Offline Sources,Adhoc,,201723670K,,,,,,,,,,,,,,,,"B2C, Offline",,,,,,,,,,,,,,,,65 9789 3515,marcom@kvc.sg,,,,,,,,,,,,,,Gov List,"ACRA, Google Searches",,
,,16/12/2025,JACQ DANIELS PTE. LTD.,JACQ DANIELS,,TeleSales,,Offline Sources,Adhoc,,201129346K,,,,,,,,,,,,,,,,"B2C, Offline",,,,,,,,,,,,,,,,65 9786 8374,danielhui@mryoutiao.com,,,,,,,,,,,,,,Gov List,"ACRA, Google Searches",,
,,16/12/2025,JAI FOODS PTE. LTD.,JAI FOODS,,TeleSales,,Offline Sources,Adhoc,,201401940R,,,,,,,,,,,,,,,,"B2C, Offline",,,,,,,,,,,,,,,,65 8544 3711,jaifoodsg@gmail.com,,,,,,,,,,,,,,Gov List,"ACRA, Google Searches",,
,,16/12/2025,JC GLOBAL CONCEPTS PTE. LTD.,JC CONCEPTS,,TeleSales,,Offline Sources,Adhoc,,200600576G,,,,,,,,,,,,,,,,"B2C, Offline",,,,,,,,,,,,,,,,65 9675 5155,jun.low@breadstory.com,,,,,,,,,,,,,,Gov List,"ACRA, Google Searches",,
,,16/12/2025,JEWEL 7 PTE. LTD.,JEWEL 7,,TeleSales,,Offline Sources,Adhoc,,200616566K,,,,,,,,,,,,,,,,"B2C, Offline",,,,,,,,,,,,,,,,65 9769 5227,jewel7pteltd@yahoo.com.sg,,,,,,,,,,,,,,Gov List,"ACRA, Google Searches",,
,,16/12/2025,JIAN JIANG PTE. LTD.,JIAN JIANG,,TeleSales,,Offline Sources,Adhoc,,202034467Z,,,,,,,,,,,,,,,,"B2C, Offline",,,,,,,,,,,,,,,,65 9071 0004,eatatjiayangdi@gmail.com,,,,,,,,,,,,,,Gov List,"ACRA, Google Searches",,
,,16/12/2025,JUDAH REMNANT PTE. LTD.,JUDAH REMNANT,,TeleSales,,Offline Sources,Adhoc,,200800298W,,,,,,,,,,,,,,,,"B2C, Offline",,,,,,,,,,,,,,,,65 6565 1337,sarah@remnants.com.sg,,,,,,,,,,,,,,Gov List,"ACRA, Google Searches",,
,,16/12/2025,JUMBO GROUP OF RESTAURANTS PTE. LTD.,JUMBO OF RESTAURANTS,,TeleSales,,Offline Sources,Adhoc,,199403639K,,,,,,,,,,,,,,,,"B2C, Offline",,,,,,,,,,,,,,,,65 6265 8626,,,,,,,,,,,,,,,Gov List,"ACRA, Google Searches",,
,,16/12/2025,JWO HOLDINGS PTE. LTD.,JWO,,TeleSales,,Offline Sources,Adhoc,,201415600E,,,,,,,,,,,,,,,,"B2C, Offline",,,,,,,,,,,,,,,,65 9173 4340,info@2amlab.org,,,,,accounts@janicewong.co,,,,,,,,,Gov List,"ACRA, Google Searches",,
,,16/12/2025,KATATSU F&B PTE. LTD.,KATATSU F&B,,TeleSales,,Offline Sources,Adhoc,,201825677D,,,,,,,,,,,,,,,,"B2C, Offline",,,,,,,,,,,,,,,,65 9855 6862,katatsufb@gmail.com,,,,,,,,,,,,,,Gov List,"ACRA, Google Searches",,
,,16/12/2025,KENZEN F&B PTE. LTD.,KENZEN F&B,,TeleSales,,Offline Sources,Adhoc,,201401863Z,,,,,,,,,,,,,,,,"B2C, Offline",,,,,,,,,,,,,,,,65 9488 7129,kennethpng@gmail.com,,,,,,,,,,,,,,Gov List,"ACRA, Google Searches",,
,,16/12/2025,KEYS FRESH PTE. LTD.,KEYS FRESH,,TeleSales,,Offline Sources,Adhoc,,201821026R,,,,,,,,,,,,,,,,"B2C, Offline",,,,,,,,,,,,,,,,65 9661 0230,keysfresh@outlook.com,,,,,,,,,,,,,,Gov List,"ACRA, Google Searches",,
,,16/12/2025,KIM YU CULINARY CONCEPTS PTE. LTD.,KIM YU CULINARY CONCEPTS,,TeleSales,,Offline Sources,Adhoc,,201507817C,,,,,,,,,,,,,,,,"B2C, Offline",,,,,,,,,,,,,,,,65 9185 5524,wenting8888@gmail.com,,,,,,,,,,,,,,Gov List,"ACRA, Google Searches",,
,,16/12/2025,KIN F & B PTE. LTD.,KIN F&B,,TeleSales,,Offline Sources,Adhoc,,202014743W,,,,,,,,,,,,,,,,"B2C, Offline",,,,,,,,,,,,,,,,65 9613 2615,jerryyapck@gmail.com,,,,,,,,,,,,,,Gov List,"ACRA, Google Searches",,
,,16/12/2025,KING'S CONCEPTS PTE. LTD.,KINGS CONCEPTS,,TeleSales,,Offline Sources,Adhoc,,202231735C,,,,,,,,,,,,,,,,"B2C, Offline",,,,,,,,,,,,,,,,65 9618 8899,evien@minorfoodsingapore.com,,,,,,,,,,,,,,Gov List,"ACRA, Google Searches",,
,,16/12/2025,KK F&B GROUP PTE. LTD.,KK F&B,,TeleSales,,Offline Sources,Adhoc,,202125492E,,,,,,,,,,,,,,,,"B2C, Offline",,,,,,,,,,,,,,,,65 8926 6867,kenn3th_gan@hotmail.com,,,,,,,,,,,,,,Gov List,"ACRA, Google Searches",,
,,16/12/2025,KOK SEN PTE. LTD.,KOK SEN,,TeleSales,,Offline Sources,Adhoc,,202103988C,,,,,,,,,,,,,,,,"B2C, Offline",,,,,,,,,,,,,,,,65 9477 2889,jacky@koksen.com.sg,,,,,,,,,,,,,,Gov List,"ACRA, Google Searches",,
,,16/12/2025,KOMAL'S INDIAN VEGETARIAN PTE. LTD.,KOMALS INDIAN VEGETARIAN,,TeleSales,,Offline Sources,Adhoc,,201201727K,,,,,,,,,,,,,,,,"B2C, Offline",,,,,,,,,,,,,,,,65 9004 7544,sekarkomalas@gmail.com,,,,,,,,,,,,,,Gov List,"ACRA, Google Searches",,
,,16/12/2025,KONIS. PTE. LTD.,KONIS,,TeleSales,,Offline Sources,Adhoc,,200816900N,,,,,,,,,,,,,,,,"B2C, Offline",,,,,,,,,,,,,,,,65 9649 0111,ruthsinga@gmail.com,,,,,,,,,,,,,,Gov List,"ACRA, Google Searches",,
,,16/12/2025,KPO CAFE BAR PTE. LTD.,KPO CAFÉ BAR,,TeleSales,,Offline Sources,Adhoc,,200819369K,,,,,,,,,,,,,,,,"B2C, Offline",,,,,,,,,,,,,,,,65 9727 3142,brenda@imaginings.com.sg,,,,,eunise.hum@corpworld.com.sg,,,,,,,,,Gov List,"ACRA, Google Searches",,
,,16/12/2025,QING SHI RI JI PTE. LTD.,QING SHI RI JI,,TeleSales,,Offline Sources,Adhoc,,202306649N,,,,,,,,,,,,,,,,"B2C, Offline",,,,,,,,,,,,,,,,65 9878 0266,lishixu5@gmail.com,,,,,,,,,,,,,,Gov List,"ACRA, Google Searches",,
,,16/12/2025,THAI PALACE PTE. LTD.,THAI PALACE,,TeleSales,,Offline Sources,Adhoc,,201707262K,,,,,,,,,,,,,,,,"B2C, Offline",,,,,,,,,,,,,,,,65 8282 3232,thaipalace168@gmail.com,,,,,,,,,,,,,,Gov List,"ACRA, Google Searches",,
,,16/12/2025,LOVE U FOOD PTE. LTD.,LOVE U FOOD,,TeleSales,,Offline Sources,Adhoc,,201737241H,,,,,,,,,,,,,,,,"B2C, Offline",,,,,,,,,,,,,,,,65 9021 5915,loveufoodsg@gmail.com,,,,,,,,,,,,,,Gov List,"ACRA, Google Searches",,
,,16/12/2025,M A DEEN BIASA (S) PTE. LTD.,M A DEEN BIASA S,,TeleSales,,Offline Sources,Adhoc,,200503332H,,,,,,,,,,,,,,,,"B2C, Offline",,,,,,,,,,,,,,,,65 9168 4505,madeenbiasa@gmail.com,,,,,,,,,,,,,,Gov List,"ACRA, Google Searches",,
,,16/12/2025,M-RAMEN PTE. LTD.,M-RAMEN,,TeleSales,,Offline Sources,Adhoc,,201108015E,,,,,,,,,,,,,,,,"B2C, Offline",,,,,,,,,,,,,,,,65 9799 3099,david@m-ramen.com,,,,,,,,,,,,,,Gov List,"ACRA, Google Searches",,
,,16/12/2025,MAD PEOPLE PTE. LTD.,MAD PEOPLE,,TeleSales,,Offline Sources,Adhoc,,201200640H,,,,,,,,,,,,,,,,"B2C, Offline",,,,,,,,,,,,,,,,65 8786 3632,jwlq28@gmail.com,,,,,,,,,,,,,,Gov List,"ACRA, Google Searches",,
,,16/12/2025,MEMBERS ONLY HOSPITALITY PTE. LTD.,MEMBERS ONLY HOSPITALITY,,TeleSales,,Offline Sources,Adhoc,,201542382N,,,,,,,,,,,,,,,,"B2C, Offline",,,,,,,,,,,,,,,,65 8621 3860,serena@mandala.global,,,,,,,,,,,,,,Gov List,"ACRA, Google Searches",,
,,16/12/2025,MIRACLE FOOD AFFAIR PTE. LTD.,MIRACLE FOOD AFFAIR,,TeleSales,,Offline Sources,Adhoc,,201734634W,,,,,,,,,,,,,,,,"B2C, Offline",,,,,,,,,,,,,,,,65 8688 0394,weisheng@bfishsfish.com,,,,,,,,,,,,,,Gov List,"ACRA, Google Searches",,
,,16/12/2025,MITSUBA JAPANESE RESTAURANT PTE. LTD.,MITSUBA JAPANESE RESTAURANT,,TeleSales,,Offline Sources,Adhoc,,201407431Z,,,,,,,,,,,,,,,,"B2C, Offline",,,,,,,,,,,,,,,,65 9817 4155,william.chia@mitsuba.com.sg,,,,,,,,,,,,,,Gov List,"ACRA, Google Searches",,
,,16/12/2025,MOGHUL MAHAL RESTAURANT PTE. LTD.,MOGHUL MAHAL RESTAURANT,,TeleSales,,Offline Sources,Adhoc,,200209029R,,,,,,,,,,,,,,,,"B2C, Offline",,,,,,,,,,,,,,,,65 6338 6907,moghulmahal@hotmail.com,,,,,,,,,,,,,,Gov List,"ACRA, Google Searches",,
,,16/12/2025,MOKSHA PTE. LTD.,MOKSHA BAR,,TeleSales,,Offline Sources,Adhoc,,200913629H,,,,,,,,,,,,,,,,"B2C, Offline",,,,,,,,,,,,,,,,65 9069 6176,moghulmahal@hotmail.com,,,,,,,,,,,,,,Gov List,"ACRA, Google Searches",,
,,16/12/2025,MR UNCLE & AUNTYS KITCHEN PTE. LTD.,MR UNCLE & AUNTYS KITCHEN,,TeleSales,,Offline Sources,Adhoc,,202001313N,,,,,,,,,,,,,,,,"B2C, Offline",,,,,,,,,,,,,,,,65 9757 5500,hr@uncleauntykitchen.com,,,,,,,,,,,,,,Gov List,"ACRA, Google Searches",,
,,16/12/2025,MURASAKI PTE. LTD.,MURASAKI,,TeleSales,,Offline Sources,Adhoc,,201524907K,,,,,,,,,,,,,,,,"B2C, Offline",,,,,,,,,,,,,,,,65 9827 9992,max161892@gmail.com,,,,,,,,,,,,,,Gov List,"ACRA, Google Searches",,
,,16/12/2025,MYPIZZA PTE. LTD.,MYPIZZA,,TeleSales,,Offline Sources,Adhoc,,201919245R,,,,,,,,,,,,,,,,"B2C, Offline",,,,,,,,,,,,,,,,65 8686 4471,contact@mypizza.com.sg,,,,,,,,,,,,,,Gov List,"ACRA, Google Searches",,
,,16/12/2025,NATURE VEGETARIAN CATERING PTE. LTD.,NATURE VEGETARIAN CATERING,,TeleSales,,Offline Sources,Adhoc,,200310249E,,,,,,,,,,,,,,,,"B2C, Offline",,,,,,,,,,,,,,,,65 9797 0045,natureveg88@gmail.com,,,,,,,,,,,,,,Gov List,"ACRA, Google Searches",,
,,16/12/2025,NEW STAGE FOOD PTE. LTD.,NEW STAGE FOOD,,TeleSales,,Offline Sources,Adhoc,,201430047Z,,,,,,,,,,,,,,,,"B2C, Offline",,,,,,,,,,,,,,,,65 9022 7469,jiewei.ng@gmail.com,,,,,,,,,,,,,,Gov List,"ACRA, Google Searches",,
,,16/12/2025,NG KUAN CHILLI PAN MEE PTE. LTD.,NG KUAN CHILLI PAN MEE,,TeleSales,,Offline Sources,Adhoc,,201906695K,,,,,,,,,,,,,,,,"B2C, Offline",,,,,,,,,,,,,,,,65 8822 5637,ngkuanchillipanmee@outlook.com,,,,,,,,,,,,,,Gov List,"ACRA, Google Searches",,
,,16/12/2025,NO. 27 BISTRO & BAR PTE. LTD.,NO 27 BISTRO & BAR PTD,,TeleSales,,Offline Sources,Adhoc,,201412313W,,,,,,,,,,,,,,,,"B2C, Offline",,,,,,,,,,,,,,,,65 9003 1714,7collis@gmail.com,,,,,,,,,,,,,,Gov List,"ACRA, Google Searches",,
,,16/12/2025,YESTERDAE PTE. LTD.,YESTERDAE,,TeleSales,,Offline Sources,Adhoc,,201301789M,,,,,,,,,,,,,,,,"B2C, Offline",,,,,,,,,,,,,,,,65 9365 6631,jill@noothermeaning.com,,,,,christie@noothermeaning.com,,,,,,,,,Gov List,"ACRA, Google Searches",,
,,16/12/2025,NUR FAYIDHA RESTAURANT PTE. LTD.,NUR FAYIDHA RESTAURANT,,TeleSales,,Offline Sources,Adhoc,,201603445W,,,,,,,,,,,,,,,,"B2C, Offline",,,,,,,,,,,,,,,,65 9146 1684,nisfayi@hotmail.com,,,,,,,,,,,,,,Gov List,"ACRA, Google Searches",,
,,16/12/2025,OMAR SHARIFF AUTHENTIC INDIAN CUISINE PTE. LTD.,OMAR SHARIFF AUTHENTIC INDIAN CUISINE,,TeleSales,,Offline Sources,Adhoc,,201419245W,,,,,,,,,,,,,,,,"B2C, Offline",,,,,,,,,,,,,,,,65 8442 6910,omarshariffaic@gmail.com,,,,,,,,,,,,,,Gov List,"ACRA, Google Searches",,
,,16/12/2025,OMAR SHARIFF AUTHENTIC INDIAN CUISINE PTE. LTD.,OMAR SHARIFF INDIAN AUTHENTIC CUISINE,,TeleSales,,Offline Sources,Adhoc,,201419245W,,,,,,,,,,,,,,,,"B2C, Offline",,,,,,,,,,,,,,,,65 8442 6910,omarshariffaic@gmail.com,,,,,,,,,,,,,,Gov List,"ACRA, Google Searches",,
,,16/12/2025,ONION RESTAURANT & BAR PTE. LTD.,ONION RESTAURANT & BAR,,TeleSales,,Offline Sources,Adhoc,,201131116K,,,,,,,,,,,,,,,,"B2C, Offline",,,,,,,,,,,,,,,,65 6270 3186,,,,,,,,,,,,,,,Gov List,"ACRA, Google Searches",,
,,16/12/2025,OPHELIA,OPHELIA WILD,,TeleSales,,Offline Sources,Adhoc,,53474182K,,,,,,,,,,,,,,,,"B2C, Offline",,,,,,,,,,,,,,,,65 9851 0656,pearly@theaffogatobar.com,,,,,,,,,,,,,,Gov List,"ACRA, Google Searches",,
,,16/12/2025,PAPA PALHETA PTE. LTD.,PAPA PALHETA,,TeleSales,,Offline Sources,Adhoc,,200907208C,,,,,,,,,,,,,,,,"B2C, Offline",,,,,,,,,,,,,,,,65 9227 9086,alvin@pppcoffee.com,,,,,,,,,,,,,,Gov List,"ACRA, Google Searches",,
,,16/12/2025,PARADISE HOTPOT PTE. LTD.,PARADISE HOTPOT,,TeleSales,,Offline Sources,Adhoc,,201014375N,,,,,,,,,,,,,,,,"B2C, Offline",,,,,,,,,,,,,,,,65 9369 9953,accounts@paradisegroup.com.sg,,,,,yewyew@paradisegroup.com.sg,,,,,weiping@paradisegroup.com.sg,,,,Gov List,"ACRA, Google Searches",,
,,16/12/2025,PARADISE PALACE PTE. LTD.,PARADISE PALACE,,TeleSales,,Offline Sources,Adhoc,,201942457Z,,,,,,,,,,,,,,,,"B2C, Offline",,,,,,,,,,,,,,,,65 9100 2206,cateringatparadise@gmail.com,,,,,,,,,,,,,,Gov List,"ACRA, Google Searches",,
,,16/12/2025,PARTEA DOWNTOWN GALLERY PTE. LTD.,PARTEA DOWNTOWN GALLERY,,TeleSales,,Offline Sources,Adhoc,,201908500Z,,,,,,,,,,,,,,,,"B2C, Offline",,,,,,,,,,,,,,,,65 8498 6697,alexxiang@partea.com.sg,,,,,,,,,,,,,,Gov List,"ACRA, Google Searches",,
,,16/12/2025,PAUL GO & CO,PAUL,,TeleSales,,Offline Sources,Adhoc,,T01PF0706E,,,,,,,,,,,,,,,,"B2C, Offline",,,,,,,,,,,,,,,,65 9474 5743,dchoy@paul-singapore.com,,,,,,,,,,,,,,Gov List,"ACRA, Google Searches",,
,,16/12/2025,PENGUIN'S KITCHEN PTE. LTD.,PENGUIN KITCHEN,,TeleSales,,Offline Sources,Adhoc,,201836143D,,,,,,,,,,,,,,,,"B2C, Offline",,,,,,,,,,,,,,,,65 9100 4775,iampenguins@hotmail.com,,,,,,,,,,,,,,Gov List,"ACRA, Google Searches",,
,,16/12/2025,PENIEL REMNANT PTE. LTD.,PENIEL REMNANT,,TeleSales,,Offline Sources,Adhoc,,201013993H,,,,,,,,,,,,,,,,"B2C, Offline",,,,,,,,,,,,,,,,65 6861 8556,sarah@remnants.com.sg,,,,,,,,,,,,,,Gov List,"ACRA, Google Searches",,
,,16/12/2025,PERSEKUTUAN PTE. LTD.,PERSEKUTUAN,,TeleSales,,Offline Sources,Adhoc,,201628198H,,,,,,,,,,,,,,,,"B2C, Offline",,,,,,,,,,,,,,,,65 9344 4450,go2eat@hotmail.com,,,,,,,,,,,,,,Gov List,"ACRA, Google Searches",,
,,16/12/2025,PIZZAFACE PTE. LTD.,PIZZAFACE,,TeleSales,,Offline Sources,Adhoc,,201503773N,,,,,,,,,,,,,,,,"B2C, Offline",,,,,,,,,,,,,,,,65 9278 0669,amos@pizzaface.sg,,,,,,,,,,,,,,Gov List,"ACRA, Google Searches",,
,,16/12/2025,PONDOK JAWA TIMUR PTE. LTD.,PONDOK JAWA TIMUR,,TeleSales,,Offline Sources,Adhoc,,200907794E,,,,,,,,,,,,,,,,"B2C, Offline",,,,,,,,,,,,,,,,65 9799 6491,pondokjt@gmail.com,,,,,,,,,,,,,,Gov List,"ACRA, Google Searches",,
,,16/12/2025,PUTRA DELICACIES PTE. LTD.,PUTRA DELICACIES,,TeleSales,,Offline Sources,Adhoc,,202143121E,,,,,,,,,,,,,,,,"B2C, Offline",,,,,,,,,,,,,,,,65 9009 2632,putra.delicacies@gmail.com,,,,,,,,,,,,,,Gov List,"ACRA, Google Searches",,
,,16/12/2025,QI XIANG PTE. LTD.,QI XIANG,,TeleSales,,Offline Sources,Adhoc,,201834283R,,,,,,,,,,,,,,,,"B2C, Offline",,,,,,,,,,,,,,,,65 9633 1563,zenithneo@gmail.com,,,,,zenith@qixiang.sg,,,,,,,,,Gov List,"ACRA, Google Searches",,
,,16/12/2025,QUENTIN'S F&B (S) (PTE.) LTD.,QUENTINS F&B S,,TeleSales,,Offline Sources,Adhoc,,200613633E,,,,,,,,,,,,,,,,"B2C, Offline",,,,,,,,,,,,,,,,65 6348 0327,aaron@quentins.com.sg,,,,,kristine@quentins.com.sg,,,,,,,,,Gov List,"ACRA, Google Searches",,
,,16/12/2025,RAILWAY OLD COFFEE FOOD POINT (PTE.) LTD.,RAILWAY OLD COFFEE FOOD POINT,,TeleSales,,Offline Sources,Adhoc,,201127893C,,,,,,,,,,,,,,,,"B2C, Offline",,,,,,,,,,,,,,,,65 9197 8765,railwayoldcoffee@gmail.com,,,,,advertisingmedia2014@gmail.com,,,,,,,,,Gov List,"ACRA, Google Searches",,
,,16/12/2025,RAINSHINE PTE. LTD.,RAINSHINE,,TeleSales,,Offline Sources,Adhoc,,201003849W,,,,,,,,,,,,,,,,"B2C, Offline",,,,,,,,,,,,,,,,65 9437 3944,ray.thomas@rainshine.co,,,,,,,,,,,,,,Gov List,"ACRA, Google Searches",,
,,16/12/2025,REEDZ PTE. LTD.,REEDZ,,TeleSales,,Offline Sources,Adhoc,,201202153N,,,,,,,,,,,,,,,,"B2C, Offline",,,,,,,,,,,,,,,,65 9012 0573,jenfi@reedzcafe.com,,,,,,,,,,,,,,Gov List,"ACRA, Google Searches",,
,,16/12/2025,REFUEL CAFE & EATERY PTE. LTD.,REFUEL CAFE & EATERY,,TeleSales,,Offline Sources,Adhoc,,201415888D,,,,,,,,,,,,,,,,"B2C, Offline",,,,,,,,,,,,,,,,65 9627 9589,sk@refuel.sg,,,,,,,,,,,,,,Gov List,"ACRA, Google Searches",,
,,16/12/2025,RELAX PTE. LTD.,RELAX,,TeleSales,,Offline Sources,Adhoc,,202031374R,,,,,,,,,,,,,,,,"B2C, Offline",,,,,,,,,,,,,,,,65 9067 8569,relax6bistro@gmail.com,,,,,,,,,,,,,,Gov List,"ACRA, Google Searches",,
,,16/12/2025,RGC PTE. LTD.,RGC,,TeleSales,,Offline Sources,Adhoc,,200706846N,,,,,,,,,,,,,,,,"B2C, Offline",,,,,,,,,,,,,,,,65 9028 7343,finance@riseandgrind.co,,,,,,,,,,,,,,Gov List,"ACRA, Google Searches",,
,,16/12/2025,RICHTON CAFE PTE. LTD.,RICHTON CAFE,,TeleSales,,Offline Sources,Adhoc,,202035929Z,,,,,,,,,,,,,,,,"B2C, Offline",,,,,,,,,,,,,,,,65 9388 9150,richtoncafesg@gmail.com,,,,,,,,,,,,,,Gov List,"ACRA, Google Searches",,
,,16/12/2025,RISING DOUGH PTE. LTD.,RISING DOUGH,,TeleSales,,Offline Sources,Adhoc,,200719958K,,,,,,,,,,,,,,,,"B2C, Offline",,,,,,,,,,,,,,,,65 8339 3165,len@lioncitysubs.com,,,,,,,,,,,,,,Gov List,"ACRA, Google Searches",,
,,16/12/2025,ROLLING RICE SINGAPORE PTE. LTD.,ROLLING RICE,,TeleSales,,Offline Sources,Adhoc,,201324390N,,,,,,,,,,,,,,,,"B2C, Offline",,,,,,,,,,,,,,,,65 8518 0457,htdoa@naver.com,,,,,,,,,,,,,,Gov List,"ACRA, Google Searches",,
,,16/12/2025,RONG LIANG RESTAURANTS PTE. LTD.,RONG LIANG RESTAURANTS,,TeleSales,,Offline Sources,Adhoc,,200605399W,,,,,,,,,,,,,,,,"B2C, Offline",,,,,,,,,,,,,,,,65 8156 0753,chingmeauhwai@yahoo.com,,,,,,,,,,,,,,Gov List,"ACRA, Google Searches",,
,,16/12/2025,RYO YAKINIKU PTE. LTD.,RYO YAKINIKU,,TeleSales,,Offline Sources,Adhoc,,202201747C,,,,,,,,,,,,,,,,"B2C, Offline",,,,,,,,,,,,,,,,65 9012 5760,yakinikubros@gmail.com,,,,,,,,,,,,,,Gov List,"ACRA, Google Searches",,
,,16/12/2025,SAIUN PTE. LTD.,SAIUN,,TeleSales,,Offline Sources,Adhoc,,201625295C,,,,,,,,,,,,,,,,"B2C, Offline",,,,,,,,,,,,,,,,65 9179 7088,seanyboymccully@yahoo.com.sg,,,,,,,,,,,,,,Gov List,"ACRA, Google Searches",,
,,16/12/2025,SARAWAK DELICACY PTE. LTD.,SARAWAK DELICACY,,TeleSales,,Offline Sources,Adhoc,,202139581Z,,,,,,,,,,,,,,,,"B2C, Offline",,,,,,,,,,,,,,,,65 8825 5910,sarawakdelicacypteltd@gmail.com,,,,,,,,,,,,,,Gov List,"ACRA, Google Searches",,
,,16/12/2025,SARI RATU RESTAURANT & CATERING PTE. LTD.,SARI RATU RESTAURANT AND CATERING,,TeleSales,,Offline Sources,Adhoc,,200723520G,,,,,,,,,,,,,,,,"B2C, Offline",,,,,,,,,,,,,,,,65 9001 9960,sariratu20@gmail.com,,,,,,,,,,,,,,Gov List,"ACRA, Google Searches",,
,,16/12/2025,PEACH GARDEN PTE. LTD.,PEACH GARDEN,,TeleSales,,Offline Sources,Adhoc,,200209140W,,,,,,,,,,,,,,,,"B2C, Offline",,,,,,,,,,,,,,,,65 6887 8292,cindy_yeo@select.com.sg,,,,,szehwei_loh@select.com.sg,,,,,ap@select.com.sg,,,,Gov List,"ACRA, Google Searches",,
,,16/12/2025,SEMBAWANG EATING HOUSE (SEAFOOD RESTAURANT) PTE. LTD.,SEMBAWANG EATING HOUSE SEAFOOD RESTAURANT,,TeleSales,,Offline Sources,Adhoc,,202306717H,,,,,,,,,,,,,,,,"B2C, Offline",,,,,,,,,,,,,,,,65 9758 6878,sehseafoods@gmail.com,,,,,,,,,,,,,,Gov List,"ACRA, Google Searches",,
,,16/12/2025,SGTAPS PTE. LTD.,SGTAPS,,TeleSales,,Offline Sources,Adhoc,,201734357M,,,,,,,,,,,,,,,,"B2C, Offline",,,,,,,,,,,,,,,,65 9815 4420,hirosenorihito@gmail.com,,,,,,,,,,,,,,Gov List,"ACRA, Google Searches",,
,,16/12/2025,SHILOH REMNANT PTE. LTD.,SHILOH REMNANT,,TeleSales,,Offline Sources,Adhoc,,201013999N,,,,,,,,,,,,,,,,"B2C, Offline",,,,,,,,,,,,,,,,65 6338 3886,sarah@remnants.com.sg,,,,,,,,,,,,,,Gov List,"ACRA, Google Searches",,
,,16/12/2025,SHINSHO RAMEN GRID PTE. LTD.,SHINSHO RAMEN GRID,,TeleSales,,Offline Sources,Adhoc,,202128393K,,,,,,,,,,,,,,,,"B2C, Offline",,,,,,,,,,,,,,,,65 9296 5861,shinshoramensingapore@gmail.com,,,,,,,,,,,,,,Gov List,"ACRA, Google Searches",,
,,16/12/2025,SHINSHO RAMEN PTE. LTD.,SHINSHO RAMEN,,TeleSales,,Offline Sources,Adhoc,,202037544E,,,,,,,,,,,,,,,,"B2C, Offline",,,,,,,,,,,,,,,,65 9296 5861,raymondtan@murasaki.sg,,,,,,,,,,,,,,Gov List,"ACRA, Google Searches",,
,,16/12/2025,SHIVSHIL CUISINE PTE. LTD.,SHIVSHIL CUISINE,,TeleSales,,Offline Sources,Adhoc,,201128685W,,,,,,,,,,,,,,,,"B2C, Offline",,,,,,,,,,,,,,,,65 9365 5577,siva@siamsensation.com,,,,,saytoshilpa@yahoo.com.sg,,,,,,,,,Gov List,"ACRA, Google Searches",,
,,16/12/2025,SHOWA HAKATA RAMEN & IZAKAYA PTE. LTD.,SHOWA HAKATA RAMEN & IZAKAYA,,TeleSales,,Offline Sources,Adhoc,,201635165G,,,,,,,,,,,,,,,,"B2C, Offline",,,,,,,,,,,,,,,,65 8421 2336,prayer7615@aol.com,,,,,,,,,,,,,,Gov List,"ACRA, Google Searches",,
,,16/12/2025,HAPPY BOWL PTE. LTD.,HAPPY BOWL,,TeleSales,,Offline Sources,Adhoc,,201841423W,,,,,,,,,,,,,,,,"B2C, Offline",,,,,,,,,,,,,,,,65 9796 6669,ashleytan00@hotmail.com,,,,,,,,,,,,,,Gov List,"ACRA, Google Searches",,
,,16/12/2025,SIAM VILLAGE PTE. LTD.,SIAM VILLAGE,,TeleSales,,Offline Sources,Adhoc,,201720344D,,,,,,,,,,,,,,,,"B2C, Offline",,,,,,,,,,,,,,,,65 9181 3478,kenn28chen@gmail.com,,,,,,,,,,,,,,Gov List,"ACRA, Google Searches",,
,,16/12/2025,SIART PTE. LTD.,SIART,,TeleSales,,Offline Sources,Adhoc,,201204593R,,,,,,,,,,,,,,,,"B2C, Offline",,,,,,,,,,,,,,,,65 9673 3364,chan@siartdesign.com,,,,,,,,,,,,,,Gov List,"ACRA, Google Searches",,
,,16/12/2025,SINGAPORE YING KE LAI F&B MANAGEMENT PTE. LTD.,YING KE LAI F&B MANAGEMENT,,TeleSales,,Offline Sources,Adhoc,,201935141H,,,,,,,,,,,,,,,,"B2C, Offline",,,,,,,,,,,,,,,,65 9619 5658,gexiaozlz@gmail.com,,,,,,,,,,,,,,Gov List,"ACRA, Google Searches",,
,,16/12/2025,SKYDD PTE. LTD.,SKYDD,,TeleSales,,Offline Sources,Adhoc,,201818589N,,,,,,,,,,,,,,,,"B2C, Offline",,,,,,,,,,,,,,,,65 8399 0945,ohsomebowls@gmail.com,,,,,,,,,,,,,,Gov List,"ACRA, Google Searches",,
,,16/12/2025,SOCIETEA PTE. LTD.,SOCIETEA,,TeleSales,,Offline Sources,Adhoc,,201841550W,,,,,,,,,,,,,,,,"B2C, Offline",,,,,,,,,,,,,,,,65 9668 0789,societeasingapore@gmail.com,,,,,,,,,,,,,,Gov List,"ACRA, Google Searches",,
,,16/12/2025,SOI NINETEEN PLUS (UPPER THOMSON) PTE. LTD.,SOI NINETEEN PLUS UPPER THOMSON PTD,,TeleSales,,Offline Sources,Adhoc,,201933546H,,,,,,,,,,,,,,,,"B2C, Offline",,,,,,,,,,,,,,,,65 8692 2360,clairengsiew@gmail.com,,,,,,,,,,,,,,Gov List,"ACRA, Google Searches",,
,,16/12/2025,SPIZE BEDOK PTE. LTD.,SPIZE BEDOK,,TeleSales,,Offline Sources,Adhoc,,200718147N,,,,,,,,,,,,,,,,"B2C, Offline",,,,,,,,,,,,,,,,65 9733 1442,anil@spize.com.sg,,,,,accounts@spize.com.sg,,,,,mari@spize.com.sg,,,,Gov List,"ACRA, Google Searches",,
,,16/12/2025,SRI AACHI AAPPAKADAI PTE. LTD.,SRI AACHI AAPPAKADAI,,TeleSales,,Offline Sources,Adhoc,,201805284H,,,,,,,,,,,,,,,,"B2C, Offline",,,,,,,,,,,,,,,,65 9482 0439,senthil.chansen@gmail.com,,,,,multienergysavings@gmail.com,,,,,,,,,Gov List,"ACRA, Google Searches",,
,,16/12/2025,SRI SUBAM EXPRESS PTE. LTD.,SRI SUBAM EXPRESS,,TeleSales,,Offline Sources,Adhoc,,202001542K,,,,,,,,,,,,,,,,"B2C, Offline",,,,,,,,,,,,,,,,65 9178 8444,kubesbistro@gmail.com,,,,,,,,,,,,,,Gov List,"ACRA, Google Searches",,
,,16/12/2025,STAMFLES INTERNATIONAL PTE. LTD.,STAMFLES,,TeleSales,,Offline Sources,Adhoc,,200501138M,,,,,,,,,,,,,,,,"B2C, Offline",,,,,,,,,,,,,,,,65 9799 9972,evelyn@stamfles.com,,,,,,,,,,,,,,Gov List,"ACRA, Google Searches",,
,,16/12/2025,SUNPARK SINGAPORE PTE. LTD.,SUNPARK PL,,TeleSales,,Offline Sources,Adhoc,,201130958D,,,,,,,,,,,,,,,,"B2C, Offline",,,,,,,,,,,,,,,,65 9741 2706,ariel@sunpark.ne.jp,,,,,,,,,,,,,,Gov List,"ACRA, Google Searches",,
,,16/12/2025,HANH NGUYEN FOOD PTE. LTD.,HANH NGUYEN FOOD,,TeleSales,,Offline Sources,Adhoc,,201626171N,,,,,,,,,,,,,,,,"B2C, Offline",,,,,,,,,,,,,,,,65 9152 6622,super.ngon.sg@gmail.com,,,,,,,,,,,,,,Gov List,"ACRA, Google Searches",,
,,16/12/2025,SURIYA INTERNATIONAL EMPORIUM PTE. LTD.,SURIYA EMPORIUM,,TeleSales,,Offline Sources,Adhoc,,200312786H,,,,,,,,,,,,,,,,"B2C, Offline",,,,,,,,,,,,,,,,65 8261 9994,kumaragurup@yahoo.com.sg,,,,,,,,,,,,,,Gov List,"ACRA, Google Searches",,
,,16/12/2025,SUTHA'S CAFE PTE. LTD.,SUTHAS CAFE,,TeleSales,,Offline Sources,Adhoc,,201609264C,,,,,,,,,,,,,,,,"B2C, Offline",,,,,,,,,,,,,,,,65 9111 0284,shanshanmugam9@gmail.com,,,,,,,,,,,,,,Gov List,"ACRA, Google Searches",,
,,16/12/2025,SWQ PTE. LTD.,SWQ,,TeleSales,,Offline Sources,Adhoc,,201918937K,,,,,,,,,,,,,,,,"B2C, Offline",,,,,,,,,,,,,,,,65 8685 2025,cherylsou@gmail.com,,,,,,,,,,,,,,Gov List,"ACRA, Google Searches",,
,,16/12/2025,TABLE AT 7 PTE. LTD.,TABLE AT 7,,TeleSales,,Offline Sources,Adhoc,,201720409C,,,,,,,,,,,,,,,,"B2C, Offline",,,,,,,,,,,,,,,,65 8382 7862,kc@tableat7.com,,,,,,,,,,,,,,Gov List,"ACRA, Google Searches",,
,,16/12/2025,TAVERN,TANG TAVERN,,TeleSales,,Offline Sources,Adhoc,,53509556B,,,,,,,,,,,,,,,,"B2C, Offline",,,,,,,,,,,,,,,,65 8180 6807,tangtavern@gmail.com,,,,,,,,,,,,,,Gov List,"ACRA, Google Searches",,
,,16/12/2025,TASTEBUD FOODCOURT PTE. LTD.,TASTEBUD FOODCOURT,,TeleSales,,Offline Sources,Adhoc,,201100304N,,,,,,,,,,,,,,,,"B2C, Offline",,,,,,,,,,,,,,,,65 9855 5639,accmarcom@micro2000.com.sg,,,,,,,,,,,,,,Gov List,"ACRA, Google Searches",,
,,16/12/2025,TERRAFOLKS AND FOODS PTE. LTD.,TERRAFOLKS AND FOODS,,TeleSales,,Offline Sources,Adhoc,,202245317D,,,,,,,,,,,,,,,,"B2C, Offline",,,,,,,,,,,,,,,,65 9109 7929,bowlchap@outlook.com,,,,,,,,,,,,,,Gov List,"ACRA, Google Searches",,
,,16/12/2025,THAI TEMPTATIONS PTE. LTD.,THAI TEMPTATIONS,,TeleSales,,Offline Sources,Adhoc,,201715563K,,,,,,,,,,,,,,,,"B2C, Offline",,,,,,,,,,,,,,,,65 8342 7367,balaji@gingerthai.sg,,,,,,,,,,,,,,Gov List,"ACRA, Google Searches",,
,,16/12/2025,THE BAKER'S PTE. LTD.,THE BAKERS,,TeleSales,,Offline Sources,Adhoc,,201630898W,,,,,,,,,,,,,,,,"B2C, Offline",,,,,,,,,,,,,,,,65 9797 9848,info@thebakers.com.sg,,,,,,,,,,,,,,Gov List,"ACRA, Google Searches",,
,,16/12/2025,THE BARK CAFE PTE. LTD.,THE BARK CAFE,,TeleSales,,Offline Sources,Adhoc,,200400666C,,,,,,,,,,,,,,,,"B2C, Offline",,,,,,,,,,,,,,,,65 9620 7518,russell@thebarkcafe.com,,,,,carol_sun07@hotmail.com,,,,,,,,,Gov List,"ACRA, Google Searches",,
,,16/12/2025,THE BETTERFIELD SG (PTE. LTD.),THE BETTERFIELD,,TeleSales,,Offline Sources,Adhoc,,202006620Z,,,,,,,,,,,,,,,,"B2C, Offline",,,,,,,,,,,,,,,,65 9386 3106,multienergysavings@gmail.com,,,,,,,,,,,,,,Gov List,"ACRA, Google Searches",,
,,16/12/2025,FRESH BAY (S) INVESTMENTS PTE. LTD.,FRESH BAY S INVESTMENTS,,TeleSales,,Offline Sources,Adhoc,,201506121K,,,,,,,,,,,,,,,,"B2C, Offline",,,,,,,,,,,,,,,,65 9484 3259,charan@thedempseyproject.com,,,,,,,,,,,,,,Gov List,"ACRA, Google Searches",,
,,16/12/2025,THE GREEN BAR PTE. LTD.,THE GREEN BAR,,TeleSales,,Offline Sources,Adhoc,,201000877E,,,,,,,,,,,,,,,,"B2C, Offline",,,,,,,,,,,,,,,,65 9690 7660,penny.lim@superfoodkitchen.sg,,,,,caryn.lim@superfoodkitchen.sg,,,,,,,,,Gov List,"ACRA, Google Searches",,
,,16/12/2025,THE HAPPY FLOWERS PTE. LTD.,THE HAPPY FLOWERS,,TeleSales,,Offline Sources,Adhoc,,201609961K,,,,,,,,,,,,,,,,"B2C, Offline",,,,,,,,,,,,,,,,65 9829 6453,accounts.yimlee@njgroup.sg,,,,,,,,,,,,,,Gov List,"ACRA, Google Searches",,
,,16/12/2025,THE ITALIAN ALLIANCE PTE. LTD.,THE ITALIAN ALLIANCE,,TeleSales,,Offline Sources,Adhoc,,202108207H,,,,,,,,,,,,,,,,"B2C, Offline",,,,,,,,,,,,,,,,65 9005 9739,beeling@rubato.sg,,,,,nesh@rubato.sg,,,,,,,,,Gov List,"ACRA, Google Searches",,
,,16/12/2025,LITTLE MYANMAR SG,THE LITTLE MYANMAR,,TeleSales,,Offline Sources,Adhoc,,53492709B,,,,,,,,,,,,,,,,"B2C, Offline",,,,,,,,,,,,,,,,65 9129 2598,chenyuxin1209@gmail.com,,,,,advertisingmedia2014@gmail.com,,,,,,,,,Gov List,"ACRA, Google Searches",,
,,16/12/2025,RIVERSIDE & COURTYARD (INTERNATIONAL) PTE. LTD.,RIVERSIDE & COURTYARD,,TeleSales,,Offline Sources,Adhoc,,201220758Z,,,,,,,,,,,,,,,,"B2C, Offline",,,,,,,,,,,,,,,,65 9737 4063,finance@minorfoodsingapore.com,,,,,,,,,,,,,,Gov List,"ACRA, Google Searches",,
,,16/12/2025,THE PECKING ORDER PTE. LTD.,THE PECKING ORDER,,TeleSales,,Offline Sources,Adhoc,,201427116C,,,,,,,,,,,,,,,,"B2C, Offline",,,,,,,,,,,,,,,,65 9099 7844,adam@tpo.com.sg,,,,,,,,,,,,,,Gov List,"ACRA, Google Searches",,
,,16/12/2025,THE ROYALS (PREMIUM CAKES) PTE. LTD.,THE ROYALS PREMIUM CAKES,,TeleSales,,Offline Sources,Adhoc,,200309183E,,,,,,,,,,,,,,,,"B2C, Offline",,,,,,,,,,,,,,,,65 9796 6111,joy@royalcakes.com,,,,65 9092 5013,,,,,,,,,,Gov List,"ACRA, Google Searches",,
,,16/12/2025,THE S COLLECTIVE PTE. LTD.,THE S COLLECTIVE,,TeleSales,,Offline Sources,Adhoc,,202112447H,,,,,,,,,,,,,,,,"B2C, Offline",,,,,,,,,,,,,,,,65 9092 1993,shermainek@live.com,,,,,,,,,,,,,,Gov List,"ACRA, Google Searches",,
,,16/12/2025,THE SONG OF INDIA PTE. LTD.,THE SONG OF INDIA,,TeleSales,,Offline Sources,Adhoc,,200511676M,,,,,,,,,,,,,,,,"B2C, Offline",,,,,,,,,,,,,,,,65 9100 5612,terese@songofindia.com.sg,,,,,,,,,,,,,,Gov List,"ACRA, Google Searches",,
,,16/12/2025,THE SOUTHBRIDGE HOTEL PTE. LTD.,THE SOUTHBRIDGE HOTEL,,TeleSales,,Offline Sources,Adhoc,,201213528D,,,,,,,,,,,,,,,,"B2C, Offline",,,,,,,,,,,,,,,,65 6222 2288,reservation@thesouthbridgehotel.com,,,,,,,,,,,,,,Gov List,"ACRA, Google Searches",,
,,16/12/2025,THE WANGS GROUP PTE. LTD.,THE WANGS,,TeleSales,,Offline Sources,Adhoc,,202119148K,,,,,,,,,,,,,,,,"B2C, Offline",,,,,,,,,,,,,,,,65 9438 5105,ops@thewangsgroup.sg,,,,,admin@thewangsgroup.sg,,,,,,,,,Gov List,"ACRA, Google Searches",,
,,16/12/2025,TIAN WEI SIGNATURE PTE. LTD.,TIAN WEI SIGNATURE,,TeleSales,,Offline Sources,Adhoc,,201631865D,,,,,,,,,,,,,,,,"B2C, Offline",,,,,,,,,,,,,,,,65 8908 1070,zhenyi@herloconsultancy.com,,,,,,,,,,,,,,Gov List,"ACRA, Google Searches",,
,,16/12/2025,PAPANDA GROUP PTE. LTD.,PAPANDA,,TeleSales,,Offline Sources,Adhoc,,201530112E,,,,,,,,,,,,,,,,"B2C, Offline",,,,,,,,,,,,,,,,65 9383 0429,info@papanda.com.sg,,,,,,,,,,,,,,Gov List,"ACRA, Google Searches",,
,,16/12/2025,TITTLE TATTLE (SG) PTE. LTD.,TITTLE TATTLE,,TeleSales,,Offline Sources,Adhoc,,202329256C,,,,,,,,,,,,,,,,"B2C, Offline",,,,,,,,,,,,,,,,65 9030 3576,tittletattlesg@gmail.com,,,,,,,,,,,,,,Gov List,"ACRA, Google Searches",,
,,16/12/2025,TWENTY EIGHT CAFE PTE. LTD.,TWENTY EIGHT CAFE,,TeleSales,,Offline Sources,Adhoc,,201804548H,,,,,,,,,,,,,,,,"B2C, Offline",,,,,,,,,,,,,,,,65 9119 9791,280106@twentyeightcafe.com,,,,,,,,,,,,,,Gov List,"ACRA, Google Searches",,
,,16/12/2025,UMINOIE NIHON RYORI PTE. LTD.,UMINOIE NIHON RYORI,,TeleSales,,Offline Sources,Adhoc,,200608485E,,,,,,,,,,,,,,,,"B2C, Offline",,,,,,,,,,,,,,,,65 9106 5098,uminoie.hakata@gmail.com,,,,,,,,,,,,,,Gov List,"ACRA, Google Searches",,
,,16/12/2025,VERVE CQ PTE. LTD.,VERVE CQ,,TeleSales,,Offline Sources,Adhoc,,201715029M,,,,,,,,,,,,,,,,"B2C, Offline",,,,,,,,,,,,,,,,65 9799 2838,hr@verve.sg,,,,,,,,,,,,,,Gov List,"ACRA, Google Searches",,
,,16/12/2025,WELL COLLECTIONS PTE. LTD.,WELL COLLECTIONS,,TeleSales,,Offline Sources,Adhoc,,202128597D,,,,,,,,,,,,,,,,"B2C, Offline",,,,,,,,,,,,,,,,65 9187 4142,admin@botany.com.sg,,,,,,,,,,,,,,Gov List,"ACRA, Google Searches",,
,,16/12/2025,WIN NOODLES PTE. LTD.,WIN NOODLES,,TeleSales,,Offline Sources,Adhoc,,201940607M,,,,,,,,,,,,,,,,"B2C, Offline",,,,,,,,,,,,,,,,65 9843 6873,jason.lin@winfood.sg,,,,,,,,,,,,,,Gov List,"ACRA, Google Searches",,
,,16/12/2025,WINDSOR F&B PTE. LTD.,WINDSOR F&B,,TeleSales,,Offline Sources,Adhoc,,201024614H,,,,,,,,,,,,,,,,"B2C, Offline",,,,,,,,,,,,,,,,65 8900 5594,jiexin@romar.com,,,,,,,,,,,,,,Gov List,"ACRA, Google Searches",,
,,16/12/2025,WISEMEN ENTERTAINMENT PTE. LTD.,WISEMEN ENTERTAINMENT,,TeleSales,,Offline Sources,Adhoc,,201537878D,,,,,,,,,,,,,,,,"B2C, Offline",,,,,,,,,,,,,,,,65 8388 0320,nelsonng90@hotmail.com,,,,,,,,,,,,,,Gov List,"ACRA, Google Searches",,
,,16/12/2025,WOKHAUS PTE. LTD.,WOKHAUS,,TeleSales,,Offline Sources,Adhoc,,202039866H,,,,,,,,,,,,,,,,"B2C, Offline",,,,,,,,,,,,,,,,65 9029 8917,prabhakar_a@yahoo.com,,,,,,,,,,,,,,Gov List,"ACRA, Google Searches",,
,,16/12/2025,YEDAM PTE. LTD.,YEDAM,,TeleSales,,Offline Sources,Adhoc,,201001662E,,,,,,,,,,,,,,,,"B2C, Offline",,,,,,,,,,,,,,,,65 8452 1677,salth0107@naver.com,,,,,,,,,,,,,,Gov List,"ACRA, Google Searches",,
,,16/12/2025,YOVEL REMNANT PTE. LTD.,YOVEL REMNANT,,TeleSales,,Offline Sources,Adhoc,,200908815E,,,,,,,,,,,,,,,,"B2C, Offline",,,,,,,,,,,,,,,,65 6456 5058,sarah@remnants.com.sg,,,,,,,,,,,,,,Gov List,"ACRA, Google Searches",,
,,16/12/2025,ZAI LAI 88 PTE. LTD.,ZAI LAI 88,,TeleSales,,Offline Sources,Adhoc,,201710515G,,,,,,,,,,,,,,,,"B2C, Offline",,,,,,,,,,,,,,,,65 9225 9456,shawnkoh247@gmail.com,,,,,,,,,,,,,,Gov List,"ACRA, Google Searches",,
,,16/12/2025,ZIG ENTERPRISES PTE. LTD.,ZIG,,TeleSales,,Offline Sources,Adhoc,,201930774E,,,,,,,,,,,,,,,,"B2C, Offline",,,,,,,,,,,,,,,,65 9892 7145,m.sathik9892@gmail.com,,,,,,,,,,,,,,Gov List,"ACRA, Google Searches",,
,,16/12/2025,ZION REMNANT PTE. LTD.,ZION REMNANT,,TeleSales,,Offline Sources,Adhoc,,200812013D,,,,,,,,,,,,,,,,"B2C, Offline",,,,,,,,,,,,,,,,65 6844 9938,accounts-admin@remnants.com.sg,,,,,accounts-supp@remnants.com.sg,,,,,,,,,Gov List,"ACRA, Google Searches",,
,,16/12/2025,28 HONGKONG STREET PTE. LTD.,28 HONGKONG STREET - RAP,,TeleSales,,Offline Sources,Adhoc,,201023359N,,,,,,,,,,,,,,,,"B2C, Offline",,,,,,,,,,,,,,,,65 6533 2001,logan@28hks.com,,,,,,,,,,,,,,Gov List,"ACRA, Google Searches",,
,,16/12/2025,49 SEATS PTE. LTD.,49 SEATS,,TeleSales,,Offline Sources,Adhoc,,201205537Z,,,,,,,,,,,,,,,,"B2C, Offline",,,,,,,,,,,,,,,,65 6225 4332,leonard@49seats.com,,,,,,,,,,,,,,Gov List,"ACRA, Google Searches",,
,,16/12/2025,K-BAR CAFE LLP,8 CAFE & BAR,,TeleSales,,Offline Sources,Adhoc,,T10LL1271C,,,,,,,,,,,,,,,,"B2C, Offline",,,,,,,,,,,,,,,,65 6220 4513,8cafebar@gmail.com,,,,65 9380 6370,,,,,,,,,,Gov List,"ACRA, Google Searches",,
,,16/12/2025,ADRIFT GIFT,ADRIFT,,TeleSales,,Offline Sources,Adhoc,,53439467A,,,,,,,,,,,,,,,,"B2C, Offline",,,,,,,,,,,,,,,,65 6688 5657,queries@adrift.com.au,,,,,,,,,,,,,,Gov List,"ACRA, Google Searches",,
,,16/12/2025,ALFERO ARTISAN GELATO PTE. LTD.,ALFERO ARTISAN GELATO,,TeleSales,,Offline Sources,Adhoc,,201112783N,,,,,,,,,,,,,,,,"B2C, Offline",,,,,,,,,,,,,,,,65 6702 6322,bennyng@alferogelato.com,,,,,,,,,,,,,,Gov List,"ACRA, Google Searches",,
,,16/12/2025,ALLEY BAR PTE. LTD.,ALLEY BAR,,TeleSales,,Offline Sources,Adhoc,,199503909Z,,,,,,,,,,,,,,,,"B2C, Offline",,,,,,,,,,,,,,,,65 6732 6966,mark@peranakanplace.com,,,,,,,,,,,,,,Gov List,"ACRA, Google Searches",,
,,16/12/2025,HOUSE OF AMBER NECTAR PTE. LTD.,AMBER NECTAR,,TeleSales,,Offline Sources,Adhoc,,201223969C,,,,,,,,,,,,,,,,"B2C, Offline",,,,,,,,,,,,,,,,65 6737 3774,randy@amber.nectar.com.sg,,,,,,,,,,,,,,Gov List,"ACRA, Google Searches",,
,,16/12/2025,ANGELENO PTE. LTD.,ANGELENO,,TeleSales,,Offline Sources,Adhoc,,201529830Z,,,,,,,,,,,,,,,,"B2C, Offline",,,,,,,,,,,,,,,,65 5622 1698,info@angeleno.com.sg,,,,,,,,,,,,,,Gov List,"ACRA, Google Searches",,
,,16/12/2025,BY AOKI,AOKI,,TeleSales,,Offline Sources,Adhoc,,53317094W,,,,,,,,,,,,,,,,"B2C, Offline",,,,,,,,,,,,,,,,65 6333 8015,ruziq@lesamis.com.sg,,,,,aoki@lesamis.com.sg,,,,,,,,,Gov List,"ACRA, Google Searches",,
,,16/12/2025,ANANAS CAFE PTE. LTD.,ANANAS CAFÉ,,TeleSales,,Offline Sources,Adhoc,,200719362K,,,,,,,,,,,,,,,,"B2C, Offline",,,,,,,,,,,,,,,,65 9800 5633,info@ananas.cafe,,,,,,,,,,,,,,Gov List,"ACRA, Google Searches",,
,,16/12/2025,ANANDA BHAVAN CATERING,ANANDA BHAVAN,,TeleSales,,Offline Sources,Adhoc,,42577200D,,,,,,,,,,,,,,,,"B2C, Offline",,,,,,,,,,,,,,,,65 6299 4466,admin@anandabhavan.com,,,,,catering@anandabhavan.com,,,,,hr@anandabhavan.com,,,,Gov List,"ACRA, Google Searches",,
,,16/12/2025,A ANDHRA CURRY PTE. LTD.,ANDHRA CURRY,,TeleSales,,Offline Sources,Adhoc,,202442250C,,,,,,,,,,,,,,,,"B2C, Offline",,,,,,,,,,,,,,,,65 8121 9993,andhracurry@hotmail.com,,,,,,,,,,,,,,Gov List,"ACRA, Google Searches",,
,,16/12/2025,AROMAS OF INDIA PTE. LTD.,AROMAS OF INDIA,,TeleSales,,Offline Sources,Adhoc,,200904469H,,,,,,,,,,,,,,,,"B2C, Offline",,,,,,,,,,,,,,,,65 6256 2448,info@aoi.com.sg,,,,65 6256 2448,,,,,,,,,,Gov List,"ACRA, Google Searches",,
,,16/12/2025,ARTEMIS GRILL PTE. LTD.,ARTEMIS GRILL,,TeleSales,,Offline Sources,Adhoc,,201407633K,,,,,,,,,,,,,,,,"B2C, Offline",,,,,,,,,,,,,,,,65 6635 8677,enquiries@artemisgrill.com.sg,,,,,,,,,,,,,,Gov List,"ACRA, Google Searches",,
,,16/12/2025,ASSEMBLY COFFEE HOUSE PRIVATE LIMITED,ASSEMBLY COFFEE,,TeleSales,,Offline Sources,Adhoc,,202526388N,,,,,,,,,,,,,,,,"B2C, Offline",,,,,,,,,,,,,,,,65 6735 5647,daphne@assembly.sg,,,,65 6733 3375,,,,,,,,,,Gov List,"ACRA, Google Searches",,
,,16/12/2025,AUNTIE KIM'S KOREAN RESTAURANT PTE. LTD.,AUNTIE KIMS KOREAN RESTAURANT,,TeleSales,,Offline Sources,Adhoc,,200209535W,,,,,,,,,,,,,,,,"B2C, Offline",,,,,,,,,,,,,,,,65 6452 2112,rosejjang421@gmail.com,,,,,,,,,,,,,,Gov List,"ACRA, Google Searches",,
,,16/12/2025,ROCHESTER HOLDING PTE. LTD.,B @ ROCHESTER,,TeleSales,,Offline Sources,Adhoc,,202404218W,,,,,,,,,,,,,,,,"B2C, Offline",,,,,,,,,,,,,,,,65 6778 1788,,,,,,,,,,,,,,,Gov List,"ACRA, Google Searches",,
,,16/12/2025,BADOQUE (S) CAFE PTE. LTD.,BADOQUE CAFE,,TeleSales,,Offline Sources,Adhoc,,200801718E,,,,,,,,,,,,,,,,"B2C, Offline",,,,,,,,,,,,,,,,65 6446 6928,,,,,,,,,,,,,,,Gov List,"ACRA, Google Searches",,
,,16/12/2025,BALACLAVA,BALACLAVA,,TeleSales,,Offline Sources,Adhoc,,52930688C,,,,,,,,,,,,,,,,"B2C, Offline",,,,,,,,,,,,,,,,65 6336 0050,james@balaclava.com.sg,,,,,,,,,,,,,,Gov List,"ACRA, Google Searches",,
,,16/12/2025,ATMOSPHERE BISTRO PTE. LTD.,ATMOSPHERE BISTRO & BAR,,TeleSales,,Offline Sources,Adhoc,,201534247W,,,,,,,,,,,,,,,,"B2C, Offline",,,,,,,,,,,,,,,,65 6702 4906,chiamwl@shin-sappororamen.com,,,,,,,,,,,,,,Gov List,"ACRA, Google Searches",,
,,16/12/2025,AZMI RESTAURANT PTE. LTD.,AZMI RESTAURANT,,TeleSales,,Offline Sources,Adhoc,,200617765E,,,,,,,,,,,,,,,,"B2C, Offline",,,,,,,,,,,,,,,,65 9428 0203,azmirestaurant@yahoo.com,,,,,,,,,,,,,,Gov List,"ACRA, Google Searches",,
,,16/12/2025,BEPPU MENKAN RESTAURANT (SINGAPORE) PTE LTD,BEPPU MENKAN DINING RESTAURANT,,TeleSales,,Offline Sources,Adhoc,,199804858E,,,,,,,,,,,,,,,,"B2C, Offline",,,,,,,,,,,,,,,,65 6438 0328,beppu98@gmail.com,,,,,,,,,,,,,,Gov List,"ACRA, Google Searches",,
,,16/12/2025,L BISTRO PRIVATE LIMITED,BISTRO,,TeleSales,,Offline Sources,Adhoc,,202039842Z,,,,,,,,,,,,,,,,"B2C, Offline",,,,,,,,,,,,,,,,65 6546 5229,admin@changibistro.com.sg,,,,,,,,,,,,,,Gov List,"ACRA, Google Searches",,
,,16/12/2025,ONION RESTAURANT & BAR PTE. LTD.,ONION RESTAURANT,,TeleSales,,Offline Sources,Adhoc,,201131116K,,,,,,,,,,,,,,,,"B2C, Offline",,,,,,,,,,,,,,,,65 6757 8859,kelvin@onionrestaurant.sg,,,,,,,,,,,,,,Gov List,"ACRA, Google Searches",,
,,16/12/2025,BLISS GARDEN RESTAURANT PTE. LTD.,BLISS GARDEN RESTAURANT,,TeleSales,,Offline Sources,Adhoc,,200416172N,,,,,,,,,,,,,,,,"B2C, Offline",,,,,,,,,,,,,,,,65 6789 1313,,,,,,,,,,,,,,,Gov List,"ACRA, Google Searches",,
,,16/12/2025,BILLY BOMBERS DINER PTE. LTD.,BILLY BOMBERS,,TeleSales,,Offline Sources,Adhoc,,198403931C,,,,,,,,,,,,,,,,"B2C, Offline",,,,,,,,,,,,,,,,65 9455 2204,,,,,65 6684 9345,,,,,,,,,,Gov List,"ACRA, Google Searches",,
,,16/12/2025,CAFE ETC. PTE. LTD.,CAFÉ ETC,,TeleSales,,Offline Sources,Adhoc,,201323413D,,,,,,,,,,,,,,,,"B2C, Offline",,,,,,,,,,,,,,,,65 6256 2848,cafeetc2013@gmail.com,,,,,,,,,,,,,,Gov List,"ACRA, Google Searches",,
,,16/12/2025,CANDLENUT INVESTMENT PTE. LTD.,CANDLENUT,,TeleSales,,Offline Sources,Adhoc,,201129409G,,,,,,,,,,,,,,,,"B2C, Offline",,,,,,,,,,,,,,,,65 8121 4107,enquiry@candlenut.com.sg,,,,,customerservice@comodempsey.sg,,,,,,,,,Gov List,"ACRA, Google Searches",,
,,16/12/2025,CHAITIME PTE. LTD.,CHAITIME,,TeleSales,,Offline Sources,Adhoc,,201104102H,,,,,,,,,,,,,,,,"B2C, Offline",,,,,,,,,,,,,,,,65 9698 8322,chaitime2017@gmail.com,,,,,,,,,,,,,,Gov List,"ACRA, Google Searches",,
,,16/12/2025,SG CHICKEN,CHICKEN UP,,TeleSales,,Offline Sources,Adhoc,,53412111W,,,,,,,,,,,,,,,,"B2C, Offline",,,,,,,,,,,,,,,,65 6327 1203,luke@chicken-up.com,,,,65 6481 4495,sales@chicken-up.com,,,,,,,,,Gov List,"ACRA, Google Searches",,
,,16/12/2025,CHIKARANOMOTO GLOBAL HOLDINGS PTE. LTD.,CHIKARANOMOTO,,TeleSales,,Offline Sources,Adhoc,,201329635W,,,,,,,,,,,,,,,,"B2C, Offline",,,,,,,,,,,,,,,,65 6733 2426,yoshitosano@chikaranamoto.com,,,,,enquiries@ippudo.com.sg,,,,,,,,,Gov List,"ACRA, Google Searches",,
,,16/12/2025,HUAT SEAFOOD RESTAURANT,CHIN HUAT LIVE SEAFOOD RESTAURANT,,TeleSales,,Offline Sources,Adhoc,,53427687C,,,,,,,,,,,,,,,,"B2C, Offline",,,,,,,,,,,,,,,,65 6775 7348,enquiries@chinhuatliveseafood.sg,,,,,enquires@chinhuatliveseafood.sg,,,,,,,,,Gov List,"ACRA, Google Searches",,
,,16/12/2025,CHO OMAKASE PTE. LTD.,CHO OMAKASE,,TeleSales,,Offline Sources,Adhoc,,202031486E,,,,,,,,,,,,,,,,"B2C, Offline",,,,,,,,,,,,,,,,65 6532 2098,reservations@cho.sg,,,,,,,,,,,,,,Gov List,"ACRA, Google Searches",,
,,16/12/2025,THE CHUPITOS BAR,CHUPITOS BAR,,TeleSales,,Offline Sources,Adhoc,,53168095M,,,,,,,,,,,,,,,,"B2C, Offline",,,,,,,,,,,,,,,,65 6333 4513,jamie@thebeast.sg,,,,65 6295 0017,info@thebeast.sg,,,,,,,,,Gov List,"ACRA, Google Searches",,
,,16/12/2025,COFFEE ANATOMY PTE. LTD.,COFFEE ANATOMY,,TeleSales,,Offline Sources,Adhoc,,201314461D,,,,,,,,,,,,,,,,"B2C, Offline",,,,,,,,,,,,,,,,65 9685 8187,coffeeanatomy@iinet.net.au,,,,,,,,,,,,,,Gov List,"ACRA, Google Searches",,
,,16/12/2025,COFFEE BANDITS PTE. LTD.,COFFEE BANDITS,,TeleSales,,Offline Sources,Adhoc,,201405331M,,,,,,,,,,,,,,,,"B2C, Offline",,,,,,,,,,,,,,,,65 9214 5678,catchme@coffeebandits.sg,,,,,,,,,,,,,,Gov List,"ACRA, Google Searches",,
,,16/12/2025,ONE MAN COFFEE PTE. LTD.,ONE MAN COFFEE,,TeleSales,,Offline Sources,Adhoc,,201333416N,,,,,,,,,,,,,,,,"B2C, Offline",,,,,,,,,,,,,,,,65 9757 8337,support@crustpizza.com.sg,,,,,,,,,,,,,,Gov List,"ACRA, Google Searches",,
,,16/12/2025,K-BELL PTE. LTD.,DBELL,,TeleSales,,Offline Sources,Adhoc,,201404024M,,,,,,,,,,,,,,,,"B2C, Offline",,,,,,,,,,,,,,,,65 6536 4046,reservation@dbell.sg,,,,,,,,,,,,,,Gov List,"ACRA, Google Searches",,
,,16/12/2025,COCOA COLONY PTE. LTD.,COCOA COLONY,,TeleSales,,Offline Sources,Adhoc,,201314608M,,,,,,,,,,,,,,,,"B2C, Offline",,,,,,,,,,,,,,,,65 6268 6157,info@cocoacolony.sg,,,,,,,,,,,,,,Gov List,"ACRA, Google Searches",,
,,16/12/2025,CROSTA PIZZA PTE. LTD.,CROSTA PIZZA,,TeleSales,,Offline Sources,Adhoc,,201330059K,,,,,,,,,,,,,,,,"B2C, Offline",,,,,,,,,,,,,,,,65 6295 5505,crostapizza@gmail.com,,,,,,,,,,,,,,Gov List,"ACRA, Google Searches",,
,,16/12/2025,DRINKS & CO PTE. LTD.,DRINKS & BAR,,TeleSales,,Offline Sources,Adhoc,,201622361E,,,,,,,,,,,,,,,,"B2C, Offline",,,,,,,,,,,,,,,,65 6222 2005,info@drinksandco.asia,,,,,richard@drinksandco.asia,,,,,,,,,Gov List,"ACRA, Google Searches",,
,,16/12/2025,EDMUND SERVICES,EDMUNDS,,TeleSales,,Offline Sources,Adhoc,,53201056J,,,,,,,,,,,,,,,,"B2C, Offline",,,,,,,,,,,,,,,,65 9500 9995,,,,,,,,,,,,,,,Gov List,"ACRA, Google Searches",,
,,16/12/2025,THE EMPRESS PTE. LTD.,EMPRESS,,TeleSales,,Offline Sources,Adhoc,,201914415E,,,,,,,,,,,,,,,,"B2C, Offline",,,,,,,,,,,,,,,,65 6238 8733,jack@prive.com.sg,,,,,,,,,,,,,,Gov List,"ACRA, Google Searches",,
,,16/12/2025,L.ELEMENTS PTE. LTD.,ELEMENTS,,TeleSales,,Offline Sources,Adhoc,,201300157H,,,,,,,,,,,,,,,,"B2C, Offline",,,,,,,,,,,,,,,,65 6632 0447,contact@elementsandco.com.sg,,,,,,,,,,,,,,Gov List,"ACRA, Google Searches",,
,,16/12/2025,ELIXIR JUICE PTE. LTD.,ELIXIR JUICE,,TeleSales,,Offline Sources,Adhoc,,201330079R,,,,,,,,,,,,,,,,"B2C, Offline",,,,,,,,,,,,,,,,65 9106 2682,elixircold@gmail.com,,,,65 9654 1523,,,,,,,,,,Gov List,"ACRA, Google Searches",,
,,16/12/2025,FINE PALATE PTE. LTD.,FINE PALATE CAFE,,TeleSales,,Offline Sources,Adhoc,,200206965E,,,,,,,,,,,,,,,,"B2C, Offline",,,,,,,,,,,,,,,,65 6463 1671,cafe@finepalate.com.sg,,,,,,,,,,,,,,Gov List,"ACRA, Google Searches",,
,,16/12/2025,FIVE BY FIVE PTE. LTD.,FIVE BY FIVE,,TeleSales,,Offline Sources,Adhoc,,201615706M,,,,,,,,,,,,,,,,"B2C, Offline",,,,,,,,,,,,,,,,65 6452 7449,enquiry@fivebyfive.sg,,,,,,,,,,,,,,Gov List,"ACRA, Google Searches",,
,,16/12/2025,FOSTER & RED PTE LTD,FOSTER,,TeleSales,,Offline Sources,Adhoc,,198000924W,,,,,,,,,,,,,,,,"B2C, Offline",,,,,,,,,,,,,,,,65 6466 8939,fosters_restaurant@yahoo.com.sg,,,,,,,,,,,,,,Gov List,"ACRA, Google Searches",,
,,16/12/2025,U FRESH PTE. LTD.,FRESH,,TeleSales,,Offline Sources,Adhoc,,201939862M,,,,,,,,,,,,,,,,"B2C, Offline",,,,,,,,,,,,,,,,65 8828 7084,contact@ohsofresh.com.sg,,,,,,,,,,,,,,Gov List,"ACRA, Google Searches",,
,,16/12/2025,FRUIT PARADISE,FRUIT PARADISE FRUIT TART SHOP,,TeleSales,,Offline Sources,Adhoc,,53289641J,,,,,,,,,,,,,,,,"B2C, Offline",,,,,,,,,,,,,,,,65 6844 9375,feedback@jfh.com.sg,,,,,,,,,,,,,,Gov List,"ACRA, Google Searches",,
,,16/12/2025,K BAR & RESTAURANT LLP,G-ONE RESTAURANT & BAR,,TeleSales,,Offline Sources,Adhoc,,T11LL0863E,,,,,,,,,,,,,,,,"B2C, Offline",,,,,,,,,,,,,,,,65 6438 1553,,,,,,,,,,,,,,,Gov List,"ACRA, Google Searches",,
,,16/12/2025,GREENLEAF CAFE PTE. LTD.,GREENLEAF CAFÉ,,TeleSales,,Offline Sources,Adhoc,,201219418N,,,,,,,,,,,,,,,,"B2C, Offline",,,,,,,,,,,,,,,,65 6291 1171,greenleafcafe43@gmail.com,,,,65 9783 7476,,,,,,,,,,Gov List,"ACRA, Google Searches",,
,,16/12/2025,GREENWITCH PTE. LTD.,GREENWITCH,,TeleSales,,Offline Sources,Adhoc,,201023270G,,,,,,,,,,,,,,,,"B2C, Offline",,,,,,,,,,,,,,,,65 6784 0628,,,,,,,,,,,,,,,Gov List,"ACRA, Google Searches",,
,,16/12/2025,SG GYOZA PTE. LTD.,GYOZA-YA,,TeleSales,,Offline Sources,Adhoc,,202343362D,,,,,,,,,,,,,,,,"B2C, Offline",,,,,,,,,,,,,,,,65 6737 5581,,,,,,,,,,,,,,,Gov List,"ACRA, Google Searches",,
,,16/12/2025,REINS INTERNATIONAL (SINGAPORE) PTE. LTD.,REINS,,TeleSales,,Offline Sources,Adhoc,,200408426M,,,,,,,,,,,,,,,,"B2C, Offline",,,,,,,,,,,,,,,,65 9759 1840,yukihiko.hinooka@reins.co.jp,,,,65 6238 1002,,,,,,,,,,Gov List,"ACRA, Google Searches",,
,,16/12/2025,JO JAPANESE RESTAURANT PTE. LTD.,HANA JAPANESE RESTAURANT,,TeleSales,,Offline Sources,Adhoc,,202201782W,,,,,,,,,,,,,,,,"B2C, Offline",,,,,,,,,,,,,,,,65 6273 0288,elaine@hana.com.sg,,,,,,,,,,,,,,Gov List,"ACRA, Google Searches",,
,,16/12/2025,HANOI PHO F&B PTE. LTD.,HANOI PHO,,TeleSales,,Offline Sources,Adhoc,,201300308E,,,,,,,,,,,,,,,,"B2C, Offline",,,,,,,,,,,,,,,,65 9855 0362,jennymac@hanoipho.sg,,,,,,,,,,,,,,Gov List,"ACRA, Google Searches",,
,,16/12/2025,HARILELA HOSPITALITY PTE. LTD.,HARILELA HOSPITALITY,,TeleSales,,Offline Sources,Adhoc,,200403587M,,,,,,,,,,,,,,,,"B2C, Offline",,,,,,,,,,,,,,,,65 6733 8333,christopher.lee@harilela.com,,,,,,,,,,,,,,Gov List,"ACRA, Google Searches",,
,,16/12/2025,EAT AT SEVEN PTE. LTD.,EAT AT SEVEN,,TeleSales,,Offline Sources,Adhoc,,201416647H,,,,,,,,,,,,,,,,"B2C, Offline",,,,,,,,,,,,,,,,65 6339 1440,,,,,,,,,,,,,,,Gov List,"ACRA, Google Searches",,
,,16/12/2025,GODHULI SANJH PTE. LTD.,GODHULI SANJH,,TeleSales,,Offline Sources,Adhoc,,201535730W,,,,,,,,,,,,,,,,"B2C, Offline",,,,,,,,,,,,,,,,65 8111 2011,,,,,,,,,,,,,,,Gov List,"ACRA, Google Searches",,
,,16/12/2025,INDIAN HOUSE PTE. LTD.,INDIAN HOUSE,,TeleSales,,Offline Sources,Adhoc,,200616498R,,,,,,,,,,,,,,,,"B2C, Offline",,,,,,,,,,,,,,,,65 6438 4971,cuisineindianhouse@gmail.com,,,,65 8198 9545,,,,,,,,,,Gov List,"ACRA, Google Searches",,
,,16/12/2025,HOKKAIDO SUSHI PTE. LTD.,HOKKAIDO SUSHI RESTAURANT,,TeleSales,,Offline Sources,Adhoc,,201212740N,,,,,,,,,,,,,,,,"B2C, Offline",,,,,,,,,,,,,,,,65 6221 3075,hokkaidofinedining@gmail.com,,,,,,,,,,,,,,Gov List,"ACRA, Google Searches",,
,,16/12/2025,HOME KITCHEN PTE. LTD.,HOME BAR& KITCHEN,,TeleSales,,Offline Sources,Adhoc,,201620761K,,,,,,,,,,,,,,,,"B2C, Offline",,,,,,,,,,,,,,,,65 8383 0708,simkl@msn.com,,,,,,,,,,,,,,Gov List,"ACRA, Google Searches",,
,,16/12/2025,ISTANBUL GRILL'S AND CAFE,ISTANBULS GRILL & CAFE,,TeleSales,,Offline Sources,Adhoc,,53155149X,,,,,,,,,,,,,,,,"B2C, Offline",,,,,,,,,,,,,,,,65 6296 4084,seckin22526@hotmail.com,,,,,,,,,,,,,,Gov List,"ACRA, Google Searches",,
,,16/12/2025,IZY DINING AND BAR PTE. LTD.,IZY DINING & BAR,,TeleSales,,Offline Sources,Adhoc,,201222533D,,,,,,,,,,,,,,,,"B2C, Offline",,,,,,,,,,,,,,,,65 9678 0027,amber@izy.com.sg,,,,,,,,,,,,,,Gov List,"ACRA, Google Searches",,
,,16/12/2025,J'PAN BAKERY PTE. LTD.,JPAN BAKERY,,TeleSales,,Offline Sources,Adhoc,,201217374Z,,,,,,,,,,,,,,,,"B2C, Offline",,,,,,,,,,,,,,,,65 9769 8112,weeseng.phua@jpanbakery.com,,,,,,,,,,,,,,Gov List,"ACRA, Google Searches",,
,,16/12/2025,JOO BAR PTE. LTD.,JOO BAR,,TeleSales,,Offline Sources,Adhoc,,201412544R,,,,,,,,,,,,,,,,"B2C, Offline",,,,,,,,,,,,,,,,65 8138 1628,questions@joo-bar.com,,,,65 8138 1628,,,,,,,,,,Gov List,"ACRA, Google Searches",,
,,16/12/2025,KANSHOKU RAMEN PTE. LTD.,KANSHOKU RAMEN BAR,,TeleSales,,Offline Sources,Adhoc,,201417275D,,,,,,,,,,,,,,,,"B2C, Offline",,,,,,,,,,,,,,,,65 6384 4770,eat@kanshokuramen.com,,,,,,,,,,,,,,Gov List,"ACRA, Google Searches",,
,,16/12/2025,KAY LEE PTE. LTD.,KAY LEE,,TeleSales,,Offline Sources,Adhoc,,201427788Z,,,,,,,,,,,,,,,,"B2C, Offline",,,,,,,,,,,,,,,,65 6594 2128,dixon.hong@aztech.com,,,,,,,,,,,,,,Gov List,"ACRA, Google Searches",,
,,16/12/2025,KENG ENG KEE SEAFOOD PTE. LTD.,KENG ENG KEE SEAFOOD,,TeleSales,,Offline Sources,Adhoc,,201624147H,,,,,,,,,,,,,,,,"B2C, Offline",,,,,,,,,,,,,,,,65 6272 1038,,,,,,,,,,,,,,,Gov List,"ACRA, Google Searches",,
,,16/12/2025,KHAN RESTAURANT PTE. LTD.,KHAN RESTAURANT,,TeleSales,,Offline Sources,Adhoc,,201129443M,,,,,,,,,,,,,,,,"B2C, Offline",,,,,,,,,,,,,,,,65 6296 3518,khanrestaurant1211@hotmail.com,,,,,,,,,,,,,,Gov List,"ACRA, Google Searches",,
,,16/12/2025,KIM'S FAMILY FOOD PTE. LTD.,KIM FAMILY FOOD,,TeleSales,,Offline Sources,Adhoc,,200802470G,,,,,,,,,,,,,,,,"B2C, Offline",,,,,,,,,,,,,,,,65 6221 0401,kimsfamily.kr@hotmail.com,,,,,,,,,,,,,,Gov List,"ACRA, Google Searches",,
,,16/12/2025,KING OF KEBABS,KING KEBABS,,TeleSales,,Offline Sources,Adhoc,,53191576W,,,,,,,,,,,,,,,,"B2C, Offline",,,,,,,,,,,,,,,,65 6532 1110,kingkebabs.miltonkeynes@gmail.com,,,,,,,,,,,,,,Gov List,"ACRA, Google Searches",,
,,16/12/2025,KKO KKO NA RA PTE. LTD.,KKO KKO NA RA,,TeleSales,,Offline Sources,Adhoc,,200721949R,,,,,,,,,,,,,,,,"B2C, Offline",,,,,,,,,,,,,,,,65 6224 8186,kkokkonara@hotmail.com,,,,,,,,,,,,,,Gov List,"ACRA, Google Searches",,
,,16/12/2025,L'ETOILE CAFE PTE. LTD.,LETOILE CAFE,,TeleSales,,Offline Sources,Adhoc,,201108357C,,,,,,,,,,,,,,,,"B2C, Offline",,,,,,,,,,,,,,,,65 6298 2872,stephen.ng@letoile.com.sg,,,,,,,,,,,,,,Gov List,"ACRA, Google Searches",,
,,16/12/2025,MY NONNA'S PTE. LTD.,LA NONNA,,TeleSales,,Offline Sources,Adhoc,,201540790K,,,,,,,,,,,,,,,,"B2C, Offline",,,,,,,,,,,,,,,,65 6468 1982,info@lanonna.sg,,,,,,,,,,,,,,Gov List,"ACRA, Google Searches",,
,,16/12/2025,LE ROUGE PTE. LTD.,LE ROUGE,,TeleSales,,Offline Sources,Adhoc,,200610989H,,,,,,,,,,,,,,,,"B2C, Offline",,,,,,,,,,,,,,,,65 6327 9828,sales@lerougesg.com,,,,,,,,,,,,,,Gov List,"ACRA, Google Searches",,
,,16/12/2025,LEE WEE & BROTHERS PTE. LTD.,LEE WEE & BROTHERS,,TeleSales,,Offline Sources,Adhoc,,200415745Z,,,,,,,,,,,,,,,,"B2C, Offline",,,,,,,,,,,,,,,,65 6385 9122,,,,,,,,,,,,,,,Gov List,"ACRA, Google Searches",,
,,16/12/2025,LEOPOLD PTE. LTD.,LEOPOLD,,TeleSales,,Offline Sources,Adhoc,,202531850W,,,,,,,,,,,,,,,,"B2C, Offline",,,,,,,,,,,,,,,,65 6534 7640,klaus@gastrobar.com,,,,,gastrobar@leopold.sg,,,,,,,,,Gov List,"ACRA, Google Searches",,
,,16/12/2025,D-KPO,KPO,,TeleSales,,Offline Sources,Adhoc,,53215134L,,,,,,,,,,,,,,,,"B2C, Offline",,,,,,,,,,,,,,,,65 6733 3648,,,,,,,,,,,,,,,Gov List,"ACRA, Google Searches",,
,,16/12/2025,KYO SG PTE. LTD.,KYO,,TeleSales,,Offline Sources,Adhoc,,202442002K,,,,,,,,,,,,,,,,"B2C, Offline",,,,,,,,,,,,,,,,65 8299 8735,info@clubkyo.com,,,,,,,,,,,,,,Gov List,"ACRA, Google Searches",,
,,16/12/2025,LE BISTROT DU SOMMELIER PTE. LTD.,LE BISTROT DU SOMMELIER,,TeleSales,,Offline Sources,Adhoc,,200806194W,,,,,,,,,,,,,,,,"B2C, Offline",,,,,,,,,,,,,,,,65 6333 1982,max@lebistrotdusommelier.com,,,,65 9821 3047,resa@lebistrotdusommelier.com,,,,,,,,,Gov List,"ACRA, Google Searches",,
,,16/12/2025,LHN GROUP PTE. LTD.,LHN,,TeleSales,,Offline Sources,Adhoc,,200502846C,,,,,,,,,,,,,,,,"B2C, Offline",,,,,,,,,,,,,,,,65 6368 8328,space.enquiry@lhngroup.com.sg,,,,,,,,,,,,,,Gov List,"ACRA, Google Searches",,
,,16/12/2025,LOAVES ME GROUP PTE. LTD.,LOAVES ME,,TeleSales,,Offline Sources,Adhoc,,201506821M,,,,,,,,,,,,,,,,"B2C, Offline",,,,,,,,,,,,,,,,65 9665 1631,loavesme@yahoo.com.sg,,,,,,,,,,,,,,Gov List,"ACRA, Google Searches",,
,,16/12/2025,LOKAL PTE. LTD.,LOKAL,,TeleSales,,Offline Sources,Adhoc,,201921288G,,,,,,,,,,,,,,,,"B2C, Offline",,,,,,,,,,,,,,,,65 6423 9918,hello@thelokalsingapore.com,,,,,,,,,,,,,,Gov List,"ACRA, Google Searches",,
,,16/12/2025,LOTS GOURMET (S) PTE. LTD.,LOTS GOURMET,,TeleSales,,Offline Sources,Adhoc,,200615628Z,,,,,,,,,,,,,,,,"B2C, Offline",,,,,,,,,,,,,,,,65 6633 9651,lotgourmetstop@gmail.com,,,,,hello@lotsgourmet.com,,,,,jennypang@lotsgourmet.com,,,,Gov List,"ACRA, Google Searches",,
,,16/12/2025,THE LO AND BEHOLD GROUP PTE. LTD.,LO & BEHOLD,,TeleSales,,Offline Sources,Adhoc,,200710156E,,,,,,,,,,,,,,,,"B2C, Offline",,,,,,,,,,,,,,,,65 6338 8035,andrew.ing@lobehold.com,,,,,,,,,,,,,,Gov List,"ACRA, Google Searches",,
,,16/12/2025,LOWER EAST SIDE PTE. LTD.,LOWER EAST SIDE,,TeleSales,,Offline Sources,Adhoc,,201313386M,,,,,,,,,,,,,,,,"B2C, Offline",,,,,,,,,,,,,,,,65 6346 8102,hello@50rp.com.sg,,,,65 6221 9555,,,,,,,,,,Gov List,"ACRA, Google Searches",,
,,16/12/2025,S K LUXE PTE. LTD.,LUXE,,TeleSales,,Offline Sources,Adhoc,,201200900C,,,,,,,,,,,,,,,,"B2C, Offline",,,,,,,,,,,,,,,,65 6221 5615,richard@luxesydney.sg,,,,,,,,,,,,,,Gov List,"ACRA, Google Searches",,
,,16/12/2025,MADURA'S RESTAURANT PTE. LTD.,MADURAS RESTAURANT,,TeleSales,,Offline Sources,Adhoc,,200712880M,,,,,,,,,,,,,,,,"B2C, Offline",,,,,,,,,,,,,,,,65 8183 9075,enquiry@madurasfood.com,,,,,madurarest@yahoo.com.sg,,,,,,,,,Gov List,"ACRA, Google Searches",,
,,16/12/2025,MAMANDA PTE. LTD.,MAMANDA,,TeleSales,,Offline Sources,Adhoc,,201208500N,,,,,,,,,,,,,,,,"B2C, Offline",,,,,,,,,,,,,,,,65 6396 6646,business@mamanda.com.sg,,,,,,,,,,,,,,Gov List,"ACRA, Google Searches",,
,,16/12/2025,MARCO MARCO SINGAPORE PTE. LTD.,MARCO MARCO,,TeleSales,,Offline Sources,Adhoc,,200922421N,,,,,,,,,,,,,,,,"B2C, Offline",,,,,,,,,,,,,,,,65 9710 5306,friedrich@marcomarco.com.sg,,,,,,,,,,,,,,Gov List,"ACRA, Google Searches",,
,,16/12/2025,LONDON FAT DUCK PTE. LTD.,LONDON FAT DUCK,,TeleSales,,Offline Sources,Adhoc,,201437753E,,,,,,,,,,,,,,,,"B2C, Offline",,,,,,,,,,,,,,,,65 9385 9503,wesgtw@gmail.com,,,,65 9233 3452,,,,,,,,,,Gov List,"ACRA, Google Searches",,
,,16/12/2025,MANZOKU INVESTMENT PTE. LTD.,MANZOKU,,TeleSales,,Offline Sources,Adhoc,,200715893G,,,,,,,,,,,,,,,,"B2C, Offline",,,,,,,,,,,,,,,,65 6734 4436,enquiries@manzoku.com.sg,,,,,enquiries@chikuwa.com.sg,,,,,,,,,Gov List,"ACRA, Google Searches",,
,,16/12/2025,MATCHAYA ASIA PTE. LTD.,MATCHAYA,,TeleSales,,Offline Sources,Adhoc,,202005245E,,,,,,,,,,,,,,,,"B2C, Offline",,,,,,,,,,,,,,,,65 9837 3187,info.telepathic@gmail.com,,,,,,,,,,,,,,Gov List,"ACRA, Google Searches",,
,,16/12/2025,MAYIM CHINESE CUISINE PTE. LTD.,MAYIM CHINESE CUISINE,,TeleSales,,Offline Sources,Adhoc,,199704980G,,,,,,,,,,,,,,,,"B2C, Offline",,,,,,,,,,,,,,,,65 6794 1590,,,,,,,,,,,,,,,Gov List,"ACRA, Google Searches",,
,,16/12/2025,MCGETTIGAN'S SINGAPORE PTE. LTD.,MCGETTIGANS,,TeleSales,,Offline Sources,Adhoc,,201418064G,,,,,,,,,,,,,,,,"B2C, Offline",,,,,,,,,,,,,,,,65 6837 0577,sophie@mcgettigans.com,,,,65 8715 9857,,,,,,,,,,Gov List,"ACRA, Google Searches",,
,,16/12/2025,OUE LIMITED,ME @ OUE,,TeleSales,,Offline Sources,Adhoc,,196400050E,,,,,,,,,,,,,,,,"B2C, Offline",,,,,,,,,,,,,,,,65 6634 4555,loic-esposito@me-oue.com,,,,,,,,,,,,,,Gov List,"ACRA, Google Searches",,
,,16/12/2025,MEAT COLLECTIVE SINGAPORE PRIVATE LIMITED,MEAT & GREAT COLLECTIVE,,TeleSales,,Offline Sources,Adhoc,,201936674H,,,,,,,,,,,,,,,,"B2C, Offline",,,,,,,,,,,,,,,,65 9374 8449,meatandgreen@gmail.com,,,,,,,,,,,,,,Gov List,"ACRA, Google Searches",,
,,16/12/2025,MIKAWA YAKITORI BAR PTE. LTD.,MIKAWA YAKITORI BAR,,TeleSales,,Offline Sources,Adhoc,,201526997W,,,,,,,,,,,,,,,,"B2C, Offline",,,,,,,,,,,,,,,,65 9681 6606,enquiry@mikawayakitori.sg,,,,,,,,,,,,,,Gov List,"ACRA, Google Searches",,
,,16/12/2025,MISAKI JAPANESE RESTAURANT PTE. LTD.,MISAKI JAPANESE RESTAURANT,,TeleSales,,Offline Sources,Adhoc,,201421419Z,,,,,,,,,,,,,,,,"B2C, Offline",,,,,,,,,,,,,,,,65 6443 1187,kenkhor71@gmail.com,,,,,,,,,,,,,,Gov List,"ACRA, Google Searches",,
,,16/12/2025,MISCHIEF & MISCHIEF PTE. LTD.,MISCHIEF,,TeleSales,,Offline Sources,Adhoc,,201500897H,,,,,,,,,,,,,,,,"B2C, Offline",,,,,,,,,,,,,,,,65 6532 0481,asirirookery@gmail.com,,,,,,,,,,,,,,Gov List,"ACRA, Google Searches",,
,,16/12/2025,MONSTER CURRY PTE. LTD.,MONSTER CURRY,,TeleSales,,Offline Sources,Adhoc,,200915417W,,,,,,,,,,,,,,,,"B2C, Offline",,,,,,,,,,,,,,,,65 6238 1728,hello@monstercurry.com.sg,,,,,,,,,,,,,,Gov List,"ACRA, Google Searches",,
,,16/12/2025,HOUSE OF MOOKATA LLP,MOOKATA HOUSE,,TeleSales,,Offline Sources,Adhoc,,T18LL0576E,,,,,,,,,,,,,,,,"B2C, Offline",,,,,,,,,,,,,,,,65 6348 1275,james_ah_yong@hotmail.com,,,,,,,,,,,,,,Gov List,"ACRA, Google Searches",,
,,16/12/2025,MOTHER'S RESTAURANT PTE. LTD.,MOTHERS RESTAURANT,,TeleSales,,Offline Sources,Adhoc,,200816238W,,,,,,,,,,,,,,,,"B2C, Offline",,,,,,,,,,,,,,,,65 9382 0874,,,,,,,,,,,,,,,Gov List,"ACRA, Google Searches",,
,,16/12/2025,MAYURA LABS PTE. LTD.,MAYURA,,TeleSales,,Offline Sources,Adhoc,,202519579M,,,,,,,,,,,,,,,,"B2C, Offline",,,,,,,,,,,,,,,,65 6449 8466,sales@mayuracuisine.com,,,,,,,,,,,,,,Gov List,"ACRA, Google Searches",,
,,16/12/2025,MEYER HOUSE PTE. LTD.,MEYER HOUSE,,TeleSales,,Offline Sources,Adhoc,,201503929E,,,,,,,,,,,,,,,,"B2C, Offline",,,,,,,,,,,,,,,,65 6546 0800,us@meyerhouse.sg,,,,,,,,,,,,,,Gov List,"ACRA, Google Searches",,
,,16/12/2025,MINORA CUISINE PTE. LTD.,MINORA CUISINE,,TeleSales,,Offline Sources,Adhoc,,200706115D,,,,,,,,,,,,,,,,"B2C, Offline",,,,,,,,,,,,,,,,65 6296 4225,enquiry@minora.com.sg,,,,65 6341 7750,eliyas.star@gmail.com,,,,,,,,,Gov List,"ACRA, Google Searches",,
,,16/12/2025,MUJI (SINGAPORE) PTE. LTD.,MUJI HQ,,TeleSales,,Offline Sources,Adhoc,,200300025H,,,,,,,,,,,,,,,,"B2C, Offline",,,,,,,,,,,,,,,,65 6346 4123,ng_hwa_kim@muji.com.sg,,,,,,,,,,,,,,Gov List,"ACRA, Google Searches",,
,,16/12/2025,MUSTARD SEED RESTAURANT LLP,MUSTARD RESTAURANT,,TeleSales,,Offline Sources,Adhoc,,T14LL2824L,,,,,,,,,,,,,,,,"B2C, Offline",,,,,,,,,,,,,,,,65 9630 4737,mustardrestaurant@yahoo.com,,,,65 6297 8422,,,,,,,,,,Gov List,"ACRA, Google Searches",,
,,16/12/2025,NARA JAPANESE RESTAURANT PTE. LTD.,NARA JAPANESE RESTAURANT,,TeleSales,,Offline Sources,Adhoc,,200407764H,,,,,,,,,,,,,,,,"B2C, Offline",,,,,,,,,,,,,,,,65 6256 6568,reservations@narajapanese.com.sg,,,,,,,,,,,,,,Gov List,"ACRA, Google Searches",,
,,16/12/2025,RASA SINGAPURA,NEW RASA SINGAPURA,,TeleSales,,Offline Sources,Adhoc,,53146126B,,,,,,,,,,,,,,,,"B2C, Offline",,,,,,,,,,,,,,,,65 9818 8101,new.rasa.singapura@gmail.com,,,,,,,,,,,,,,Gov List,"ACRA, Google Searches",,
,,16/12/2025,P.O. NOSH PRIVATE LIMITED,NOSH,,TeleSales,,Offline Sources,Adhoc,,202040656W,,,,,,,,,,,,,,,,"B2C, Offline",,,,,,,,,,,,,,,,65 6779 4644,info@nosh.com.sg,,,,,,,,,,,,,,Gov List,"ACRA, Google Searches",,
,,16/12/2025,O'BRIENS PTE. LTD.,O BRIENS,,TeleSales,,Offline Sources,Adhoc,,202133244Z,,,,,,,,,,,,,,,,"B2C, Offline",,,,,,,,,,,,,,,,65 6535 7891,hugh@obriens.com.sg,,,,,,,,,,,,,,Gov List,"ACRA, Google Searches",,
,,16/12/2025,JO JAPANESE RESTAURANT PTE. LTD.,O-AN JAPANESE RESTAURANT,,TeleSales,,Offline Sources,Adhoc,,202201782W,,,,,,,,,,,,,,,,"B2C, Offline",,,,,,,,,,,,,,,,65 6221 7781,kmfood@gmail.com,,,,,,,,,,,,,,Gov List,"ACRA, Google Searches",,
,,16/12/2025,BEAN,OBEAN,,TeleSales,,Offline Sources,Adhoc,,53417717D,,,,,,,,,,,,,,,,"B2C, Offline",,,,,,,,,,,,,,,,65 9835 1797,,,,,,,,,,,,,,,Gov List,"ACRA, Google Searches",,
,,16/12/2025,ODD ONE OUT TEA PTE. LTD.,ODD ONE OUT,,TeleSales,,Offline Sources,Adhoc,,202026732E,,,,,,,,,,,,,,,,"B2C, Offline",,,,,,,,,,,,,,,,65 6738 8898,debby@peranakanplace.com,,,,,,,,,,,,,,Gov List,"ACRA, Google Searches",,
,,16/12/2025,MUSHROOM,MUSHROOM CAFÉ,,TeleSales,,Offline Sources,Adhoc,,53023846B,,,,,,,,,,,,,,,,"B2C, Offline",,,,,,,,,,,,,,,,65 6303 2358,greatmushrooms@yahoo.com,,,,,,,,,,,,,,Gov List,"ACRA, Google Searches",,
,,16/12/2025,NECESSARY PROVISIONS PTE. LTD.,NECESSARY PROVISIONS,,TeleSales,,Offline Sources,Adhoc,,201230549G,,,,,,,,,,,,,,,,"B2C, Offline",,,,,,,,,,,,,,,,65 9231 7920,hello@necessaryprovisions.com,,,,,,,,,,,,,,Gov List,"ACRA, Google Searches",,
,,16/12/2025,NUSS PTE. LTD.,NUSS,,TeleSales,,Offline Sources,Adhoc,,202402662C,,,,,,,,,,,,,,,,"B2C, Offline",,,,,,,,,,,,,,,,65 9069 6069,richardc@nuss.org.sg,,,,,,,,,,,,,,Gov List,"ACRA, Google Searches",,
,,16/12/2025,OCEANS OF SEAFOOD PTE. LTD.,OCEANS OF SEAFOOD,,TeleSales,,Offline Sources,Adhoc,,201301658H,,,,,,,,,,,,,,,,"B2C, Offline",,,,,,,,,,,,,,,,65 6466 1005,,,,,,,,,,,,,,,Gov List,"ACRA, Google Searches",,
,,16/12/2025,OKADA COFFEE PTE. LTD.,OKADA COFFEE,,TeleSales,,Offline Sources,Adhoc,,201131725Z,,,,,,,,,,,,,,,,"B2C, Offline",,,,,,,,,,,,,,,,65 6443 1948,okada@okadacoffee.com.sg,,,,,,,,,,,,,,Gov List,"ACRA, Google Searches",,
,,16/12/2025,OH DELI PTE. LTD.,OH DELI,,TeleSales,,Offline Sources,Adhoc,,200912441C,,,,,,,,,,,,,,,,"B2C, Offline",,,,,,,,,,,,,,,,65 6440 4409,sales@ohdeli.com.sg,,,,,,,,,,,,,,Gov List,"ACRA, Google Searches",,
,,16/12/2025,ONE CONCEPT PTE. LTD.,ONE CONCEPT,,TeleSales,,Offline Sources,Adhoc,,200803529M,,,,,,,,,,,,,,,,"B2C, Offline",,,,,,,,,,,,,,,,65 6225 8049,info@one-concept.com.sg,,,,,,,,,,,,,,Gov List,"ACRA, Google Searches",,
,,16/12/2025,ORIGINAL PTE. LTD.,ORIGINAL SIN,,TeleSales,,Offline Sources,Adhoc,,201935610M,,,,,,,,,,,,,,,,"B2C, Offline",,,,,,,,,,,,,,,,65 6475 5605,info@originalsin.com.sg,,,,65 6475 5605,,,,,,,,,,Gov List,"ACRA, Google Searches",,
,,16/12/2025,ASIA PACIFIC COFFEE PTE LTD,PACIFIC COFFEE,,TeleSales,,Offline Sources,Adhoc,,199005011H,,,,,,,,,,,,,,,,"B2C, Offline",,,,,,,,,,,,,,,,65 6327 4835,amylee@pacificcoffee.com.sg,,,,,,,,,,,,,,Gov List,"ACRA, Google Searches",,
,,16/12/2025,BROWNIE,POSH BROWNIE,,TeleSales,,Offline Sources,Adhoc,,53474527W,,,,,,,,,,,,,,,,"B2C, Offline",,,,,,,,,,,,,,,,65 9007 0014,gacebook@posh.sg,,,,,shop@posh.sg,,,,,,,,,Gov List,"ACRA, Google Searches",,
,,16/12/2025,PAPPAMIA GROUP PTE. LTD.,PAPPAMIA,,TeleSales,,Offline Sources,Adhoc,,200919828E,,,,,,,,,,,,,,,,"B2C, Offline",,,,,,,,,,,,,,,,65 6834 4713,jess@pappamia.com.sg,,,,,infopappamia@gmail.com,,,,,,,,,Gov List,"ACRA, Google Searches",,
,,16/12/2025,PASARBELLA PTE. LTD.,PASARBELLA,,TeleSales,,Offline Sources,Adhoc,,201313968R,,,,,,,,,,,,,,,,"B2C, Offline",,,,,,,,,,,,,,,,65 6887 0077,xian@pasarballa.com,,,,,,,,,,,,,,Gov List,"ACRA, Google Searches",,
,,16/12/2025,PATISSERIE G PTE. LTD.,PATISSERIE G,,TeleSales,,Offline Sources,Adhoc,,201410863C,,,,,,,,,,,,,,,,"B2C, Offline",,,,,,,,,,,,,,,,65 9187 8576,ryan@patisserieg.com,,,,65 6338 7578,contact@patisserieg.com,,,,,,,,,Gov List,"ACRA, Google Searches",,
,,16/12/2025,OLD HABITS SG PTE. LTD.,OLD HABITS,,TeleSales,,Offline Sources,Adhoc,,201925505C,,,,,,,,,,,,,,,,"B2C, Offline",,,,,,,,,,,,,,,,65 9127 7147,oldhabitssg@gmail.com,,,,,,,,,,,,,,Gov List,"ACRA, Google Searches",,
,,16/12/2025,OLD HEN COFFEE,OLD HEN COFFEE BAR,,TeleSales,,Offline Sources,Adhoc,,53274893W,,,,,,,,,,,,,,,,"B2C, Offline",,,,,,,,,,,,,,,,65 6341 5458,hello@oldhencoffee.com,,,,,,,,,,,,,,Gov List,"ACRA, Google Searches",,
,,16/12/2025,PHO STOP PTE. LTD.,PHO STOP,,TeleSales,,Offline Sources,Adhoc,,201406935Z,,,,,,,,,,,,,,,,"B2C, Offline",,,,,,,,,,,,,,,,65 6534 8178,ngon@phostop.sg,,,,,,,,,,,,,,Gov List,"ACRA, Google Searches",,
,,16/12/2025,PIQUE NIQUE PTE. LTD.,PIQUE NIQUE,,TeleSales,,Offline Sources,Adhoc,,202226130D,,,,,,,,,,,,,,,,"B2C, Offline",,,,,,,,,,,,,,,,65 6293 3121,sweets@sugardaddy.com.sg,,,,,,,,,,,,,,Gov List,"ACRA, Google Searches",,
,,16/12/2025,PITSTOP SG PTE. LTD.,PITSTOP,,TeleSales,,Offline Sources,Adhoc,,202440561R,,,,,,,,,,,,,,,,"B2C, Offline",,,,,,,,,,,,,,,,65 8522 5902,,,,,,,,,,,,,,,Gov List,"ACRA, Google Searches",,
,,16/12/2025,PITCHSTOP PTE. LTD.,PITCHSTOP CAFÉ,,TeleSales,,Offline Sources,Adhoc,,201102032Z,,,,,,,,,,,,,,,,"B2C, Offline",,,,,,,,,,,,,,,,65 6792 4338,jin@thepitchstop.com,,,,,,,,,,,,,,Gov List,"ACRA, Google Searches",,
,,16/12/2025,PONDOK GURAME INDONESIAN RESTAURANT PTE. LTD.,PONDOK GURAME INDONESIAN,,TeleSales,,Offline Sources,Adhoc,,201524531E,,,,,,,,,,,,,,,,"B2C, Offline",,,,,,,,,,,,,,,,65 6348 0982,enquiry@pondokgurame.com.sg,,,,,,,,,,,,,,Gov List,"ACRA, Google Searches",,
,,16/12/2025,PONDOK JAWA TIMUR PTE. LTD.,PONDOK JAWA TIMUR,,TeleSales,,Offline Sources,Adhoc,,200907794E,,,,,,,,,,,,,,,,"B2C, Offline",,,,,,,,,,,,,,,,65 6884 5853,pondokjt@gmail.com,,,,,,,,,,,,,,Gov List,"ACRA, Google Searches",,
,,16/12/2025,POTATO HEAD SINGAPORE PTE. LTD.,POTATO HEAD,,TeleSales,,Offline Sources,Adhoc,,201320688G,,,,,,,,,,,,,,,,"B2C, Offline",,,,,,,,,,,,,,,,65 6327 1939,singapore@potatohead.co,,,,65 6327 1939,,,,,,,,,,Gov List,"ACRA, Google Searches",,
,,16/12/2025,PREMAAS CUISINE PTE. LTD.,PREMAAS CUISINE,,TeleSales,,Offline Sources,Adhoc,,201001871R,,,,,,,,,,,,,,,,"B2C, Offline",,,,,,,,,,,,,,,,65 9237 5739,girishalakandy@gmail.com,,,,65 6392 3644,,,,,,,,,,Gov List,"ACRA, Google Searches",,
,,16/12/2025,PURPLE TURTLE PTE. LTD.,PURPLE TURTLE,,TeleSales,,Offline Sources,Adhoc,,201416133Z,,,,,,,,,,,,,,,,"B2C, Offline",,,,,,,,,,,,,,,,65 9876 1338,yvonneyeo@purpleturtle.com.sg,,,,,,,,,,,,,,Gov List,"ACRA, Google Searches",,
,,16/12/2025,PEPPER CASTLE PTE. LTD.,PEPPER CASTLE,,TeleSales,,Offline Sources,Adhoc,,201225097Z,,,,,,,,,,,,,,,,"B2C, Offline",,,,,,,,,,,,,,,,65 8869 1910,,,,,,,,,,,,,,,Gov List,"ACRA, Google Searches",,
,,16/12/2025,RAMEN PLAY PTE. LTD.,RAMEN PLAY,,TeleSales,,Offline Sources,Adhoc,,200909421M,,,,,,,,,,,,,,,,"B2C, Offline",,,,,,,,,,,,,,,,65 6253 6066,huilin.loo@breadtalk.com,,,,65 6285 6116,,,,,,,,,,Gov List,"ACRA, Google Searches",,
,,16/12/2025,REDDOT BREWHOUSE PTE. LTD.,REDDOT BREWHOUSE,,TeleSales,,Offline Sources,Adhoc,,200721378R,,,,,,,,,,,,,,,,"B2C, Offline",,,,,,,,,,,,,,,,65 6535 4500,ksong@reddotbrewhouse.com.sg,,,,,,,,,,,,,,Gov List,"ACRA, Google Searches",,
,,16/12/2025,RHUBARB LE RESTAURANT PTE. LTD.,RHUBARB LE RESTAURANT,,TeleSales,,Offline Sources,Adhoc,,201404978K,,,,,,,,,,,,,,,,"B2C, Offline",,,,,,,,,,,,,,,,65 8127 5001,jerome@rhubarb.sg,,,,,paul@rhubarb.sg,,,,,,,,,Gov List,"ACRA, Google Searches",,
,,16/12/2025,RIDERS CAFE PTE. LTD.,RIDERS CAFÉ,,TeleSales,,Offline Sources,Adhoc,,200710345K,,,,,,,,,,,,,,,,"B2C, Offline",,,,,,,,,,,,,,,,65 6466 9819,enquiries@riderscafe.sg,,,,,,,,,,,,,,Gov List,"ACRA, Google Searches",,
,,16/12/2025,ROOKERY PTE. LTD.,ROOKERY,,TeleSales,,Offline Sources,Adhoc,,202504937W,,,,,,,,,,,,,,,,"B2C, Offline",,,,,,,,,,,,,,,,65 6221 0532,mahesh@rookery.com.sg,,,,65 6221 0968,enquiriesrookery@gmail.com,,,,,,,,,Gov List,"ACRA, Google Searches",,
,,16/12/2025,SAHARA BAR AND RESTAURANT PTE. LTD.,SAHARA BAR & RESTAURANT,,TeleSales,,Offline Sources,Adhoc,,200502110R,,,,,,,,,,,,,,,,"B2C, Offline",,,,,,,,,,,,,,,,65 8119 6676,sahara58bq@gmail.com,,,,,,,,,,,,,,Gov List,"ACRA, Google Searches",,
,,16/12/2025,SABAI SABAI,SABAI THAI,,TeleSales,,Offline Sources,Adhoc,,53368038K,,,,,,,,,,,,,,,,"B2C, Offline",,,,,,,,,,,,,,,,65 6535 3718,contact-us@sabaifinethai.com.sg,,,,,,,,,,,,,,Gov List,"ACRA, Google Searches",,
,,16/12/2025,RAMEN CHAMPION PTE. LTD.,RAMEN CHAMPION,,TeleSales,,Offline Sources,Adhoc,,201113013Z,,,,,,,,,,,,,,,,"B2C, Offline",,,,,,,,,,,,,,,,65 8139 6202,kmatsuda@komarsgroup.com,,,,,,,,,,,,,,Gov List,"ACRA, Google Searches",,
,,16/12/2025,SCREENING ROOM (SINGAPORE) PTE. LTD.,SCREENING ROOM,,TeleSales,,Offline Sources,Adhoc,,200609885Z,,,,,,,,,,,,,,,,"B2C, Offline",,,,,,,,,,,,,,,,65 6221 1694,jose@screeningroom.com.sg,,,,,,,,,,,,,,Gov List,"ACRA, Google Searches",,
,,16/12/2025,SCRUMPTIOUS PTE. LTD.,SCRUMPTIOUS CAFE,,TeleSales,,Offline Sources,Adhoc,,201915734Z,,,,,,,,,,,,,,,,"B2C, Offline",,,,,,,,,,,,,,,,65 6463 6543,steven.lee@scrumptious.com.sg,,,,,,,,,,,,,,Gov List,"ACRA, Google Searches",,
,,16/12/2025,SHIN MINORI JAPANESE RESTAURANT PTE. LTD.,SHIN MINORI JAPANESE RESTAURANT,,TeleSales,,Offline Sources,Adhoc,,201010837M,,,,,,,,,,,,,,,,"B2C, Offline",,,,,,,,,,,,,,,,65 6733 2272,angeline@shinminori.com.sg,,,,,,,,,,,,,,Gov List,"ACRA, Google Searches",,
,,16/12/2025,SHINKEI JAPANESE DINING RESTAURANT PTE. LTD.,SHINKEI JAPANESE RESTAURANT,,TeleSales,,Offline Sources,Adhoc,,201528019Z,,,,,,,,,,,,,,,,"B2C, Offline",,,,,,,,,,,,,,,,65 6255 5598,enquiries@shinkei.com.sg,,,,,,,,,,,,,,Gov List,"ACRA, Google Searches",,
,,16/12/2025,SHIN YUU JAPANESE RESTAURANT PTE. LTD.,SHIN YUU JAPANESE RESTAURANT,,TeleSales,,Offline Sources,Adhoc,,200911693Z,,,,,,,,,,,,,,,,"B2C, Offline",,,,,,,,,,,,,,,,65 6763 4939,,,,,,,,,,,,,,,Gov List,"ACRA, Google Searches",,
,,16/12/2025,SHIMA PTE. LTD.,SHIMA,,TeleSales,,Offline Sources,Adhoc,,201914963Z,,,,,,,,,,,,,,,,"B2C, Offline",,,,,,,,,,,,,,,,65 6734 6281,shima.jr@jrgroup.com.sg,,,,,,,,,,,,,,Gov List,"ACRA, Google Searches",,
,,16/12/2025,SHINJUKU RESTAURANT PTE. LTD.,SHINJUKU RESTAURANT,,TeleSales,,Offline Sources,Adhoc,,198201850C,,,,,,,,,,,,,,,,"B2C, Offline",,,,,,,,,,,,,,,,65 6734 8436,hello@shinjuku.nz,,,,,,,,,,,,,,Gov List,"ACRA, Google Searches",,
,,16/12/2025,SIMPLY WRAPPS ION PTE. LTD.,SIMPLY WRAPPS,,TeleSales,,Offline Sources,Adhoc,,201511282H,,,,,,,,,,,,,,,,"B2C, Offline",,,,,,,,,,,,,,,,65 9180 2309,yt@simplywrapps.com,,,,65 6271 0686,,,,,,,,,,Gov List,"ACRA, Google Searches",,
,,16/12/2025,SOGURT PTE. LTD.,SOGURT,,TeleSales,,Offline Sources,Adhoc,,201114477N,,,,,,,,,,,,,,,,"B2C, Offline",,,,,,,,,,,,,,,,65 8418 8401,info@sogurt.com.sg,,,,,,,,,,,,,,Gov List,"ACRA, Google Searches",,
,,16/12/2025,STATELAND CAFE PTE. LTD.,STATELAND CAFE,,TeleSales,,Offline Sources,Adhoc,,201842377G,,,,,,,,,,,,,,,,"B2C, Offline",,,,,,,,,,,,,,,,65 9296 4997,statelandcafe@gmail.com,,,,,,,,,,,,,,Gov List,"ACRA, Google Searches",,
,,16/12/2025,STRICTLY PANCAKES PTE. LTD.,STRICTLY PANCAKES,,TeleSales,,Offline Sources,Adhoc,,201202375K,,,,,,,,,,,,,,,,"B2C, Offline",,,,,,,,,,,,,,,,65 6333 4202,aaron@strictlypancakes.com.sg,,,,,info@strictlypancakes.sg,,,,,,,,,Gov List,"ACRA, Google Searches",,
,,16/12/2025,SPARKS BISTRO PTE. LTD.,SPARKS CAFE & BISTRO,,TeleSales,,Offline Sources,Adhoc,,201527311Z,,,,,,,,,,,,,,,,"B2C, Offline",,,,,,,,,,,,,,,,65 9384 8071,sparkscafebistro@gmail.com,,,,,,,,,,,,,,Gov List,"ACRA, Google Searches",,
,,16/12/2025,SUSHI AIRWAYS PTE. LTD.,SUSHI AIRWAYS,,TeleSales,,Offline Sources,Adhoc,,201401245H,,,,,,,,,,,,,,,,"B2C, Offline",,,,,,,,,,,,,,,,65 6291 1151,chef@sushiariways.com,,,,,pilot@sushiairways.com,,,,,,,,,Gov List,"ACRA, Google Searches",,
,,16/12/2025,EN SUSHI BAR,SUSHI BAR,,TeleSales,,Offline Sources,Adhoc,,53381797L,,,,,,,,,,,,,,,,"B2C, Offline",,,,,,,,,,,,,,,,65 6341 7654,,,,,,,,,,,,,,,Gov List,"ACRA, Google Searches",,
,,16/12/2025,SWAADHISHT,SWAADHISHT RESTAURANT,,TeleSales,,Offline Sources,Adhoc,,53037413K,,,,,,,,,,,,,,,,"B2C, Offline",,,,,,,,,,,,,,,,65 6392 0513,swaadhisht@gmail.com,,,,,,,,,,,,,,Gov List,"ACRA, Google Searches",,
,,16/12/2025,SWATOW GARDEN SEAFOOD RESTAURANT PTE. LTD.,SWATOW SEAFOOD RESTAURANT,,TeleSales,,Offline Sources,Adhoc,,200911579E,,,,,,,,,,,,,,,,"B2C, Offline",,,,,,,,,,,,,,,,65 6363 1717,oliver.ying@swatow.com.sg,,,,,,,,,,,,,,Gov List,"ACRA, Google Searches",,
,,16/12/2025,SYMMETRY INVESTMENTS SINGAPORE PRIVATE LIMITED,SYMMETRY,,TeleSales,,Offline Sources,Adhoc,,201733859K,,,,,,,,,,,,,,,,"B2C, Offline",,,,,,,,,,,,,,,,65 6291 9901,abby@symmetry.com.sg,,,,,,,,,,,,,,Gov List,"ACRA, Google Searches",,
,,16/12/2025,TAMAYA DINING,TAMAYA DINING BAR,,TeleSales,,Offline Sources,Adhoc,,53134816D,,,,,,,,,,,,,,,,"B2C, Offline",,,,,,,,,,,,,,,,65 6835 3539,tamaya@sential.com.sg,,,,,tamaya@sential.com.sg,,,,,,,,,Gov List,"ACRA, Google Searches",,
,,16/12/2025,TAMBUAH MAS JEWEL,TAMBUAH MAS,,TeleSales,,Offline Sources,Adhoc,,53501081L,,,,,,,,,,,,,,,,"B2C, Offline",,,,,,,,,,,,,,,,65 6733 2220,yhau@tambuahmas.com.sg,,,,,,,,,,,,,,Gov List,"ACRA, Google Searches",,
,,16/12/2025,PINE VALLEY TEA PTE. LTD.,TEA VALLEY,,TeleSales,,Offline Sources,Adhoc,,202344891Z,,,,,,,,,,,,,,,,"B2C, Offline",,,,,,,,,,,,,,,,65 6337 1598,general@teavalley.com.sg,,,,65 9017 1018,,,,,,,,,,Gov List,"ACRA, Google Searches",,
,,16/12/2025,SURIYA RESTAURANT PTE. LTD.,SURIYA RESTAURANT,,TeleSales,,Offline Sources,Adhoc,,200305921W,,,,,,,,,,,,,,,,"B2C, Offline",,,,,,,,,,,,,,,,65 6296 3070,,,,,,,,,,,,,,,Gov List,"ACRA, Google Searches",,
,,16/12/2025,SUSHI MITSUYA PTE. LTD.,SUSHI MITSUYA,,TeleSales,,Offline Sources,Adhoc,,201224882M,,,,,,,,,,,,,,,,"B2C, Offline",,,,,,,,,,,,,,,,65 6438 2608,reservations@sushimitsuya.com,,,,,,,,,,,,,,Gov List,"ACRA, Google Searches",,
,,16/12/2025,TAJIMAYA YAKINIKU PTE. LTD.,TAJIMAYA YAKINIKU,,TeleSales,,Offline Sources,Adhoc,,201818343H,,,,,,,,,,,,,,,,"B2C, Offline",,,,,,,,,,,,,,,,65 6377 0070,tajimaya@createries.com,,,,,,,,,,,,,,Gov List,"ACRA, Google Searches",,
,,16/12/2025,TANYOTO (S) PTE. LTD.,TANYOTO,,TeleSales,,Offline Sources,Adhoc,,200723658G,,,,,,,,,,,,,,,,"B2C, Offline",,,,,,,,,,,,,,,,65 9859 6532,tanyoto@yahoo.com,,,,,,,,,,,,,,Gov List,"ACRA, Google Searches",,
,,16/12/2025,TASTE INDIA PTE. LTD.,TASTE OF INDIA,,TeleSales,,Offline Sources,Adhoc,,201000688Z,,,,,,,,,,,,,,,,"B2C, Offline",,,,,,,,,,,,,,,,65 6341 5158,,,,,,,,,,,,,,,Gov List,"ACRA, Google Searches",,
,,16/12/2025,TERRA-X PTE. LTD.,TERRA,,TeleSales,,Offline Sources,Adhoc,,202430766C,,,,,,,,,,,,,,,,"B2C, Offline",,,,,,,,,,,,,,,,65 6221 5159,reservation@terraseita.com,,,,,,,,,,,,,,Gov List,"ACRA, Google Searches",,
,,16/12/2025,THAI AFFAIR PTE. LTD.,THAI AFFAIR,,TeleSales,,Offline Sources,Adhoc,,201211385E,,,,,,,,,,,,,,,,"B2C, Offline",,,,,,,,,,,,,,,,65 9241 6707,victor@thaiaffair.sg,,,,,,,,,,,,,,Gov List,"ACRA, Google Searches",,
,,16/12/2025,THE GO ACADEMY,THE ACADEMY,,TeleSales,,Offline Sources,Adhoc,,53251420C,,,,,,,,,,,,,,,,"B2C, Offline",,,,,,,,,,,,,,,,65 6291 6863,hello@arccoffee.sg,,,,,,,,,,,,,,Gov List,"ACRA, Google Searches",,
,,16/12/2025,THE AULD ALLIANCE PTE. LTD.,THE AULD ALLIANCE,,TeleSales,,Offline Sources,Adhoc,,201009311W,,,,,,,,,,,,,,,,"B2C, Offline",,,,,,,,,,,,,,,,65 6337 2201,info@theauldalliance.sg,,,,,,,,,,,,,,Gov List,"ACRA, Google Searches",,
,,16/12/2025,THE BLACK SHEEP CAFE PTE. LTD.,THE BLACK SHEEP CAFE,,TeleSales,,Offline Sources,Adhoc,,201812711H,,,,,,,,,,,,,,,,"B2C, Offline",,,,,,,,,,,,,,,,65 9272 1842,blacksheepcafe@gmail.com,,,,,,,,,,,,,,Gov List,"ACRA, Google Searches",,
,,16/12/2025,THE BLARNEY PTE. LTD.,THE BLARNEY,,TeleSales,,Offline Sources,Adhoc,,200908176K,,,,,,,,,,,,,,,,"B2C, Offline",,,,,,,,,,,,,,,,65 6509 8817,blarney@singnet.com.sg,,,,,,,,,,,,,,Gov List,"ACRA, Google Searches",,
,,16/12/2025,THE HERBAL BAR PTE. LTD.,THE HERBAL BAR,,TeleSales,,Offline Sources,Adhoc,,201003083G,,,,,,,,,,,,,,,,"B2C, Offline",,,,,,,,,,,,,,,,65 9185 2835,,,,,,,,,,,,,,,Gov List,"ACRA, Google Searches",,
,,16/12/2025,THE HOT KITCHEN PTE. LTD.,THE HOT KITCHEN,,TeleSales,,Offline Sources,Adhoc,,202332849M,,,,,,,,,,,,,,,,"B2C, Offline",,,,,,,,,,,,,,,,65 9823 5043,enqthk@gmail.com,,,,,,,,,,,,,,Gov List,"ACRA, Google Searches",,
,,16/12/2025,THE LIVING CAFE PTE. LTD.,THE LIVING CAFÉ,,TeleSales,,Offline Sources,Adhoc,,201114753H,,,,,,,,,,,,,,,,"B2C, Offline",,,,,,,,,,,,,,,,65 6468 4482,chris@thelivingcafeasia.com,,,,,,,,,,,,,,Gov List,"ACRA, Google Searches",,
,,16/12/2025,BEACON&CO PRIVATE LIMITED,THE BEACON,,TeleSales,,Offline Sources,Adhoc,,202126695D,,,,,,,,,,,,,,,,"B2C, Offline",,,,,,,,,,,,,,,,65 6883 1155,hello@thebeacon.com.sg,,,,,,,,,,,,,,Gov List,"ACRA, Google Searches",,
,,16/12/2025,THE CURRY HUT PTE. LTD.,THE CURRY HUT,,TeleSales,,Offline Sources,Adhoc,,201410359C,,,,,,,,,,,,,,,,"B2C, Offline",,,,,,,,,,,,,,,,65 6763 6493,salmanshaik2591@hotmail.com,,,,,,,,,,,,,,Gov List,"ACRA, Google Searches",,
,,16/12/2025,THE DAILY SCOOP PTE. LTD.,THE DAILY SCOOP,,TeleSales,,Offline Sources,Adhoc,,201224193N,,,,,,,,,,,,,,,,"B2C, Offline",,,,,,,,,,,,,,,,65 6475 3128,icecream@thedailyscoop.com.sg,,,,,,,,,,,,,,Gov List,"ACRA, Google Searches",,
,,16/12/2025,THE DOUGH SHOPPE PTE. LTD.,THE DOUGH SHOPPE,,TeleSales,,Offline Sources,Adhoc,,201419517E,,,,,,,,,,,,,,,,"B2C, Offline",,,,,,,,,,,,,,,,65 6423 9936,info@thedoughshoppe.com,,,,,,,,,,,,,,Gov List,"ACRA, Google Searches",,
,,16/12/2025,THE CO-LAB,THE LAB,,TeleSales,,Offline Sources,Adhoc,,53066688W,,,,,,,,,,,,,,,,"B2C, Offline",,,,,,,,,,,,,,,,65 6299 5681,weexperiment@thelabsg.com,,,,,,,,,,,,,,Gov List,"ACRA, Google Searches",,
,,16/12/2025,THE PLAIN PTE. LTD.,THE PLAIN,,TeleSales,,Offline Sources,Adhoc,,201839864K,,,,,,,,,,,,,,,,"B2C, Offline",,,,,,,,,,,,,,,,65 6225 4387,vanessa.kenchington@gmail.com,,,,,,,,,,,,,,Gov List,"ACRA, Google Searches",,
,,16/12/2025,QUARTERS PTE. LTD.,THE QUARTERS,,TeleSales,,Offline Sources,Adhoc,,201409992M,,,,,,,,,,,,,,,,"B2C, Offline",,,,,,,,,,,,,,,,65 9296 7079,info@thequarters.sg,,,,,,,,,,,,,,Gov List,"ACRA, Google Searches",,
,,16/12/2025,THE WICKED GARLIC PTE. LTD.,THE WICKED GARLIC BAR,,TeleSales,,Offline Sources,Adhoc,,201326222E,,,,,,,,,,,,,,,,"B2C, Offline",,,,,,,,,,,,,,,,65 8509 2942,thewickedgarlic@gmail.com,,,,,,,,,,,,,,Gov List,"ACRA, Google Searches",,
,,16/12/2025,TIM HO WAN PTE. LTD.,TIM HO WAN,,TeleSales,,Offline Sources,Adhoc,,201228520R,,,,,,,,,,,,,,,,"B2C, Offline",,,,,,,,,,,,,,,,65 6789 5479,bernardchin@timhowan.com,,,,65 6866 7800,customercare@timhowan.com,,,,65 6688 7600,,,,,Gov List,"ACRA, Google Searches",,
,,16/12/2025,M SQUARE LLP,THE SQUARE,,TeleSales,,Offline Sources,Adhoc,,T19LL0448G,,,,,,,,,,,,,,,,"B2C, Offline",,,,,,,,,,,,,,,,65 6739 6468,,,,,,,,,,,,,,,Gov List,"ACRA, Google Searches",,
,,16/12/2025,THREE CROWNS (SERVICES) PTE. LTD.,THREE CROWNS,,TeleSales,,Offline Sources,Adhoc,,202134827K,,,,,,,,,,,,,,,,"B2C, Offline",,,,,,,,,,,,,,,,65 6766 0053,enquiries@threecrowns.com.sg,,,,,,,,,,,,,,Gov List,"ACRA, Google Searches",,
,,16/12/2025,A TREEHOUSE,TREEHOUSE CAFE,,TeleSales,,Offline Sources,Adhoc,,53380186M,,,,,,,,,,,,,,,,"B2C, Offline",,,,,,,,,,,,,,,,65 6469 0282,carin@gourmetplus.com.sg,,,,,,,,,,,,,,Gov List,"ACRA, Google Searches",,
,,16/12/2025,UNCLE LEONG SEAFOOD GROUP PTE. LTD.,UNCLE LEONG SEAFOOD,,TeleSales,,Offline Sources,Adhoc,,201230547E,,,,,,,,,,,,,,,,"B2C, Offline",,,,,,,,,,,,,,,,65 6554 3453,yongheng_1986@hotmail.com,,,,,,,,,,,,,,Gov List,"ACRA, Google Searches",,
,,16/12/2025,UNION SQUARE HOLDINGS PTE. LTD.,UNION SQUARE,,TeleSales,,Offline Sources,Adhoc,,201838411Z,,,,,,,,,,,,,,,,"B2C, Offline",,,,,,,,,,,,,,,,65 6224 6116,simon_wong@ntucclub.com.sg,,,,,,,,,,,,,,Gov List,"ACRA, Google Searches",,
,,16/12/2025,WANG DAE BAK PTE. LTD.,WANG DAE BAK,,TeleSales,,Offline Sources,Adhoc,,201223828E,,,,,,,,,,,,,,,,"B2C, Offline",,,,,,,,,,,,,,,,65 8121 0526,wangdaebakbbq@gmail.com,,,,,,,,,,,,,,Gov List,"ACRA, Google Searches",,
,,16/12/2025,WEST CO'Z CAFE PTE. LTD.,WEST Z CAFE,,TeleSales,,Offline Sources,Adhoc,,200900444D,,,,,,,,,,,,,,,,"B2C, Offline",,,,,,,,,,,,,,,,65 6438 0095,westcozc@p2e.com.sg,,,,,,,,,,,,,,Gov List,"ACRA, Google Searches",,
,,16/12/2025,WHEELER'S YARD PTE. LTD.,WHEELERS YARD,,TeleSales,,Offline Sources,Adhoc,,201301921W,,,,,,,,,,,,,,,,"B2C, Offline",,,,,,,,,,,,,,,,65 6254 9128,tommy@wheelersyard.com,,,,,,,,,,,,,,Gov List,"ACRA, Google Searches",,
,,16/12/2025,WOOLOOMOOLOO STEAKHOUSE,WOOLOO MOOLOO STEAKHOUSE,,TeleSales,,Offline Sources,Adhoc,,53221598B,,,,,,,,,,,,,,,,"B2C, Offline",,,,,,,,,,,,,,,,65 6338 0261,woo-singapore@wooloo-mooloo.com,,,,,,,,,,,,,,Gov List,"ACRA, Google Searches",,
,,16/12/2025,WORKING TITLE PRIVATE LIMITED,WORKING TITLE CAFE,,TeleSales,,Offline Sources,Adhoc,,201330598D,,,,,,,,,,,,,,,,"B2C, Offline",,,,,,,,,,,,,,,,65 6298 8721,ask@workingtitle.sg,,,,,,,,,,,,,,Gov List,"ACRA, Google Searches",,
,,16/12/2025,OISHII PTE. LTD.,OISHII,,TeleSales,,Offline Sources,Adhoc,,202303669K,,,,,,,,,,,,,,,,"B2C, Offline",,,,,,,,,,,,,,,,65 9021 4286,hanoi100am@gmail.com,,,,,,,,,,,,,,Gov List,"ACRA, Google Searches",,
,,16/12/2025,HERO SG,HEROS,,TeleSales,,Offline Sources,Adhoc,,53470062D,,,,,,,,,,,,,,,,"B2C, Offline",,,,,,,,,,,,,,,,65 9673 2221,landz@heros.sg,,,,,,,,,,,,,,Gov List,"ACRA, Google Searches",,
,,16/12/2025,SAKUNTHALA'S HOLDINGS PTE LTD,SAKUNTHALA,,TeleSales,,Offline Sources,Adhoc,,200103245E,,,,,,,,,,,,,,,,"B2C, Offline",,,,,,,,,,,,,,,,65 9752 4263,mathavan@sakunthalas.com,,,,,,,,,,,,,,Gov List,"ACRA, Google Searches",,
,,16/12/2025,JIGGER & PONY PTE. LTD.,JIGGER & PONY,,TeleSales,,Offline Sources,Adhoc,,201113260Z,,,,,,,,,,,,,,,,"B2C, Offline",,,,,,,,,,,,,,,,65 9199 0857,indra.kantono@gmail.com,,,,,,,,,,,,,,Gov List,"ACRA, Google Searches",,
,,16/12/2025,MURUGAN IDLI SHOP PTE. LTD.,MURUGAN IDLI SHOP,,TeleSales,,Offline Sources,Adhoc,,200713230W,,,,,,,,,,,,,,,,"B2C, Offline",,,,,,,,,,,,,,,,65 9898 0785,shanmitha.manoharan28@gmail.com,,,,65 6298 0858,,,,,,,,,,Gov List,"ACRA, Google Searches",,
,,16/12/2025,SOFRA PTE. LTD.,SOFRA,,TeleSales,,Offline Sources,Adhoc,,202024556M,,,,,,,,,,,,,,,,"B2C, Offline",,,,,,,,,,,,,,,,65 9129 8129,admin@sofra.com.sg,,,,,,,,,,,,,,Gov List,"ACRA, Google Searches",,
,,16/12/2025,GAYATRI RESTAURANT,GAYATRI RESTAURANT,,TeleSales,,Offline Sources,Adhoc,,52817812A,,,,,,,,,,,,,,,,"B2C, Offline",,,,,,,,,,,,,,,,65 9877 6543,,,,,,,,,,,,,,,Gov List,"ACRA, Google Searches",,
,,16/12/2025,HOLIDAY INN SINGAPORE ATRIUM,HOLIDAY INN ATRIUM,,TeleSales,,Offline Sources,Adhoc,,40516800D,,,,,,,,,,,,,,,,"B2C, Offline",,,,,,,,,,,,,,,,65 9862 2258,christopher.lee@ihg.com,,,,,,,,,,,,,,Gov List,"ACRA, Google Searches",,
,,16/12/2025,MADO CAFE (S) PTE. LTD.,MADO CAFE,,TeleSales,,Offline Sources,Adhoc,,201206536E,,,,,,,,,,,,,,,,"B2C, Offline",,,,,,,,,,,,,,,,65 9771 3036,jason@madocafe.com.sg,,,,,,,,,,,,,,Gov List,"ACRA, Google Searches",,
,,16/12/2025,BLUE LOTUS RESTAURANT PTE. LTD.,BLUE LOTUS RESTAURANT,,TeleSales,,Offline Sources,Adhoc,,201308189Z,,,,,,,,,,,,,,,,"B2C, Offline",,,,,,,,,,,,,,,,65 6339 0880,blsc@bluelotus.com.sg,,,,,,,,,,,,,,Gov List,"ACRA, Google Searches",,
,,16/12/2025,GU THAI NOODLE CAFE PTE. LTD.,THAI NOODLE CAFÉ,,TeleSales,,Offline Sources,Adhoc,,201804462N,,,,,,,,,,,,,,,,"B2C, Offline",,,,,,,,,,,,,,,,65 8666 6675,chris.ho@laohuang.sg,,,,,,,,,,,,,,Gov List,"ACRA, Google Searches",,
,,16/12/2025,TARATATA PTE. LTD.,TARATATA,,TeleSales,,Offline Sources,Adhoc,,201020453N,,,,,,,,,,,,,,,,"B2C, Offline",,,,,,,,,,,,,,,,65 6221 4506,taratata@taratata.sg,,,,,taratata@taratata.sg,,,,,,,,,Gov List,"ACRA, Google Searches",,
,,16/12/2025,ENO-OKA JAPANESE RESTAURANT PTE. LTD.,ENO-OKA JAPANESE RESTAURANT,,TeleSales,,Offline Sources,Adhoc,,200808622M,,,,,,,,,,,,,,,,"B2C, Offline",,,,,,,,,,,,,,,,65 9099 7224,enooka.sg@gmail.com,,,,65 6887 5527,,,,,,,,,,Gov List,"ACRA, Google Searches",,
,,16/12/2025,PADI@BUSSORAH PTE. LTD.,PADI @ BUSSORAH,,TeleSales,,Offline Sources,Adhoc,,201508339M,,,,,,,,,,,,,,,,"B2C, Offline",,,,,,,,,,,,,,,,65 6291 3921,reservation@padibussorah.com,,,,65 9735 3783,,,,,,,,,,Gov List,"ACRA, Google Searches",,
,,16/12/2025,PAULANER BRAUHAUS SINGAPORE PTE. LTD.,PAULANER BRAUHAUS,,TeleSales,,Offline Sources,Adhoc,,199901544Z,,,,,,,,,,,,,,,,"B2C, Offline",,,,,,,,,,,,,,,,65 6338 0480,info@paulaner-brauhaus-singapore.com,,,,,,,,,,,,,,Gov List,"ACRA, Google Searches",,
,,16/12/2025,TEA CHIMES LLP,CHIMES,,TeleSales,,Offline Sources,Adhoc,,T06LL1665F,,,,,,,,,,,,,,,,"B2C, Offline",,,,,,,,,,,,,,,,65 9776 7472,chimes@gmail.com,,,,,,,,,,,,,,Gov List,"ACRA, Google Searches",,
,,16/12/2025,DING DING DONG PTE. LTD.,DING DONG,,TeleSales,,Offline Sources,Adhoc,,202304413H,,,,,,,,,,,,,,,,"B2C, Offline",,,,,,,,,,,,,,,,65 6557 0189,nino@dingdong.com.sg,,,,65 6877 4878,theteam@dingdong.com.sg,,,,,,,,,Gov List,"ACRA, Google Searches",,
,,16/12/2025,THE SUSHI BAR DINING PTE. LTD.,THE SUSHI BAR DINING,,TeleSales,,Offline Sources,Adhoc,,201220588H,,,,,,,,,,,,,,,,"B2C, Offline",,,,,,,,,,,,,,,,65 9231 1238,thesushibar.sg@gmail.com,,,,,,,,,,,,,,Gov List,"ACRA, Google Searches",,
,,16/12/2025,NYONYA & BABA PERANAKAN CUISINE PTE. LTD.,NYONYA & BABA PERANAKAN,,TeleSales,,Offline Sources,Adhoc,,200615619W,,,,,,,,,,,,,,,,"B2C, Offline",,,,,,,,,,,,,,,,65 9820 9393,baba.nyonya@hotmail.com,,,,,,,,,,,,,,Gov List,"ACRA, Google Searches",,
,,16/12/2025,MANCHURIAN RESTAURANT PTE. LTD.,RESTAURANT MANCHURIAN,,TeleSales,,Offline Sources,Adhoc,,200400214W,,,,,,,,,,,,,,,,"B2C, Offline",,,,,,,,,,,,,,,,65 6225 8663,,,,,,,,,,,,,,,Gov List,"ACRA, Google Searches",,
,,16/12/2025,TWINS PT LIMITED,TWINS,,TeleSales,,Offline Sources,Adhoc,,202516422H,,,,,,,,,,,,,,,,"B2C, Offline",,,,,,,,,,,,,,,,65 9006 3875,kitchentwins89@gmail.com,,,,,,,,,,,,,,Gov List,"ACRA, Google Searches",,
,,16/12/2025,MAI THAI RESTAURANT PTE. LTD.,MAI THAI RESTAURANT,,TeleSales,,Offline Sources,Adhoc,,200909458G,,,,,,,,,,,,,,,,"B2C, Offline",,,,,,,,,,,,,,,,65 8345 4784,itsmeresti@gmail.com,,,,65 6474 3108,jess@maiithai.com.sg,,,,,,,,,Gov List,"ACRA, Google Searches",,
,,16/12/2025,MELLBEN SEAFOOD PTE. LTD.,MELLBEN SEAFOOD,,TeleSales,,Offline Sources,Adhoc,,200707104R,,,,,,,,,,,,,,,,"B2C, Offline",,,,,,,,,,,,,,,,65 6285 6762,,,,,,,,,,,,,,,Gov List,"ACRA, Google Searches",,
,,16/12/2025,SATURDAY PTE. LTD.,SATURDAY HOUSE,,TeleSales,,Offline Sources,Adhoc,,200923079D,,,,,,,,,,,,,,,,"B2C, Offline",,,,,,,,,,,,,,,,65 6280 0338,saturdayhousesg@gmail.com,,,,,,,,,,,,,,Gov List,"ACRA, Google Searches",,
,,16/12/2025,UDDERS PTE. LTD.,UDDERS,,TeleSales,,Offline Sources,Adhoc,,200720778W,,,,,,,,,,,,,,,,"B2C, Offline",,,,,,,,,,,,,,,,65 8453 9000,nicholas@udders.com.sg,,,,65 6662 9410,pecklin@udders.com.sg,,,,,ruishan@udders.com.sg,,,,Gov List,"ACRA, Google Searches",,
,,16/12/2025,TONNY RESTAURANT PTE. LTD.,TONNY RESTAURANT,,TeleSales,,Offline Sources,Adhoc,,201022207W,,,,,,,,,,,,,,,,"B2C, Offline",,,,,,,,,,,,,,,,65 6748 6618,,,,,,,,,,,,,,,Gov List,"ACRA, Google Searches",,
,,16/12/2025,DRAGON PHOENIX RESTAURANT (GRAND) PTE. LTD.,DRAGON PHOENIX RESTAURANT,,TeleSales,,Offline Sources,Adhoc,,201529595G,,,,,,,,,,,,,,,,"B2C, Offline",,,,,,,,,,,,,,,,65 6250 3991,,,,,65 6238 0110,,,,,,,,,,Gov List,"ACRA, Google Searches",,
,,16/12/2025,NEW UBIN SEAFOOD HOLDINGS PTE. LTD.,NEW UBIN SEAFOOD,,TeleSales,,Offline Sources,Adhoc,,201711424K,,,,,,,,,,,,,,,,"B2C, Offline",,,,,,,,,,,,,,,,65 6466 9558,chijmes@watabe-wedding.com.sg,,,,,,,,,,,,,,Gov List,"ACRA, Google Searches",,
,,16/12/2025,SEGAR VILLAGE PTE. LTD.,SEGAR VILLAGE,,TeleSales,,Offline Sources,Adhoc,,201433836C,,,,,,,,,,,,,,,,"B2C, Offline",,,,,,,,,,,,,,,,65 6444 1778,segar@p2e.com.sg,,,,65 6534 3648,,,,,,,,,,Gov List,"ACRA, Google Searches",,
,,16/12/2025,QIAN-XI (FARRER PARK) RESTAURANT PTE LTD,QIAN-XI FARRER PARK RESTAURANT,,TeleSales,,Offline Sources,Adhoc,,200105214H,,,,,,,,,,,,,,,,"B2C, Offline",,,,,,,,,,,,,,,,65 6295 1155,qianxipl@singnet.com.sg,,,,,,,,,,,,,,Gov List,"ACRA, Google Searches",,
,,16/12/2025,THE SONG OF INDIA PTE. LTD.,THE SONG OF INDIA,,TeleSales,,Offline Sources,Adhoc,,200511676M,,,,,,,,,,,,,,,,"B2C, Offline",,,,,,,,,,,,,,,,65 6836 0055,namaste@songofindia.com.sg,,,,,,,,,,,,,,Gov List,"ACRA, Google Searches",,
,,16/12/2025,OMAR SHARIFF AUTHENTIC INDIAN CUISINE PTE. LTD.,OMAR SHARIFF AUTHENTIC INDIAN CUISINE,,TeleSales,,Offline Sources,Adhoc,,201419245W,,,,,,,,,,,,,,,,"B2C, Offline",,,,,,,,,,,,,,,,65 9126 4572,sales@omar-shariff.com,,,,65 6466 7318,,,,,,,,,,Gov List,"ACRA, Google Searches",,
,,16/12/2025,FORKETTA PTE. LTD.,LA FORKETTA,,TeleSales,,Offline Sources,Adhoc,,202144191K,,,,,,,,,,,,,,,,"B2C, Offline",,,,,,,,,,,,,,,,65 6475 2298,forketta@singnet.com.sg,,,,,,,,,,,,,,Gov List,"ACRA, Google Searches",,
,,16/12/2025,SCREEN BAR PTE. LTD.,SCREEN BAR,,TeleSales,,Offline Sources,Adhoc,,201315258N,,,,,,,,,,,,,,,,"B2C, Offline",,,,,,,,,,,,,,,,65 6837 0309,,,,,,,,,,,,,,,Gov List,"ACRA, Google Searches",,
,,16/12/2025,THE CAFE LOBBY (TS) PTE. LTD.,THE CAFÉ LOBBY,,TeleSales,,Offline Sources,Adhoc,,201003980E,,,,,,,,,,,,,,,,"B2C, Offline",,,,,,,,,,,,,,,,65 6759 1082,,,,,,,,,,,,,,,Gov List,"ACRA, Google Searches",,
,,16/12/2025,BLACK SWAN ASIA PTE. LTD.,THE BLACK SWAN,,TeleSales,,Offline Sources,Adhoc,,201019047R,,,,,,,,,,,,,,,,"B2C, Offline",,,,,,,,,,,,,,,,65 6438 3757,jowens11@hotmail.co.uk,,,,65 8111 3563,,,,,,,,,,Gov List,"ACRA, Google Searches",,
,,16/12/2025,CURRY GARDENN PTE. LTD.,CURRY GARDENN,,TeleSales,,Offline Sources,Adhoc,,200502045N,,,,,,,,,,,,,,,,"B2C, Offline",,,,,,,,,,,,,,,,65 6710 7127,currygardenn@live.com,,,,65 9694 2093,,,,,,,,,,Gov List,"ACRA, Google Searches",,
,,16/12/2025,CITRUS BY THE POOL PTE. LTD.,CITRUS BY THE POOL,,TeleSales,,Offline Sources,Adhoc,,201327906C,,,,,,,,,,,,,,,,"B2C, Offline",,,,,,,,,,,,,,,,65 6366 6581,enquiry@citrusbythepool.com,,,,,,,,,,,,,,Gov List,"ACRA, Google Searches",,
,,16/12/2025,BURP KITCHEN & BAR PTE. LTD.,BURP KITCHEN & BAR,,TeleSales,,Offline Sources,Adhoc,,201624917G,,,,,,,,,,,,,,,,"B2C, Offline",,,,,,,,,,,,,,,,65 9711 9030,,,,,65 8428 1134,,,,,,,,,,Gov List,"ACRA, Google Searches",,
,,16/12/2025,VICTORY KITCHEN PTE. LTD.,VICTORS KITCHEN,,TeleSales,,Offline Sources,Adhoc,,202242335W,,,,,,,,,,,,,,,,"B2C, Offline",,,,,,,,,,,,,,,,65 9838 2851,,,,,,,,,,,,,,,Gov List,"ACRA, Google Searches",,
,,16/12/2025,HENG DING PTE. LTD.,DING HENG,,TeleSales,,Offline Sources,Adhoc,,202326301H,,,,,,,,,,,,,,,,"B2C, Offline",,,,,,,,,,,,,,,,65 6543 0848,,,,,,,,,,,,,,,Gov List,"ACRA, Google Searches",,
,,16/12/2025,CHERRY GARDENS PTE LTD,CHERRY GARDEN,,TeleSales,,Offline Sources,Adhoc,,199704554N,,,,,,,,,,,,,,,,"B2C, Offline",,,,,,,,,,,,,,,,65 6885 3500,,,,,,,,,,,,,,,Gov List,"ACRA, Google Searches",,
,,16/12/2025,GOLDLEAF (TAIWAN) RESTAURANT PTE. LTD.,GOLDLEAF TAIWAN RESTAURANT,,TeleSales,,Offline Sources,Adhoc,,199303112M,,,,,,,,,,,,,,,,"B2C, Offline",,,,,,,,,,,,,,,,65 6324 8310,tessiagnes@yahoo.com.sg,,,,,karen@goldleaf.com.sg,,,,,,,,,Gov List,"ACRA, Google Searches",,
,,16/12/2025,MASTER WOK PTE. LTD.,WOK MASTER,,TeleSales,,Offline Sources,Adhoc,,200704791R,,,,,,,,,,,,,,,,"B2C, Offline",,,,,,,,,,,,,,,,65 6835 9096,feedback@wokmaster.com.sg,,,,65 6835 9096,contact@wokmaster.com.sg,,,,,,,,,Gov List,"ACRA, Google Searches",,
,,16/12/2025,THE BOILER PTE. LTD.,THE BOILER,,TeleSales,,Offline Sources,Adhoc,,201327766H,,,,,,,,,,,,,,,,"B2C, Offline",,,,,,,,,,,,,,,,65 6635 1285,malcolm.hong@theboiler.com.sg,,,,,,,,,,,,,,Gov List,"ACRA, Google Searches",,
,,16/12/2025,POLLEN TECH PTE. LTD.,POLLEN,,TeleSales,,Offline Sources,Adhoc,,201811278M,,,,,,,,,,,,,,,,"B2C, Offline",,,,,,,,,,,,,,,,65 6604 9988,info@pollen.com.sg,,,,,,,,,,,,,,Gov List,"ACRA, Google Searches",,
,,16/12/2025,SEMBAWANG EATING HOUSE (SEAFOOD RESTAURANT) PTE. LTD.,SEMBAWANG EATING HOUSE SEAFOOD RESTAURANT,,TeleSales,,Offline Sources,Adhoc,,202306717H,,,,,,,,,,,,,,,,"B2C, Offline",,,,,,,,,,,,,,,,65 6423 9861,sehseafoods@gmail.com,,,,,,,,,,,,,,Gov List,"ACRA, Google Searches",,
,,16/12/2025,ROSSO VINO PTE. LTD.,ROSSO VINO,,TeleSales,,Offline Sources,Adhoc,,201333126D,,,,,,,,,,,,,,,,"B2C, Offline",,,,,,,,,,,,,,,,65 6733 7735,reservation@rossovinosingapore.com,,,,,,,,,,,,,,Gov List,"ACRA, Google Searches",,
,,16/12/2025,TIFFANY & CO. PTE. LTD.,TIFFANY CAFE,,TeleSales,,Offline Sources,Adhoc,,198903693N,,,,,,,,,,,,,,,,"B2C, Offline",,,,,,,,,,,,,,,,65 6531 5366,,,,,,,,,,,,,,,Gov List,"ACRA, Google Searches",,
,,16/12/2025,Y&Q SUPERSTAR PTE. LTD.,SUPERSTAR K,,TeleSales,,Offline Sources,Adhoc,,202434742W,,,,,,,,,,,,,,,,"B2C, Offline",,,,,,,,,,,,,,,,65 6224 0504,,,,,,,,,,,,,,,Gov List,"ACRA, Google Searches",,
,,16/12/2025,HJH MAIMUNAH CATERING PTE. LTD.,HJH MAIMUNAH,,TeleSales,,Offline Sources,Adhoc,,200511319E,,,,,,,,,,,,,,,,"B2C, Offline",,,,,,,,,,,,,,,,65 6291 3132,mastura@hjmaimunah.com,,,,,,,,,,,,,,Gov List,"ACRA, Google Searches",,
,,16/12/2025,VINEYARD SPACE,VINEYARD,,TeleSales,,Offline Sources,Adhoc,,53470311M,,,,,,,,,,,,,,,,"B2C, Offline",,,,,,,,,,,,,,,,65 6479 7977,,,,,,,,,,,,,,,Gov List,"ACRA, Google Searches",,
,,16/12/2025,SIN HOI SAI SEAFOOD RESTAURANT PTE. LTD.,SIN HOI SAI SEAFOOD RESTAURANT,,TeleSales,,Offline Sources,Adhoc,,200700130R,,,,,,,,,,,,,,,,"B2C, Offline",,,,,,,,,,,,,,,,65 6223 0810,,,,,,,,,,,,,,,Gov List,"ACRA, Google Searches",,
,,16/12/2025,MONGKOK DIM SUM PTE. LTD.,MONGKOK DIM SUM,,TeleSales,,Offline Sources,Adhoc,,201211743K,,,,,,,,,,,,,,,,"B2C, Offline",,,,,,,,,,,,,,,,65 9191 8829,,,,,,,,,,,,,,,Gov List,"ACRA, Google Searches",,
,,16/12/2025,1 TYRWHITT BISTRO BAR PTE. LTD.,1 TYRWHITT BISTRO BAR CAFE,,TeleSales,,Offline Sources,Adhoc,,201502900E,,,,,,,,,,,,,,,,"B2C, Offline",,,,,,,,,,,,,,,,65 9766 9483,,,,,65 6341 5167,,,,,,,,,,Gov List,"ACRA, Google Searches",,
,,16/12/2025,FO YOU YUAN VEGETARIAN RESTAURANT PTE. LTD.,FO YOU YUAN VEGETARIAN RESTAURANT,,TeleSales,,Offline Sources,Adhoc,,201536775Z,,,,,,,,,,,,,,,,"B2C, Offline",,,,,,,,,,,,,,,,65 9787 9967,,,,,65 6744 8009,,,,,,,,,,Gov List,"ACRA, Google Searches",,
,,16/12/2025,CHATTERBOX PTE. LTD.,CHATTERBOX,,TeleSales,,Offline Sources,Adhoc,,201630252N,,,,,,,,,,,,,,,,"B2C, Offline",,,,,,,,,,,,,,,,65 6831 6288,chatterbox.orchard@meritushotels.com,,,,,,,,,,,,,,Gov List,"ACRA, Google Searches",,
,,16/12/2025,KAZBAR PTE. LTD.,KAZBAR,,TeleSales,,Offline Sources,Adhoc,,200905184M,,,,,,,,,,,,,,,,"B2C, Offline",,,,,,,,,,,,,,,,65 6438 2975,kirstin@kazbar.com,,,,65 6536 4328,info@kazbar.com,,,,,,,,,Gov List,"ACRA, Google Searches",,
,,16/12/2025,PARDON MY FRENCH PTE. LTD.,PARDON MY FRENCH,,TeleSales,,Offline Sources,Adhoc,,201403402G,,,,,,,,,,,,,,,,"B2C, Offline",,,,,,,,,,,,,,,,65 6410 9353,,,,,,,,,,,,,,,Gov List,"ACRA, Google Searches",,
,,16/12/2025,KOK SEN PTE. LTD.,KOK SEN,,TeleSales,,Offline Sources,Adhoc,,202103988C,,,,,,,,,,,,,,,,"B2C, Offline",,,,,,,,,,,,,,,,65 6223 2005,cwong080@gmail.com,,,,,,,,,,,,,,Gov List,"ACRA, Google Searches",,
,,16/12/2025,BERKELEY PTE. LTD.,THE BERKELEY,,TeleSales,,Offline Sources,Adhoc,,201013713W,,,,,,,,,,,,,,,,"B2C, Offline",,,,,,,,,,,,,,,,65 6235 3311,,,,,,,,,,,,,,,Gov List,"ACRA, Google Searches",,
,,16/12/2025,HAKATA GENYO-SHA PTE. LTD.,HAKATA GENYO-SHA,,TeleSales,,Offline Sources,Adhoc,,201111821N,,,,,,,,,,,,,,,,"B2C, Offline",,,,,,,,,,,,,,,,65 6884 9893,,,,,,,,,,,,,,,Gov List,"ACRA, Google Searches",,
,,16/12/2025,MACAU EXPRESS PTE. LTD.,MACAU EXPRESS,,TeleSales,,Offline Sources,Adhoc,,200416690K,,,,,,,,,,,,,,,,"B2C, Offline",,,,,,,,,,,,,,,,65 6221 7331,macau@macauexpress.com.sg,,,,,,,,,,,,,,Gov List,"ACRA, Google Searches",,
,,16/12/2025,KUROYA INTERNATIONAL PTE. LTD.,KUROYA,,TeleSales,,Offline Sources,Adhoc,,201429928E,,,,,,,,,,,,,,,,"B2C, Offline",,,,,,,,,,,,,,,,65 6734 4740,kinoshita@kuroya968.com,,,,,,,,,,,,,,Gov List,"ACRA, Google Searches",,
,,16/12/2025,CAKE SPADE PTE. LTD.,CAKE SPADE,,TeleSales,,Offline Sources,Adhoc,,201302230N,,,,,,,,,,,,,,,,"B2C, Offline",,,,,,,,,,,,,,,,65 6444 3868,freshlybaked@cakespade.com,,,,,,,,,,,,,,Gov List,"ACRA, Google Searches",,
,,16/12/2025,CAFE GAVROCHE (S) PTE. LTD.,CAFE & BAR GAVROCHE,,TeleSales,,Offline Sources,Adhoc,,201212525N,,,,,,,,,,,,,,,,"B2C, Offline",,,,,,,,,,,,,,,,65 6225 4869,info@cafegavroche.com,,,,,,,,,,,,,,Gov List,"ACRA, Google Searches",,
,,16/12/2025,FAT PRINCE PTE. LTD.,FAT PRINCE,,TeleSales,,Offline Sources,Adhoc,,201610583K,,,,,,,,,,,,,,,,"B2C, Offline",,,,,,,,,,,,,,,,65 6221 3683,info@fatprincesg.com,,,,,,,,,,,,,,Gov List,"ACRA, Google Searches",,
,,16/12/2025,THE WHOLE EARTH PTE. LTD.,WHOLE EARTH,,TeleSales,,Offline Sources,Adhoc,,200302525N,,,,,,,,,,,,,,,,"B2C, Offline",,,,,,,,,,,,,,,,65 6323 3308,info@wholeearth.com.sg,,,,,,,,,,,,,,Gov List,"ACRA, Google Searches",,
,,16/12/2025,ASH & CHAR PTE. LTD.,ASH & CHAR BAR,,TeleSales,,Offline Sources,Adhoc,,201804145W,,,,,,,,,,,,,,,,"B2C, Offline",,,,,,,,,,,,,,,,65 9132 8880,,,,,,,,,,,,,,,Gov List,"ACRA, Google Searches",,
,,16/12/2025,BA SHU SICHUAN RESTAURANTS PTE. LTD.,BA SHU SICHUAN RESTAURANT,,TeleSales,,Offline Sources,Adhoc,,201438156G,,,,,,,,,,,,,,,,"B2C, Offline",,,,,,,,,,,,,,,,65 9865 2952,bashusichuan2015@gmail.com,,,,65 9656 3669,,,,,,,,,,Gov List,"ACRA, Google Searches",,
,,16/12/2025,QQ NOODLE HOUSE PTE. LTD.,QQ NOODLE HOUSE,,TeleSales,,Offline Sources,Adhoc,,201422858N,,,,,,,,,,,,,,,,"B2C, Offline",,,,,,,,,,,,,,,,65 6337 6532,qqnoodle123@gmail.com,,,,,,,,,,,,,,Gov List,"ACRA, Google Searches",,
,,16/12/2025,SI WEI XUAN PTE. LTD.,SI WEI XUAN,,TeleSales,,Offline Sources,Adhoc,,201023783E,,,,,,,,,,,,,,,,"B2C, Offline",,,,,,,,,,,,,,,,65 9479 5736,business@siweixuan.com,,,,,,,,,,,,,,Gov List,"ACRA, Google Searches",,
,,16/12/2025,KO RYO JEONG RESTAURANT PTE LTD,KO RYO JEONG KOREAN RESTAURANT,,TeleSales,,Offline Sources,Adhoc,,199504008N,,,,,,,,,,,,,,,,"B2C, Offline",,,,,,,,,,,,,,,,65 6324 3120,,,,,,,,,,,,,,,Gov List,"ACRA, Google Searches",,
,,16/12/2025,KITCHEN 511 PTE. LTD.,KITCHEN 511,,TeleSales,,Offline Sources,Adhoc,,201300099G,,,,,,,,,,,,,,,,"B2C, Offline",,,,,,,,,,,,,,,,65 9007 6480,jun.f@kitchen511.asia,,,,,,,,,,,,,,Gov List,"ACRA, Google Searches",,
,,16/12/2025,FAMOUS KITCHEN,THE FAMOUS KITCHEN,,TeleSales,,Offline Sources,Adhoc,,53432893L,,,,,,,,,,,,,,,,"B2C, Offline",,,,,,,,,,,,,,,,65 6257 1843,jefffoo@hotmail.com,,,,,,,,,,,,,,Gov List,"ACRA, Google Searches",,
,,16/12/2025,AH CHIANG PORRIDGE PTE. LTD.,AH CHIANGS PORRIDGE,,TeleSales,,Offline Sources,Adhoc,,200505442H,,,,,,,,,,,,,,,,"B2C, Offline",,,,,,,,,,,,,,,,65 9735 2735,,,,,,,,,,,,,,,Gov List,"ACRA, Google Searches",,
,,16/12/2025,ISURAMUYA PTE. LTD.,ISURAMUYA,,TeleSales,,Offline Sources,Adhoc,,201611741D,,,,,,,,,,,,,,,,"B2C, Offline",,,,,,,,,,,,,,,,65 9737 3282,enquiry@isuramuya.com,,,,,,,,,,,,,,Gov List,"ACRA, Google Searches",,
,,16/12/2025,SG WAREHOUSE,WAREHOUSE,,TeleSales,,Offline Sources,Adhoc,,53401236A,,,,,,,,,,,,,,,,"B2C, Offline",,,,,,,,,,,,,,,,65 9835 5134,glenn@verve.sg,,,,,,,,,,,,,,Gov List,"ACRA, Google Searches",,
,,16/12/2025,SENG KEE BAK KUT TEH,AH SENG BAK KUT TEH,,TeleSales,,Offline Sources,Adhoc,,52000200L,,,,,,,,,,,,,,,,"B2C, Offline",,,,,,,,,,,,,,,,65 6336 0779,,,,,,,,,,,,,,,Gov List,"ACRA, Google Searches",,
,,16/12/2025,NAGOMI PTE. LTD.,NAGOMI,,TeleSales,,Offline Sources,Adhoc,,200512490Z,,,,,,,,,,,,,,,,"B2C, Offline",,,,,,,,,,,,,,,,65 6732 4300,nagomi@singnet.com.sg,,,,,,,,,,,,,,Gov List,"ACRA, Google Searches",,
,,16/12/2025,NANTSUTTEI SINGAPORE PTE. LTD.,NANTSUTTEI,,TeleSales,,Offline Sources,Adhoc,,200918290D,,,,,,,,,,,,,,,,"B2C, Offline",,,,,,,,,,,,,,,,65 6737 9713,nantsuog@singnet.com.sg,,,,65 6337 7166,,,,,,,,,,Gov List,"ACRA, Google Searches",,
,,16/12/2025,NAKASEI PTE. LTD.,NAKASEI,,TeleSales,,Offline Sources,Adhoc,,201132579N,,,,,,,,,,,,,,,,"B2C, Offline",,,,,,,,,,,,,,,,65 6836 5325,,,,,,,,,,,,,,,Gov List,"ACRA, Google Searches",,
,,16/12/2025,CHUAN GARDEN STEAMBOAT PTE. LTD.,CHUAN GARDEN STEAMBOAT,,TeleSales,,Offline Sources,Adhoc,,201411694W,,,,,,,,,,,,,,,,"B2C, Offline",,,,,,,,,,,,,,,,65 6222 3451,,,,,,,,,,,,,,,Gov List,"ACRA, Google Searches",,
,,16/12/2025,A BAO,JI BAO BAO,,TeleSales,,Offline Sources,Adhoc,,52962617M,,,,,,,,,,,,,,,,"B2C, Offline",,,,,,,,,,,,,,,,65 6493 2987,jibaobao899@gmail.com,,,,,,,,,,,,,,Gov List,"ACRA, Google Searches",,
,,16/12/2025,GOOD COME AGAIN PTE. LTD.,GOOD COME AGAIN,,TeleSales,,Offline Sources,Adhoc,,201218995Z,,,,,,,,,,,,,,,,"B2C, Offline",,,,,,,,,,,,,,,,65 6841 1588,,,,,,,,,,,,,,,Gov List,"ACRA, Google Searches",,
,,16/12/2025,DA HU ZI BBQ PTE. LTD.,DA HU ZI BBQ,,TeleSales,,Offline Sources,Adhoc,,202107851W,,,,,,,,,,,,,,,,"B2C, Offline",,,,,,,,,,,,,,,,65 6841 0387,,,,,,,,,,,,,,,Gov List,"ACRA, Google Searches",,
,,16/12/2025,OLD HOUSE BAK KUT TEH PTE. LTD.,HOUSE OF BAK KUT TEH,,TeleSales,,Offline Sources,Adhoc,,202418696Z,,,,,,,,,,,,,,,,"B2C, Offline",,,,,,,,,,,,,,,,65 6336 7570,,,,,,,,,,,,,,,Gov List,"ACRA, Google Searches",,
,,16/12/2025,NONNA LINA PTE. LTD.,NONNA LINA,,TeleSales,,Offline Sources,Adhoc,,201136537G,,,,,,,,,,,,,,,,"B2C, Offline",,,,,,,,,,,,,,,,65 6222 0930,simone@nonnalina.sg,,,,,,,,,,,,,,Gov List,"ACRA, Google Searches",,
,,16/12/2025,APIARY 8,APIARY,,TeleSales,,Offline Sources,Adhoc,,53492802A,,,,,,,,,,,,,,,,"B2C, Offline",,,,,,,,,,,,,,,,65 6493 7273,info@apiary.sg,,,,,info@apiary.sg,,,,,,,,,Gov List,"ACRA, Google Searches",,
,,16/12/2025,NICOLAS LE RESTAURANT PTE. LTD.,NICOLAS LE RESTAURANT,,TeleSales,,Offline Sources,Adhoc,,202542712H,,,,,,,,,,,,,,,,"B2C, Offline",,,,,,,,,,,,,,,,65 6224 2404,contact@restaurantnicolas.com,,,,,,,,,,,,,,Gov List,"ACRA, Google Searches",,
,,16/12/2025,SEOULROLL GROUP PTE. LTD.,SEOULROLL,,TeleSales,,Offline Sources,Adhoc,,201540708D,,,,,,,,,,,,,,,,"B2C, Offline",,,,,,,,,,,,,,,,65 8718 6086,,,,,,,,,,,,,,,Gov List,"ACRA, Google Searches",,
,,16/12/2025,DAZZLING CO. PTE. LTD.,DAZZLING CAFE,,TeleSales,,Offline Sources,Adhoc,,198300327N,,,,,,,,,,,,,,,,"B2C, Offline",,,,,,,,,,,,,,,,65 6384 3310,kim.tay@dazzlingcafe.sg,,,,,,,,,,,,,,Gov List,"ACRA, Google Searches",,
,,16/12/2025,OBERSTRASSE 31 PTE. LTD.,OBERSTRASSE,,TeleSales,,Offline Sources,Adhoc,,201431943D,,,,,,,,,,,,,,,,"B2C, Offline",,,,,,,,,,,,,,,,65 9003 5327,ober.strasse@yahoo.com,,,,65 9652 5336,,,,,,,,,,Gov List,"ACRA, Google Searches",,
,,16/12/2025,TEA TREE CAFE PTE. LTD.,TEA TREE CAFE,,TeleSales,,Offline Sources,Adhoc,,200916906D,,,,,,,,,,,,,,,,"B2C, Offline",,,,,,,,,,,,,,,,65 6459 8187,hr@tea-tree-cafe.com.sg,,,,,,,,,,,,,,Gov List,"ACRA, Google Searches",,
,,16/12/2025,GOOD CHEER (SG) PTE. LTD.,GOOD CHEER 2,,TeleSales,,Offline Sources,Adhoc,,202306358M,,,,,,,,,,,,,,,,"B2C, Offline",,,,,,,,,,,,,,,,65 8781 9878,hello@goodcheer2.com,,,,,,,,,,,,,,Gov List,"ACRA, Google Searches",,
,,16/12/2025,LIM SPRING COURT PTE. LTD.,SPRING COURT,,TeleSales,,Offline Sources,Adhoc,,201830918W,,,,,,,,,,,,,,,,"B2C, Offline",,,,,,,,,,,,,,,,65 6449 5030,raymond.ng@springcourt.com.sg,,,,65 9461 5828,enquiry@springcourt.com.sg,,,,,,,,,Gov List,"ACRA, Google Searches",,
,,16/12/2025,DOU FU ZHUANG PTE. LTD.,DOU HUA ZHUANG,,TeleSales,,Offline Sources,Adhoc,,201008628N,,,,,,,,,,,,,,,,"B2C, Offline",,,,,,,,,,,,,,,,65 6226 1448,,,,,,,,,,,,,,,Gov List,"ACRA, Google Searches",,
,,16/12/2025,HOLLAND VILLAGE XO FISH HEAD BEE HUN RESTAURANT,HOLLAND VILLAGE XO FISH HEAD BEE HUN,,TeleSales,,Offline Sources,Adhoc,,52845789J,,,,,,,,,,,,,,,,"B2C, Offline",,,,,,,,,,,,,,,,65 6778 3691,,,,,,,,,,,,,,,Gov List,"ACRA, Google Searches",,
,,16/12/2025,REUNION BBQ GROUP PTE. LTD.,REUNION BBQ,,TeleSales,,Offline Sources,Adhoc,,201203140E,,,,,,,,,,,,,,,,"B2C, Offline",,,,,,,,,,,,,,,,65 6396 6218,reunion.michellechen@gmail.com,,,,,,,,,,,,,,Gov List,"ACRA, Google Searches",,
,,16/12/2025,THE FOOD BARN,FOOD BARN,,TeleSales,,Offline Sources,Adhoc,,52885506M,,,,,,,,,,,,,,,,"B2C, Offline",,,,,,,,,,,,,,,,65 6804 6473,contact@thefoodbarn.com.sg,,,,,sales@gtk.com.sg,,,,,irenekor@gtk.com.sg,,,,Gov List,"ACRA, Google Searches",,
,,16/12/2025,MENU PTE. LTD.,NO MENU,,TeleSales,,Offline Sources,Adhoc,,199606126H,,,,,,,,,,,,,,,,"B2C, Offline",,,,,,,,,,,,,,,,65 6224 0091,nomenu@osvaldo.sg,,,,,,,,,,,,,,Gov List,"ACRA, Google Searches",,
,,16/12/2025,HOKKAI VILLA SINGAPORE PTE. LTD.,HOKKAI VILLA,,TeleSales,,Offline Sources,Adhoc,,201629037D,,,,,,,,,,,,,,,,"B2C, Offline",,,,,,,,,,,,,,,,65 6909 0828,zoanne@hokkaivilla.com,,,,65 6909 0828,hi@hokkaivilla.com,,,,,,,,,Gov List,"ACRA, Google Searches",,
,,16/12/2025,BULL & BEAR PTE. LTD.,BULL AND BEAR,,TeleSales,,Offline Sources,Adhoc,,200920108H,,,,,,,,,,,,,,,,"B2C, Offline",,,,,,,,,,,,,,,,65 6557 0879,evelyn@bullandbear.com.sg,,,,,,,,,,,,,,Gov List,"ACRA, Google Searches",,
,,16/12/2025,SAGAE PTE. LTD.,SAGAE,,TeleSales,,Offline Sources,Adhoc,,201536470C,,,,,,,,,,,,,,,,"B2C, Offline",,,,,,,,,,,,,,,,65 6221 8005,,,,,,,,,,,,,,,Gov List,"ACRA, Google Searches",,
,,16/12/2025,ABSOLUTE ACAI PTE. LTD.,ABSOLUTE ACAI,,TeleSales,,Offline Sources,Adhoc,,201538435W,,,,,,,,,,,,,,,,"B2C, Offline",,,,,,,,,,,,,,,,65 6224 4088,info@absolute-acai.com,,,,,,,,,,,,,,Gov List,"ACRA, Google Searches",,
,,16/12/2025,SIN KEE FAMOUS CHICKEN RICE,YUAN KEE FAMOUS CHICKEN RICE,,TeleSales,,Offline Sources,Adhoc,,53118583D,,,,,,,,,,,,,,,,"B2C, Offline",,,,,,,,,,,,,,,,65 9858 6955,jonathan@arcadiagr.com,,,,,,,,,,,,,,Gov List,"ACRA, Google Searches",,
,,16/12/2025,LE NOIR PTE. LTD.,LE NOIR,,TeleSales,,Offline Sources,Adhoc,,200502701C,,,,,,,,,,,,,,,,"B2C, Offline",,,,,,,,,,,,,,,,65 8684 2122,johnathan@barlenoir.com,,,,65 8817 6229,enquiry@lenoir.com.sg,,,,,,,,,Gov List,"ACRA, Google Searches",,
,,16/12/2025,THE FOOD CHAMBER,THE CHAMBER,,TeleSales,,Offline Sources,Adhoc,,53414784D,,,,,,,,,,,,,,,,"B2C, Offline",,,,,,,,,,,,,,,,65 6536 9926,tony@chamber.com.sg,,,,65 6659 9888,,,,,,,,,,Gov List,"ACRA, Google Searches",,
,,16/12/2025,HARARU IZAKAYA PTE. LTD.,HARARU IZAKAYA,,TeleSales,,Offline Sources,Adhoc,,201801252D,,,,,,,,,,,,,,,,"B2C, Offline",,,,,,,,,,,,,,,,65 6291 5373,info@shukuu.sg,,,,,,,,,,,,,,Gov List,"ACRA, Google Searches",,
,,16/12/2025,XIANG SIGNATURE PTE. LTD.,XIANG SIGNATURE,,TeleSales,,Offline Sources,Adhoc,,201600755E,,,,,,,,,,,,,,,,"B2C, Offline",,,,,,,,,,,,,,,,65 6338 8939,,,,,,,,,,,,,,,Gov List,"ACRA, Google Searches",,
,,16/12/2025,KOKORO RAMEN PTE. LTD.,KOKORO RAMEN,,TeleSales,,Offline Sources,Adhoc,,201628162E,,,,,,,,,,,,,,,,"B2C, Offline",,,,,,,,,,,,,,,,65 8182 2015,kokororamen55@gmail.com,,,,,,,,,,,,,,Gov List,"ACRA, Google Searches",,
,,16/12/2025,TASH TISH TOSH (S) PTE. LTD.,TASH TISH TOSH,,TeleSales,,Offline Sources,Adhoc,,201628428D,,,,,,,,,,,,,,,,"B2C, Offline",,,,,,,,,,,,,,,,65 8714 8677,tashtishtosh.ttt@gmail.com,,,,,,,,,,,,,,Gov List,"ACRA, Google Searches",,
,,16/12/2025,W AVENUE PRIVATE LIMITED,AVENUE,,TeleSales,,Offline Sources,Adhoc,,201803454G,,,,,,,,,,,,,,,,"B2C, Offline",,,,,,,,,,,,,,,,65 6336 1918,avenuesgpub@gmail.com,,,,,,,,,,,,,,Gov List,"ACRA, Google Searches",,
,,16/12/2025,JAVIER ASIA PTE. LTD.,JAVIERS,,TeleSales,,Offline Sources,Adhoc,,201410297R,,,,,,,,,,,,,,,,"B2C, Offline",,,,,,,,,,,,,,,,65 6252 7371,enquiries@astons.com.sg,,,,,,,,,,,,,,Gov List,"ACRA, Google Searches",,
,,16/12/2025,JUST DOUGH PTE. LTD.,JUST DOUGH,,TeleSales,,Offline Sources,Adhoc,,201538135N,,,,,,,,,,,,,,,,"B2C, Offline",,,,,,,,,,,,,,,,65 6341 9619,justdough1169@gmail.com,,,,,,,,,,,,,,Gov List,"ACRA, Google Searches",,
,,16/12/2025,ALCHEMIST BEER LAB PTE. LTD.,ALCHEMIST BEER LAB,,TeleSales,,Offline Sources,Adhoc,,201543206W,,,,,,,,,,,,,,,,"B2C, Offline",,,,,,,,,,,,,,,,65 9682 8665,info@libc.co,,,,,,,,,,,,,,Gov List,"ACRA, Google Searches",,
,,16/12/2025,TAI CHEONG BAKERY PTE. LTD.,TAI CHEONG BAKERY,,TeleSales,,Offline Sources,Adhoc,,201600041G,,,,,,,,,,,,,,,,"B2C, Offline",,,,,,,,,,,,,,,,65 8223 1954,,,,,,,,,,,,,,,Gov List,"ACRA, Google Searches",,
,,16/12/2025,SEASONS@SG,THE SEASONS,,TeleSales,,Offline Sources,Adhoc,,53454290E,,,,,,,,,,,,,,,,"B2C, Offline",,,,,,,,,,,,,,,,65 6463 6568,theseasonsmusic.qc@gmail.com,,,,,,,,,,,,,,Gov List,"ACRA, Google Searches",,
,,16/12/2025,AP PELICAN PTE. LTD.,THE PELICAN,,TeleSales,,Offline Sources,Adhoc,,202003912D,,,,,,,,,,,,,,,,"B2C, Offline",,,,,,,,,,,,,,,,65 6438 0400,enquiry@thepelican.com.sg,,,,,enquiry@thepelican.com.sg,,,,,,,,,Gov List,"ACRA, Google Searches",,
,,16/12/2025,BARNACLES BY THE SEA,BARNACLES,,TeleSales,,Offline Sources,Adhoc,,53073991K,,,,,,,,,,,,,,,,"B2C, Offline",,,,,,,,,,,,,,,,65 6532 1011,admin@barnacles.sg,,,,,,,,,,,,,,Gov List,"ACRA, Google Searches",,
,,16/12/2025,DJ BAKERY GROUP PTE. LTD.,DJ BAKERY,,TeleSales,,Offline Sources,Adhoc,,201914061G,,,,,,,,,,,,,,,,"B2C, Offline",,,,,,,,,,,,,,,,65 6555 6760,enquiry@djbakery.com.sg,,,,,,,,,,,,,,Gov List,"ACRA, Google Searches",,
,,16/12/2025,FULL PINT MICROBREWERY PTE. LTD.,FULL PINT MICROBREWERY,,TeleSales,,Offline Sources,Adhoc,,201405433H,,,,,,,,,,,,,,,,"B2C, Offline",,,,,,,,,,,,,,,,65 6342 0203,enquiry@fullpintmicrobrewery.com.sg,,,,65 8858 6000,johnny@fullpintmicrobrewery.com.sg,,,,,johnny@solarone.com.sg,,,,Gov List,"ACRA, Google Searches",,
,,16/12/2025,KEE TIN KOPI ROTI PTE. LTD.,KEE TIN KOPI ROTI,,TeleSales,,Offline Sources,Adhoc,,200511093W,,,,,,,,,,,,,,,,"B2C, Offline",,,,,,,,,,,,,,,,65 6786 6341,kopiroticafe@gmail.com,,,,,,,,,,,,,,Gov List,"ACRA, Google Searches",,
,,16/12/2025,SAMURAI PTE. LTD.,MR SAMURAI,,TeleSales,,Offline Sources,Adhoc,,200908390Z,,,,,,,,,,,,,,,,"B2C, Offline",,,,,,,,,,,,,,,,65 6635 2599,mr.samurai@outlook.com,,,,,,,,,,,,,,Gov List,"ACRA, Google Searches",,
,,16/12/2025,QI YU ROASTED DELIGHTS PTE. LTD.,QI YU ROASTED DELIGHTS,,TeleSales,,Offline Sources,Adhoc,,201529953M,,,,,,,,,,,,,,,,"B2C, Offline",,,,,,,,,,,,,,,,65 6785 9168,,,,,,,,,,,,,,,Gov List,"ACRA, Google Searches",,
,,16/12/2025,MASHUP SINGAPORE PTE. LTD.,MASHUP,,TeleSales,,Offline Sources,Adhoc,,201301853D,,,,,,,,,,,,,,,,"B2C, Offline",,,,,,,,,,,,,,,,65 8611 1060,mashupsg@gmail.com,,,,,,,,,,,,,,Gov List,"ACRA, Google Searches",,
,,16/12/2025,SUSHI ZANMAI PTE. LTD.,SUSHI ZANMAI,,TeleSales,,Offline Sources,Adhoc,,201301587C,,,,,,,,,,,,,,,,"B2C, Offline",,,,,,,,,,,,,,,,65 6636 0935,feedback@supersushi.com.my,,,,,,,,,,,,,,Gov List,"ACRA, Google Searches",,
,,16/12/2025,5 MASONS PTE. LTD.,MASONS,,TeleSales,,Offline Sources,Adhoc,,202031020E,,,,,,,,,,,,,,,,"B2C, Offline",,,,,,,,,,,,,,,,65 6694 2216,info@masons.sg,,,,,,,,,,,,,,Gov List,"ACRA, Google Searches",,
,,16/12/2025,CREAMIER PG PTE. LTD.,CREAMIER,,TeleSales,,Offline Sources,Adhoc,,202444596N,,,,,,,,,,,,,,,,"B2C, Offline",,,,,,,,,,,,,,,,65 6262 1037,info@creamier.com.sg,,,,,,,,,,,,,,Gov List,"ACRA, Google Searches",,
,,16/12/2025,RICE BING BING LLP,BING BING,,TeleSales,,Offline Sources,Adhoc,,T25LL0387A,,,,,,,,,,,,,,,,"B2C, Offline",,,,,,,,,,,,,,,,65 6348 6535,commercial@icecreamgallery.com,,,,,,,,,,,,,,Gov List,"ACRA, Google Searches",,
,,16/12/2025,B4R! PTE. LTD.,B4R,,TeleSales,,Offline Sources,Adhoc,,201136248G,,,,,,,,,,,,,,,,"B2C, Offline",,,,,,,,,,,,,,,,65 6348 8275,manager@b4rpl.com,,,,,,,,,,,,,,Gov List,"ACRA, Google Searches",,
,,16/12/2025,MADRAS NEW WOODLANDS RESTAURANT PTE. LTD.,MADRAS NEW WOODLANDS,,TeleSales,,Offline Sources,Adhoc,,198301539N,,,,,,,,,,,,,,,,"B2C, Offline",,,,,,,,,,,,,,,,65 6297 1594,rohitwoodland@hotmail.com,,,,,,,,,,,,,,Gov List,"ACRA, Google Searches",,
,,16/12/2025,ONE CHIMICHANGA PTE. LTD.,CHIMICHANGA,,TeleSales,,Offline Sources,Adhoc,,201625272D,,,,,,,,,,,,,,,,"B2C, Offline",,,,,,,,,,,,,,,,65 6293 3314,chimi@chimichanga.sg,,,,,hola@chimichanga.sg,,,,,,,,,Gov List,"ACRA, Google Searches",,
,,16/12/2025,THE MALAYAN COUNCIL PTE. LTD.,THE MALAYAN COUNCIL,,TeleSales,,Offline Sources,Adhoc,,202001037Z,,,,,,,,,,,,,,,,"B2C, Offline",,,,,,,,,,,,,,,,65 9002 4414,themalayancouncil.sg@gmail.com,,,,,,,,,,,,,,Gov List,"ACRA, Google Searches",,
,,16/12/2025,S-BOX AND PUB,S-BOX & PUB,,TeleSales,,Offline Sources,Adhoc,,52990142X,,,,,,,,,,,,,,,,"B2C, Offline",,,,,,,,,,,,,,,,65 6344 3028,,,,,,,,,,,,,,,Gov List,"ACRA, Google Searches",,
,,16/12/2025,GOBI (S) DESSERTS LLP,GOBI DESSERTS,,TeleSales,,Offline Sources,Adhoc,,T10LL0737L,,,,,,,,,,,,,,,,"B2C, Offline",,,,,,,,,,,,,,,,65 6345 2127,info@gobi.com.sg,,,,,,,,,,,,,,Gov List,"ACRA, Google Searches",,
,,16/12/2025,LAP VIETNAMESE RESTAURANT LP,LAP VIETNAMESE RESTAURANT,,TeleSales,,Offline Sources,Adhoc,,T16LP0116J,,,,,,,,,,,,,,,,"B2C, Offline",,,,,,,,,,,,,,,,65 9743 7700,wolter@singnet.com.sg,,,,,,,,,,,,,,Gov List,"ACRA, Google Searches",,
,,16/12/2025,THUNDER TEA RICE PTE. LTD.,THUNDER TEA RICE,,TeleSales,,Offline Sources,Adhoc,,200204349D,,,,,,,,,,,,,,,,"B2C, Offline",,,,,,,,,,,,,,,,65 6342 0223,thundertearice@gmail.com,,,,,,,,,,,,,,Gov List,"ACRA, Google Searches",,
,,16/12/2025,SAIGON SANDWICH,SANDWICH SAIGON CAFE,,TeleSales,,Offline Sources,Adhoc,,53264592L,,,,,,,,,,,,,,,,"B2C, Offline",,,,,,,,,,,,,,,,65 6345 3849,sandwichsg@gmail.com,,,,,,,,,,,,,,Gov List,"ACRA, Google Searches",,
,,16/12/2025,ISLAND CREAMERY PTE. LTD.,ISLAND CREAMERY,,TeleSales,,Offline Sources,Adhoc,,199700809D,,,,,,,,,,,,,,,,"B2C, Offline",,,,,,,,,,,,,,,,65 6468 8859,stanley@islandcreamery.com,,,,,,,,,,,,,,Gov List,"ACRA, Google Searches",,
,,16/12/2025,STREETS OF LONDON HOLDINGS PTE. LTD.,STREETS OF LONDON,,TeleSales,,Offline Sources,Adhoc,,201433095K,,,,,,,,,,,,,,,,"B2C, Offline",,,,,,,,,,,,,,,,65 9754 7716,lamveeping2006@gmail.com,,,,,,,,,,,,,,Gov List,"ACRA, Google Searches",,
,,16/12/2025,JAI SIAM PTE. LTD.,JAI SIAM,,TeleSales,,Offline Sources,Adhoc,,201200692N,,,,,,,,,,,,,,,,"B2C, Offline",,,,,,,,,,,,,,,,65 6346 4940,suwarat@jai-thai.com,,,,,,,,,,,,,,Gov List,"ACRA, Google Searches",,
,,16/12/2025,BREAD & HEARTH PTE. LTD.,BREAD N HEARTH CAFE,,TeleSales,,Offline Sources,Adhoc,,201330222E,,,,,,,,,,,,,,,,"B2C, Offline",,,,,,,,,,,,,,,,65 6534 7800,,,,,,,,,,,,,,,Gov List,"ACRA, Google Searches",,
,,16/12/2025,2SIX PTE. LTD.,2SIX,,TeleSales,,Offline Sources,Adhoc,,201607584W,,,,,,,,,,,,,,,,"B2C, Offline",,,,,,,,,,,,,,,,65 6247 7548,enquiry@2six.com.sg,,,,,,,,,,,,,,Gov List,"ACRA, Google Searches",,
,,16/12/2025,REBEL CHEFS PTE. LTD.,REBEL CHEFS,,TeleSales,,Offline Sources,Adhoc,,201609071M,,,,,,,,,,,,,,,,"B2C, Offline",,,,,,,,,,,,,,,,65 6344 4978,rebelchefs@singnet.com.sg,,,,65 9823 8882,rebelchefs88@gmail.com,,,,,,,,,Gov List,"ACRA, Google Searches",,
,,16/12/2025,BEACH ROAD PRAWN MEE PTE. LTD.,BEACH ROAD PRAWN MEE,,TeleSales,,Offline Sources,Adhoc,,200900030H,,,,,,,,,,,,,,,,"B2C, Offline",,,,,,,,,,,,,,,,65 6345 7196,,,,,,,,,,,,,,,Gov List,"ACRA, Google Searches",,
,,16/12/2025,2004 NOVENA PERANAKAN CUISINE,NOVENA PERANAKAN CUISINE,,TeleSales,,Offline Sources,Adhoc,,53030868A,,,,,,,,,,,,,,,,"B2C, Offline",,,,,,,,,,,,,,,,65 6256 1430,5951jtan@gmail.com,,,,,,,,,,,,,,Gov List,"ACRA, Google Searches",,
,,16/12/2025,AH CHEW DESSERTS PTE. LTD.,AH CHEW DESSERTS,,TeleSales,,Offline Sources,Adhoc,,200613324Z,,,,,,,,,,,,,,,,"B2C, Offline",,,,,,,,,,,,,,,,65 6254 8198,,,,,,,,,,,,,,,Gov List,"ACRA, Google Searches",,
,,16/12/2025,HOOHA CAFE PTE. LTD.,HOOHA CAFE,,TeleSales,,Offline Sources,Adhoc,,201009991G,,,,,,,,,,,,,,,,"B2C, Offline",,,,,,,,,,,,,,,,65 9451 4545,victor@hoohacafe.com,,,,,,,,,,,,,,Gov List,"ACRA, Google Searches",,
,,16/12/2025,MOC QUAN PTE. LTD.,MOC QUAN,,TeleSales,,Offline Sources,Adhoc,,201709474G,,,,,,,,,,,,,,,,"B2C, Offline",,,,,,,,,,,,,,,,65 6736 0123,jeffkohholdings@gmail.com,,,,,,,,,,,,,,Gov List,"ACRA, Google Searches",,
,,16/12/2025,MATA THAI F&B PTE. LTD.,MATA THAI,,TeleSales,,Offline Sources,Adhoc,,201625647W,,,,,,,,,,,,,,,,"B2C, Offline",,,,,,,,,,,,,,,,65 6899 9555,eaturiano@honghuaholdings.com.sg,,,,65 9111 9239,lamcheemun@gmail.com,,,,,,,,,Gov List,"ACRA, Google Searches",,
,,16/12/2025,NUMAZU UOGASHIZUSHI SINGAPORE PTE. LTD.,NUMAZU UOGASHIZUSHI,,TeleSales,,Offline Sources,Adhoc,,201626297Z,,,,,,,,,,,,,,,,"B2C, Offline",,,,,,,,,,,,,,,,65 9118 4110,d.kutsuma@uogashizushi.co.jp,,,,,,,,,,,,,,Gov List,"ACRA, Google Searches",,
,,16/12/2025,SALMON SAMURAI PTE. LTD.,SALMON SAMURAI,,TeleSales,,Offline Sources,Adhoc,,201413875E,,,,,,,,,,,,,,,,"B2C, Offline",,,,,,,,,,,,,,,,65 6543 6823,eat@salmonsamurai.com,,,,,,,,,,,,,,Gov List,"ACRA, Google Searches",,
,,16/12/2025,DA CHANG JIN KOREAN HOT STONE BBQ PTE. LTD.,DA CHANG JIN KOREAN HOT STONE,,TeleSales,,Offline Sources,Adhoc,,200603317C,,,,,,,,,,,,,,,,"B2C, Offline",,,,,,,,,,,,,,,,65 6747 6406,,,,,,,,,,,,,,,Gov List,"ACRA, Google Searches",,
,,16/12/2025,SHINZO AUTO PTE. LTD.,SHINZO,,TeleSales,,Offline Sources,Adhoc,,201903984C,,,,,,,,,,,,,,,,"B2C, Offline",,,,,,,,,,,,,,,,65 6438 2921,shinzo@singnet.com.sg,,,,,,,,,,,,,,Gov List,"ACRA, Google Searches",,
,,16/12/2025,QUAICH BAR,CJS BAR AT QUAICH,,TeleSales,,Offline Sources,Adhoc,,53104786E,,,,,,,,,,,,,,,,"B2C, Offline",,,,,,,,,,,,,,,,65 6686 3313,william.g@strumms.com,,,,,,,,,,,,,,Gov List,"ACRA, Google Searches",,
,,16/12/2025,TANGERINE & CO PTE. LTD.,TANGERINE,,TeleSales,,Offline Sources,Adhoc,,201919473C,,,,,,,,,,,,,,,,"B2C, Offline",,,,,,,,,,,,,,,,65 6577 6688,tangerinekl@gmail.com,,,,,,,,,,,,,,Gov List,"ACRA, Google Searches",,
,,16/12/2025,A-POH KITCHEN PTE. LTD.,A-POH KITCHEN,,TeleSales,,Offline Sources,Adhoc,,201016608N,,,,,,,,,,,,,,,,"B2C, Offline",,,,,,,,,,,,,,,,65 6774 5534,,,,,,,,,,,,,,,Gov List,"ACRA, Google Searches",,
,,16/12/2025,GUAN CHEE KITCHEN PTE. LTD.,GUAN KITCHEN,,TeleSales,,Offline Sources,Adhoc,,200807710R,,,,,,,,,,,,,,,,"B2C, Offline",,,,,,,,,,,,,,,,65 6333 6003,,,,,,,,,,,,,,,Gov List,"ACRA, Google Searches",,
,,16/12/2025,HONG KONG CAFE PTE. LTD.,CAFE DE HONG KONG,,TeleSales,,Offline Sources,Adhoc,,200412515D,,,,,,,,,,,,,,,,"B2C, Offline",,,,,,,,,,,,,,,,65 6255 3865,cafedehongkong@gmail.com,,,,,,,,,,,,,,Gov List,"ACRA, Google Searches",,
,,16/12/2025,HOMETOWN CUISINE PTE. LTD.,HOMETOWN CUISINE,,TeleSales,,Offline Sources,Adhoc,,202321895W,,,,,,,,,,,,,,,,"B2C, Offline",,,,,,,,,,,,,,,,65 9696 0929,,,,,,,,,,,,,,,Gov List,"ACRA, Google Searches",,
,,16/12/2025,ENCHANTED LAND PTE. LTD.,ENCHANTED,,TeleSales,,Offline Sources,Adhoc,,202232312C,,,,,,,,,,,,,,,,"B2C, Offline",,,,,,,,,,,,,,,,65 8813 1086,enchantedcafesg@gmail.com,,,,,,,,,,,,,,Gov List,"ACRA, Google Searches",,
,,16/12/2025,SHABU EN,SHABU-SHABU GEN,,TeleSales,,Offline Sources,Adhoc,,53436141B,,,,,,,,,,,,,,,,"B2C, Offline",,,,,,,,,,,,,,,,65 6836 5155,,,,,,,,,,,,,,,Gov List,"ACRA, Google Searches",,
,,16/12/2025,THE POWDER ROOM PTE. LTD.,THE POWDER ROOM,,TeleSales,,Offline Sources,Adhoc,,202443710Z,,,,,,,,,,,,,,,,"B2C, Offline",,,,,,,,,,,,,,,,65 6438 3757,,,,,,,,,,,,,,,Gov List,"ACRA, Google Searches",,
,,16/12/2025,MATSUYA GROUP PRIVATE LIMITED,MATSUYA,,TeleSales,,Offline Sources,Adhoc,,201734638C,,,,,,,,,,,,,,,,"B2C, Offline",,,,,,,,,,,,,,,,65 9482 6088,ask@matsuya.com.sg,,,,65 6250 6200,,,,,,,,,,Gov List,"ACRA, Google Searches",,
,,16/12/2025,DRURY LANE PTE. LTD.,DRURY LANE,,TeleSales,,Offline Sources,Adhoc,,201702926D,,,,,,,,,,,,,,,,"B2C, Offline",,,,,,,,,,,,,,,,65 8866 9177,hello@drurylane.sg,,,,,,,,,,,,,,Gov List,"ACRA, Google Searches",,
,,16/12/2025,YONG KEE BAK KUT TEH,YONG BAK KUT TEH,,TeleSales,,Offline Sources,Adhoc,,53501539M,,,,,,,,,,,,,,,,"B2C, Offline",,,,,,,,,,,,,,,,65 6532 2231,,,,,,,,,,,,,,,Gov List,"ACRA, Google Searches",,
,,16/12/2025,BBQ.SG,BBQ O,,TeleSales,,Offline Sources,Adhoc,,53150788B,,,,,,,,,,,,,,,,"B2C, Offline",,,,,,,,,,,,,,,,65 6222 0840,,,,,,,,,,,,,,,Gov List,"ACRA, Google Searches",,
,,16/12/2025,LEGENDARY HONG KONG PTE. LTD.,LEGENDARY HONG KONG,,TeleSales,,Offline Sources,Adhoc,,201413607H,,,,,,,,,,,,,,,,"B2C, Offline",,,,,,,,,,,,,,,,65 6794 1335,bealsonsim@leekimtah.com,,,,,,,,,,,,,,Gov List,"ACRA, Google Searches",,
,,16/12/2025,JACOB'S CAFE PTE. LTD.,JACOBS CAFE,,TeleSales,,Offline Sources,Adhoc,,201202492W,,,,,,,,,,,,,,,,"B2C, Offline",,,,,,,,,,,,,,,,65 6543 1106,yeochorhee@jacobscafe.sg,,,,,,,,,,,,,,Gov List,"ACRA, Google Searches",,
,,16/12/2025,MEAT N' CHILL PRIVATE LIMITED,MEAT N CHILL ST,,TeleSales,,Offline Sources,Adhoc,,202337104G,,,,,,,,,,,,,,,,"B2C, Offline",,,,,,,,,,,,,,,,65 8812 4455,meatnchill@gmail.com,,,,,,,,,,,,,,Gov List,"ACRA, Google Searches",,
,,16/12/2025,ARIRANG KOREAN RESTAURANT PTE. LTD.,ARIRANG KOREAN RESTAURANT,,TeleSales,,Offline Sources,Adhoc,,200802387C,,,,,,,,,,,,,,,,"B2C, Offline",,,,,,,,,,,,,,,,65 6333 0025,arirangkoreanrestaurant@yahoo.com,,,,,,,,,,,,,,Gov List,"ACRA, Google Searches",,
,,16/12/2025,SOI THAI PTE. LTD.,SOI THAI SOI NICE,,TeleSales,,Offline Sources,Adhoc,,201833682G,,,,,,,,,,,,,,,,"B2C, Offline",,,,,,,,,,,,,,,,65 6250 4863,clementchang92@gmail.com,,,,,,,,,,,,,,Gov List,"ACRA, Google Searches",,
,,16/12/2025,BACCARAT VENTURES PTE. LTD.,BACCARAT,,TeleSales,,Offline Sources,Adhoc,,202305368H,,,,,,,,,,,,,,,,"B2C, Offline",,,,,,,,,,,,,,,,65 8479 5774,kelvin@baccarat-bar.com,,,,,,,,,,,,,,Gov List,"ACRA, Google Searches",,
,,16/12/2025,LAN TING F&B PTE. LTD.,LAN TING,,TeleSales,,Offline Sources,Adhoc,,202334037N,,,,,,,,,,,,,,,,"B2C, Offline",,,,,,,,,,,,,,,,65 6444 0888,,,,,,,,,,,,,,,Gov List,"ACRA, Google Searches",,
,,16/12/2025,RM BAZAAR,THE BAZAAR,,TeleSales,,Offline Sources,Adhoc,,53492408E,,,,,,,,,,,,,,,,"B2C, Offline",,,,,,,,,,,,,,,,65 6344 0710,enquiries@onaroll.com.sg,,,,,,,,,,,,,,Gov List,"ACRA, Google Searches",,
,,16/12/2025,SIN HOE HUAT CAFE PTE. LTD.,SIN HOE HUAT CAFE,,TeleSales,,Offline Sources,Adhoc,,201619636C,,,,,,,,,,,,,,,,"B2C, Offline",,,,,,,,,,,,,,,,65 6291 8011,sinhoehuat1888@gmail.com,,,,,,,,,,,,,,Gov List,"ACRA, Google Searches",,
,,16/12/2025,YI PIN TANG PTE. LTD.,YI PIN TANG,,TeleSales,,Offline Sources,Adhoc,,201717750G,,,,,,,,,,,,,,,,"B2C, Offline",,,,,,,,,,,,,,,,65 6635 2218,,,,,,,,,,,,,,,Gov List,"ACRA, Google Searches",,
,,16/12/2025,YAM'S KITCHEN PTE. LTD.,YAMS KITCHEN,,TeleSales,,Offline Sources,Adhoc,,201106088N,,,,,,,,,,,,,,,,"B2C, Offline",,,,,,,,,,,,,,,,65 6584 5884,yamkitchen@hotmail.com,,,,,,,,,,,,,,Gov List,"ACRA, Google Searches",,
,,16/12/2025,FOOD CANOPY PTE. LTD.,FOOD CANOPY,,TeleSales,,Offline Sources,Adhoc,,201119548D,,,,,,,,,,,,,,,,"B2C, Offline",,,,,,,,,,,,,,,,65 6334 3303,kenneth_yong@foodcanopy.com.sg,,,,,tyngwoei_teu@foodcanopy.com.sg,,,,,,,,,Gov List,"ACRA, Google Searches",,
,,16/12/2025,THAI ME UP PTE. LTD.,THAID ME UP,,TeleSales,,Offline Sources,Adhoc,,202317748M,,,,,,,,,,,,,,,,"B2C, Offline",,,,,,,,,,,,,,,,65 6235 5110,renz@coqnballs.com,,,,,,,,,,,,,,Gov List,"ACRA, Google Searches",,
,,16/12/2025,BLVD PTE. LTD.,BLVD,,TeleSales,,Offline Sources,Adhoc,,200605393M,,,,,,,,,,,,,,,,"B2C, Offline",,,,,,,,,,,,,,,,,cat@blvd.sg,,,,65 9489 8642,info@blvd.sg,,,,65 6443 0561,,,,,Gov List,"ACRA, Google Searches",,
,,16/12/2025,RABBIT CARROT GUN PTE. LTD.,RABBIT CARROT GUN,,TeleSales,,Offline Sources,Adhoc,,201223630C,,,,,,,,,,,,,,,,"B2C, Offline",,,,,,,,,,,,,,,,65 6348 8568,info@rabbit-carrot-gun.com,,,,,,,,,,,,,,Gov List,"ACRA, Google Searches",,
,,16/12/2025,GENESIS VEGAN RESTAURANT PTE. LTD.,GENESIS VEGAN RESTAURANT,,TeleSales,,Offline Sources,Adhoc,,201527911G,,,,,,,,,,,,,,,,"B2C, Offline",,,,,,,,,,,,,,,,65 6438 7118,genesisvegan@gmail.com,,,,,,,,,,,,,,Gov List,"ACRA, Google Searches",,
,,16/12/2025,CHEF'S KITCHEN PTE. LTD.,CHEF WANS KITCHEN,,TeleSales,,Offline Sources,Adhoc,,201102309C,,,,,,,,,,,,,,,,"B2C, Offline",,,,,,,,,,,,,,,,65 8423 2340,sean@chefwanskitchen.com,,,,,,,,,,,,,,Gov List,"ACRA, Google Searches",,
,,16/12/2025,SOUPERSTAR SINGAPORE PTE. LTD.,SOUPERSTAR,,TeleSales,,Offline Sources,Adhoc,,201614296W,,,,,,,,,,,,,,,,"B2C, Offline",,,,,,,,,,,,,,,,65 9753 0044,info@souperstar.com.sg,,,,,,,,,,,,,,Gov List,"ACRA, Google Searches",,
,,16/12/2025,TOCHA BISTRO PTE. LTD.,TOCHA BISTRO,,TeleSales,,Offline Sources,Adhoc,,201526138R,,,,,,,,,,,,,,,,"B2C, Offline",,,,,,,,,,,,,,,,65 9847 8158,contactus@tochabistrosg.com,,,,,,,,,,,,,,Gov List,"ACRA, Google Searches",,
,,16/12/2025,THE NEW HARBOUR CAFE & BAR PTE. LTD.,THE NEW HARBOUR CAFE & BAR,,TeleSales,,Offline Sources,Adhoc,,200900653N,,,,,,,,,,,,,,,,"B2C, Offline",,,,,,,,,,,,,,,,65 9684 4649,francischee@newharbour.com.sg,,,,,,,,,,,,,,Gov List,"ACRA, Google Searches",,
,,16/12/2025,HIDDEN DOOR CONCEPTS PRIVATE LIMITED,HIDDEN DOOR CONCEPT,,TeleSales,,Offline Sources,Adhoc,,201214529K,,,,,,,,,,,,,,,,"B2C, Offline",,,,,,,,,,,,,,,,65 8228 2693,,,,,,,,,,,,,,,Gov List,"ACRA, Google Searches",,
,,16/12/2025,KINNARI THAI CUISINE PTE. LTD.,KINNARI THAI CUISINE,,TeleSales,,Offline Sources,Adhoc,,201818812M,,,,,,,,,,,,,,,,"B2C, Offline",,,,,,,,,,,,,,,,65 9623 6722,tt.chia@yahoo.com,,,,,,,,,,,,,,Gov List,"ACRA, Google Searches",,
,,16/12/2025,PLUM AND TORO PTE. LTD.,PLUM & TORO,,TeleSales,,Offline Sources,Adhoc,,201222516K,,,,,,,,,,,,,,,,"B2C, Offline",,,,,,,,,,,,,,,,65 9776 8255,,,,,,,,,,,,,,,Gov List,"ACRA, Google Searches",,
,,16/12/2025,88 HONGKONG CAFE PTE. LTD.,HONGKONG CAFE,,TeleSales,,Offline Sources,Adhoc,,202314155R,,,,,,,,,,,,,,,,"B2C, Offline",,,,,,,,,,,,,,,,65 9324 3330,,,,,,,,,,,,,,,Gov List,"ACRA, Google Searches",,
,,16/12/2025,YAMATO IZAKAYA (PTE. LTD.),YAMATO IZAKAYA,,TeleSales,,Offline Sources,Adhoc,,201733803C,,,,,,,,,,,,,,,,"B2C, Offline",,,,,,,,,,,,,,,,65 8126 2393,admin@yamatoizakaya.com.sg,,,,65 6287 1955,,,,,,,,,,Gov List,"ACRA, Google Searches",,
,,16/12/2025,YAKINIKU-GO,YEN YAKINIKU,,TeleSales,,Offline Sources,Adhoc,,53425302D,,,,,,,,,,,,,,,,"B2C, Offline",,,,,,,,,,,,,,,,65 6221 6380,sendtohere1128@gmail.com,,,,,yen_reservation@theyengroup.com.sg,,,,,,,,,Gov List,"ACRA, Google Searches",,
,,16/12/2025,INDIAN CURRY HOUSE PTE. LTD.,INDIAN CURRY HOUSE,,TeleSales,,Offline Sources,Adhoc,,200819575H,,,,,,,,,,,,,,,,"B2C, Offline",,,,,,,,,,,,,,,,65 6643 6289,ichsng3@gmail.com,,,,,,,,,,,,,,Gov List,"ACRA, Google Searches",,
,,16/12/2025,FOOT FOR THOUGHT PTE. LTD.,FOOD FOR THOUGHT,,TeleSales,,Offline Sources,Adhoc,,201634462C,,,,,,,,,,,,,,,,"B2C, Offline",,,,,,,,,,,,,,,,65 6338 4848,collin@foodforthought.com.sg,,,,65 6338 9887,community@foodforthought.com.sg,,,,,,,,,Gov List,"ACRA, Google Searches",,
,,16/12/2025,MIAM MIAM SINGAPORE PTE. LTD.,MIAM MIAM,,TeleSales,,Offline Sources,Adhoc,,201315935W,,,,,,,,,,,,,,,,"B2C, Offline",,,,,,,,,,,,,,,,65 8742 5182,junjie@mianmian.com.sg,,,,,,,,,,,,,,Gov List,"ACRA, Google Searches",,
,,16/12/2025,ETHAN.AI PRIVATE LIMITED,ETHAN,,TeleSales,,Offline Sources,Adhoc,,202118258C,,,,,,,,,,,,,,,,"B2C, Offline",,,,,,,,,,,,,,,,65 8118 9313,,,,,,,,,,,,,,,Gov List,"ACRA, Google Searches",,
,,16/12/2025,SAN LAKSA STEAMBOAT PTE. LTD.,SAN LAKSA STEAMBOAT COPY,,TeleSales,,Offline Sources,Adhoc,,200709988K,,,,,,,,,,,,,,,,"B2C, Offline",,,,,,,,,,,,,,,,65 9730 3151,tonylow@sanlaksa.com.sg,,,,,,,,,,,,,,Gov List,"ACRA, Google Searches",,
,,16/12/2025,MEI (S) PTE LTD,MEI,,TeleSales,,Offline Sources,Adhoc,,198502008R,,,,,,,,,,,,,,,,"B2C, Offline",,,,,,,,,,,,,,,,65 9818 7169,,,,,,,,,,,,,,,Gov List,"ACRA, Google Searches",,
,,16/12/2025,GOMALICIOUS PTE. LTD.,GOMALICIOUS,,TeleSales,,Offline Sources,Adhoc,,201812467N,,,,,,,,,,,,,,,,"B2C, Offline",,,,,,,,,,,,,,,,65 8385 1034,,,,,,,,,,,,,,,Gov List,"ACRA, Google Searches",,
,,16/12/2025,MUYOO PTE. LTD.,MUYOO,,TeleSales,,Offline Sources,Adhoc,,201729627C,,,,,,,,,,,,,,,,"B2C, Offline",,,,,,,,,,,,,,,,65 9834 6543,stanley@muyoo.com.sg,,,,,,,,,,,,,,Gov List,"ACRA, Google Searches",,
,,16/12/2025,HOOKED PTE. LTD.,HOOKED,,TeleSales,,Offline Sources,Adhoc,,202124906K,,,,,,,,,,,,,,,,"B2C, Offline",,,,,,,,,,,,,,,,65 8322 2267,,,,,,,,,,,,,,,Gov List,"ACRA, Google Searches",,
,,16/12/2025,EMPRESS PORRIDGE PTE. LTD.,EMPRESS PORRIDGE,,TeleSales,,Offline Sources,Adhoc,,201805887H,,,,,,,,,,,,,,,,"B2C, Offline",,,,,,,,,,,,,,,,65 9137 4213,bennettgoh@gmail.com,,,,,,,,,,,,,,Gov List,"ACRA, Google Searches",,
,,16/12/2025,DEEP BLUE CONCEPTS PTE. LTD.,DEEP BLUE CONCEPT,,TeleSales,,Offline Sources,Adhoc,,201001425W,,,,,,,,,,,,,,,,"B2C, Offline",,,,,,,,,,,,,,,,65 6570 1813,fei@d2b.com.sg,,,,,,,,,,,,,,Gov List,"ACRA, Google Searches",,
,,16/12/2025,HOKKAIDO SUSHI PTE. LTD.,HOKKAIDO SUSHI,,TeleSales,,Offline Sources,Adhoc,,201212740N,,,,,,,,,,,,,,,,"B2C, Offline",,,,,,,,,,,,,,,,65 8220 1330,,,,,,,,,,,,,,,Gov List,"ACRA, Google Searches",,
,,16/12/2025,THE GOOD CAFE PRIVATE LIMITED,D GOOD CAFE,,TeleSales,,Offline Sources,Adhoc,,201215603K,,,,,,,,,,,,,,,,"B2C, Offline",,,,,,,,,,,,,,,,65 8571 9304,gary@dgoodcafe.com,,,,,whatsbrewing@dgoodcafe.com,,,,,,,,,Gov List,"ACRA, Google Searches",,
,,16/12/2025,COMPASS GROUP (SINGAPORE) PTE. LTD.,COMPASS,,TeleSales,,Offline Sources,Adhoc,,199905842G,,,,,,,,,,,,,,,,"B2C, Offline",,,,,,,,,,,,,,,,65 9129 4930,jingjinglee@google.com,,,,,,,,,,,,,,Gov List,"ACRA, Google Searches",,
,,16/12/2025,KYOAJI DINING PTE. LTD.,KYOAJI DINING,,TeleSales,,Offline Sources,Adhoc,,201610395R,,,,,,,,,,,,,,,,"B2C, Offline",,,,,,,,,,,,,,,,65 9010 0351,,,,,65 6694 3058,,,,,,,,,,Gov List,"ACRA, Google Searches",,
,,16/12/2025,XIE LAO SONG PTE. LTD.,XIE LAO SONG,,TeleSales,,Offline Sources,Adhoc,,201022766R,,,,,,,,,,,,,,,,"B2C, Offline",,,,,,,,,,,,,,,,65 9777 1026,,,,,,,,,,,,,,,Gov List,"ACRA, Google Searches",,
,,16/12/2025,MELLOW F&B PTE. LTD.,MELLOW,,TeleSales,,Offline Sources,Adhoc,,202210045Z,,,,,,,,,,,,,,,,"B2C, Offline",,,,,,,,,,,,,,,,65 8808 8193,,,,,,,,,,,,,,,Gov List,"ACRA, Google Searches",,
,,16/12/2025,ATTAP HOUSE PTE. LTD.,ATTAP HOUSE,,TeleSales,,Offline Sources,Adhoc,,201503138K,,,,,,,,,,,,,,,,"B2C, Offline",,,,,,,,,,,,,,,,65 9052 2669,,,,,,,,,,,,,,,Gov List,"ACRA, Google Searches",,
,,16/12/2025,SKYLINE CATERING PTE. LTD.,SKYLINE CATERING,,TeleSales,,Offline Sources,Adhoc,,201709664D,,,,,,,,,,,,,,,,"B2C, Offline",,,,,,,,,,,,,,,,65 9116 7058,isyan@tanyusg.com,,,,,,,,,,,,,,Gov List,"ACRA, Google Searches",,
,,16/12/2025,LOWERCASE LABS PTE. LTD.,LOWERCASE,,TeleSales,,Offline Sources,Adhoc,,201923844M,,,,,,,,,,,,,,,,"B2C, Offline",,,,,,,,,,,,,,,,65 6337 5581,,,,,,,,,,,,,,,Gov List,"ACRA, Google Searches",,
,,16/12/2025,NGON NGON PTE. LTD.,NGON,,TeleSales,,Offline Sources,Adhoc,,202444101G,,,,,,,,,,,,,,,,"B2C, Offline",,,,,,,,,,,,,,,,65 6536 6466,,,,,,,,,,,,,,,Gov List,"ACRA, Google Searches",,
,,16/12/2025,ROLLIE,ROLLIE OLLIE,,TeleSales,,Offline Sources,Adhoc,,53453554B,,,,,,,,,,,,,,,,"B2C, Offline",,,,,,,,,,,,,,,,65 9270 5497,,,,,,,,,,,,,,,Gov List,"ACRA, Google Searches",,
,,16/12/2025,WONDER JUICE PTE. LTD.,WONDER JUICE,,TeleSales,,Offline Sources,Adhoc,,201833593R,,,,,,,,,,,,,,,,"B2C, Offline",,,,,,,,,,,,,,,,65 8186 3059,,,,,,,,,,,,,,,Gov List,"ACRA, Google Searches",,
,,16/12/2025,NARRATIVE COFFEE,NARRATIVE COFFEE STAND,,TeleSales,,Offline Sources,Adhoc,,53468798M,,,,,,,,,,,,,,,,"B2C, Offline",,,,,,,,,,,,,,,,65 9180 2937,,,,,,,,,,,,,,,Gov List,"ACRA, Google Searches",,
,,16/12/2025,MOMENT TO MOMENT,THE MOMENT,,TeleSales,,Offline Sources,Adhoc,,53490729J,,,,,,,,,,,,,,,,"B2C, Offline",,,,,,,,,,,,,,,,65 9789 7633,hello@themomentsingapore.com,,,,,,,,,,,,,,Gov List,"ACRA, Google Searches",,
,,16/12/2025,KILO KITCHEN PTE. LTD.,KILO KITCHEN,,TeleSales,,Offline Sources,Adhoc,,201830438K,,,,,,,,,,,,,,,,"B2C, Offline",,,,,,,,,,,,,,,,65 8775 6575,cassandra@kilokitchen.com,,,,,,,,,,,,,,Gov List,"ACRA, Google Searches",,
,,16/12/2025,LIMAA PTE. LTD.,LIMAA,,TeleSales,,Offline Sources,Adhoc,,201940728D,,,,,,,,,,,,,,,,"B2C, Offline",,,,,,,,,,,,,,,,65 8620 2041,,,,,,,,,,,,,,,Gov List,"ACRA, Google Searches",,
,,16/12/2025,COMMON HEROES PTE. LTD.,COMMON HEROES,,TeleSales,,Offline Sources,Adhoc,,201800653R,,,,,,,,,,,,,,,,"B2C, Offline",,,,,,,,,,,,,,,,65 9836 1726,,,,,,,,,,,,,,,Gov List,"ACRA, Google Searches",,
,,16/12/2025,EUNOS (MRT) BAK KOOT TEH,EUNOS BAK KOOT TEH,,TeleSales,,Offline Sources,Adhoc,,53040307B,,,,,,,,,,,,,,,,"B2C, Offline",,,,,,,,,,,,,,,,65 9109 2978,wheesiangtan@gmail.com,,,,,,,,,,,,,,Gov List,"ACRA, Google Searches",,
,,16/12/2025,MEATY WESTERN PTE. LTD.,MEATY WESTERN,,TeleSales,,Offline Sources,Adhoc,,202336599W,,,,,,,,,,,,,,,,"B2C, Offline",,,,,,,,,,,,,,,,65 9380 7764,andywph@gmail.com,,,,,,,,,,,,,,Gov List,"ACRA, Google Searches",,
,,16/12/2025,TIMS RESTAURANT & CAFE PTE. LTD.,TIMS RESTAURANT,,TeleSales,,Offline Sources,Adhoc,,201015367Z,,,,,,,,,,,,,,,,"B2C, Offline",,,,,,,,,,,,,,,,65 9023 2740,feizaithomas@gmail.com,,,,,,,,,,,,,,Gov List,"ACRA, Google Searches",,
,,16/12/2025,SOI AROY PTE. LTD.,SOI AROY,,TeleSales,,Offline Sources,Adhoc,,201736347M,,,,,,,,,,,,,,,,"B2C, Offline",,,,,,,,,,,,,,,,65 9855 8883,enquiry@soiaroy.com,,,,,,,,,,,,,,Gov List,"ACRA, Google Searches",,
,,16/12/2025,PAPA AYAM SINGAPORE PTE. LTD.,PAPA AYAM,,TeleSales,,Offline Sources,Adhoc,,202543083D,,,,,,,,,,,,,,,,"B2C, Offline",,,,,,,,,,,,,,,,65 8698 3921,papaayamsg@gmail.com,,,,,,,,,,,,,,Gov List,"ACRA, Google Searches",,
,,16/12/2025,JITLADA THAI FOOD,JITLADA THAI,,TeleSales,,Offline Sources,Adhoc,,53378521M,,,,,,,,,,,,,,,,"B2C, Offline",,,,,,,,,,,,,,,,65 8183 6685,jitladathai@yahoo.com,,,,,,,,,,,,,,Gov List,"ACRA, Google Searches",,
,,16/12/2025,YOLO. B,YOLO,,TeleSales,,Offline Sources,Adhoc,,53472400X,,,,,,,,,,,,,,,,"B2C, Offline",,,,,,,,,,,,,,,,65 8161 4382,ilmi@yolofood.com.sg,,,,65 9129 2018,,,,,,,,,,Gov List,"ACRA, Google Searches",,
,,16/12/2025,SUKHUMVIT 88,SUKHUMVIT 100,,TeleSales,,Offline Sources,Adhoc,,53455442C,,,,,,,,,,,,,,,,"B2C, Offline",,,,,,,,,,,,,,,,65 8133 7086,,,,,,,,,,,,,,,Gov List,"ACRA, Google Searches",,
,,16/12/2025,PEPPERCORN SG PTE. LTD.,PEPPERCORN,,TeleSales,,Offline Sources,Adhoc,,202232406G,,,,,,,,,,,,,,,,"B2C, Offline",,,,,,,,,,,,,,,,65 9862 2559,peppercorn30@gmail.com,,,,,,,,,,,,,,Gov List,"ACRA, Google Searches",,
,,16/12/2025,PAPA J KITCHEN,PAPA KITCHEN,,TeleSales,,Offline Sources,Adhoc,,53430846E,,,,,,,,,,,,,,,,"B2C, Offline",,,,,,,,,,,,,,,,65 9723 2734,papas.bencoolen@gmail.com,,,,,,,,,,,,,,Gov List,"ACRA, Google Searches",,
,,16/12/2025,THIEN LONG VIETNAMESE RESTAURANT PRIVATE LIMITED,THIEN LONG VIETNAMESE,,TeleSales,,Offline Sources,Adhoc,,201215791W,,,,,,,,,,,,,,,,"B2C, Offline",,,,,,,,,,,,,,,,65 9689 8689,chodilaseconmai@gmail.com,,,,,,,,,,,,,,Gov List,"ACRA, Google Searches",,
,,16/12/2025,LEGACY SEAFOOD PTE. LTD.,LEGACY SEAFOOD,,TeleSales,,Offline Sources,Adhoc,,201836778D,,,,,,,,,,,,,,,,"B2C, Offline",,,,,,,,,,,,,,,,65 9456 7860,,,,,,,,,,,,,,,Gov List,"ACRA, Google Searches",,
,,16/12/2025,THE ROYALS CAFE PTE. LTD.,THE ROYALS CAFE,,TeleSales,,Offline Sources,Adhoc,,200810629R,,,,,,,,,,,,,,,,"B2C, Offline",,,,,,,,,,,,,,,,65 9092 5013,jas@royalcakes.com,,,,,,,,,,,,,,Gov List,"ACRA, Google Searches",,
,,16/12/2025,DELIBOWL PTE. LTD.,DELIBOWL,,TeleSales,,Offline Sources,Adhoc,,201811526K,,,,,,,,,,,,,,,,"B2C, Offline",,,,,,,,,,,,,,,,65 8401 5067,,,,,,,,,,,,,,,Gov List,"ACRA, Google Searches",,
,,16/12/2025,SHAKE SHAKE PTE. LTD.,SHAKE SHAKE IN A TUB,,TeleSales,,Offline Sources,Adhoc,,201842987G,,,,,,,,,,,,,,,,"B2C, Offline",,,,,,,,,,,,,,,,65 9274 5262,kianyong@chocolate-origin.com,,,,,,,,,,,,,,Gov List,"ACRA, Google Searches",,
,,16/12/2025,MADLY GOOD PTE. LTD.,MADLY GOOD CAFE,,TeleSales,,Offline Sources,Adhoc,,201909227N,,,,,,,,,,,,,,,,"B2C, Offline",,,,,,,,,,,,,,,,65 9144 7470,info@madlygood.com,,,,,,,,,,,,,,Gov List,"ACRA, Google Searches",,
,,16/12/2025,APSN LTD.,APSN,,TeleSales,,Offline Sources,Adhoc,,202018265W,,,,,,,,,,,,,,,,"B2C, Offline",,,,,,,,,,,,,,,,65 8226 4616,,,,,,,,,,,,,,,Gov List,"ACRA, Google Searches",,
,,16/12/2025,TAKAGI RAMEN PTE. LTD.,TAKAGI RAMEN,,TeleSales,,Offline Sources,Adhoc,,201525868Z,,,,,,,,,,,,,,,,"B2C, Offline",,,,,,,,,,,,,,,,65 9170 7870,feedback@takagiramen.com,,,,,,,,,,,,,,Gov List,"ACRA, Google Searches",,
,,16/12/2025,KOFUKU F&B LLP,KOFUKU,,TeleSales,,Offline Sources,Adhoc,,T19LL0462H,,,,,,,,,,,,,,,,"B2C, Offline",,,,,,,,,,,,,,,,65 9731 8888,kofuku2019@gmail.com,,,,,,,,,,,,,,Gov List,"ACRA, Google Searches",,
,,16/12/2025,SWEE CHOON TIM SUM RESTAURANT PTE LTD,SWEE CHOON DIM SUM RESTAURANT,,TeleSales,,Offline Sources,Adhoc,,199003338C,,,,,,,,,,,,,,,,"B2C, Offline",,,,,,,,,,,,,,,,65 9179 3971,ernest@sweechoon.com,,,,,,,,,,,,,,Gov List,"ACRA, Google Searches",,
,,16/12/2025,LA TAVOLA PTE. LTD.,MIA TAVOLA,,TeleSales,,Offline Sources,Adhoc,,202200473R,,,,,,,,,,,,,,,,"B2C, Offline",,,,,,,,,,,,,,,,65 9635 8770,info@mia-tavola.com,,,,,,,,,,,,,,Gov List,"ACRA, Google Searches",,
,,16/12/2025,BRUNO'S PIZZERIA&GRILL LLP,BRUNOS PIZZERIA AND GRILL,,TeleSales,,Offline Sources,Adhoc,,T10LL0649F,,,,,,,,,,,,,,,,"B2C, Offline",,,,,,,,,,,,,,,,65 6440 4525,bruno_spizzgrill@yahoo.com,,,,,,,,,,,,,,Gov List,"ACRA, Google Searches",,
,,16/12/2025,PATTUKOTTAI CUISINE PTE. LTD.,PATTUKOTTAI CUISINE,,TeleSales,,Offline Sources,Adhoc,,201905244C,,,,,,,,,,,,,,,,"B2C, Offline",,,,,,,,,,,,,,,,65 6970 9429,info@pattukottaicuisine.com,,,,,,,,,,,,,,Gov List,"ACRA, Google Searches",,
,,16/12/2025,THE PLATTERING CO PTE. LTD.,THE PLATTERING,,TeleSales,,Offline Sources,Adhoc,,201800531N,,,,,,,,,,,,,,,,"B2C, Offline",,,,,,,,,,,,,,,,65 9070 4834,,,,,,,,,,,,,,,Gov List,"ACRA, Google Searches",,
,,16/12/2025,THE FRESHLY BAKED BAKERY,FRESHLY BAKED,,TeleSales,,Offline Sources,Adhoc,,53496436B,,,,,,,,,,,,,,,,"B2C, Offline",,,,,,,,,,,,,,,,65 6735 3298,audrey@freshlybaked.com.sg,,,,,,,,,,,,,,Gov List,"ACRA, Google Searches",,
,,16/12/2025,NANA THAI WOK RESTAURANT LLP,THAI WOK RESTAURANT,,TeleSales,,Offline Sources,Adhoc,,T12LL0905G,,,,,,,,,,,,,,,,"B2C, Offline",,,,,,,,,,,,,,,,65 8125 3666,feedback@gingerthai.com.sg,,,,,feedback@gingerthai.com.sg,,,,,,,,,Gov List,"ACRA, Google Searches",,
,,16/12/2025,JIA JIA NOODLE HOUSE,WAN JIA NOODLE HOUSE,,TeleSales,,Offline Sources,Adhoc,,53489237W,,,,,,,,,,,,,,,,"B2C, Offline",,,,,,,,,,,,,,,,65 6265 9273,wanjiafishballnoodle@gmail.com,,,,,,,,,,,,,,Gov List,"ACRA, Google Searches",,
,,16/12/2025,BAMAS KITCHEN PTE. LTD.,BAMAS KITCHEN,,TeleSales,,Offline Sources,Adhoc,,201825382W,,,,,,,,,,,,,,,,"B2C, Offline",,,,,,,,,,,,,,,,65 6493 0399,bamaskitchen@mail.com,,,,,,,,,,,,,,Gov List,"ACRA, Google Searches",,
,,16/12/2025,FILL-A-PITA PTE. LTD.,FILL A PITA,,TeleSales,,Offline Sources,Adhoc,,201129153C,,,,,,,,,,,,,,,,"B2C, Offline",,,,,,,,,,,,,,,,65 9835 1446,contact@fillapita.co,,,,,,,,,,,,,,Gov List,"ACRA, Google Searches",,
,,16/12/2025,D.O.P. MOZZARELLA BAR PTE. LTD.,MOZZARELLA,,TeleSales,,Offline Sources,Adhoc,,201200863R,,,,,,,,,,,,,,,,"B2C, Offline",,,,,,,,,,,,,,,,65 6513 8010,info@themast.com.sg,,,,,,,,,,,,,,Gov List,"ACRA, Google Searches",,
,,16/12/2025,IPPUDO SINGAPORE PTE. LTD.,IPPUDO,,TeleSales,,Offline Sources,Adhoc,,200904034W,,,,,,,,,,,,,,,,"B2C, Offline",,,,,,,,,,,,,,,,65 9699 9632,stella@ippudo.com.sg,,,,65 6235 2547,enquiries@ippudo.com.sg,,,,,,,,,Gov List,"ACRA, Google Searches",,
,,16/12/2025,MAKAN CHAPTER PTE. LTD.,MAKAN CHAPTER,,TeleSales,,Offline Sources,Adhoc,,201930971C,,,,,,,,,,,,,,,,"B2C, Offline",,,,,,,,,,,,,,,,65 9686 5290,sales@makanchapter.com,,,,,,,,,,,,,,Gov List,"ACRA, Google Searches",,
,,16/12/2025,V WAWA PTE. LTD.,WAWA,,TeleSales,,Offline Sources,Adhoc,,202214156D,,,,,,,,,,,,,,,,"B2C, Offline",,,,,,,,,,,,,,,,65 6391 0560,wawaseafood@hotmail.com,,,,,,,,,,,,,,Gov List,"ACRA, Google Searches",,
,,16/12/2025,DIM SUM PTE. LTD.,SUM DIM SUM,,TeleSales,,Offline Sources,Adhoc,,201301178C,,,,,,,,,,,,,,,,"B2C, Offline",,,,,,,,,,,,,,,,65 9005 9381,sumdimsum.sg@gmail.com,,,,,,,,,,,,,,Gov List,"ACRA, Google Searches",,
,,16/12/2025,SARAWAK DELICACY LAKSA & KOLO MEE,SARAWAK DELICACY LAKSA AND KOLO MEE,,TeleSales,,Offline Sources,Adhoc,,53382555E,,,,,,,,,,,,,,,,"B2C, Offline",,,,,,,,,,,,,,,,65 9069 1105,agnes90691105@yahoo.com,,,,,,,,,,,,,,Gov List,"ACRA, Google Searches",,
,,16/12/2025,THE DEMPSEY COOKHOUSE & BAR PTE. LTD.,THE DEMPSEY COOKHOUSE AND BAR,,TeleSales,,Offline Sources,Adhoc,,201633067C,,,,,,,,,,,,,,,,"B2C, Offline",,,,,,,,,,,,,,,,65 0304 5588,thedempseyres@comodempsey.sg,,,,,,,,,,,,,,Gov List,"ACRA, Google Searches",,
,,16/12/2025,SHABESTAN PTE. LTD.,SHABESTAN,,TeleSales,,Offline Sources,Adhoc,,201303859C,,,,,,,,,,,,,,,,"B2C, Offline",,,,,,,,,,,,,,,,65 6836 1270,info@shabestan.sg,,,,,,,,,,,,,,Gov List,"ACRA, Google Searches",,
,,16/12/2025,PITA TREE PTE. LTD.,PITA TREE,,TeleSales,,Offline Sources,Adhoc,,201821832C,,,,,,,,,,,,,,,,"B2C, Offline",,,,,,,,,,,,,,,,65 6734 9262,hello@pitatree.com,,,,,,,,,,,,,,Gov List,"ACRA, Google Searches",,
,,16/12/2025,WHISKIT BAKERY AND CAFE PRIVATE LIMITED,WHISKIT BAKERY & CAFE,,TeleSales,,Offline Sources,Adhoc,,201830803R,,,,,,,,,,,,,,,,"B2C, Offline",,,,,,,,,,,,,,,,65 9366 6136,hello@whiskit.co,,,,,,,,,,,,,,Gov List,"ACRA, Google Searches",,
,,16/12/2025,LOCABA ASIA PTE. LTD.,LOCABA,,TeleSales,,Offline Sources,Adhoc,,202038646W,,,,,,,,,,,,,,,,"B2C, Offline",,,,,,,,,,,,,,,,65 9793 6557,contact@locaba.sg,,,,,,,,,,,,,,Gov List,"ACRA, Google Searches",,
,,16/12/2025,GOODNESS PTE. LTD.,OH MY GOODNESS,,TeleSales,,Offline Sources,Adhoc,,202208006M,,,,,,,,,,,,,,,,"B2C, Offline",,,,,,,,,,,,,,,,65 9162 2633,eatgood@ohmygoodness.co,,,,,nadia@ohmygoodness.co,,,,,,,,,Gov List,"ACRA, Google Searches",,
,,16/12/2025,STRAITS CHINESE NONYA RESTAURANT PTE. LTD.,STRAITS CHINESE NONYA RESTAURANT,,TeleSales,,Offline Sources,Adhoc,,199206671R,,,,,,,,,,,,,,,,"B2C, Offline",,,,,,,,,,,,,,,,65 3393 3683,shumsw@dragonphoenix.com.sg,,,,,kevin@straitschinese.com,,,,,,,,,Gov List,"ACRA, Google Searches",,
,,16/12/2025,87 JUST THAI PTE. LTD.,87 JUST THAI,,TeleSales,,Offline Sources,Adhoc,,202007694H,,,,,,,,,,,,,,,,"B2C, Offline",,,,,,,,,,,,,,,,,giovan26@yahoo.com,,,,,,,,,,,,,,Gov List,"ACRA, Google Searches",,
,,16/12/2025,BRINDA'S PTE. LTD.,BRINDAS,,TeleSales,,Offline Sources,Adhoc,,200307933E,,,,,,,,,,,,,,,,"B2C, Offline",,,,,,,,,,,,,,,,65 6274 6327,info@brindas.com.sg,,,,,,,,,,,,,,Gov List,"ACRA, Google Searches",,
,,16/12/2025,FU LIN TOU FU YUEN PTE. LTD.,FU-LIN-TOU-FU-YUEN,,TeleSales,,Offline Sources,Adhoc,,201629966C,,,,,,,,,,,,,,,,"B2C, Offline",,,,,,,,,,,,,,,,65 6446 2363,jemmeteo@gmail.com,,,,,,,,,,,,,,Gov List,"ACRA, Google Searches",,
,,16/12/2025,FLEUR DE SEL LE RESTAURANT PTE. LTD.,FLEUR DE SEL LE RESTAURANT,,TeleSales,,Offline Sources,Adhoc,,201310247H,,,,,,,,,,,,,,,,"B2C, Offline",,,,,,,,,,,,,,,,65 6222 6861,reservations@fleurdesel.com.sg,,,,,,,,,,,,,,Gov List,"ACRA, Google Searches",,
,,16/12/2025,V RESTAURANT PTE. LTD.,1-VU RESTAURANT,,TeleSales,,Offline Sources,Adhoc,,201405474K,,,,,,,,,,,,,,,,"B2C, Offline",,,,,,,,,,,,,,,,65 6513 7708,rsvp@1-vu.sg,,,,,,,,,,,,,,Gov List,"ACRA, Google Searches",,
,,16/12/2025,BONCHON SINGAPORE PTE. LTD.,BONCHON,,TeleSales,,Offline Sources,Adhoc,,201129708Z,,,,,,,,,,,,,,,,"B2C, Offline",,,,,,,,,,,,,,,,65 6612 2131,feedback@bonchon.sg,,,,,feedback@bonchon.sg,,,,,,,,,Gov List,"ACRA, Google Searches",,
,,16/12/2025,CHICO LOCO PTE. LTD.,CHICO LOCO,,TeleSales,,Offline Sources,Adhoc,,202400036G,,,,,,,,,,,,,,,,"B2C, Offline",,,,,,,,,,,,,,,,65 9738 7828,hola@chico-loco.com,,,,,,,,,,,,,,Gov List,"ACRA, Google Searches",,
,,16/12/2025,COQ & BALLS PTE. LTD.,COQ & BALLS BAR,,TeleSales,,Offline Sources,Adhoc,,201215667K,,,,,,,,,,,,,,,,"B2C, Offline",,,,,,,,,,,,,,,,65 6276 6609,coq@coqnballs.com,,,,,hello@coqnballs.com,,,,,,,,,Gov List,"ACRA, Google Searches",,
,,16/12/2025,CRANKY CATS HOLDINGS PTE. LTD.,CRANKY CATS,,TeleSales,,Offline Sources,Adhoc,,202210507D,,,,,,,,,,,,,,,,"B2C, Offline",,,,,,,,,,,,,,,,65 9006 0321,crankycatssg@gmail.com,,,,,,,,,,,,,,Gov List,"ACRA, Google Searches",,
,,16/12/2025,A&L CULINARY,CULINARY ON,,TeleSales,,Offline Sources,Adhoc,,53491562X,,,,,,,,,,,,,,,,"B2C, Offline",,,,,,,,,,,,,,,,65 3163 4499,welcome@culinaryon.sg,,,,65 3163 4499,welcome@culinaryon.sg,,,,,,,,,Gov List,"ACRA, Google Searches",,
,,16/12/2025,CARROTSTICKS AND CRAVINGS PTE. LTD.,CARROTSTICKS & CRAVINGS,,TeleSales,,Offline Sources,Adhoc,,201729473M,,,,,,,,,,,,,,,,"B2C, Offline",,,,,,,,,,,,,,,,65 8356 3331,info@carrotsticksandcravings.com,,,,,,,,,,,,,,Gov List,"ACRA, Google Searches",,
,,16/12/2025,TEOCHEW RESTAURANT,DI WEI TEOCHEW RESTAURANT,,TeleSales,,Offline Sources,Adhoc,,07015500C,,,,,,,,,,,,,,,,"B2C, Offline",,,,,,,,,,,,,,,,65 6262 5946,reservations@diwei.com.sg,,,,,,,,,,,,,,Gov List,"ACRA, Google Searches",,
,,16/12/2025,GRIDS & CIRCLES PTE. LTD.,GRIDS & CIRCLES,,TeleSales,,Offline Sources,Adhoc,,201801558M,,,,,,,,,,,,,,,,"B2C, Offline",,,,,,,,,,,,,,,,65 6935 3546,hello@gridscircles.com,,,,,,,,,,,,,,Gov List,"ACRA, Google Searches",,
,,16/12/2025,KINOU PTE. LTD.,KINOU BAR,,TeleSales,,Offline Sources,Adhoc,,201732012K,,,,,,,,,,,,,,,,"B2C, Offline",,,,,,,,,,,,,,,,65 6224 0463,reservations@kinourestaurant.com,,,,,,,,,,,,,,Gov List,"ACRA, Google Searches",,
,,16/12/2025,LEOPOLD PTE. LTD.,LEOPOLD BAR,,TeleSales,,Offline Sources,Adhoc,,202531850W,,,,,,,,,,,,,,,,"B2C, Offline",,,,,,,,,,,,,,,,65 6534 7644,gastrobar@leopold.sg,,,,,,,,,,,,,,Gov List,"ACRA, Google Searches",,
,,16/12/2025,RENGA PTE. LTD.,RENGA-YA,,TeleSales,,Offline Sources,Adhoc,,202039193M,,,,,,,,,,,,,,,,"B2C, Offline",,,,,,,,,,,,,,,,65 6352 1966,renga-ya@superdining.com.sg,,,,,,,,,,,,,,Gov List,"ACRA, Google Searches",,
,,16/12/2025,E-DINING PTE. LTD.,V DINING,,TeleSales,,Offline Sources,Adhoc,,200809810D,,,,,,,,,,,,,,,,"B2C, Offline",,,,,,,,,,,,,,,,65 6950 4868,enquiries@v-dining.com,,,,,,,,,,,,,,Gov List,"ACRA, Google Searches",,
,,16/12/2025,IZY FOOK PTE. LTD.,IZY FOOK,,TeleSales,,Offline Sources,Adhoc,,201909107N,,,,,,,,,,,,,,,,"B2C, Offline",,,,,,,,,,,,,,,,65 9678 0027,27@izy.com.sg,,,,,,,,,,,,,,Gov List,"ACRA, Google Searches",,
,,16/12/2025,BAAN YING PTE. LTD.,BAAN YING,,TeleSales,,Offline Sources,Adhoc,,201727120Z,,,,,,,,,,,,,,,,"B2C, Offline",,,,,,,,,,,,,,,,65 9111 7852,sawasdee@baanying.sg,,,,,,,,,,,,,,Gov List,"ACRA, Google Searches",,
,,16/12/2025,XIAO YU CUN SEAFOOD RESTAURANT PTE. LTD.,XIAO YU CUN SEAFOOD RESTAURANT,,TeleSales,,Offline Sources,Adhoc,,201600847H,,,,,,,,,,,,,,,,"B2C, Offline",,,,,,,,,,,,,,,,65 6282 2500,xiaoyucunsfr@gmail.com,,,,,,,,,,,,,,Gov List,"ACRA, Google Searches",,
,,16/12/2025,WOK PALACE PTE. LTD.,WOK PALACE,,TeleSales,,Offline Sources,Adhoc,,201907114C,,,,,,,,,,,,,,,,"B2C, Offline",,,,,,,,,,,,,,,,65 6909 9856,contact@wokmaster.com.sg,,,,,,,,,,,,,,Gov List,"ACRA, Google Searches",,
,,16/12/2025,YASSIN KAMPUNG PTE. LTD.,YASSIN KAMPUNG,,TeleSales,,Offline Sources,Adhoc,,201931510M,,,,,,,,,,,,,,,,"B2C, Offline",,,,,,,,,,,,,,,,65 6717 1717,hello@yassin.com.sg,,,,,,,,,,,,,,Gov List,"ACRA, Google Searches",,
,,16/12/2025,PAPI'S TACOS PTE. LTD.,PAPI TACOS,,TeleSales,,Offline Sources,Adhoc,,201737195C,,,,,,,,,,,,,,,,"B2C, Offline",,,,,,,,,,,,,,,,65 6258 0701,hola@papis-tacos.com,,,,,,,,,,,,,,Gov List,"ACRA, Google Searches",,
,,16/12/2025,THE SHIP RESTAURANT & BAR PTE. LTD.,THE SHIP RESTAURANT & BAR,,TeleSales,,Offline Sources,Adhoc,,197701785M,,,,,,,,,,,,,,,,"B2C, Offline",,,,,,,,,,,,,,,,65 6884 7337,enquiry@theship.com.sg,,,,,,,,,,,,,,Gov List,"ACRA, Google Searches",,
,,16/12/2025,THE BOTANIC RESTAURANT PTE. LTD.,BOTANIC RESTAURANT,,TeleSales,,Offline Sources,Adhoc,,201133942N,,,,,,,,,,,,,,,,"B2C, Offline",,,,,,,,,,,,,,,,65 6837 0995,info@thebotanic.com.sg,,,,,,,,,,,,,,Gov List,"ACRA, Google Searches",,
,,16/12/2025,BENI PTE. LTD.,BÉNI,,TeleSales,,Offline Sources,Adhoc,,202238362D,,,,,,,,,,,,,,,,"B2C, Offline",,,,,,,,,,,,,,,,65 9159 3177,enquiry@beni-sg.com,,,,,,,,,,,,,,Gov List,"ACRA, Google Searches",,
,,16/12/2025,CATFISH PTE. LTD.,CATFISH,,TeleSales,,Offline Sources,Adhoc,,201917107Z,,,,,,,,,,,,,,,,"B2C, Offline",,,,,,,,,,,,,,,,65 6226 1395,reserve@catfish.sg,,,,,,,,,,,,,,Gov List,"ACRA, Google Searches",,
,,16/12/2025,LAO HERO KITCHEN PTE. LTD.,LAO HERO KITCHEN,,TeleSales,,Offline Sources,Adhoc,,201901703G,,,,,,,,,,,,,,,,"B2C, Offline",,,,,,,,,,,,,,,,65 6483 0325,laoherokitchen@yahoo.com,,,,,,,,,,,,,,Gov List,"ACRA, Google Searches",,
,,16/12/2025,TEOCHEW RESTAURANT,LIANG KEE TEOCHEW RESTAURANT,,TeleSales,,Offline Sources,Adhoc,,07015500C,,,,,,,,,,,,,,,,"B2C, Offline",,,,,,,,,,,,,,,,65 6278 7026,hello@liangkeerestaurant.com,,,,,,,,,,,,,,Gov List,"ACRA, Google Searches",,
,,16/12/2025,ESORA PTE. LTD.,ESORA,,TeleSales,,Offline Sources,Adhoc,,201720171Z,,,,,,,,,,,,,,,,"B2C, Offline",,,,,,,,,,,,,,,,65 6365 1266,enquiry@restaurant-esora.com,,,,,,,,,,,,,,Gov List,"ACRA, Google Searches",,
,,16/12/2025,THEVAR PTE. LTD.,THEVAR,,TeleSales,,Offline Sources,Adhoc,,201500628C,,,,,,,,,,,,,,,,"B2C, Offline",,,,,,,,,,,,,,,,,reservations@thevar.sg,,,,,,,,,,,,,,Gov List,"ACRA, Google Searches",,
,,16/12/2025,THE SOCIAL SPACE PTE. LTD.,THE SOCIAL SPACE,,TeleSales,,Offline Sources,Adhoc,,201729770D,,,,,,,,,,,,,,,,"B2C, Offline",,,,,,,,,,,,,,,,65 9068 7394,hello@thesocialspace.co,,,,,,,,,,,,,,Gov List,"ACRA, Google Searches",,
,,16/12/2025,SUMO-YA PTE. LTD.,SUMO-YA,,TeleSales,,Offline Sources,Adhoc,,202301922N,,,,,,,,,,,,,,,,"B2C, Offline",,,,,,,,,,,,,,,,65 8339 3132,sumoya.japcuisine@gmail.com,,,,,,,,,,,,,,Gov List,"ACRA, Google Searches",,
,,16/12/2025,EARLYBIRD AI PRIVATE LIMITED,EARLYBIRD,,TeleSales,,Offline Sources,Adhoc,,202429897N,,,,,,,,,,,,,,,,"B2C, Offline",,,,,,,,,,,,,,,,65 9788 6856,earlybirdcafesg@gmail.com,,,,,,,,,,,,,,Gov List,"ACRA, Google Searches",,
,,16/12/2025,AN LA GHIEN PTE. LTD.,ĂN LÀ GHIỀN,,TeleSales,,Offline Sources,Adhoc,,202125181W,,,,,,,,,,,,,,,,"B2C, Offline",,,,,,,,,,,,,,,,65 6951 0293,enquiries@anlaghien.sg,,,,,,,,,,,,,,Gov List,"ACRA, Google Searches",,
,,16/12/2025,SINARAN CHICKEN RICE,SINARAN SEAFOOD & CHICKEN RICE,,TeleSales,,Offline Sources,Adhoc,,53380536L,,,,,,,,,,,,,,,,"B2C, Offline",,,,,,,,,,,,,,,,65 9749 1376,rickysoh25@gmail.com,,,,,,,,,,,,,,Gov List,"ACRA, Google Searches",,
,,16/12/2025,BEST FOOD CATERER PTE. LTD.,BEST FOOD CATERER,,TeleSales,,Offline Sources,Adhoc,,201822199H,,,,,,,,,,,,,,,,"B2C, Offline",,,,,,,,,,,,,,,,65 9137 7460,sales@bestfoodcaterer.sg,,,,,,,,,,,,,,Gov List,"ACRA, Google Searches",,
,,16/12/2025,HOUSE ON THE MOON PTE. LTD.,HOUSE ON THE MOON,,TeleSales,,Offline Sources,Adhoc,,201800075R,,,,,,,,,,,,,,,,"B2C, Offline",,,,,,,,,,,,,,,,65 6235 0802,taitoon.lim@houseonthemoon.com.sg,,,,,,,,,,,,,,Gov List,"ACRA, Google Searches",,
,,16/12/2025,BODHI DELI PTE. LTD.,BODHI DELI,,TeleSales,,Offline Sources,Adhoc,,201724165R,,,,,,,,,,,,,,,,"B2C, Offline",,,,,,,,,,,,,,,,65 8339 5400,bodhideli@yahoo.com,,,,,,,,,,,,,,Gov List,"ACRA, Google Searches",,
,,16/12/2025,WANTON PTE. LTD.,WANTON FU,,TeleSales,,Offline Sources,Adhoc,,201505039Z,,,,,,,,,,,,,,,,"B2C, Offline",,,,,,,,,,,,,,,,65 8819 9089,contactus@wantonfu.com,,,,,,,,,,,,,,Gov List,"ACRA, Google Searches",,
,,16/12/2025,BKK BISTRO & BAR,BKK BISTRO BAR BISTRO V,,TeleSales,,Offline Sources,Adhoc,,53408483D,,,,,,,,,,,,,,,,"B2C, Offline",,,,,,,,,,,,,,,,65 6757 3393,eat@imperiumgroup.asia,,,,,,,,,,,,,,Gov List,"ACRA, Google Searches",,
,,16/12/2025,SHEN JI TEOCHEW FISHBALL NOODLE,17 TEOCHEW FISHBALL NOODLE,,TeleSales,,Offline Sources,Adhoc,,53272584X,,,,,,,,,,,,,,,,"B2C, Offline",,,,,,,,,,,,,,,,65 9828 8688,martinyeo89@gmail.com,,,,,,,,,,,,,,Gov List,"ACRA, Google Searches",,
,,16/12/2025,COLLIN PTE. LTD.,COLLINS,,TeleSales,,Offline Sources,Adhoc,,202308829K,,,,,,,,,,,,,,,,"B2C, Offline",,,,,,,,,,,,,,,,65 9695 5953,michelle.chen@collins.sg,,,,,,,,,,,,,,Gov List,"ACRA, Google Searches",,
,,16/12/2025,UNCLE PENYET PTE. LTD.,UNCLE PENYET,,TeleSales,,Offline Sources,Adhoc,,202350174W,,,,,,,,,,,,,,,,"B2C, Offline",,,,,,,,,,,,,,,,65 9829 0241,unclepenyet.fusion@gmail.com,,,,,,,,,,,,,,Gov List,"ACRA, Google Searches",,
,,16/12/2025,M BAKERY,AM BAKERY,,TeleSales,,Offline Sources,Adhoc,,53264067E,,,,,,,,,,,,,,,,"B2C, Offline",,,,,,,,,,,,,,,,65 6702 1163,ambakerypl@gmail.com,,,,,,,,,,,,,,Gov List,"ACRA, Google Searches",,
,,16/12/2025,KUEH HO JIAK PTE. LTD.,KUEH HO JIAK,,TeleSales,,Offline Sources,Adhoc,,201710188K,,,,,,,,,,,,,,,,"B2C, Offline",,,,,,,,,,,,,,,,65 8750 9271,kuehhojiak.enquiries@gmail.com,,,,,,,,,,,,,,Gov List,"ACRA, Google Searches",,
,,16/12/2025,FORTUNE FOOD (S) PTE. LTD.,FORTUNE FOOD,,TeleSales,,Offline Sources,Adhoc,,200414981Z,,,,,,,,,,,,,,,,"B2C, Offline",,,,,,,,,,,,,,,,65 6243 2118,info@fortunefood.sg,,,,,,,,,,,,,,Gov List,"ACRA, Google Searches",,
,,16/12/2025,LOTUS THAI RESTAURANT (KPT) PTE. LTD.,LOTUS THAI RESTAURANT,,TeleSales,,Offline Sources,Adhoc,,200712551C,,,,,,,,,,,,,,,,"B2C, Offline",,,,,,,,,,,,,,,,65 6386 7228,lotusthai.ops@gmail.com,,,,,,,,,,,,,,Gov List,"ACRA, Google Searches",,
,,16/12/2025,BLUESTAR BANANA LEAF RESTAURANT PTE. LTD.,BLUESTAR BANANA LEAF RESTAURANT,,TeleSales,,Offline Sources,Adhoc,,196300046N,,,,,,,,,,,,,,,,"B2C, Offline",,,,,,,,,,,,,,,,65 8183 8401,yasin.raza@gmail.com,,,,,,,,,,,,,,Gov List,"ACRA, Google Searches",,
,,16/12/2025,THE UPPER ROOM SG PTE. LTD.,THE UPPER ROOM,,TeleSales,,Offline Sources,Adhoc,,202444130N,,,,,,,,,,,,,,,,"B2C, Offline",,,,,,,,,,,,,,,,65 8102 2078,zann@schoolofcoffee.com.sg,,,,,,,,,,,,,,Gov List,"ACRA, Google Searches",,
,,16/12/2025,GROUNDSTORY PTE. LTD.,GROUNDSTORY CAFE,,TeleSales,,Offline Sources,Adhoc,,201632014H,,,,,,,,,,,,,,,,"B2C, Offline",,,,,,,,,,,,,,,,65 8673 0927,irwin.nakata@gmail.com,,,,,,,,,,,,,,Gov List,"ACRA, Google Searches",,
,,16/12/2025,FA JI MINCED MEAT FISHBALL NOODLE,PIN JI FISHBALL MINCED MEAT NOODLES,,TeleSales,,Offline Sources,Adhoc,,53256994J,,,,,,,,,,,,,,,,"B2C, Offline",,,,,,,,,,,,,,,,65 9787 7995,michellekohwl@gmail.com,,,,,,,,,,,,,,Gov List,"ACRA, Google Searches",,
,,16/12/2025,KENNY ROGERS ROASTERS PTE. LTD.,KENNY ROGERS ROASTERS,,TeleSales,,Offline Sources,Adhoc,,202436572Z,,,,,,,,,,,,,,,,"B2C, Offline",,,,,,,,,,,,,,,,65 8288 9119,tiffany@laohuotang.com.sg,,,,,,,,,,,,,,Gov List,"ACRA, Google Searches",,
,,16/12/2025,SUM KEE FOOD PTE. LTD.,SUM KEE FOOD,,TeleSales,,Offline Sources,Adhoc,,201705069E,,,,,,,,,,,,,,,,"B2C, Offline",,,,,,,,,,,,,,,,65 8481 1444,contact@sumkeefood.com,,,,,,,,,,,,,,Gov List,"ACRA, Google Searches",,
,,16/12/2025,FIVE N 2 PTE. LTD.,FIVE &2,,TeleSales,,Offline Sources,Adhoc,,202234173M,,,,,,,,,,,,,,,,"B2C, Offline",,,,,,,,,,,,,,,,65 6282 8801,feed@fiveand2.co,,,,,,,,,,,,,,Gov List,"ACRA, Google Searches",,
,,16/12/2025,GODMAMA PTE. LTD.,GODMAMA,,TeleSales,,Offline Sources,Adhoc,,201802484H,,,,,,,,,,,,,,,,"B2C, Offline",,,,,,,,,,,,,,,,65 8189 1398,christina@godmama.sg,,,,,,,,,,,,,,Gov List,"ACRA, Google Searches",,
,,16/12/2025,NORTHPOINT CHICKEN RICE LLP,WEE NAM KEE CHICKEN RICE NORTHPOINT,,TeleSales,,Offline Sources,Adhoc,,T12LL0866J,,,,,,,,,,,,,,,,"B2C, Offline",,,,,,,,,,,,,,,,65 6481 4889,jjdelicious.baoshi@gmail.com,,,,,,,,,,,,,,Gov List,"ACRA, Google Searches",,
,,16/12/2025,KAM'S ROAST HOLDING PTE. LTD.,KAMS ROAST,,TeleSales,,Offline Sources,Adhoc,,202441462H,,,,,,,,,,,,,,,,"B2C, Offline",,,,,,,,,,,,,,,,65 9695 8157,jo@brand-cellar.com,,,,,,,,,,,,,,Gov List,"ACRA, Google Searches",,
,,16/12/2025,HADOUKEN PTE. LTD.,HADOUKEN,,TeleSales,,Offline Sources,Adhoc,,201502296D,,,,,,,,,,,,,,,,"B2C, Offline",,,,,,,,,,,,,,,,65 9179 2051,candice@tipc.com.sg,,,,,,,,,,,,,,Gov List,"ACRA, Google Searches",,
,,16/12/2025,SMOOBAR PTE. LTD.,SMOOBAR,,TeleSales,,Offline Sources,Adhoc,,201812755D,,,,,,,,,,,,,,,,"B2C, Offline",,,,,,,,,,,,,,,,65 9299 0817,smoobar@gmail.com,,,,,,,,,,,,,,Gov List,"ACRA, Google Searches",,
,,16/12/2025,HONG KEE (KLANG) BAK KUT TEH PTE. LTD.,KEE HIONG KLANG BAK KUT TEH,,TeleSales,,Offline Sources,Adhoc,,202324069R,,,,,,,,,,,,,,,,"B2C, Offline",,,,,,,,,,,,,,,,65 6532 0380,keehiongsg@gmail.com,,,,,,,,,,,,,,Gov List,"ACRA, Google Searches",,
,,16/12/2025,PLACE TO PLACE SG,PLACE TO READ,,TeleSales,,Offline Sources,Adhoc,,53396860K,,,,,,,,,,,,,,,,"B2C, Offline",,,,,,,,,,,,,,,,65 6333 0689,,,,,,,,,,,,,,,Gov List,"ACRA, Google Searches",,
,,16/12/2025,ODORU KUMA PTE. LTD.,ODORU KUMA,,TeleSales,,Offline Sources,Adhoc,,201825912R,,,,,,,,,,,,,,,,"B2C, Offline",,,,,,,,,,,,,,,,65 9117 3200,,,,,65 6909 7909,,,,,,,,,,Gov List,"ACRA, Google Searches",,
,,16/12/2025,THE BETTERSHIP PTE. LTD.,THE BETTERSHIP,,TeleSales,,Offline Sources,Adhoc,,201722995W,,,,,,,,,,,,,,,,"B2C, Offline",,,,,,,,,,,,,,,,65 9735 8901,konnichiwa@thebettership.com,,,,,,,,,,,,,,Gov List,"ACRA, Google Searches",,
,,16/12/2025,AMAZING SESAME PTE. LTD.,AMAZING SESAME,,TeleSales,,Offline Sources,Adhoc,,201718423N,,,,,,,,,,,,,,,,"B2C, Offline",,,,,,,,,,,,,,,,65 6259 8186,enquiry@amazingsesame.com,,,,,,,,,,,,,,Gov List,"ACRA, Google Searches",,
,,16/12/2025,LIM'S HOLLAND VILLAGE,PARK @ HOLLAND VILLAGE,,TeleSales,,Offline Sources,Adhoc,,53345658D,,,,,,,,,,,,,,,,"B2C, Offline",,,,,,,,,,,,,,,,65 9721 3815,park@la-cantina.com.sg,,,,,,,,,,,,,,Gov List,"ACRA, Google Searches",,
,,16/12/2025,S Q TEA,Q TEA,,TeleSales,,Offline Sources,Adhoc,,53395280L,,,,,,,,,,,,,,,,"B2C, Offline",,,,,,,,,,,,,,,,65 6753 1600,,,,,,,,,,,,,,,Gov List,"ACRA, Google Searches",,
,,16/12/2025,RUK THAI MOOKATA PTE. LTD.,THAI RUK MOOKATA,,TeleSales,,Offline Sources,Adhoc,,202218087D,,,,,,,,,,,,,,,,"B2C, Offline",,,,,,,,,,,,,,,,65 6816 7130,sgnfood.simon@gmail.com,,,,,,,,,,,,,,Gov List,"ACRA, Google Searches",,
,,16/12/2025,DUCK MASTER PTE. LTD.,DUCK MASTER,,TeleSales,,Offline Sources,Adhoc,,201617724H,,,,,,,,,,,,,,,,"B2C, Offline",,,,,,,,,,,,,,,,65 9422 2876,justin@duckmaster.com.sg,,,,,,,,,,,,,,Gov List,"ACRA, Google Searches",,
,,16/12/2025,OLD HUP KEE PTE. LTD.,OLD HUP KEE,,TeleSales,,Offline Sources,Adhoc,,202505094G,,,,,,,,,,,,,,,,"B2C, Offline",,,,,,,,,,,,,,,,65 8749 9756,contact@oldchangkee.com,,,,,,,,,,,,,,Gov List,"ACRA, Google Searches",,
,,16/12/2025,K BEANS,KKBEANS,,TeleSales,,Offline Sources,Adhoc,,53504612W,,,,,,,,,,,,,,,,"B2C, Offline",,,,,,,,,,,,,,,,65 9455 4495,kkbeans.enquiry@gmail.com,,,,,,,,,,,,,,Gov List,"ACRA, Google Searches",,
,,16/12/2025,MORNING GRIND PTE. LTD.,MORNING GRIND,,TeleSales,,Offline Sources,Adhoc,,201837574G,,,,,,,,,,,,,,,,"B2C, Offline",,,,,,,,,,,,,,,,65 9660 3989,morninggrind8@gmail.com,,,,,,,,,,,,,,Gov List,"ACRA, Google Searches",,
,,16/12/2025,HANUMAN THAI CUISINE PTE. LTD.,HANUMAN THAI CUISINE,,TeleSales,,Offline Sources,Adhoc,,201732085M,,,,,,,,,,,,,,,,"B2C, Offline",,,,,,,,,,,,,,,,65 9191 4680,hanumanthaicuisine@gmail.com,,,,,,,,,,,,,,Gov List,"ACRA, Google Searches",,
,,16/12/2025,RED GINGER PTE. LTD.,RED GINGER,,TeleSales,,Offline Sources,Adhoc,,202516779M,,,,,,,,,,,,,,,,"B2C, Offline",,,,,,,,,,,,,,,,65 6567 3077,info@redginger.com.sg,,,,,,,,,,,,,,Gov List,"ACRA, Google Searches",,
,,16/12/2025,MUFIZ RESTAURANT PTE. LTD.,MUFIZ RESTAURANT,,TeleSales,,Offline Sources,Adhoc,,200607398Z,,,,,,,,,,,,,,,,"B2C, Offline",,,,,,,,,,,,,,,,65 8265 7726,,,,,,,,,,,,,,,Gov List,"ACRA, Google Searches",,
,,16/12/2025,CHAR-GRILL BAR PTE. LTD.,CHAR GRILL BAR,,TeleSales,,Offline Sources,Adhoc,,201722882W,,,,,,,,,,,,,,,,"B2C, Offline",,,,,,,,,,,,,,,,65 8321 2755,enquiry@chargrillbar.com,,,,,,,,,,,,,,Gov List,"ACRA, Google Searches",,
,,16/12/2025,F-FRY,IFRY,,TeleSales,,Offline Sources,Adhoc,,53411015X,,,,,,,,,,,,,,,,"B2C, Offline",,,,,,,,,,,,,,,,65 8688 0128,ifry0128@gmail.com,,,,,ifry0128@gmail.com,,,,,,,,,Gov List,"ACRA, Google Searches",,
,,16/12/2025,HAMILTON T. PTE. LTD.,11 HAMILTON,,TeleSales,,Offline Sources,Adhoc,,202210783K,,,,,,,,,,,,,,,,"B2C, Offline",,,,,,,,,,,,,,,,65 8812 5328,hello@11hamilton.com,,,,,,,,,,,,,,Gov List,"ACRA, Google Searches",,
,,16/12/2025,CREATURES OF CREATION,CREATURES,,TeleSales,,Offline Sources,Adhoc,,53491242K,,,,,,,,,,,,,,,,"B2C, Offline",,,,,,,,,,,,,,,,65 6291 6996,eat@creatures.com.sg,,,,,,,,,,,,,,Gov List,"ACRA, Google Searches",,
,,16/12/2025,URBAN ROTI PTE. LTD.,URBAN ROTI,,TeleSales,,Offline Sources,Adhoc,,201510984R,,,,,,,,,,,,,,,,"B2C, Offline",,,,,,,,,,,,,,,,65 6209 5545,admin@urbanroti.com.sg,,,,,,,,,,,,,,Gov List,"ACRA, Google Searches",,
,,16/12/2025,JASMINE BLUE CAPITAL PTE. LTD.,BLUE JASMINE,,TeleSales,,Offline Sources,Adhoc,,202332640E,,,,,,,,,,,,,,,,"B2C, Offline",,,,,,,,,,,,,,,,65 6824 8851,hello@bluejasmine.com.sg,,,,,,,,,,,,,,Gov List,"ACRA, Google Searches",,
,,16/12/2025,HOLYCRAB PTE. LTD.,HOLYCRAB,,TeleSales,,Offline Sources,Adhoc,,201624812W,,,,,,,,,,,,,,,,"B2C, Offline",,,,,,,,,,,,,,,,65 8444 2722,questions@holycrab.sg,,,,65 9018 6565,elton@holycrab.sg,,,,,,,,,Gov List,"ACRA, Google Searches",,
,,16/12/2025,G IZAKAYA PTE. LTD.,Q-WA IZAKAYA,,TeleSales,,Offline Sources,Adhoc,,202202325M,,,,,,,,,,,,,,,,"B2C, Offline",,,,,,,,,,,,,,,,65 8336 7728,qwa02@hotmail.com,,,,,,,,,,,,,,Gov List,"ACRA, Google Searches",,
,,16/12/2025,WAN'S KITCHEN,WAN BAR + KITCHEN,,TeleSales,,Offline Sources,Adhoc,,53423888B,,,,,,,,,,,,,,,,"B2C, Offline",,,,,,,,,,,,,,,,65 9171 2179,,,,,,,,,,,,,,,Gov List,"ACRA, Google Searches",,
,,16/12/2025,POKE DOKE PTE. LTD.,POKE DOKE,,TeleSales,,Offline Sources,Adhoc,,201625988D,,,,,,,,,,,,,,,,"B2C, Offline",,,,,,,,,,,,,,,,65 9425 9882,contact@pokedoke.sg,,,,,,,,,,,,,,Gov List,"ACRA, Google Searches",,
,,16/12/2025,PASTA SUPREMO PTE. LTD.,PASTA SUPREMO,,TeleSales,,Offline Sources,Adhoc,,201840894Z,,,,,,,,,,,,,,,,"B2C, Offline",,,,,,,,,,,,,,,,65 6909 8138,,,,,,,,,,,,,,,Gov List,"ACRA, Google Searches",,
,,16/12/2025,OMU PTE. LTD.,OMU,,TeleSales,,Offline Sources,Adhoc,,201722364C,,,,,,,,,,,,,,,,"B2C, Offline",,,,,,,,,,,,,,,,65 9834 0079,,,,,,,,,,,,,,,Gov List,"ACRA, Google Searches",,
,,16/12/2025,PARALLEL X PTE. LTD.,PARALLEL,,TeleSales,,Offline Sources,Adhoc,,202108738K,,,,,,,,,,,,,,,,"B2C, Offline",,,,,,,,,,,,,,,,65 9750 8997,,,,,,,,,,,,,,,Gov List,"ACRA, Google Searches",,
,,16/12/2025,HOT TOMATO PTE. LTD.,HOT TOMATO,,TeleSales,,Offline Sources,Adhoc,,200702335M,,,,,,,,,,,,,,,,"B2C, Offline",,,,,,,,,,,,,,,,65 6341 9162,contactus@hottomato.com.sg,,,,,,,,,,,,,,Gov List,"ACRA, Google Searches",,
,,16/12/2025,THE TIPSY COW PTE. LTD.,THE TIPSY COW,,TeleSales,,Offline Sources,Adhoc,,201707002E,,,,,,,,,,,,,,,,"B2C, Offline",,,,,,,,,,,,,,,,65 8406 4949,,,,,,,,,,,,,,,Gov List,"ACRA, Google Searches",,
,,16/12/2025,CAT & THE FIDDLE PTE. LTD.,CAT & THE FIDDLE,,TeleSales,,Offline Sources,Adhoc,,201427345W,,,,,,,,,,,,,,,,"B2C, Offline",,,,,,,,,,,,,,,,65 9155 7284,enquiries@catandthefiddle.com,,,,,,,,,,,,,,Gov List,"ACRA, Google Searches",,
,,16/12/2025,THE DAILY CUT PTE. LTD.,THE DAILY CUT,,TeleSales,,Offline Sources,Adhoc,,201408084N,,,,,,,,,,,,,,,,"B2C, Offline",,,,,,,,,,,,,,,,65 6904 9656,info@thedailycut.sg,,,,,,,,,,,,,,Gov List,"ACRA, Google Searches",,
,,16/12/2025,FOOD ON FIRE PTE. LTD.,FOOD ON FIRE,,TeleSales,,Offline Sources,Adhoc,,200907484H,,,,,,,,,,,,,,,,"B2C, Offline",,,,,,,,,,,,,,,,65 9155 5998,info@foodonfire.sg,,,,,,,,,,,,,,Gov List,"ACRA, Google Searches",,
,,16/12/2025,THE3PEAS PTE. LTD.,THE3PEAS,,TeleSales,,Offline Sources,Adhoc,,201815870W,,,,,,,,,,,,,,,,"B2C, Offline",,,,,,,,,,,,,,,,65 6219 4945,general@the3peas.sg,,,,,,,,,,,,,,Gov List,"ACRA, Google Searches",,
,,16/12/2025,STUDIO EPIPHYTE,EPIPHYTE,,TeleSales,,Offline Sources,Adhoc,,53448315A,,,,,,,,,,,,,,,,"B2C, Offline",,,,,,,,,,,,,,,,65 6610 6271,contact@epiphyte.sg,,,,,,,,,,,,,,Gov List,"ACRA, Google Searches",,
,,16/12/2025,PEPPERMINT PTE. LTD.,PEPPERMINT PARK,,TeleSales,,Offline Sources,Adhoc,,200102266E,,,,,,,,,,,,,,,,"B2C, Offline",,,,,,,,,,,,,,,,,tantric_bar@yahoo.com,,,,,,,,,,,,,,Gov List,"ACRA, Google Searches",,
,,16/12/2025,CHICKY FUN PTE. LTD.,CHICKY FUN,,TeleSales,,Offline Sources,Adhoc,,199405076N,,,,,,,,,,,,,,,,"B2C, Offline",,,,,,,,,,,,,,,,65 9642 8727,sales@chickyfun.com,,,,65 6346 0042,,,,,,,,,,Gov List,"ACRA, Google Searches",,
,,16/12/2025,BEST ZAIKA PTE. LTD.,BEST ZAIKA,,TeleSales,,Offline Sources,Adhoc,,201804971H,,,,,,,,,,,,,,,,"B2C, Offline",,,,,,,,,,,,,,,,65 9615 8703,,,,,,,,,,,,,,,Gov List,"ACRA, Google Searches",,
,,16/12/2025,AH CHING CLAYPOT DELIGHTS,CLAYPOT DELIGHTS,,TeleSales,,Offline Sources,Adhoc,,53483376D,,,,,,,,,,,,,,,,"B2C, Offline",,,,,,,,,,,,,,,,65 9639 3233,markjeremy.low@gmail.com,,,,,,,,,,,,,,Gov List,"ACRA, Google Searches",,
,,16/12/2025,CHOK DEE THAI PTE. LTD.,CHOK DEE THAI FOOD,,TeleSales,,Offline Sources,Adhoc,,201816602W,,,,,,,,,,,,,,,,"B2C, Offline",,,,,,,,,,,,,,,,65 7333 8626,,,,,65 6636 4436,,,,,,,,,,Gov List,"ACRA, Google Searches",,
,,16/12/2025,FATTY BOM BOM GROUP,FATTY BOM BOM,,TeleSales,,Offline Sources,Adhoc,,53488912C,,,,,,,,,,,,,,,,"B2C, Offline",,,,,,,,,,,,,,,,65 6909 9525,,,,,,,,,,,,,,,Gov List,"ACRA, Google Searches",,
,,16/12/2025,FLYING WOK PTE. LTD.,FLYING WOK,,TeleSales,,Offline Sources,Adhoc,,201831413G,,,,,,,,,,,,,,,,"B2C, Offline",,,,,,,,,,,,,,,,65 8776 1795,,,,,,,,,,,,,,,Gov List,"ACRA, Google Searches",,
,,16/12/2025,RITE PIZZA PTE. LTD.,RITE PIZZA,,TeleSales,,Offline Sources,Adhoc,,200402563G,,,,,,,,,,,,,,,,"B2C, Offline",,,,,,,,,,,,,,,,65 6899 3838,alistarenterprise.bedok@gmail.com,,,,,,,,,,,,,,Gov List,"ACRA, Google Searches",,
,,16/12/2025,TIME FOR THAI PTE. LTD.,TIME FOR THAI,,TeleSales,,Offline Sources,Adhoc,,201709082Z,,,,,,,,,,,,,,,,"B2C, Offline",,,,,,,,,,,,,,,,65 6909 9404,timeforthaisg@gmail.com,,,,,,,,,,,,,,Gov List,"ACRA, Google Searches",,
,,16/12/2025,SYED CAFE PTE. LTD.,SYED CAFE,,TeleSales,,Offline Sources,Adhoc,,201916231K,,,,,,,,,,,,,,,,"B2C, Offline",,,,,,,,,,,,,,,,65 6242 4827,,,,,,,,,,,,,,,Gov List,"ACRA, Google Searches",,
,,16/12/2025,GOOD TASTE F&B LLP,TASTE GOOD,,TeleSales,,Offline Sources,Adhoc,,T15LL1656F,,,,,,,,,,,,,,,,"B2C, Offline",,,,,,,,,,,,,,,,65 6336 6298,,,,,,,,,,,,,,,Gov List,"ACRA, Google Searches",,
,,16/12/2025,ASLI VILLAGE PTE. LTD.,ASLI VILLAGE,,TeleSales,,Offline Sources,Adhoc,,201010429D,,,,,,,,,,,,,,,,"B2C, Offline",,,,,,,,,,,,,,,,65 6282 5212,sales@asli.asia,,,,65 8307 5163,,,,,,,,,,Gov List,"ACRA, Google Searches",,
,,16/12/2025,SEOUL YUMMY PTE. LTD.,SEOUL YUMMY,,TeleSales,,Offline Sources,Adhoc,,201634414Z,,,,,,,,,,,,,,,,"B2C, Offline",,,,,,,,,,,,,,,,65 6509 4045,feedback@seoulyummy.com,,,,65 8160 8111,,,,,,,,,,Gov List,"ACRA, Google Searches",,
,,16/12/2025,YONG PTE. LTD.,YONG LE,,TeleSales,,Offline Sources,Adhoc,,201409670C,,,,,,,,,,,,,,,,"B2C, Offline",,,,,,,,,,,,,,,,65 6652 0900,yonglekitchen@hotmail.com,,,,65 9050 5427,,,,,,,,,,Gov List,"ACRA, Google Searches",,
,,16/12/2025,TL WONDERFUL JUICE PTE. LTD.,TL WONDERFUL JUICE,,TeleSales,,Offline Sources,Adhoc,,201901504H,,,,,,,,,,,,,,,,"B2C, Offline",,,,,,,,,,,,,,,,65 9193 8988,,,,,65 6514 2710,,,,,,,,,,Gov List,"ACRA, Google Searches",,
,,16/12/2025,BUBBLE TEA PTE. LTD.,BUBBLE TEA,,TeleSales,,Offline Sources,Adhoc,,202422055K,,,,,,,,,,,,,,,,"B2C, Offline",,,,,,,,,,,,,,,,65 8307 8915,drinksgbbt@gmail.com,,,,65 9299 5930,joshua@koicafe.com,,,,,,,,,Gov List,"ACRA, Google Searches",,
,,16/12/2025,HENG JI CHICKEN RICE PTE. LTD.,DE JI CHICKEN RICE,,TeleSales,,Offline Sources,Adhoc,,201907069E,,,,,,,,,,,,,,,,"B2C, Offline",,,,,,,,,,,,,,,,65 6337 5477,,,,,,,,,,,,,,,Gov List,"ACRA, Google Searches",,
,,16/12/2025,FOUR SEASONS CHING TENG PTE. LTD.,FOUR SEASONS CHING TENG,,TeleSales,,Offline Sources,Adhoc,,201407234D,,,,,,,,,,,,,,,,"B2C, Offline",,,,,,,,,,,,,,,,65 6383 3003,sales@fourseasons.com.sg,,,,,,,,,,,,,,Gov List,"ACRA, Google Searches",,
,,16/12/2025,SG JAPANESE FOOD PTE. LTD.,JJ FOOD JAPANESE,,TeleSales,,Offline Sources,Adhoc,,201911788C,,,,,,,,,,,,,,,,"B2C, Offline",,,,,,,,,,,,,,,,65 6570 9171,jjfoodexpress@gmail.com,,,,,,,,,,,,,,Gov List,"ACRA, Google Searches",,
,,16/12/2025,SAYBONS PTE. LTD.,SAYBONS,,TeleSales,,Offline Sources,Adhoc,,201109497D,,,,,,,,,,,,,,,,"B2C, Offline",,,,,,,,,,,,,,,,65 9151 3132,enquiries@saybons.com,,,,,,,,,,,,,,Gov List,"ACRA, Google Searches",,
,,16/12/2025,MONZEN@DF PTE. LTD.,MONZEN,,TeleSales,,Offline Sources,Adhoc,,202300082D,,,,,,,,,,,,,,,,"B2C, Offline",,,,,,,,,,,,,,,,65 9119 0700,monzengardens@gmail.com,,,,,,,,,,,,,,Gov List,"ACRA, Google Searches",,
,,16/12/2025,MR MALABAR CAFE PTE. LTD.,MR MALABAR CAFE,,TeleSales,,Offline Sources,Adhoc,,200614447H,,,,,,,,,,,,,,,,"B2C, Offline",,,,,,,,,,,,,,,,65 9455 4917,,,,,,,,,,,,,,,Gov List,"ACRA, Google Searches",,
,,16/12/2025,GU THAI HOUSE PTE. LTD.,GU THAI HOUSE,,TeleSales,,Offline Sources,Adhoc,,201828891C,,,,,,,,,,,,,,,,"B2C, Offline",,,,,,,,,,,,,,,,65 6514 2710,,,,,,,,,,,,,,,Gov List,"ACRA, Google Searches",,
,,16/12/2025,NAKHON E-SAN PTE. LTD.,NAKHON,,TeleSales,,Offline Sources,Adhoc,,202444706H,,,,,,,,,,,,,,,,"B2C, Offline",,,,,,,,,,,,,,,,65 6913 5981,aseethimangsiriwan@gmail.com,,,,,,,,,,,,,,Gov List,"ACRA, Google Searches",,
,,16/12/2025,CHOMP CHOMP FOOD PTE. LTD.,CHOMP,,TeleSales,,Offline Sources,Adhoc,,202323987N,,,,,,,,,,,,,,,,"B2C, Offline",,,,,,,,,,,,,,,,65 9369 0322,peoplewhobakes@gmail.com,,,,,,,,,,,,,,Gov List,"ACRA, Google Searches",,
,,16/12/2025,DETOX PTE. LTD.,DETOX CAFÉ,,TeleSales,,Offline Sources,Adhoc,,202315136W,,,,,,,,,,,,,,,,"B2C, Offline",,,,,,,,,,,,,,,,65 6909 7303,contact@detoxcafesg.com,,,,,,,,,,,,,,Gov List,"ACRA, Google Searches",,
,,16/12/2025,MEN-TEI PTE. LTD.,MEN-MEN TEI,,TeleSales,,Offline Sources,Adhoc,,200614731N,,,,,,,,,,,,,,,,"B2C, Offline",,,,,,,,,,,,,,,,65 6282 7280,,,,,,,,,,,,,,,Gov List,"ACRA, Google Searches",,
,,16/12/2025,MUCHACHOS PTE. LTD.,MUCHACHOS,,TeleSales,,Offline Sources,Adhoc,,201432293C,,,,,,,,,,,,,,,,"B2C, Offline",,,,,,,,,,,,,,,,65 6513 0215,hola@muchachos.sg,,,,,,,,,,,,,,Gov List,"ACRA, Google Searches",,
,,16/12/2025,SBAGLIATO PTE. LTD.,SBAGLIATO,,TeleSales,,Offline Sources,Adhoc,,201801665G,,,,,,,,,,,,,,,,"B2C, Offline",,,,,,,,,,,,,,,,65 6787 9660,info@sbagliato.sg,,,,,,,,,,,,,,Gov List,"ACRA, Google Searches",,
,,16/12/2025,SWISS BUTCHERY DELI PTE. LTD.,SWISS BUTCHERY,,TeleSales,,Offline Sources,Adhoc,,202224702C,,,,,,,,,,,,,,,,"B2C, Offline",,,,,,,,,,,,,,,,65 6468 7588,orders@swissbutchery.com.sg,,,,,,,,,,,,,,Gov List,"ACRA, Google Searches",,
,,16/12/2025,THE NAUGHTY CHEF PTE. LTD.,THE NAUGHTY CHEF,,TeleSales,,Offline Sources,Adhoc,,201427601G,,,,,,,,,,,,,,,,"B2C, Offline",,,,,,,,,,,,,,,,65 6920 4996,thenaughtychef99@gmail.com,,,,,,,,,,,,,,Gov List,"ACRA, Google Searches",,
,,16/12/2025,TWO BLUR GUYS PTE. LTD.,TWO BLUR GUYS,,TeleSales,,Offline Sources,Adhoc,,201209514G,,,,,,,,,,,,,,,,"B2C, Offline",,,,,,,,,,,,,,,,65 6636 4183,twoblurguys@gmail.com,,,,,,,,,,,,,,Gov List,"ACRA, Google Searches",,
,,16/12/2025,WONG KEE PTE. LTD.,WONG KEE,,TeleSales,,Offline Sources,Adhoc,,202332036K,,,,,,,,,,,,,,,,"B2C, Offline",,,,,,,,,,,,,,,,65 9653 4819,wongkeenoodles@gmail.com,,,,,,,,,,,,,,Gov List,"ACRA, Google Searches",,
,,16/12/2025,BOON LAY POWER NASI LEMAK PTE. LTD.,BOON LAY POWER NASI LEMAK @SQUARE 2,,TeleSales,,Offline Sources,Adhoc,,200501916C,,,,,,,,,,,,,,,,"B2C, Offline",,,,,,,,,,,,,,,,65 9725 1434,leonpuppy@hotmail.com,,,,,,,,,,,,,,Gov List,"ACRA, Google Searches",,
,,16/12/2025,NUR FAYIDHA RESTAURANT PTE. LTD.,NUR FAYIDHA RESTAURANT PAHANG,,TeleSales,,Offline Sources,Adhoc,,201603445W,,,,,,,,,,,,,,,,"B2C, Offline",,,,,,,,,,,,,,,,65 9146 1684,nisfayi@hotmail.com,,,,,,,,,,,,,,Gov List,"ACRA, Google Searches",,
,,16/12/2025,S-CITY CAFE PTE LTD,CITY CAFE,,TeleSales,,Offline Sources,Adhoc,,199002289E,,,,,,,,,,,,,,,,"B2C, Offline",,,,,,,,,,,,,,,,65 9730 2468,,,,,,,,,,,,,,,Gov List,"ACRA, Google Searches",,
,,16/12/2025,L.T. GAMES,ST GAMES,,TeleSales,,Offline Sources,Adhoc,,53461296B,,,,,,,,,,,,,,,,"B2C, Offline",,,,,,,,,,,,,,,,65 9622 0101,ng120966@gmail.com,,,,,,,,,,,,,,Gov List,"ACRA, Google Searches",,
,,16/12/2025,IGOURMET PTE. LTD.,IGOURMET,,TeleSales,,Offline Sources,Adhoc,,200506277H,,,,,,,,,,,,,,,,"B2C, Offline",,,,,,,,,,,,,,,,65 9654 0767,hazelhok@yahoo.com.sg,,,,,,,,,,,,,,Gov List,"ACRA, Google Searches",,
,,16/12/2025,NLH CO.,NLH,,TeleSales,,Offline Sources,Adhoc,,53352545D,,,,,,,,,,,,,,,,"B2C, Offline",,,,,,,,,,,,,,,,65 9180 8891,vicsomng@gmail.com,,,,,,,,,,,,,,Gov List,"ACRA, Google Searches",,
,,16/12/2025,COFFEE EXPRESS 2000 PTE. LTD.,COFFEE EXPRESS 2000,,TeleSales,,Offline Sources,Adhoc,,200823160D,,,,,,,,,,,,,,,,"B2C, Offline",,,,,,,,,,,,,,,,65 9852 4075,bqs1973@singnet.com.sg,,,,,,,,,,,,,,Gov List,"ACRA, Google Searches",,
,,16/12/2025,SHIU YAKINIKU PTE. LTD.,SHIU YAKINIKU,,TeleSales,,Offline Sources,Adhoc,,201019296W,,,,,,,,,,,,,,,,"B2C, Offline",,,,,,,,,,,,,,,,65 9113 9105,shiuyakiniku@gmail.com,,,,,,,,,,,,,,Gov List,"ACRA, Google Searches",,
,,16/12/2025,MY MUMS KITCHEN PTE. LTD.,MUMS KITCHEN,,TeleSales,,Offline Sources,Adhoc,,202025556H,,,,,,,,,,,,,,,,"B2C, Offline",,,,,,,,,,,,,,,,65 6346 0969,enquiry@mumskitchen.com.sg,,,,,,,,,,,,,,Gov List,"ACRA, Google Searches",,
,,16/12/2025,HAPPY BOWL PTE. LTD.,HAPPY BOWL,,TeleSales,,Offline Sources,Adhoc,,201841423W,,,,,,,,,,,,,,,,"B2C, Offline",,,,,,,,,,,,,,,,65 8375 3888,happybowlsg@gmail.com,,,,,,,,,,,,,,Gov List,"ACRA, Google Searches",,
,,16/12/2025,ARCHIPELAGO ART,ARCHIPELAGO,,TeleSales,,Offline Sources,Adhoc,,53500991K,,,,,,,,,,,,,,,,"B2C, Offline",,,,,,,,,,,,,,,,65 9628 8101,kiat@arxpelago.com,,,,,,,,,,,,,,Gov List,"ACRA, Google Searches",,
,,16/12/2025,ASIAWIDE FRANCHISE CONSULTANTS PTE. LTD.,ASIAWIDE FRANCHISE,,TeleSales,,Offline Sources,Adhoc,,200405166K,,,,,,,,,,,,,,,,"B2C, Offline",,,,,,,,,,,,,,,,65 9679 3947,albert@asiawidefranchise.com.sg,,,,,,,,,,,,,,Gov List,"ACRA, Google Searches",,
,,16/12/2025,COMMONWEALTH CAPITAL PTE. LTD.,COMMONWEALTH CAPITAL,,TeleSales,,Offline Sources,Adhoc,,201020182W,,,,,,,,,,,,,,,,"B2C, Offline",,,,,,,,,,,,,,,,65 9105 8835,zhuanghao.lee@commonwealthcapital.asia,,,,,,,,,,,,,,Gov List,"ACRA, Google Searches",,
,,16/12/2025,DESTINATION EATS PTE. LTD.,DESTINATION EATS,,TeleSales,,Offline Sources,Adhoc,,201632598G,,,,,,,,,,,,,,,,"B2C, Offline",,,,,,,,,,,,,,,,65 9338 5901,garym@destination-eats.com,,,,,,,,,,,,,,Gov List,"ACRA, Google Searches",,
,,16/12/2025,CHIC EXECUTIVE OFFICER PTE. LTD.,EXECUTIVE OFFICER,,TeleSales,,Offline Sources,Adhoc,,201424807M,,,,,,,,,,,,,,,,"B2C, Offline",,,,,,,,,,,,,,,,65 9510 8925,kkoo@ukyufamily.com,,,,,,,,,,,,,,Gov List,"ACRA, Google Searches",,
,,16/12/2025,MONDE NISSIN SINGAPORE PTE. LTD.,MONDE NISSIN,,TeleSales,,Offline Sources,Adhoc,,201507537D,,,,,,,,,,,,,,,,"B2C, Offline",,,,,,,,,,,,,,,,65 6232 3773,winston.long@mondenissin.com,,,,,,,,,,,,,,Gov List,"ACRA, Google Searches",,
,,16/12/2025,SPA ESPRIT GROUP PTE. LTD.,SPA ESPRIT,,TeleSales,,Offline Sources,Adhoc,,200707818N,,,,,,,,,,,,,,,,"B2C, Offline",,,,,,,,,,,,,,,,65 9646 6133,jolene.tan@spa-esprit.com,,,,,,,,,,,,,,Gov List,"ACRA, Google Searches",,
,,16/12/2025,TANG TEA HOUSE PTE. LTD.,TANG TEA HOUSE,,TeleSales,,Offline Sources,Adhoc,,200516377C,,,,,,,,,,,,,,,,"B2C, Offline",,,,,,,,,,,,,,,,65 6445 0598,sales@tangteahouse.com,,,,,,,,,,,,,,Gov List,"ACRA, Google Searches",,
,,16/12/2025,TECH DATA ADVANCED SOLUTIONS (SINGAPORE) PTE. LTD.,DATA ADVANCED S,,TeleSales,,Offline Sources,Adhoc,,199700062G,,,,,,,,,,,,,,,,"B2C, Offline",,,,,,,,,,,,,,,,65 8522 4418,koonyew.wong@techdata.com,,,,,,,,,,,,,,Gov List,"ACRA, Google Searches",,
,,16/12/2025,YU CUN PTE. LTD.,YU CUN,,TeleSales,,Offline Sources,Adhoc,,201429335W,,,,,,,,,,,,,,,,"B2C, Offline",,,,,,,,,,,,,,,,65 9845 8982,ogdariuschan@gmail.com,,,,,,,,,,,,,,Gov List,"ACRA, Google Searches",,
,,16/12/2025,CRESCENDAS GROUP PTE. LTD.,CRESCENDAS,,TeleSales,,Offline Sources,Adhoc,,201200732M,,,,,,,,,,,,,,,,"B2C, Offline",,,,,,,,,,,,,,,,65 9669 8668,isabelleleow@crescendas.com,,,,,,,,,,,,,,Gov List,"ACRA, Google Searches",,
,,16/12/2025,TAIWAN ICHIBAN PTE. LTD.,TAIWAN ICHIBAN,,TeleSales,,Offline Sources,Adhoc,,201602503D,,,,,,,,,,,,,,,,"B2C, Offline",,,,,,,,,,,,,,,,65 9855 5793,taiwanichiban@hotmail.com,,,,,,,,,,,,,,Gov List,"ACRA, Google Searches",,
,,16/12/2025,SPRINGLEAF PRATA PLACE,SPRINGLEAF PRATA,,TeleSales,,Offline Sources,Adhoc,,52984153C,,,,,,,,,,,,,,,,"B2C, Offline",,,,,,,,,,,,,,,,65 9100 8134,krishnan2315@gmail.com,,,,,,,,,,,,,,Gov List,"ACRA, Google Searches",,
,,16/12/2025,SZ KITCHEN PTE. LTD.,SZ KITCHEN,,TeleSales,,Offline Sources,Adhoc,,202201513K,,,,,,,,,,,,,,,,"B2C, Offline",,,,,,,,,,,,,,,,65 8123 4671,,,,,,,,,,,,,,,Gov List,"ACRA, Google Searches",,
,,16/12/2025,BAGUETTE PTE. LTD.,MR BAGUETTE,,TeleSales,,Offline Sources,Adhoc,,200721841N,,,,,,,,,,,,,,,,"B2C, Offline",,,,,,,,,,,,,,,,65 9184 1257,mrbaguette.sg@gmail.com,,,,,,,,,,,,,,Gov List,"ACRA, Google Searches",,
,,16/12/2025,KOREA FOOD UNITED PTE. LTD.,KOREA FOOD UNITED,,TeleSales,,Offline Sources,Adhoc,,201402040C,,,,,,,,,,,,,,,,"B2C, Offline",,,,,,,,,,,,,,,,65 3958 4161,koreafoodunited@gmail.com,,,,65 9658 5841,,,,,,,,,,Gov List,"ACRA, Google Searches",,
,,16/12/2025,FRENCH FOOD FACTORY PTE. LTD.,FRENCH FOOD FACTORY,,TeleSales,,Offline Sources,Adhoc,,200709491N,,,,,,,,,,,,,,,,"B2C, Offline",,,,,,,,,,,,,,,,65 9338 9795,ian.choo@saybons.com,,,,65 9338 9795,ian.choo@saybons.com,,,,,,,,,Gov List,"ACRA, Google Searches",,
,,16/12/2025,CHIRASHI KING KONG PTE. LTD.,CHIRASHI KING KONG,,TeleSales,,Offline Sources,Adhoc,,201736693R,,,,,,,,,,,,,,,,"B2C, Offline",,,,,,,,,,,,,,,,65 8468 1924,chirashikingkongcafe@gmail.com,,,,,,,,,,,,,,Gov List,"ACRA, Google Searches",,
,,16/12/2025,THUNDERBOLT TEA,THUNDERBOLT TEA RICE,,TeleSales,,Offline Sources,Adhoc,,53435436W,,,,,,,,,,,,,,,,"B2C, Offline",,,,,,,,,,,,,,,,65 9339 8979,hello@thunderbolt.sg,,,,,,,,,,,,,,Gov List,"ACRA, Google Searches",,
,,16/12/2025,KIDS FULLSTOP PTE. LTD.,FULLSTOP,,TeleSales,,Offline Sources,Adhoc,,201543399Z,,,,,,,,,,,,,,,,"B2C, Offline",,,,,,,,,,,,,,,,65 8333 0900,andykoh1988@gmail.com,,,,,,,,,,,,,,Gov List,"ACRA, Google Searches",,
,,16/12/2025,COCA INTERNATIONAL SINGAPORE CO PTE. LTD.,COCA,,TeleSales,,Offline Sources,Adhoc,,199200712G,,,,,,,,,,,,,,,,"B2C, Offline",,,,,,,,,,,,,,,,65 6260 4069,accounts@tuktukcha.com,,,,,,,,,,,,,,Gov List,"ACRA, Google Searches",,
,,16/12/2025,WEROC GROUP PTE. LTD.,WEROC,,TeleSales,,Offline Sources,Adhoc,,201735737C,,,,,,,,,,,,,,,,"B2C, Offline",,,,,,,,,,,,,,,,65 8688 3011,dbak@werocgroup.com,,,,,,,,,,,,,,Gov List,"ACRA, Google Searches",,
,,16/12/2025,SALIV8 PTE. LTD.,SALIV8,,TeleSales,,Offline Sources,Adhoc,,201803078W,,,,,,,,,,,,,,,,"B2C, Offline",,,,,,,,,,,,,,,,65 9845 3914,,,,,,,,,,,,,,,Gov List,"ACRA, Google Searches",,
,,16/12/2025,ZOUK CLARKE QUAY PTE. LTD.,ZOUK CLARKE QUAY,,TeleSales,,Offline Sources,Adhoc,,201534241M,,,,,,,,,,,,,,,,"B2C, Offline",,,,,,,,,,,,,,,,65 9006 9733,kipang@zoukclub.com,,,,,,,,,,,,,,Gov List,"ACRA, Google Searches",,
,,16/12/2025,COLOURS OF INDIA PTE. LTD.,COLOURS OF INDIA,,TeleSales,,Offline Sources,Adhoc,,200606913N,,,,,,,,,,,,,,,,"B2C, Offline",,,,,,,,,,,,,,,,65 9423 2497,colorsofindia.sg@gmail.com,,,,,,,,,,,,,,Gov List,"ACRA, Google Searches",,
,,16/12/2025,EVERGREEN FOOD HOLDINGS PTE. LTD.,EVERGREEN FOOD,,TeleSales,,Offline Sources,Adhoc,,201719912Z,,,,,,,,,,,,,,,,"B2C, Offline",,,,,,,,,,,,,,,,65 9642 6586,sales@evergreenlandscape.com.sg,,,,,,,,,,,,,,Gov List,"ACRA, Google Searches",,
,,16/12/2025,J W CENTRAL PTE. LTD.,J W CENTRAL,,TeleSales,,Offline Sources,Adhoc,,200713409G,,,,,,,,,,,,,,,,"B2C, Offline",,,,,,,,,,,,,,,,65 6887 3350,connie.wong@jcglobal.com.sg,,,,,,,,,,,,,,Gov List,"ACRA, Google Searches",,
,,16/12/2025,KENZEN F&B PTE. LTD.,KENZEN F&B,,TeleSales,,Offline Sources,Adhoc,,201401863Z,,,,,,,,,,,,,,,,"B2C, Offline",,,,,,,,,,,,,,,,65 9488 7129,kennethpng@gmail.com,,,,,,,,,,,,,,Gov List,"ACRA, Google Searches",,
,,16/12/2025,PAYPAL PTE. LTD.,PAYPAL,,TeleSales,,Offline Sources,Adhoc,,200509725E,,,,,,,,,,,,,,,,"B2C, Offline",,,,,,,,,,,,,,,,65 9730 7118,bertan@paypal.com,,,,,,,,,,,,,,Gov List,"ACRA, Google Searches",,
,,16/12/2025,ZEEMART PTE. LTD.,ZEEMART,,TeleSales,,Offline Sources,Adhoc,,201525600G,,,,,,,,,,,,,,,,"B2C, Offline",,,,,,,,,,,,,,,,65 9857 3171,caleb@zeemart.asia,,,,65 9191 4138,neeraj@zeemart.asia,,,,,,,,,Gov List,"ACRA, Google Searches",,
,,16/12/2025,GB CHEMICALS PTE. LTD.,GB CHEMICALS,,TeleSales,,Offline Sources,Adhoc,,199607051N,,,,,,,,,,,,,,,,"B2C, Offline",,,,,,,,,,,,,,,,65 8188 0065,alphonsus.chua@gbchemicals.com.sg,,,,,,,,,,,,,,Gov List,"ACRA, Google Searches",,
,,16/12/2025,CONFERENCE & EXHIBITION MANAGEMENT SERVICES PTE LTD,CONFERENCE & EXHIBITION MANAGEMENT,,TeleSales,,Offline Sources,Adhoc,,198000379H,,,,,,,,,,,,,,,,"B2C, Offline",,,,,,,,,,,,,,,,65 9751 3644,edward@cems.com.sg,,,,,,,,,,,,,,Gov List,"ACRA, Google Searches",,
,,16/12/2025,LT WORKFORCE PTE. LTD.,WORKFORCE,,TeleSales,,Offline Sources,Adhoc,,202530618H,,,,,,,,,,,,,,,,"B2C, Offline",,,,,,,,,,,,,,,,65 6322 1762,eunice_liau@wsg.gov.sg,,,,,,,,,,,,,,Gov List,"ACRA, Google Searches",,
,,16/12/2025,REVOLVER ASIA PTE. LTD.,REVOLVER ASIA,,TeleSales,,Offline Sources,Adhoc,,201310697K,,,,,,,,,,,,,,,,"B2C, Offline",,,,,,,,,,,,,,,,65 9620 8230,gwanchoon.thio@revolverasia.com,,,,65 6637 9083,info@revolverasia.com,,,,,,,,,Gov List,"ACRA, Google Searches",,
,,16/12/2025,FORT SANCTUARY PTE. LTD.,FORT SANCTUARY,,TeleSales,,Offline Sources,Adhoc,,201313771D,,,,,,,,,,,,,,,,"B2C, Offline",,,,,,,,,,,,,,,,65 9694 7436,daphnelau@fortsanctuary.com,,,,65 6254 8048,contact@fortsanctuary.com,,,,,,,,,Gov List,"ACRA, Google Searches",,
,,16/12/2025,IKURA PTE. LTD.,IKURA,,TeleSales,,Offline Sources,Adhoc,,201721945W,,,,,,,,,,,,,,,,"B2C, Offline",,,,,,,,,,,,,,,,65 6253 2792,reservations@ikura.sg,,,,65 6532 6656,,,,,65 6909 5606,,,,,Gov List,"ACRA, Google Searches",,
,,16/12/2025,DEAR COLLECTIVE PTE. LTD.,DEAR COLLECTIVE,,TeleSales,,Offline Sources,Adhoc,,201811956G,,,,,,,,,,,,,,,,"B2C, Offline",,,,,,,,,,,,,,,,65 8499 8633,hello@dearcollective.com,,,,,hello@dearcollective.com,,,,,,,,,Gov List,"ACRA, Google Searches",,
,,16/12/2025,STRAITS INTERACTIVE PTE. LTD.,STRAITS INTERACTIVE,,TeleSales,,Offline Sources,Adhoc,,201314437K,,,,,,,,,,,,,,,,"B2C, Offline",,,,,,,,,,,,,,,,65 9475 3352,shaun@straitsinteractive.com,,,,65 6602 8010,sales@straitsinteractive.com,,,,,,,,,Gov List,"ACRA, Google Searches",,
,,16/12/2025,PRATA ALLEY PTE. LTD.,PRATA ALLEY,,TeleSales,,Offline Sources,Adhoc,,201611102R,,,,,,,,,,,,,,,,"B2C, Offline",,,,,,,,,,,,,,,,65 9090 9548,basiramiraa@gmail.com,,,,65 6924 2037,info@prataalley.com,,,,,,,,,Gov List,"ACRA, Google Searches",,
,,16/12/2025,JAD HOLDINGS PTE. LTD.,JAD,,TeleSales,,Offline Sources,Adhoc,,201629228K,,,,,,,,,,,,,,,,"B2C, Offline",,,,,,,,,,,,,,,,65 9786 2006,gabriel@jadholdings.asia,,,,65 6741 2950,,,,,,,,,,Gov List,"ACRA, Google Searches",,
,,16/12/2025,12BUY GLOBAL PTE. LTD.,12BUY,,TeleSales,,Offline Sources,Adhoc,,202118882C,,,,,,,,,,,,,,,,"B2C, Offline",,,,,,,,,,,,,,,,65 9658 2362,joseph@12buy.sg,,,,65 6262 5228,sales@12buy.sg,,,,,,,,,Gov List,"ACRA, Google Searches",,
,,16/12/2025,CRAFT & CULTURE PTE. LTD.,CRAFT & CULTURE,,TeleSales,,Offline Sources,Adhoc,,201605971W,,,,,,,,,,,,,,,,"B2C, Offline",,,,,,,,,,,,,,,,65 9017 7837,craftculturesg@gmail.com,,,,65 9017 7837,support@craftculturesg.com,,,,,,,,,Gov List,"ACRA, Google Searches",,
,,16/12/2025,KELONG CULTURE @ TAMPINES PTE. LTD.,KELONG CULTURE TAMPINES,,TeleSales,,Offline Sources,Adhoc,,202019744K,,,,,,,,,,,,,,,,"B2C, Offline",,,,,,,,,,,,,,,,65 9387 1943,jayj793@gmail.com,,,,,,,,,,,,,,Gov List,"ACRA, Google Searches",,
,,16/12/2025,PEACH GARDEN PTE. LTD.,PEACH GARDEN OLD,,TeleSales,,Offline Sources,Adhoc,,200209140W,,,,,,,,,,,,,,,,"B2C, Offline",,,,,,,,,,,,,,,,65 6252 9833,banquet@peachgarden.com.sg,,,,,,,,,,,,,,Gov List,"ACRA, Google Searches",,
,,16/12/2025,BLANCO PRAWN NOODLE HOUSE PTE. LTD.,BLANCO PRAWN NOODLE,,TeleSales,,Offline Sources,Adhoc,,201722406C,,,,,,,,,,,,,,,,"B2C, Offline",,,,,,,,,,,,,,,,65 9733 1048,ljs.ntu@hotmail.com,,,,,,,,,,,,,,Gov List,"ACRA, Google Searches",,
,,16/12/2025,SOLOMO TECHNOLOGIES PTE. LTD.,SOLOMO,,TeleSales,,Offline Sources,Adhoc,,201314705N,,,,,,,,,,,,,,,,"B2C, Offline",,,,,,,,,,,,,,,,65 8382 7213,pingfaninsg@gmail.com,,,,,,,,,,,,,,Gov List,"ACRA, Google Searches",,
,,16/12/2025,OH MA SPOON PTE. LTD.,OH MA SPOON,,TeleSales,,Offline Sources,Adhoc,,201502226N,,,,,,,,,,,,,,,,"B2C, Offline",,,,,,,,,,,,,,,,65 9789 7801,oms.joyce313@gmail.com,,,,,,,,,,,,,,Gov List,"ACRA, Google Searches",,
,,16/12/2025,CMY FOOD INDUSTRIES PTE. LTD.,CMY FOOD INDUSTRIES,,TeleSales,,Offline Sources,Adhoc,,201624069C,,,,,,,,,,,,,,,,"B2C, Offline",,,,,,,,,,,,,,,,65 6448 3325,eileenchua.93@gmail.com,,,,,info@cmyfood.com,,,,,,,,,Gov List,"ACRA, Google Searches",,
,,16/12/2025,CAPITAL PLUS PTE LTD,J CAPITAL PLUS,,TeleSales,,Offline Sources,Adhoc,,200107632D,,,,,,,,,,,,,,,,"B2C, Offline",,,,,,,,,,,,,,,,65 9062 5697,james.tay@jpluscapital.com,,,,,info@capitalmart.com.sg,,,,,,,,,Gov List,"ACRA, Google Searches",,
,,16/12/2025,JO JAPANESE RESTAURANT PTE. LTD.,JAPANESE RESTAURANT,,TeleSales,,Offline Sources,Adhoc,,202201782W,,,,,,,,,,,,,,,,"B2C, Offline",,,,,,,,,,,,,,,,65 9889 4334,,,,,65 9689 6314,,,,,,,,,,Gov List,"ACRA, Google Searches",,
,,16/12/2025,SG-11 HOLDINGS PTE. LTD.,11,,TeleSales,,Offline Sources,Adhoc,,201822408G,,,,,,,,,,,,,,,,"B2C, Offline",,,,,,,,,,,,,,,,65 6904 8904,sg11holdings@gmail.com,,,,65 9168 6850,hc.shiyi@gmail.com,,,,,,,,,Gov List,"ACRA, Google Searches",,
,,16/12/2025,FOPTICS EAST PTE. LTD.,FOPTICS,,TeleSales,,Offline Sources,Adhoc,,202208290K,,,,,,,,,,,,,,,,"B2C, Offline",,,,,,,,,,,,,,,,65 8767 1874,melvin@foptics.club,,,,65 8755 6870,service@foptics.club,,,,,,,,,Gov List,"ACRA, Google Searches",,
,,16/12/2025,JOY SM PTE. LTD.,JOY SM,,TeleSales,,Offline Sources,Adhoc,,201537325N,,,,,,,,,,,,,,,,"B2C, Offline",,,,,,,,,,,,,,,,65 8188 5043,joysmpl@gmail.com,,,,,,,,,,,,,,Gov List,"ACRA, Google Searches",,
,,16/12/2025,UNITED EURO BEVERAGES GLOBAL PTE. LTD.,UNITED EURO BEVERAGES,,TeleSales,,Offline Sources,Adhoc,,201713440E,,,,,,,,,,,,,,,,"B2C, Offline",,,,,,,,,,,,,,,,65 9325 8888,info.unitedeurobeverages@gmail.com,,,,65 8343 2499,unitedmotoring@singnet.com.sg,,,,,,,,,Gov List,"ACRA, Google Searches",,
,,16/12/2025,WARM BBQ GROUP PTE. LTD.,WARM BBQ,,TeleSales,,Offline Sources,Adhoc,,201535059Z,,,,,,,,,,,,,,,,"B2C, Offline",,,,,,,,,,,,,,,,65 9858 3230,shengqian.eg@gmail.com,,,,,,,,,,,,,,Gov List,"ACRA, Google Searches",,
,,16/12/2025,OLIVIA (SG) PTE. LTD.,OLIVIA,,TeleSales,,Offline Sources,Adhoc,,202138226W,,,,,,,,,,,,,,,,"B2C, Offline",,,,,,,,,,,,,,,,65 8743 9063,,,,,,,,,,,,,,,Gov List,"ACRA, Google Searches",,
,,16/12/2025,RKN PTE. LTD.,RKN,,TeleSales,,Offline Sources,Adhoc,,201407294Z,,,,,,,,,,,,,,,,"B2C, Offline",,,,,,,,,,,,,,,,65 9008 9698,,,,,,,,,,,,,,,Gov List,"ACRA, Google Searches",,
,,16/12/2025,CRAZY CHEF PTE. LTD.,CRAZY CHEF,,TeleSales,,Offline Sources,Adhoc,,201529713M,,,,,,,,,,,,,,,,"B2C, Offline",,,,,,,,,,,,,,,,65 8711 6131,,,,,,,,,,,,,,,Gov List,"ACRA, Google Searches",,
,,16/12/2025,CULTURE SPOON PTE. LTD.,CULTURE SPOON,,TeleSales,,Offline Sources,Adhoc,,202022302D,,,,,,,,,,,,,,,,"B2C, Offline",,,,,,,,,,,,,,,,65 9655 4047,,,,,,,,,,,,,,,Gov List,"ACRA, Google Searches",,
,,16/12/2025,MAISON IKKOKU HOLDING PTE. LTD.,MAISON IKKOKU,,TeleSales,,Offline Sources,Adhoc,,201714108N,,,,,,,,,,,,,,,,"B2C, Offline",,,,,,,,,,,,,,,,65 8568 8898,,,,,,,,,,,,,,,Gov List,"ACRA, Google Searches",,
,,16/12/2025,GEYLANG PRAWN NOODLES,GEYLANG PRAWN NOODLE,,TeleSales,,Offline Sources,Adhoc,,53063770K,,,,,,,,,,,,,,,,"B2C, Offline",,,,,,,,,,,,,,,,65 9004 1874,,,,,,,,,,,,,,,Gov List,"ACRA, Google Searches",,
,,16/12/2025,GOLDLEAF (KATONG) RESTAURANT PTE. LTD.,GOLDLEAF RESTAURANT,,TeleSales,,Offline Sources,Adhoc,,201614722W,,,,,,,,,,,,,,,,"B2C, Offline",,,,,,,,,,,,,,,,65 9686 9895,,,,,,,,,,,,,,,Gov List,"ACRA, Google Searches",,
,,16/12/2025,HERMITAGE QUALITY WINES PTE. LTD.,HERMITAGE QUALITY WINES,,TeleSales,,Offline Sources,Adhoc,,201210904D,,,,,,,,,,,,,,,,"B2C, Offline",,,,,,,,,,,,,,,,65 9018 4447,,,,,,,,,,,,,,,Gov List,"ACRA, Google Searches",,
,,16/12/2025,THE NAUGHTY CHEF PTE. LTD.,THE NAUGHTY CHEF,,TeleSales,,Offline Sources,Adhoc,,201427601G,,,,,,,,,,,,,,,,"B2C, Offline",,,,,,,,,,,,,,,,65 9134 2626,thenaughtychef99@gmail.com,,,,,,,,,,,,,,Gov List,"ACRA, Google Searches",,
,,16/12/2025,THE CAR EXCHANGE PTE. LTD.,THE EXCHANGE,,TeleSales,,Offline Sources,Adhoc,,202201666C,,,,,,,,,,,,,,,,"B2C, Offline",,,,,,,,,,,,,,,,65 9388 5549,,,,,,,,,,,,,,,Gov List,"ACRA, Google Searches",,
,,16/12/2025,63CELSIUS PTE. LTD.,63CELSIUS,,TeleSales,,Offline Sources,Adhoc,,201318362E,,,,,,,,,,,,,,,,"B2C, Offline",,,,,,,,,,,,,,,,65 8646 6581,,,,,,,,,,,,,,,Gov List,"ACRA, Google Searches",,
,,16/12/2025,YLS CATERING PTE. LTD.,YLS CATERING LEAD,,TeleSales,,Offline Sources,Adhoc,,200601316W,,,,,,,,,,,,,,,,"B2C, Offline",,,,,,,,,,,,,,,,65 8588 5284,,,,,,,,,,,,,,,Gov List,"ACRA, Google Searches",,
,,16/12/2025,GOODLUCK HOLDINGS PRIVATE LIMITED,GOODLUCK,,TeleSales,,Offline Sources,Adhoc,,197201757W,,,,,,,,,,,,,,,,"B2C, Offline",,,,,,,,,,,,,,,,65 8381 3332,,,,,,,,,,,,,,,Gov List,"ACRA, Google Searches",,
,,16/12/2025,SHA MEI PTE. LTD.,SHA MEI,,TeleSales,,Offline Sources,Adhoc,,201724155D,,,,,,,,,,,,,,,,"B2C, Offline",,,,,,,,,,,,,,,,65 8097 8361,,,,,,,,,,,,,,,Gov List,"ACRA, Google Searches",,
,,16/12/2025,SG BURGER PTE. LTD.,BURGER,,TeleSales,,Offline Sources,Adhoc,,202136237H,,,,,,,,,,,,,,,,"B2C, Offline",,,,,,,,,,,,,,,,65 9322 8726,,,,,,,,,,,,,,,Gov List,"ACRA, Google Searches",,
,,16/12/2025,BASASAK CHICKEN,BASASAK CHICKEN LEAD,,TeleSales,,Offline Sources,Adhoc,,53386058W,,,,,,,,,,,,,,,,"B2C, Offline",,,,,,,,,,,,,,,,65 9223 6613,,,,,,,,,,,,,,,Gov List,"ACRA, Google Searches",,
,,16/12/2025,MINI STAR (HK) FERMENTED BEANCURD,MINI STAR HK FERMENTED BEANCURD COLD KNOCK,,TeleSales,,Offline Sources,Adhoc,,52867286W,,,,,,,,,,,,,,,,"B2C, Offline",,,,,,,,,,,,,,,,65 9817 8337,,,,,,,,,,,,,,,Gov List,"ACRA, Google Searches",,
,,16/12/2025,SENSHI PTE. LTD.,SENSHI,,TeleSales,,Offline Sources,Adhoc,,202037903C,,,,,,,,,,,,,,,,"B2C, Offline",,,,,,,,,,,,,,,,65 8798 9237,it@farocean.com.sg,,,,,,,,,,,,,,Gov List,"ACRA, Google Searches",,
,,16/12/2025,SIN HOCK HENG TEOCHEW PORRIDGE RESTAURANT PTE. LTD.,SIN HOCK HENG TEOCHEW PORRIDGE RESTAURANT,,TeleSales,,Offline Sources,Adhoc,,202319830Z,,,,,,,,,,,,,,,,"B2C, Offline",,,,,,,,,,,,,,,,65 9475 5363,larrysck@gmail.com,,,,,,,,,,,,,,Gov List,"ACRA, Google Searches",,
,,16/12/2025,SOI AROY PTE. LTD.,SOI AROYLEAD,,TeleSales,,Offline Sources,Adhoc,,201736347M,,,,,,,,,,,,,,,,"B2C, Offline",,,,,,,,,,,,,,,,65 9871 4833,,,,,,,,,,,,,,,Gov List,"ACRA, Google Searches",,
,,16/12/2025,SHAN DONG XIAO CHI PTE. LTD.,SHAN DONG XIAO CHI,,TeleSales,,Offline Sources,Adhoc,,201437318K,,,,,,,,,,,,,,,,"B2C, Offline",,,,,,,,,,,,,,,,65 9650 2796,lingrong78@gmail.com,,,,,,,,,,,,,,Gov List,"ACRA, Google Searches",,
,,16/12/2025,SURIYA RESTAURANT PTE. LTD.,SURIYA RESTAURANT,,TeleSales,,Offline Sources,Adhoc,,200305921W,,,,,,,,,,,,,,,,"B2C, Offline",,,,,,,,,,,,,,,,65 9852 3020,suriyarestaurant@yahoo.com.sg,,,,,,,,,,,,,,Gov List,"ACRA, Google Searches",,
,,16/12/2025,BRUNO'S PIZZERIA&GRILL LLP,BRUNOS PIZZERIA & GRILL COLD CALL,,TeleSales,,Offline Sources,Adhoc,,T10LL0649F,,,,,,,,,,,,,,,,"B2C, Offline",,,,,,,,,,,,,,,,65 9836 0908,,,,,,,,,,,,,,,Gov List,"ACRA, Google Searches",,
,,16/12/2025,GARIBALDI PTE. LTD.,GARIBALDI,,TeleSales,,Offline Sources,Adhoc,,200209232C,,,,,,,,,,,,,,,,"B2C, Offline",,,,,,,,,,,,,,,,65 9438 3062,,,,,,,,,,,,,,,Gov List,"ACRA, Google Searches",,
,,16/12/2025,OLIVIA (SG) PTE. LTD.,OLIVIA AND,,TeleSales,,Offline Sources,Adhoc,,202138226W,,,,,,,,,,,,,,,,"B2C, Offline",,,,,,,,,,,,,,,,65 8759 4368,,,,,,,,,,,,,,,Gov List,"ACRA, Google Searches",,
,,16/12/2025,WATAMI TRADING PTE. LTD.,WATAMI,,TeleSales,,Offline Sources,Adhoc,,201527607R,,,,,,,,,,,,,,,,"B2C, Offline",,,,,,,,,,,,,,,,65 3878 5244,,,,,,,,,,,,,,,Gov List,"ACRA, Google Searches",,
,,16/12/2025,CAPITAL IGNITE PTE. LTD.,IGNITE CAPITAL,,TeleSales,,Offline Sources,Adhoc,,201921090D,,,,,,,,,,,,,,,,"B2C, Offline",,,,,,,,,,,,,,,,65 8468 6755,,,,,,,,,,,,,,,Gov List,"ACRA, Google Searches",,
,,16/12/2025,THE SHIP RESTAURANT & BAR PTE. LTD.,THE SHIP RESTAURANT,,TeleSales,,Offline Sources,Adhoc,,197701785M,,,,,,,,,,,,,,,,"B2C, Offline",,,,,,,,,,,,,,,,65 9817 8285,theshipshaw@outlook.com,,,,,,,,,,,,,,Gov List,"ACRA, Google Searches",,
,,16/12/2025,COSMO SOCIAL PTE. LTD.,COSMO SOCIAL CLUB,,TeleSales,,Offline Sources,Adhoc,,202509208K,,,,,,,,,,,,,,,,"B2C, Offline",,,,,,,,,,,,,,,,65 8102 2900,avy@cosmosocial.club,,,,,,,,,,,,,,Gov List,"ACRA, Google Searches",,
,,16/12/2025,EM OIIIIIIII VIETNAMESE RESTAURANT PRIVATE LIMITED,EM OIIIIIIIII - VIETNAMESE RESTAURANT,,TeleSales,,Offline Sources,Adhoc,,202227216N,,,,,,,,,,,,,,,,"B2C, Offline",,,,,,,,,,,,,,,,65 9643 8379,simon.ng.y.j@gmail.com,,,,,,,,,,,,,,Gov List,"ACRA, Google Searches",,
,,16/12/2025,PASSION FOR FOOD PTE. LTD.,PASSION FOR FOOD,,TeleSales,,Offline Sources,Adhoc,,200910824N,,,,,,,,,,,,,,,,"B2C, Offline",,,,,,,,,,,,,,,,65 9113 5336,krislynwong@passionforfood.com.sg,,,,,,,,,,,,,,Gov List,"ACRA, Google Searches",,
,,16/12/2025,BOTANI PTE. LTD.,BOTANI,,TeleSales,,Offline Sources,Adhoc,,201728316W,,,,,,,,,,,,,,,,"B2C, Offline",,,,,,,,,,,,,,,,65 8753 0294,farhan@botanispirits.com,,,,,,,,,,,,,,Gov List,"ACRA, Google Searches",,
,,16/12/2025,LIBERTY COFFEE PTE. LTD.,LIBERTY COFFEE,,TeleSales,,Offline Sources,Adhoc,,201304713G,,,,,,,,,,,,,,,,"B2C, Offline",,,,,,,,,,,,,,,,65 9369 7552,diann@libertycoffee.sg,,,,,,,,,,,,,,Gov List,"ACRA, Google Searches",,
,,16/12/2025,OXFORD ACUITY PTE. LTD.,OXFORD ACUITY,,TeleSales,,Offline Sources,Adhoc,,201838821K,,,,,,,,,,,,,,,,"B2C, Offline",,,,,,,,,,,,,,,,65 0000 0000,potjanee@oxfordacuity.com,,,,,,,,,,,,,,Gov List,"ACRA, Google Searches",,
,,16/12/2025,INTERNATIONAL FOODGNOSTICS CORPORATION PTE. LTD.,FOODGNOSTIC,,TeleSales,,Offline Sources,Adhoc,,201315915M,,,,,,,,,,,,,,,,"B2C, Offline",,,,,,,,,,,,,,,,65 9687 4191,richard_tay@foodgnostic.com,,,,,,,,,,,,,,Gov List,"ACRA, Google Searches",,
,,16/12/2025,FOOD-JOY PTE. LTD.,FOOD JOY,,TeleSales,,Offline Sources,Adhoc,,200408793M,,,,,,,,,,,,,,,,"B2C, Offline",,,,,,,,,,,,,,,,65 8499 5150,linus.low@bluecube.com.sg,,,,,,,,,,,,,,Gov List,"ACRA, Google Searches",,
,,16/12/2025,TIONG HOE SPECIALTY COFFEE PTE. LTD.,TIONG HOE SPECIALTY COFFEE,,TeleSales,,Offline Sources,Adhoc,,201404489C,,,,,,,,,,,,,,,,"B2C, Offline",,,,,,,,,,,,,,,,65 9129 9697,accounts@tionghoe.com,,,,,,,,,,,,,,Gov List,"ACRA, Google Searches",,
,,16/12/2025,E-BEST FOOD PTE. LTD.,BEST FOOD,,TeleSales,,Offline Sources,Adhoc,,202124742H,,,,,,,,,,,,,,,,"B2C, Offline",,,,,,,,,,,,,,,,65 2500 0000,donald@hzgreenpulp.com,,,,,,,,,,,,,,Gov List,"ACRA, Google Searches",,
,,16/12/2025,FLAT WHITE PTE. LTD.,FLAT WHITE,,TeleSales,,Offline Sources,Adhoc,,201220064G,,,,,,,,,,,,,,,,"B2C, Offline",,,,,,,,,,,,,,,,65 9008 9314,mouss@pennyuni.com,,,,,,,,,,,,,,Gov List,"ACRA, Google Searches",,
,,16/12/2025,WESTLAKE 3 PTE. LTD.,WESTLAKE,,TeleSales,,Offline Sources,Adhoc,,200305400H,,,,,,,,,,,,,,,,"B2C, Offline",,,,,,,,,,,,,,,,65 9749 5989,matthew.lim@westlake.com.sg,,,,,,,,,,,,,,Gov List,"ACRA, Google Searches",,
,,16/12/2025,MR. KNEADY'S,MR KNEADY,,TeleSales,,Offline Sources,Adhoc,,53359762E,,,,,,,,,,,,,,,,"B2C, Offline",,,,,,,,,,,,,,,,65 9171 8507,mrkneadys@gmail.com,,,,,,,,,,,,,,Gov List,"ACRA, Google Searches",,
,,16/12/2025,BBQ MASTER PTE. LTD.,BBQ MASTER,,TeleSales,,Offline Sources,Adhoc,,202231233G,,,,,,,,,,,,,,,,"B2C, Offline",,,,,,,,,,,,,,,,65 8383 5380,aiwinnie@hotmail.com,,,,,,,,,,,,,,Gov List,"ACRA, Google Searches",,
,,16/12/2025,JR F&B CONCEPTS PTE. LTD.,JR F&B CONCEPTS,,TeleSales,,Offline Sources,Adhoc,,201226776C,,,,,,,,,,,,,,,,"B2C, Offline",,,,,,,,,,,,,,,,65 9387 5337,kelvin.lim@jrgroup.com.sg,,,,,,,,,,,,,,Gov List,"ACRA, Google Searches",,
,,16/12/2025,WEWATCH PTE. LTD.,WEWATCH,,TeleSales,,Offline Sources,Adhoc,,202008010M,,,,,,,,,,,,,,,,"B2C, Offline",,,,,,,,,,,,,,,,65 9274 0327,alan.tan.89@hotmail.com,,,,,,,,,,,,,,Gov List,"ACRA, Google Searches",,
,,16/12/2025,EB PTE. LTD.,EB,,TeleSales,,Offline Sources,Adhoc,,201524005W,,,,,,,,,,,,,,,,"B2C, Offline",,,,,,,,,,,,,,,,65 9625 3422,lynn.ho@ebfood.sg,,,,,,,,,,,,,,Gov List,"ACRA, Google Searches",,
,,16/12/2025,BLUE LABEL COFFEE PTE. LTD.,BLUE LABEL COFFEE,,TeleSales,,Offline Sources,Adhoc,,202230104H,,,,,,,,,,,,,,,,"B2C, Offline",,,,,,,,,,,,,,,,65 9337 2156,lish78@gmail.com,,,,,,,,,,,,,,Gov List,"ACRA, Google Searches",,
,,16/12/2025,PIZZAIOLA PTE. LTD.,PIZZAIOLA,,TeleSales,,Offline Sources,Adhoc,,201015354N,,,,,,,,,,,,,,,,"B2C, Offline",,,,,,,,,,,,,,,,65 9816 1049,jean.pizzaiola@gmail.com,,,,,,,,,,,,,,Gov List,"ACRA, Google Searches",,
,,16/12/2025,URBAN GROUP PTE. LTD.,URBAN,,TeleSales,,Offline Sources,Adhoc,,200914416K,,,,,,,,,,,,,,,,"B2C, Offline",,,,,,,,,,,,,,,,65 8133 4375,damian@outlook.sg,,,,,,,,,,,,,,Gov List,"ACRA, Google Searches",,
,,16/12/2025,VSTECS KU PTE. LTD.,VSTECS,,TeleSales,,Offline Sources,Adhoc,,202449343K,,,,,,,,,,,,,,,,"B2C, Offline",,,,,,,,,,,,,,,,65 8697 7933,jackie.chen@gmail.com,,,,,,,,,,,,,,Gov List,"ACRA, Google Searches",,
,,16/12/2025,EATALIA PTE. LTD.,EATALIA,,TeleSales,,Offline Sources,Adhoc,,201430042E,,,,,,,,,,,,,,,,"B2C, Offline",,,,,,,,,,,,,,,,65 8612 0084,jan.82@hotmail.it,,,,,,,,,,,,,,Gov List,"ACRA, Google Searches",,
,,16/12/2025,SPRUCE & NEST PTE. LTD.,SPRUCE,,TeleSales,,Offline Sources,Adhoc,,202529489H,,,,,,,,,,,,,,,,"B2C, Offline",,,,,,,,,,,,,,,,65 8889 5519,josephzen@spruce.com.sg,,,,,,,,,,,,,,Gov List,"ACRA, Google Searches",,
,,16/12/2025,TEAVANA BUBBLE TEA PTE. LTD.,TEAVANA BUBBLE TEA,,TeleSales,,Offline Sources,Adhoc,,201816507W,,,,,,,,,,,,,,,,"B2C, Offline",,,,,,,,,,,,,,,,65 9229 0802,wilfred_5566@hotmail.com,,,,,,,,,,,,,,Gov List,"ACRA, Google Searches",,
,,16/12/2025,CHILLI PADI HOLDING PTE. LTD.,CHILLI PADI,,TeleSales,,Offline Sources,Adhoc,,201712169H,,,,,,,,,,,,,,,,"B2C, Offline",,,,,,,,,,,,,,,,65 9067 6090,sharizal@chillipadi.com.sg,,,,,,,,,,,,,,Gov List,"ACRA, Google Searches",,
,,16/12/2025,KIMLY LIMITED,KIMLY,,TeleSales,,Offline Sources,Adhoc,,201613903R,,,,,,,,,,,,,,,,"B2C, Offline",,,,,,,,,,,,,,,,65 9617 6573,chongcheng.ooi@kimlygroup.sg,,,,,,,,,,,,,,Gov List,"ACRA, Google Searches",,
,,16/12/2025,KEYSTONE AI PTE. LTD.,KEYSTONE,,TeleSales,,Offline Sources,Adhoc,,202512703M,,,,,,,,,,,,,,,,"B2C, Offline",,,,,,,,,,,,,,,,65 9720 8056,natalie.loowl@gmail.com,,,,,,,,,,,,,,Gov List,"ACRA, Google Searches",,
,,16/12/2025,BEAN ROCK COFFEE PTE. LTD.,BEAN ROCK COFFEE,,TeleSales,,Offline Sources,Adhoc,,202106072C,,,,,,,,,,,,,,,,"B2C, Offline",,,,,,,,,,,,,,,,65 9239 4862,connect@beanrockcoffee.com,,,,,,,,,,,,,,Gov List,"ACRA, Google Searches",,
,,16/12/2025,MERMAID RESTAURANT PTE. LTD.,MERMAID RESTAURANT,,TeleSales,,Offline Sources,Adhoc,,202234790M,,,,,,,,,,,,,,,,"B2C, Offline",,,,,,,,,,,,,,,,65 9800 0519,joewoo.mermaid@gmail.com,,,,,,,,,,,,,,Gov List,"ACRA, Google Searches",,
,,16/12/2025,SWEET CHEEKS PTE. LTD.,SWEET CHEEKS,,TeleSales,,Offline Sources,Adhoc,,201926068N,,,,,,,,,,,,,,,,"B2C, Offline",,,,,,,,,,,,,,,,65 9731 5077,hello@sweetcheeksgelato.com,,,,,,,,,,,,,,Gov List,"ACRA, Google Searches",,
,,16/12/2025,THE PACK PROTEIN & SALAD BAR PTE. LTD.,THE PACK PROTEIN & SALAD BAR,,TeleSales,,Offline Sources,Adhoc,,201812177D,,,,,,,,,,,,,,,,"B2C, Offline",,,,,,,,,,,,,,,,65 8118 9313,,,,,,,,,,,,,,,Gov List,"ACRA, Google Searches",,
,,16/12/2025,QUALITY ZONE TECHNOLOGIES PTE. LTD.,QUALITY ZONE,,TeleSales,,Offline Sources,Adhoc,,201435966G,,,,,,,,,,,,,,,,"B2C, Offline",,,,,,,,,,,,,,,,65 9853 5041,germaine@qzonetech.com,,,,,,,,,,,,,,Gov List,"ACRA, Google Searches",,
,,16/12/2025,SODEXO SINGAPORE PTE. LTD.,SODEXO,,TeleSales,,Offline Sources,Adhoc,,198200257N,,,,,,,,,,,,,,,,"B2C, Offline",,,,,,,,,,,,,,,,65 9088 4671,shinhuey.lim@sodexo.com,,,,,,,,,,,,,,Gov List,"ACRA, Google Searches",,
,,16/12/2025,NANTA BBQ PTE. LTD.,NANTA BBQ,,TeleSales,,Offline Sources,Adhoc,,201421374G,,,,,,,,,,,,,,,,"B2C, Offline",,,,,,,,,,,,,,,,65 9114 3921,mirae109@naver.com,,,,,,,,,,,,,,Gov List,"ACRA, Google Searches",,
,,16/12/2025,HANSFORT INVESTMENT PTE. LTD.,HANSFORT INVESTMENT,,TeleSales,,Offline Sources,Adhoc,,199304712R,,,,,,,,,,,,,,,,"B2C, Offline",,,,,,,,,,,,,,,,65 8028 3321,ops@hansfortinvest.com.sg,,,,,,,,,,,,,,Gov List,"ACRA, Google Searches",,
,,16/12/2025,GATTOPARDO NERO PTE. LTD.,GATTOPARDO,,TeleSales,,Offline Sources,Adhoc,,202439874N,,,,,,,,,,,,,,,,"B2C, Offline",,,,,,,,,,,,,,,,65 8611 6015,gianni@gattopardo.com.sg,,,,,,,,,,,,,,Gov List,"ACRA, Google Searches",,
,,16/12/2025,TATSU SUSHI (S) PTE LTD,TATSU SUSHI,,TeleSales,,Offline Sources,Adhoc,,199603791C,,,,,,,,,,,,,,,,"B2C, Offline",,,,,,,,,,,,,,,,65 6332 5868,,,,,,,,,,,,,,,Gov List,"ACRA, Google Searches",,
,,16/12/2025,LATTERIA PTE. LTD.,LATTERIA,,TeleSales,,Offline Sources,Adhoc,,200912414R,,,,,,,,,,,,,,,,"B2C, Offline",,,,,,,,,,,,,,,,65 6866 1988,,,,,,,,,,,,,,,Gov List,"ACRA, Google Searches",,
,,16/12/2025,BURLAMACCO (PTE.) LTD.,BURLAMACCO,,TeleSales,,Offline Sources,Adhoc,,201221705Z,,,,,,,,,,,,,,,,"B2C, Offline",,,,,,,,,,,,,,,,65 6220 1763,davidwong@burlamacco.com.sg,,,,,,,,,,,,,,Gov List,"ACRA, Google Searches",,
,,16/12/2025,SHABESTAN PTE. LTD.,SHABESTAN,,TeleSales,,Offline Sources,Adhoc,,201303859C,,,,,,,,,,,,,,,,"B2C, Offline",,,,,,,,,,,,,,,,65 6836 1270,,,,,,,,,,,,,,,Gov List,"ACRA, Google Searches",,
,,16/12/2025,GARIBALDI PTE. LTD.,GARIBALDI,,TeleSales,,Offline Sources,Adhoc,,200209232C,,,,,,,,,,,,,,,,"B2C, Offline",,,,,,,,,,,,,,,,65 9438 3062,,,,,,,,,,,,,,,Gov List,"ACRA, Google Searches",,
,,16/12/2025,CATHAY CINEPLEX WEST MALL,CATHAY CINEPLEX,,TeleSales,,Offline Sources,Adhoc,,53228209D,,,,,,,,,,,,,,,,"B2C, Offline",,,,,,,,,,,,,,,,65 9787 7935,,,,,,,,,,,,,,,Gov List,"ACRA, Google Searches",,
,,16/12/2025,APOLO'S FOOD VILLAGE PTE. LTD.,APOLOS FOOD VILLAGE,,TeleSales,,Offline Sources,Adhoc,,202140990K,,,,,,,,,,,,,,,,"B2C, Offline",,,,,,,,,,,,,,,,65 8353 2026,admin@apologroups.com,,,,,,,,,,,,,,Gov List,"ACRA, Google Searches",,
,,16/12/2025,LOVE U FOOD PTE. LTD.,LOVE U FOOD,,TeleSales,,Offline Sources,Adhoc,,201737241H,,,,,,,,,,,,,,,,"B2C, Offline",,,,,,,,,,,,,,,,65 9021 5915,loveufoodsg@gmail.com,,,,,,,,,,,,,,Gov List,"ACRA, Google Searches",,
,,16/12/2025,RELISH BURGER PTE. LTD.,RELISH BURGER ST,,TeleSales,,Offline Sources,Adhoc,,200717363H,,,,,,,,,,,,,,,,"B2C, Offline",,,,,,,,,,,,,,,,65 8222 1722,,,,,,,,,,,,,,,Gov List,"ACRA, Google Searches",,
,,16/12/2025,POK POK PTE. LTD.,POK POK THAI,,TeleSales,,Offline Sources,Adhoc,,201730843D,,,,,,,,,,,,,,,,"B2C, Offline",,,,,,,,,,,,,,,,65 8111 5859,wu@pokpokthai.com,,,,,,,,,,,,,,Gov List,"ACRA, Google Searches",,
,,16/12/2025,FLEURSOPHY PTE. LTD.,FLEURSOPHY,,TeleSales,,Offline Sources,Adhoc,,202238107M,,,,,,,,,,,,,,,,"B2C, Offline",,,,,,,,,,,,,,,,65 9725 0707,events@fleursophygroup.com,,,,,,,,,,,,,,Gov List,"ACRA, Google Searches",,
,,16/12/2025,NEW FUT KAI VEGETARIAN RESTAURANT,NEW FUT KAI VEGETARIAN RESTAURANT ST,,TeleSales,,Offline Sources,Adhoc,,53002348B,,,,,,,,,,,,,,,,"B2C, Offline",,,,,,,,,,,,,,,,65 8282 4405,admin@newfutkai.com.sg,,,,,,,,,,,,,,Gov List,"ACRA, Google Searches",,
,,16/12/2025,803 THAI FOOD,803 THAI FOOD SC & ST,,TeleSales,,Offline Sources,Adhoc,,53384322K,,,,,,,,,,,,,,,,"B2C, Offline",,,,,,,,,,,,,,,,65 8310 6459,spaceboytravels@gmail.com,,,,,,,,,,,,,,Gov List,"ACRA, Google Searches",,
,,16/12/2025,KEDAI KOPI PTE. LTD.,KEDAI KOPI,,TeleSales,,Offline Sources,Adhoc,,202025003Z,,,,,,,,,,,,,,,,"B2C, Offline",,,,,,,,,,,,,,,,65 9635 8422,paul.lee@tenderfresh.com.sg,,,,,,,,,,,,,,Gov List,"ACRA, Google Searches",,
,,16/12/2025,GRATIFY GROUP PTE. LTD.,GRATIFY,,TeleSales,,Offline Sources,Adhoc,,200401969N,,,,,,,,,,,,,,,,"B2C, Offline",,,,,,,,,,,,,,,,65 9765 8777,frank.lau@gratifygroup.com,,,,,,,,,,,,,,Gov List,"ACRA, Google Searches",,
,,16/12/2025,LITTLE FARMS PTE. LTD.,LITTLE FARMS,,TeleSales,,Offline Sources,Adhoc,,201539692G,,,,,,,,,,,,,,,,"B2C, Offline",,,,,,,,,,,,,,,,65 9237 4667,,,,,,,,,,,,,,,Gov List,"ACRA, Google Searches",,
,,16/12/2025,MIZNON PTE. LTD.,MIZNON,,TeleSales,,Offline Sources,Adhoc,,201943248E,,,,,,,,,,,,,,,,"B2C, Offline",,,,,,,,,,,,,,,,65 8714 7337,nadav@foragers.com.sg,,,,,,,,,,,,,,Gov List,"ACRA, Google Searches",,
,,16/12/2025,DA MICHELE PTE. LTD.,DA MICHELE,,TeleSales,,Offline Sources,Adhoc,,202341200W,,,,,,,,,,,,,,,,"B2C, Offline",,,,,,,,,,,,,,,,65 9850 8349,ciao@damichele.sg,,,,,marcellomazzotta22@gmail.com,,,,,,,,,Gov List,"ACRA, Google Searches",,
,,16/12/2025,BOOMARANG BISTRO & BAR PTE. LTD.,BOOMARANG BISTRO & BAR,,TeleSales,,Offline Sources,Adhoc,,200719919K,,,,,,,,,,,,,,,,"B2C, Offline",,,,,,,,,,,,,,,,65 6536 4990,boatquay@boomarang.com.sg,,,,,,,,,,,,,,Gov List,"ACRA, Google Searches",,
,,16/12/2025,TABLE AT 7 PTE. LTD.,TABLE AT 7,,TeleSales,,Offline Sources,Adhoc,,201720409C,,,,,,,,,,,,,,,,"B2C, Offline",,,,,,,,,,,,,,,,65 6836 6362,karl@tableat7.com,,,,,,,,,,,,,,Gov List,"ACRA, Google Searches",,
,,16/12/2025,THE CURRY WOK PTE. LTD.,THE CURRY WOK,,TeleSales,,Offline Sources,Adhoc,,200409165E,,,,,,,,,,,,,,,,"B2C, Offline",,,,,,,,,,,,,,,,65 6464 8878,currywok@yahoo.com.sg,,,,,,,,,,,,,,Gov List,"ACRA, Google Searches",,
,,16/12/2025,THE GREEN BAR PTE. LTD.,THE GREEN BAR,,TeleSales,,Offline Sources,Adhoc,,201000877E,,,,,,,,,,,,,,,,"B2C, Offline",,,,,,,,,,,,,,,,65 9690 7660,,,,,,,,,,,,,,,Gov List,"ACRA, Google Searches",,
,,16/12/2025,YELLOW CAB PIZZA CO.,YELLOW CAB PIZZA,,TeleSales,,Offline Sources,Adhoc,,53348663K,,,,,,,,,,,,,,,,"B2C, Offline",,,,,,,,,,,,,,,,65 6327 9000,tiara@yellowcabpizzasg.com,,,,,tiarachopra@outlook.com,,,,,,,,,Gov List,"ACRA, Google Searches",,
,,16/12/2025,STAPLE FOOD PTE. LTD.,STAPLE FOOD,,TeleSales,,Offline Sources,Adhoc,,201211117H,,,,,,,,,,,,,,,,"B2C, Offline",,,,,,,,,,,,,,,,65 9739 9626,staplefoodsg@gmail.com,,,,,,,,,,,,,,Gov List,"ACRA, Google Searches",,
,,16/12/2025,SAHARA BAR AND RESTAURANT PTE. LTD.,SAHARA BAR AND RESTAURANT,,TeleSales,,Offline Sources,Adhoc,,200502110R,,,,,,,,,,,,,,,,"B2C, Offline",,,,,,,,,,,,,,,,65 6536 6231,sahara58bq@gmail.com,,,,,,,,,,,,,,Gov List,"ACRA, Google Searches",,
,,16/12/2025,QUAYSIDE THREE PTE. LTD.,THREE BUNS QUAYSIDE,,TeleSales,,Offline Sources,Adhoc,,201229652G,,,,,,,,,,,,,,,,"B2C, Offline",,,,,,,,,,,,,,,,65 6909 7838,threebuns.quayside@potatohead.co,,,,,,,,,,,,,,Gov List,"ACRA, Google Searches",,
,,16/12/2025,GRIND COFFEE PTE. LTD.,RISE AND GRIND COFFEE,,TeleSales,,Offline Sources,Adhoc,,201129463W,,,,,,,,,,,,,,,,"B2C, Offline",,,,,,,,,,,,,,,,65 9800 9099,,,,,,,,,,,,,,,Gov List,"ACRA, Google Searches",,
,,16/12/2025,HIRYU PTE. LTD.,HIRYU LEAD,,TeleSales,,Offline Sources,Adhoc,,201821305D,,,,,,,,,,,,,,,,"B2C, Offline",,,,,,,,,,,,,,,,65 9188 0173,,,,,,,,,,,,,,,Gov List,"ACRA, Google Searches",,
,,16/12/2025,ONE FATTENED CALF PTE. LTD.,ONE FATTENED CALF LEAD,,TeleSales,,Offline Sources,Adhoc,,202117511C,,,,,,,,,,,,,,,,"B2C, Offline",,,,,,,,,,,,,,,,65 9148 8316,,,,,,,,,,,,,,,Gov List,"ACRA, Google Searches",,
,,16/12/2025,THE VERY GREEN COMPANY PTE. LTD.,THE VERY GREEN LEAD,,TeleSales,,Offline Sources,Adhoc,,201810955Z,,,,,,,,,,,,,,,,"B2C, Offline",,,,,,,,,,,,,,,,65 9007 6682,,,,,,,,,,,,,,,Gov List,"ACRA, Google Searches",,
,,16/12/2025,EVO AMUSEMENT PTE. LTD.,AMUSEMENT,,TeleSales,,Offline Sources,Adhoc,,201535415D,,,,,,,,,,,,,,,,"B2C, Offline",,,,,,,,,,,,,,,,65 9520 0517,,,,,,,,,,,,,,,Gov List,"ACRA, Google Searches",,
,,16/12/2025,TAKAGI RAMEN PTE. LTD.,TAKAGI RAMEN,,TeleSales,,Offline Sources,Adhoc,,201525868Z,,,,,,,,,,,,,,,,"B2C, Offline",,,,,,,,,,,,,,,,65 8356 7233,lina@takagiramen.com,,,,,,,,,,,,,,Gov List,"ACRA, Google Searches",,
,,16/12/2025,CRAZY PTE. LTD.,CRAZY 3,,TeleSales,,Offline Sources,Adhoc,,200900675C,,,,,,,,,,,,,,,,"B2C, Offline",,,,,,,,,,,,,,,,65 9226 2683,vocanlaw@gmail.com,,,,,,,,,,,,,,Gov List,"ACRA, Google Searches",,
,,16/12/2025,CAFE-P,CAFE,,TeleSales,,Offline Sources,Adhoc,,53502663C,,,,,,,,,,,,,,,,"B2C, Offline",,,,,,,,,,,,,,,,65 8866 9359,zhangnanhannah@163.com,,,,,,,,,,,,,,Gov List,"ACRA, Google Searches",,
,,16/12/2025,QUAN JI PTE. LTD.,QUAN JI,,TeleSales,,Offline Sources,Adhoc,,201410704C,,,,,,,,,,,,,,,,"B2C, Offline",,,,,,,,,,,,,,,,65 9852 9793,chloesieww@gmail.com,,,,,,,,,,,,,,Gov List,"ACRA, Google Searches",,
,,16/12/2025,CHARIS CUISINES PTE. LTD.,CHARIS CUISINES,,TeleSales,,Offline Sources,Adhoc,,202243507G,,,,,,,,,,,,,,,,"B2C, Offline",,,,,,,,,,,,,,,,65 8881 2125,gidtan86@gmail.com,,,,,,,,,,,,,,Gov List,"ACRA, Google Searches",,
,,16/12/2025,EMBER EMBER EMBER,AMBER EMBER,,TeleSales,,Offline Sources,Adhoc,,53496693D,,,,,,,,,,,,,,,,"B2C, Offline",,,,,,,,,,,,,,,,65 8428 4188,clarence@amberember.sg,,,,,,,,,,,,,,Gov List,"ACRA, Google Searches",,
,,16/12/2025,FOOD ON FIRE PTE. LTD.,FOOD ON FIRE,,TeleSales,,Offline Sources,Adhoc,,200907484H,,,,,,,,,,,,,,,,"B2C, Offline",,,,,,,,,,,,,,,,65 9822 5041,hectorcapitalholdings@gmail.com,,,,,,,,,,,,,,Gov List,"ACRA, Google Searches",,
,,16/12/2025,XMJ GROUP PTE. LTD.,XMJ,,TeleSales,,Offline Sources,Adhoc,,201409776C,,,,,,,,,,,,,,,,"B2C, Offline",,,,,,,,,,,,,,,,65 8530 0439,jyn@ximenjie.com.sg,,,,,,,,,,,,,,Gov List,"ACRA, Google Searches",,
,,16/12/2025,SG KOPITIAM PTE. LTD.,KOPITIAM,,TeleSales,,Offline Sources,Adhoc,,202326582K,,,,,,,,,,,,,,,,"B2C, Offline",,,,,,,,,,,,,,,,65 8727 4560,peishi.tan@fairpricegroup.sg,,,,,,,,,,,,,,Gov List,"ACRA, Google Searches",,
,,16/12/2025,JAX INTERNATIONAL PTE. LTD.,JAX,,TeleSales,,Offline Sources,Adhoc,,201919819H,,,,,,,,,,,,,,,,"B2C, Offline",,,,,,,,,,,,,,,,65 8155 8656,jaxintl.co@gmail.com,,,,,,,,,,,,,,Gov List,"ACRA, Google Searches",,
,,16/12/2025,KARUBI CR PTE. LTD.,KARUBI,,TeleSales,,Offline Sources,Adhoc,,202445592G,,,,,,,,,,,,,,,,"B2C, Offline",,,,,,,,,,,,,,,,65 9893 4154,ambrosemmf@hotmail.com,,,,,,,,,,,,,,Gov List,"ACRA, Google Searches",,
,,16/12/2025,AL-AZHAR EATING RESTAURANT PTE. LTD.,AL-AZHAR EATING RESTAURANT SK,,TeleSales,,Offline Sources,Adhoc,,200305688G,,,,,,,,,,,,,,,,"B2C, Offline",,,,,,,,,,,,,,,,65 8247 7408,afrah@alazhar.com.sg,,,,,,,,,,,,,,Gov List,"ACRA, Google Searches",,
,,16/12/2025,J&J COFFEE HOUSE LLP,THE COFFEE HOUSE,,TeleSales,,Offline Sources,Adhoc,,T16LL0812J,,,,,,,,,,,,,,,,"B2C, Offline",,,,,,,,,,,,,,,,65 6619 1994,duonglephucnguyen@gmail.com,,,,,,,,,,,,,,Gov List,"ACRA, Google Searches",,
,,16/12/2025,VIE COLLECTION PTE. LTD.,VIE COLLECTION,,TeleSales,,Offline Sources,Adhoc,,202214264H,,,,,,,,,,,,,,,,"B2C, Offline",,,,,,,,,,,,,,,,65 9390 0750,maejeenn@gmail.com,,,,,,,,,,,,,,Gov List,"ACRA, Google Searches",,
,,16/12/2025,BYAP AND CO PTE. LTD.,BYAP AND,,TeleSales,,Offline Sources,Adhoc,,202101344G,,,,,,,,,,,,,,,,"B2C, Offline",,,,,,,,,,,,,,,,65 8198 4090,theurbanhideoutsg@gmail.com,,,,,,,,,,,,,,Gov List,"ACRA, Google Searches",,
,,16/12/2025,KANTIN GROUP (ASIA) PTE. LTD.,KANTIN ASIA,,TeleSales,,Offline Sources,Adhoc,,202313640E,,,,,,,,,,,,,,,,"B2C, Offline",,,,,,,,,,,,,,,,65 0969 6389,kantin.hello@gmail.com,,,,,,,,,,,,,,Gov List,"ACRA, Google Searches",,
,,16/12/2025,HYACINTH CONCEPTS PTE. LTD.,HYACINTH CONCEPTS,,TeleSales,,Offline Sources,Adhoc,,201921434H,,,,,,,,,,,,,,,,"B2C, Offline",,,,,,,,,,,,,,,,65 9764 1101,andrew@hyacinth.sg,,,,,,,,,,,,,,Gov List,"ACRA, Google Searches",,
,,16/12/2025,UNCLE MEOW PTE. LTD.,UNCLE MEOW,,TeleSales,,Offline Sources,Adhoc,,202216301G,,,,,,,,,,,,,,,,"B2C, Offline",,,,,,,,,,,,,,,,65 9232 7085,unclemeow.finance@gmail.com,,,,,,,,,,,,,,Gov List,"ACRA, Google Searches",,
,,16/12/2025,THE BLACK SHEEP CAFE PTE. LTD.,BLACK SHEEP CAFE,,TeleSales,,Offline Sources,Adhoc,,201812711H,,,,,,,,,,,,,,,,"B2C, Offline",,,,,,,,,,,,,,,,65 8613 4026,sharul@pridesg.co,,,,,,,,,,,,,,Gov List,"ACRA, Google Searches",,
,,16/12/2025,HORHORCHI CHINESE FLAVOUR PTE. LTD.,HORHORCHI CHINESE FLAVOUR,,TeleSales,,Offline Sources,Adhoc,,202304437W,,,,,,,,,,,,,,,,"B2C, Offline",,,,,,,,,,,,,,,,65 9856 0219,leo.chaolau@gmail.com,,,,,,,,,,,,,,Gov List,"ACRA, Google Searches",,
,,16/12/2025,MY NONNA'S PTE. LTD.,NONNAS,,TeleSales,,Offline Sources,Adhoc,,201540790K,,,,,,,,,,,,,,,,"B2C, Offline",,,,,,,,,,,,,,,,65 9723 0585,peter@produktive.me,,,,,,,,,,,,,,Gov List,"ACRA, Google Searches",,
,,16/12/2025,THE BURNING OAK PTE. LTD.,THE BURNING OAK,,TeleSales,,Offline Sources,Adhoc,,201623817R,,,,,,,,,,,,,,,,"B2C, Offline",,,,,,,,,,,,,,,,65 9873 6093,hanzj@hotmail.sg,,,,,,,,,,,,,,Gov List,"ACRA, Google Searches",,
,,16/12/2025,JUNGHEE PTE. LTD.,JUNGHEE,,TeleSales,,Offline Sources,Adhoc,,201206097Z,,,,,,,,,,,,,,,,"B2C, Offline",,,,,,,,,,,,,,,,,jameskimjung@gmail.com,,,,,,,,,,,,,,Gov List,"ACRA, Google Searches",,
,,16/12/2025,SEVA VEGETARIAN CAFE PTE. LTD.,SEVA VEGETARIAN CAFE,,TeleSales,,Offline Sources,Adhoc,,202242651D,,,,,,,,,,,,,,,,"B2C, Offline",,,,,,,,,,,,,,,,65 9679 6722,sevacafesg@gmail.com,,,,,,,,,,,,,,Gov List,"ACRA, Google Searches",,
,,16/12/2025,CALLIGRAPH COFFEE PTE. LTD.,CALLIGRAPH COFFEE,,TeleSales,,Offline Sources,Adhoc,,202408233N,,,,,,,,,,,,,,,,"B2C, Offline",,,,,,,,,,,,,,,,65 9479 9779,nicholas@calligraphcoffee.com,,,,,,,,,,,,,,Gov List,"ACRA, Google Searches",,
,,16/12/2025,XIAOMING MU KRATHA PTE. LTD.,XIAOMING MU KRATHA,,TeleSales,,Offline Sources,Adhoc,,202345182M,,,,,,,,,,,,,,,,"B2C, Offline",,,,,,,,,,,,,,,,65 9677 4770,sharonleelim@gmail.com,,,,,,,,,,,,,,Gov List,"ACRA, Google Searches",,
,,16/12/2025,KIASU BEANCURD AND WAFFLE SINGAPORE PTE. LTD.,KIASU BEANCURD AND WAFFLES,,TeleSales,,Offline Sources,Adhoc,,202321340G,,,,,,,,,,,,,,,,"B2C, Offline",,,,,,,,,,,,,,,,65 8125 9585,raychiang08@gmail.com,,,,,,,,,,,,,,Gov List,"ACRA, Google Searches",,
,,16/12/2025,HIPPO BOX PTE. LTD.,HIPPO BOX,,TeleSales,,Offline Sources,Adhoc,,201932239H,,,,,,,,,,,,,,,,"B2C, Offline",,,,,,,,,,,,,,,,65 9723 3460,gohyunsze@gmail.com,,,,,,,,,,,,,,Gov List,"ACRA, Google Searches",,
,,16/12/2025,TP PTE. LTD.,TP,,TeleSales,,Offline Sources,Adhoc,,200205055E,,,,,,,,,,,,,,,,"B2C, Offline",,,,,,,,,,,,,,,,65 8202 4879,jing5964@gmail.com,,,,,,,,,,,,,,Gov List,"ACRA, Google Searches",,
,,16/12/2025,JP MERAKI PTE. LTD.,JP MERAKI,,TeleSales,,Offline Sources,Adhoc,,201817189Z,,,,,,,,,,,,,,,,"B2C, Offline",,,,,,,,,,,,,,,,65 8100 7782,jpmeraki.sg@gmail.com,,,,,,,,,,,,,,Gov List,"ACRA, Google Searches",,
,,16/12/2025,WE FOUND EATING PTE. LTD.,WE FOUND EATING,,TeleSales,,Offline Sources,Adhoc,,202308597N,,,,,,,,,,,,,,,,"B2C, Offline",,,,,,,,,,,,,,,,65 9150 2380,aidanwee.biz@gmail.com,,,,,,,,,,,,,,Gov List,"ACRA, Google Searches",,
,,16/12/2025,MGEN COLLAB PTE. LTD.,MGEN COLLAB TEN,,TeleSales,,Offline Sources,Adhoc,,202213742W,,,,,,,,,,,,,,,,"B2C, Offline",,,,,,,,,,,,,,,,65 9680 2445,cs@tenplus.sg,,,,,,,,,,,,,,Gov List,"ACRA, Google Searches",,
,,16/12/2025,NEW-M PTE LTD,NEW,,TeleSales,,Offline Sources,Adhoc,,199505794D,,,,,,,,,,,,,,,,"B2C, Offline",,,,,,,,,,,,,,,,65 8533 1349,lamac8014@gmail.com,,,,,,,,,,,,,,Gov List,"ACRA, Google Searches",,
,,16/12/2025,DIAGEO SINGAPORE PTE. LTD.,DIAGEO,,TeleSales,,Offline Sources,Adhoc,,196800129N,,,,,,,,,,,,,,,,"B2C, Offline",,,,,,,,,,,,,,,,65 9821 6632,shellen.yong@diageo.com,,,,,,,,,,,,,,Gov List,"ACRA, Google Searches",,
,,16/12/2025,ROYAL FOOD SERVICES (SINGAPORE) PTE. LTD.,ROYAL FOOD,,TeleSales,,Offline Sources,Adhoc,,202320542C,,,,,,,,,,,,,,,,"B2C, Offline",,,,,,,,,,,,,,,,65 9329 4157,alexjames.rfss@gmail.com,,,,,,,,,,,,,,Gov List,"ACRA, Google Searches",,
,,16/12/2025,OAK & EMBER PTE. LTD.,OAK AND EMBER,,TeleSales,,Offline Sources,Adhoc,,202314421W,,,,,,,,,,,,,,,,"B2C, Offline",,,,,,,,,,,,,,,,65 9182 6102,contact.oaknember@gmail.com,,,,,,,,,,,,,,Gov List,"ACRA, Google Searches",,
,,16/12/2025,LIMO MAXI CABS PTE. LTD.,MAXI CABS,,TeleSales,,Offline Sources,Adhoc,,201508119W,,,,,,,,,,,,,,,,"B2C, Offline",,,,,,,,,,,,,,,,65 9478 1394,howard@maxicabs.sg,,,,,,,,,,,,,,Gov List,"ACRA, Google Searches",,
,,16/12/2025,LAVI TACO PTE. LTD.,LAVI TACO,,TeleSales,,Offline Sources,Adhoc,,202437884N,,,,,,,,,,,,,,,,"B2C, Offline",,,,,,,,,,,,,,,,65 8230 6652,brian.work5117@gmail.com,,,,,,,,,,,,,,Gov List,"ACRA, Google Searches",,
,,16/12/2025,NAYANA FOOD SUPPLIES PTE. LTD.,NAYANA FOOD SUPPLIES,,TeleSales,,Offline Sources,Adhoc,,201811525Z,,,,,,,,,,,,,,,,"B2C, Offline",,,,,,,,,,,,,,,,65 9323 4585,zhenyi.nayana@gmail.com,,,,,,,,,,,,,,Gov List,"ACRA, Google Searches",,
,,16/12/2025,MANEKI SIGNAGE PTE. LTD.,MANEKI SIGNAGE,,TeleSales,,Offline Sources,Adhoc,,201106680N,,,,,,,,,,,,,,,,"B2C, Offline",,,,,,,,,,,,,,,,65 9478 8285,admin@maneki-signage.sg,,,,,,,,,,,,,,Gov List,"ACRA, Google Searches",,
,,16/12/2025,MINDCHAMPS+ PTE. LIMITED,MINDCHAMPS PRE,,TeleSales,,Offline Sources,Adhoc,,202318374E,,,,,,,,,,,,,,,,"B2C, Offline",,,,,,,,,,,,,,,,65 8391 8989,kennethmarkyong@mindchamps.org,,,,,,,,,,,,,,Gov List,"ACRA, Google Searches",,
,,16/12/2025,MALA PTE. LTD.,MALA,,TeleSales,,Offline Sources,Adhoc,,201808356R,,,,,,,,,,,,,,,,"B2C, Offline",,,,,,,,,,,,,,,,65 8802 8459,cyk343@hotmail.com,,,,,,,,,,,,,,Gov List,"ACRA, Google Searches",,
,,16/12/2025,ZENO EXHIBITION PTE. LTD.,ZENO EXHIBITION,,TeleSales,,Offline Sources,Adhoc,,202238640Z,,,,,,,,,,,,,,,,"B2C, Offline",,,,,,,,,,,,,,,,65 8767 8937,ken.lim@zenoexhibition.com,,,,,,,,,,,,,,Gov List,"ACRA, Google Searches",,
,,16/12/2025,NAUGHTY FOOD HOLDINGS PTE. LTD.,NAUGHTY FOOD,,TeleSales,,Offline Sources,Adhoc,,202332521R,,,,,,,,,,,,,,,,"B2C, Offline",,,,,,,,,,,,,,,,65 9667 4849,naughtyfood.sg@gmail.com,,,,,,,,,,,,,,Gov List,"ACRA, Google Searches",,
,,16/12/2025,CREATIVE FOOD CONCEPT PTE. LTD.,CREATIVE FOOD CONCEPT,,TeleSales,,Offline Sources,Adhoc,,200303889N,,,,,,,,,,,,,,,,"B2C, Offline",,,,,,,,,,,,,,,,65 9696 3684,ailee@cfc.com.sg,,,,,,,,,,,,,,Gov List,"ACRA, Google Searches",,
,,16/12/2025,HENG LI HAWKER STALL,HAWKER STALL,,TeleSales,,Offline Sources,Adhoc,,53410414B,,,,,,,,,,,,,,,,"B2C, Offline",,,,,,,,,,,,,,,,65 9115 8251,cc91158251@gmail.com,,,,,,,,,,,,,,Gov List,"ACRA, Google Searches",,
,,16/12/2025,INDO SPICES CENTRE PTE. LTD.,INDO SPICES CENTRE,,TeleSales,,Offline Sources,Adhoc,,202221847M,,,,,,,,,,,,,,,,"B2C, Offline",,,,,,,,,,,,,,,,65 9180 7918,dpenyetz.oth@gmail.com,,,,,,,,,,,,,,Gov List,"ACRA, Google Searches",,
,,16/12/2025,F.S. NOODLE PTE. LTD.,K NOODLE,,TeleSales,,Offline Sources,Adhoc,,200820450E,,,,,,,,,,,,,,,,"B2C, Offline",,,,,,,,,,,,,,,,65 8386 5375,yesiamkylie@gmail.com,,,,,,,,,,,,,,Gov List,"ACRA, Google Searches",,
,,16/12/2025,U 1 COFFEE SHOP PTE. LTD.,COFFEE SHOP,,TeleSales,,Offline Sources,Adhoc,,201422534C,,,,,,,,,,,,,,,,"B2C, Offline",,,,,,,,,,,,,,,,65 8322 8861,sambob316@gmail.com,,,,,,,,,,,,,,Gov List,"ACRA, Google Searches",,
,,16/12/2025,GROCER PTE. LTD.,GROCER,,TeleSales,,Offline Sources,Adhoc,,202023469G,,,,,,,,,,,,,,,,"B2C, Offline",,,,,,,,,,,,,,,,65 9164 1311,khan_u@hotmail.com,,,,,,,,,,,,,,Gov List,"ACRA, Google Searches",,
,,16/12/2025,CALIBRATE HEALTH PTE. LTD.,CALIBRATE HEALTH F&B,,TeleSales,,Offline Sources,Adhoc,,201942114M,,,,,,,,,,,,,,,,"B2C, Offline",,,,,,,,,,,,,,,,65 8766 2638,weijie@gmail.com,,,,,,,,,,,,,,Gov List,"ACRA, Google Searches",,
,,16/12/2025,SUSHI SG PTE. LTD.,SUSHI,,TeleSales,,Offline Sources,Adhoc,,202514791W,,,,,,,,,,,,,,,,"B2C, Offline",,,,,,,,,,,,,,,,65 0040 8042,,,,,,,,,,,,,,,Gov List,"ACRA, Google Searches",,
,,16/12/2025,KEEN'S BAGELRY PTE. LTD.,KEENS BAGELRY,,TeleSales,,Offline Sources,Adhoc,,202401121K,,,,,,,,,,,,,,,,"B2C, Offline",,,,,,,,,,,,,,,,65 9298 1393,keensbagelry@gmail.com,,,,,,,,,,,,,,Gov List,"ACRA, Google Searches",,
,,16/12/2025,FORMAGGIO E PASTA PTE. LTD.,PASTA E FORMAGGIO F&B,,TeleSales,,Offline Sources,Adhoc,,201816398N,,,,,,,,,,,,,,,,"B2C, Offline",,,,,,,,,,,,,,,,65 8752 2100,chefanup@ymail.com,,,,,,,,,,,,,,Gov List,"ACRA, Google Searches",,
,,16/12/2025,D RICE BOWL,RICE BOWL,,TeleSales,,Offline Sources,Adhoc,,53497847M,,,,,,,,,,,,,,,,"B2C, Offline",,,,,,,,,,,,,,,,65 8113 6808,,,,,,,,,,,,,,,Gov List,"ACRA, Google Searches",,
,,16/12/2025,L'ANGELUS PTE LTD,LANGELUS,,TeleSales,,Offline Sources,Adhoc,,199801563K,,,,,,,,,,,,,,,,"B2C, Offline",,,,,,,,,,,,,,,,65 8876 4958,valentin@langelusgroup.com,,,,,,,,,,,,,,Gov List,"ACRA, Google Searches",,
,,16/12/2025,ESQUINA PTE. LTD.,ESQUINA,,TeleSales,,Offline Sources,Adhoc,,201220313R,,,,,,,,,,,,,,,,"B2C, Offline",,,,,,,,,,,,,,,,65 8586 7538,carlos@esquina.com.sg,,,,,,,,,,,,,,Gov List,"ACRA, Google Searches",,
,,16/12/2025,TA ENCLAVE PTE. LTD.,ENCLAVE,,TeleSales,,Offline Sources,Adhoc,,201713535C,,,,,,,,,,,,,,,,"B2C, Offline",,,,,,,,,,,,,,,,65 6592 2824,reservations@enclavesg.com,,,,,,,,,,,,,,Gov List,"ACRA, Google Searches",,
,,16/12/2025,SAWADEE THAI CUISINE PTE. LTD.,SAWADEE THAI CUISINE,,TeleSales,,Offline Sources,Adhoc,,201323418W,,,,,,,,,,,,,,,,"B2C, Offline",,,,,,,,,,,,,,,,65 8881 2883,,,,,,,,,,,,,,,Gov List,"ACRA, Google Searches",,
,,16/12/2025,LECKERBAER ASIA PTE. LTD.,LECKERBAER,,TeleSales,,Offline Sources,Adhoc,,201733036R,,,,,,,,,,,,,,,,"B2C, Offline",,,,,,,,,,,,,,,,65 8277 3409,,,,,,,,,,,,,,,Gov List,"ACRA, Google Searches",,
,,16/12/2025,HOUNDS OF THE BASKERVILLES PTE. LTD.,HOUNDS OF THE BASKERVILLES,,TeleSales,,Offline Sources,Adhoc,,202024379C,,,,,,,,,,,,,,,,"B2C, Offline",,,,,,,,,,,,,,,,65 8138 1400,,,,,,,,,,,,,,,Gov List,"ACRA, Google Searches",,
,,16/12/2025,K BAR & RESTAURANT LLP,I WAN BAR & RESTAURANT,,TeleSales,,Offline Sources,Adhoc,,T11LL0863E,,,,,,,,,,,,,,,,"B2C, Offline",,,,,,,,,,,,,,,,65 8339 1811,,,,,,,,,,,,,,,Gov List,"ACRA, Google Searches",,
,,16/12/2025,THE WHOLE KITCHEN PTE. LTD.,THE WHOLE KITCHEN,,TeleSales,,Offline Sources,Adhoc,,201536299R,,,,,,,,,,,,,,,,"B2C, Offline",,,,,,,,,,,,,,,,65 8673 2702,anne@thewholekitchen.com.sg,,,,,,,,,,,,,,Gov List,"ACRA, Google Searches",,
,,16/12/2025,RUMAH BEBE PTE. LTD.,RUMAH BEBE,,TeleSales,,Offline Sources,Adhoc,,200404663N,,,,,,,,,,,,,,,,"B2C, Offline",,,,,,,,,,,,,,,,65 9816 2177,contact@rumahbebe.com,,,,,,,,,,,,,,Gov List,"ACRA, Google Searches",,
,,16/12/2025,KHAO HOM BY RUNG MAMA PTE. LTD.,KHAO HOM BY RUNG MAMA,,TeleSales,,Offline Sources,Adhoc,,202031488G,,,,,,,,,,,,,,,,"B2C, Offline",,,,,,,,,,,,,,,,65 8202 2512,khaohomsg@gmail.com,,,,,,,,,,,,,,Gov List,"ACRA, Google Searches",,
,,16/12/2025,ANTI:DOTE BAR,ANTIDOTE,,TeleSales,,Offline Sources,Adhoc,,53014255D,,,,,,,,,,,,,,,,"B2C, Offline",,,,,,,,,,,,,,,,65 9271 1321,sherwin.inoue@fairmont.com,,,,,,,,,,,,,,Gov List,"ACRA, Google Searches",,
,,16/12/2025,HOLA PTE. LTD.,HOLA,,TeleSales,,Offline Sources,Adhoc,,201901833Z,,,,,,,,,,,,,,,,"B2C, Offline",,,,,,,,,,,,,,,,65 9090 4696,sanish@holamexico.sg,,,,,,,,,,,,,,Gov List,"ACRA, Google Searches",,
,,16/12/2025,D-KPO,KPO,,TeleSales,,Offline Sources,Adhoc,,53215134L,,,,,,,,,,,,,,,,"B2C, Offline",,,,,,,,,,,,,,,,65 9727 3142,,,,,,,,,,,,,,,Gov List,"ACRA, Google Searches",,
,,16/12/2025,ESPRESSO.SG LLP,ESPRESSO,,TeleSales,,Offline Sources,Adhoc,,T09LL0889F,,,,,,,,,,,,,,,,"B2C, Offline",,,,,,,,,,,,,,,,65 9431 0999,,,,,,,,,,,,,,,Gov List,"ACRA, Google Searches",,
,,16/12/2025,FOC RESTAURANT PTE. LTD.,FOC RESTAURANT,,TeleSales,,Offline Sources,Adhoc,,201403442W,,,,,,,,,,,,,,,,"B2C, Offline",,,,,,,,,,,,,,,,65 8742 0256,melanie@foc.group,,,,,,,,,,,,,,Gov List,"ACRA, Google Searches",,
,,16/12/2025,KURA PATISSERIE PTE. LTD.,KURA PATISSERIE,,TeleSales,,Offline Sources,Adhoc,,202035917E,,,,,,,,,,,,,,,,"B2C, Offline",,,,,,,,,,,,,,,,65 9722 2996,rachel@kura.sg,,,,,,,,,,,,,,Gov List,"ACRA, Google Searches",,
,,16/12/2025,EAST OF AVALON WINES PTE. LTD.,EAST OF AVALON WINES,,TeleSales,,Offline Sources,Adhoc,,200819357R,,,,,,,,,,,,,,,,"B2C, Offline",,,,,,,,,,,,,,,,65 9773 9461,,,,,,,,,,,,,,,Gov List,"ACRA, Google Searches",,
,,16/12/2025,YI RESTAURANT LLP,HUA YI RESTAURANT,,TeleSales,,Offline Sources,Adhoc,,T12LL0632F,,,,,,,,,,,,,,,,"B2C, Offline",,,,,,,,,,,,,,,,65 9862 8566,,,,,,,,,,,,,,,Gov List,"ACRA, Google Searches",,
,,16/12/2025,STAPLE FOOD PTE. LTD.,STAPLE FOOD CAFE,,TeleSales,,Offline Sources,Adhoc,,201211117H,,,,,,,,,,,,,,,,"B2C, Offline",,,,,,,,,,,,,,,,65 6242 0185,,,,,,,,,,,,,,,Gov List,"ACRA, Google Searches",,
,,16/12/2025,HOME OF SEAFOOD (S) PTE. LTD.,HOME OF SEAFOOD,,TeleSales,,Offline Sources,Adhoc,,201509449R,,,,,,,,,,,,,,,,"B2C, Offline",,,,,,,,,,,,,,,,65 9191 2593,sales@homeofseafood.com,,,,,,,,,,,,,,Gov List,"ACRA, Google Searches",,
,,16/12/2025,BLEU PTE. LTD.,BLEU,,TeleSales,,Offline Sources,Adhoc,,200606901Z,,,,,,,,,,,,,,,,"B2C, Offline",,,,,,,,,,,,,,,,65 8533 2598,,,,,,,,,,,,,,,Gov List,"ACRA, Google Searches",,
,,16/12/2025,LAP VIETNAMESE RESTAURANT LP,LÂP VIETNAMESE RESTAURANT,,TeleSales,,Offline Sources,Adhoc,,T16LP0116J,,,,,,,,,,,,,,,,"B2C, Offline",,,,,,,,,,,,,,,,65 8131 5932,,,,,,,,,,,,,,,Gov List,"ACRA, Google Searches",,
,,16/12/2025,TANGO PTE. LTD.,TANGOS,,TeleSales,,Offline Sources,Adhoc,,201632995M,,,,,,,,,,,,,,,,"B2C, Offline",,,,,,,,,,,,,,,,65 8161 4543,tangowinebar@gmail.com,,,,,,,,,,,,,,Gov List,"ACRA, Google Searches",,
,,16/12/2025,BRITISH INDIAN CURRY HUT PTE. LTD.,BRITISH INDIAN CURRY HUT,,TeleSales,,Offline Sources,Adhoc,,201710680R,,,,,,,,,,,,,,,,"B2C, Offline",,,,,,,,,,,,,,,,65 9811 8075,contact@britishindiancurryhut.sg,,,,,,,,,,,,,,Gov List,"ACRA, Google Searches",,
,,16/12/2025,NIRVANA DESSERT CAFE PTE. LTD.,NIRVANA DESSERT CAFE,,TeleSales,,Offline Sources,Adhoc,,202002010N,,,,,,,,,,,,,,,,"B2C, Offline",,,,,,,,,,,,,,,,65 9880 5983,j@gmail.com,,,,,,,,,,,,,,Gov List,"ACRA, Google Searches",,
,,16/12/2025,ARTEASG PTE. LTD.,ARTEASG,,TeleSales,,Offline Sources,Adhoc,,202444641K,,,,,,,,,,,,,,,,"B2C, Offline",,,,,,,,,,,,,,,,65 9155 1694,artea.on@gmail.com,,,,,,,,,,,,,,Gov List,"ACRA, Google Searches",,
,,16/12/2025,VENUSOLOGY,VENUSOLOGY CAFE,,TeleSales,,Offline Sources,Adhoc,,53459905B,,,,,,,,,,,,,,,,"B2C, Offline",,,,,,,,,,,,,,,,65 9339 3824,benny3_@hotmail.com,,,,,,,,,,,,,,Gov List,"ACRA, Google Searches",,
,,16/12/2025,SUSHI AIRWAYS PTE. LTD.,SUSHI AIRWAYS,,TeleSales,,Offline Sources,Adhoc,,201401245H,,,,,,,,,,,,,,,,"B2C, Offline",,,,,,,,,,,,,,,,65 9681 8861,pilot@sushiairways.com,,,,,,,,,,,,,,Gov List,"ACRA, Google Searches",,
,,16/12/2025,SICHUAN CHEF PTE. LTD.,SICHUAN CHEF,,TeleSales,,Offline Sources,Adhoc,,201423039Z,,,,,,,,,,,,,,,,"B2C, Offline",,,,,,,,,,,,,,,,65 8575 2555,sichuanchefrain@gmail.com,,,,,,,,,,,,,,Gov List,"ACRA, Google Searches",,
,,16/12/2025,GOLDEN JADE RESTAURANT CULINARY GROUP PTE. LTD.,GOLDEN JADE RESTAURANT CULINARY,,TeleSales,,Offline Sources,Adhoc,,201431834G,,,,,,,,,,,,,,,,"B2C, Offline",,,,,,,,,,,,,,,,65 9777 2267,goldenjaderest@gmail.com,,,,,,,,,,,,,,Gov List,"ACRA, Google Searches",,
,,16/12/2025,ZHOU JI PTE. LTD.,ZHOU JI,,TeleSales,,Offline Sources,Adhoc,,201918160R,,,,,,,,,,,,,,,,"B2C, Offline",,,,,,,,,,,,,,,,65 9641 4962,,,,,,,,,,,,,,,Gov List,"ACRA, Google Searches",,
,,16/12/2025,21 CAFE PTE. LTD.,CAFE 21,,TeleSales,,Offline Sources,Adhoc,,202417380C,,,,,,,,,,,,,,,,"B2C, Offline",,,,,,,,,,,,,,,,65 8146 2121,jarenhow@hotmail.com,,,,,,,,,,,,,,Gov List,"ACRA, Google Searches",,
,,16/12/2025,HAIG ROAD PUTU PIRING PTE. LTD.,HAIG ROAD PUTU PIRING,,TeleSales,,Offline Sources,Adhoc,,201435993M,,,,,,,,,,,,,,,,"B2C, Offline",,,,,,,,,,,,,,,,65 9797 5635,hrppoffice4@gmail.com,,,,,,,,,,,,,,Gov List,"ACRA, Google Searches",,
,,16/12/2025,PIG N WHISTLE PTE. LTD.,PIG N WHISTLE,,TeleSales,,Offline Sources,Adhoc,,201716476W,,,,,,,,,,,,,,,,"B2C, Offline",,,,,,,,,,,,,,,,65 8866 1666,frankchen1666@gmail.com,,,,,,,,,,,,,,Gov List,"ACRA, Google Searches",,
,,16/12/2025,BLACK SHEEP MART PTE. LTD.,BLACK SHEEP,,TeleSales,,Offline Sources,Adhoc,,202512210Z,,,,,,,,,,,,,,,,"B2C, Offline",,,,,,,,,,,,,,,,65 6576 5746,,,,,,,,,,,,,,,Gov List,"ACRA, Google Searches",,
,,16/12/2025,CHILLI PAN MEE (BATU RD) PTE. LTD.,CHILLI PAN MEE BATU RD,,TeleSales,,Offline Sources,Adhoc,,201714068R,,,,,,,,,,,,,,,,"B2C, Offline",,,,,,,,,,,,,,,,65 9176 8327,chillipanmee@singnet.com.sg,,,,,,,,,,,,,,Gov List,"ACRA, Google Searches",,
,,16/12/2025,QIAN SHAN GROUP (SG) PTE. LTD.,QIAN SHAN,,TeleSales,,Offline Sources,Adhoc,,202434977Z,,,,,,,,,,,,,,,,"B2C, Offline",,,,,,,,,,,,,,,,65 6263 8447,frankie.foo@qianshansg.com,,,,,,,,,,,,,,Gov List,"ACRA, Google Searches",,
,,16/12/2025,MINISTRY OF BIRYANI PTE. LTD.,MINISTRY OF BIRYANI,,TeleSales,,Offline Sources,Adhoc,,202231649D,,,,,,,,,,,,,,,,"B2C, Offline",,,,,,,,,,,,,,,,65 9026 8786,contact@mobiryani.com,,,,,,,,,,,,,,Gov List,"ACRA, Google Searches",,
,,16/12/2025,DRINKAHOLIC PTE. LTD.,DRINKAHOLIC,,TeleSales,,Offline Sources,Adhoc,,202419720R,,,,,,,,,,,,,,,,"B2C, Offline",,,,,,,,,,,,,,,,65 9633 0693,,,,,,,,,,,,,,,Gov List,"ACRA, Google Searches",,
,,16/12/2025,YAN'S DINING PTE. LTD.,YANS DINING,,TeleSales,,Offline Sources,Adhoc,,201829455M,,,,,,,,,,,,,,,,"B2C, Offline",,,,,,,,,,,,,,,,65 8815 3521,,,,,,,,,,,,,,,Gov List,"ACRA, Google Searches",,
,,16/12/2025,THE CAFFEINE EXPERIENCE PTE. LTD.,THE CAFFEINE EXPERIENCE,,TeleSales,,Offline Sources,Adhoc,,201725426R,,,,,,,,,,,,,,,,"B2C, Offline",,,,,,,,,,,,,,,,65 8102 0100,matthew.poh@theofficialtce.com,,,,,,,,,,,,,,Gov List,"ACRA, Google Searches",,
,,16/12/2025,GOPIZZA SINGAPORE PTE. LTD.,GOPIZZA,,TeleSales,,Offline Sources,Adhoc,,202006417N,,,,,,,,,,,,,,,,"B2C, Offline",,,,,,,,,,,,,,,,65 2567 8972,jay@gopizza.kr,,,,65 5413 8273,multipler@gopizza.kr,,,,,,,,,Gov List,"ACRA, Google Searches",,
,,16/12/2025,CHESS WHIZDOM PTE. LTD.,WHIZDOM,,TeleSales,,Offline Sources,Adhoc,,202337148C,,,,,,,,,,,,,,,,"B2C, Offline",,,,,,,,,,,,,,,,65 9431 2437,raphael_c@whizdomconsult.com,,,,,,,,,,,,,,Gov List,"ACRA, Google Searches",,
,,16/12/2025,ADVOCADO PTE. LTD.,ADVOCADO,,TeleSales,,Offline Sources,Adhoc,,201613142Z,,,,,,,,,,,,,,,,"B2C, Offline",,,,,,,,,,,,,,,,65 9003 6219,eric@advocado.me,,,,65 9115 3519,joval@advocado.me,,,,,,,,,Gov List,"ACRA, Google Searches",,
,,16/12/2025,KFC ASIA FRANCHISE PTE. LTD.,KFC ASIA FRANCHISE,,TeleSales,,Offline Sources,Adhoc,,201724297K,,,,,,,,,,,,,,,,"B2C, Offline",,,,,,,,,,,,,,,,65 6430 2893,brendan.hill@yum.com,,,,65 9030 2418,,,,,,,,,,Gov List,"ACRA, Google Searches",,
,,16/12/2025,GLOBAL SUBWAY PTE. LTD.,SUBWAY,,TeleSales,,Offline Sources,Adhoc,,200817833G,,,,,,,,,,,,,,,,"B2C, Offline",,,,,,,,,,,,,,,,65 9274 5262,goh_k@subway.com,,,,,,,,,,,,,,Gov List,"ACRA, Google Searches",,
,,16/12/2025,TIM HO WAN PTE. LTD.,TIM HO WAN,,TeleSales,,Offline Sources,Adhoc,,201228520R,,,,,,,,,,,,,,,,"B2C, Offline",,,,,,,,,,,,,,,,65 9666 2062,jin@tlccapm.com,,,,,,,,,,,,,,Gov List,"ACRA, Google Searches",,
,,16/12/2025,KATRINA GROUP LTD.,KATRINA,,TeleSales,,Offline Sources,Adhoc,,201608344N,,,,,,,,,,,,,,,,"B2C, Offline",,,,,,,,,,,,,,,,65 8587 5718,andreas@katrinagroup.com,,,,,,,,,,,,,,Gov List,"ACRA, Google Searches",,
,,16/12/2025,EURASIA GLOBAL FOOD (S) PTE. LTD.,EURASIA FOOD,,TeleSales,,Offline Sources,Adhoc,,201133366R,,,,,,,,,,,,,,,,"B2C, Offline",,,,,,,,,,,,,,,,65 9008 9841,kelvin@eurasiaglobalfood.com,,,,65 9008 9841,,,,,,,,,,Gov List,"ACRA, Google Searches",,
,,16/12/2025,63CELSIUS PTE. LTD.,63CELSIUS @ PARAGON,,TeleSales,,Offline Sources,Adhoc,,201318362E,,,,,,,,,,,,,,,,"B2C, Offline",,,,,,,,,,,,,,,,65 6100 6363,joseph@63celsius.com,,,,,,,,,,,,,,Gov List,"ACRA, Google Searches",,
,,16/12/2025,BAN HENG RESTAURANT,BAN HENG OF RESTAURANT,,TeleSales,,Offline Sources,Adhoc,,06155300W,,,,,,,,,,,,,,,,"B2C, Offline",,,,,,,,,,,,,,,,65 6270 7277,admin-account@banheng.com.sg,,,,,thecathay@banheng.com.sg,,,,,,,,,Gov List,"ACRA, Google Searches",,
,,16/12/2025,BUDDY HOAGIES PTE. LTD.,BUDDY HOAGIES,,TeleSales,,Offline Sources,Adhoc,,201411916C,,,,,,,,,,,,,,,,"B2C, Offline",,,,,,,,,,,,,,,,65 9005 0556,gabriel@buddyhoagies.com.sg,,,,,,,,,,,,,,Gov List,"ACRA, Google Searches",,
,,16/12/2025,CARNIVORE HUB PTE. LTD.,CARNIVORE,,TeleSales,,Offline Sources,Adhoc,,202403392M,,,,,,,,,,,,,,,,"B2C, Offline",,,,,,,,,,,,,,,,65 6334 9332,chijmes.carnivore@starworth.com.sg,,,,,,,,,,,,,,Gov List,"ACRA, Google Searches",,
,,16/12/2025,DIMBULAH COFFEE (AUST) PTE. LTD.,DIMBULAH COFFEE S,,TeleSales,,Offline Sources,Adhoc,,201323350G,,,,,,,,,,,,,,,,"B2C, Offline",,,,,,,,,,,,,,,,65 6336 4700,koji@dimbulah.com,,,,,,,,,,,,,,Gov List,"ACRA, Google Searches",,
,,16/12/2025,EIGHTEEN CHEFS PTE. LTD.,EIGHTEEN CHEFS,,TeleSales,,Offline Sources,Adhoc,,200703692R,,,,,,,,,,,,,,,,"B2C, Offline",,,,,,,,,,,,,,,,65 6748 9484,jonathan.lum@eighteenchefs.com,,,,,,,,,,,,,,Gov List,"ACRA, Google Searches",,
,,16/12/2025,EASTERN RICE DUMPLING PTE. LTD.,EASTERN RICE DUMPLING,,TeleSales,,Offline Sources,Adhoc,,200702363H,,,,,,,,,,,,,,,,"B2C, Offline",,,,,,,,,,,,,,,,65 9838 0345,limyujie97@gmail.com,,,,,,,,,,,,,,Gov List,"ACRA, Google Searches",,
,,16/12/2025,U EAT,EAT,,TeleSales,,Offline Sources,Adhoc,,53491717L,,,,,,,,,,,,,,,,"B2C, Offline",,,,,,,,,,,,,,,,65 6779 8980,,,,,,,,,,,,,,,Gov List,"ACRA, Google Searches",,
,,16/12/2025,FORDHAM & GRAND PTE. LTD.,FORDHAM & GRAND,,TeleSales,,Offline Sources,Adhoc,,201224261H,,,,,,,,,,,,,,,,"B2C, Offline",,,,,,,,,,,,,,,,65 6221 3088,info@fng.com.sg,,,,,,,,,,,,,,Gov List,"ACRA, Google Searches",,
,,16/12/2025,U FRESH PTE. LTD.,FRESH,,TeleSales,,Offline Sources,Adhoc,,201939862M,,,,,,,,,,,,,,,,"B2C, Offline",,,,,,,,,,,,,,,,65 8163 4429,enquiries.sg@fresh.com,,,,,,,,,,,,,,Gov List,"ACRA, Google Searches",,
,,16/12/2025,FISH ON SG,FISH,,TeleSales,,Offline Sources,Adhoc,,53444930A,,,,,,,,,,,,,,,,"B2C, Offline",,,,,,,,,,,,,,,,65 6224 4480,feedback@fish-co.com,,,,,,,,,,,,,,Gov List,"ACRA, Google Searches",,
,,16/12/2025,FUN TOAST PTE. LTD.,FUN TOAST,,TeleSales,,Offline Sources,Adhoc,,201315681N,,,,,,,,,,,,,,,,"B2C, Offline",,,,,,,,,,,,,,,,65 9691 7488,info@funtoast.com.sg,,,,,,,,,,,,,,Gov List,"ACRA, Google Searches",,
,,16/12/2025,GENKI SUSHI SINGAPORE PTE. LTD.,GENKI SUSHI,,TeleSales,,Offline Sources,Adhoc,,201100057G,,,,,,,,,,,,,,,,"B2C, Offline",,,,,,,,,,,,,,,,65 6732 5711,weiyilee@genkisushi.com.sg,,,,,,,,,,,,,,Gov List,"ACRA, Google Searches",,
,,16/12/2025,GOMOBILE PTE LTD,GOMOBILE-LINK,,TeleSales,,Offline Sources,Adhoc,,200008360H,,,,,,,,,,,,,,,,"B2C, Offline",,,,,,,,,,,,,,,,65 9337 1488,edward@gomobilelink.com,,,,,,,,,,,,,,Gov List,"ACRA, Google Searches",,
,,16/12/2025,HAPPY GROUP VENTURES PTE. LTD.,HAPPY VENTURES,,TeleSales,,Offline Sources,Adhoc,,202519947K,,,,,,,,,,,,,,,,"B2C, Offline",,,,,,,,,,,,,,,,65 9617 1642,tedchoo@happyventuresgroup.com,,,,,,,,,,,,,,Gov List,"ACRA, Google Searches",,
,,16/12/2025,HJH MAIMUNAH RESTAURANT PTE. LTD.,HJ MAIMUNAH RESTAURANT,,TeleSales,,Offline Sources,Adhoc,,199705733D,,,,,,,,,,,,,,,,"B2C, Offline",,,,,,,,,,,,,,,,65 9109 0803,hjh.maimunah@gmail.com,,,,,,,,,,,,,,Gov List,"ACRA, Google Searches",,
,,16/12/2025,HOMELYRAJ PTE LTD,HOMELYRAJ,,TeleSales,,Offline Sources,Adhoc,,199408847M,,,,,,,,,,,,,,,,"B2C, Offline",,,,,,,,,,,,,,,,65 6295 0179,ashok@rajrestaurant.com.sg,,,,65 6297 1716,,,,,,,,,,Gov List,"ACRA, Google Searches",,
,,16/12/2025,HUGGS COFFEE PTE. LTD.,HUGGS COFFEE,,TeleSales,,Offline Sources,Adhoc,,200706388N,,,,,,,,,,,,,,,,"B2C, Offline",,,,,,,,,,,,,,,,65 9754 3080,,,,,,,,,,,,,,,Gov List,"ACRA, Google Searches",,
,,16/12/2025,JOLLIBEAN FOODS PTE. LTD.,JOLLIBEAN,,TeleSales,,Offline Sources,Adhoc,,199307536E,,,,,,,,,,,,,,,,"B2C, Offline",,,,,,,,,,,,,,,,65 8354 6956,timlim@jollibean.com.sg,,,,,,,,,,,,,,Gov List,"ACRA, Google Searches",,
,,16/12/2025,KIM'S KITCHEN PTE. LTD.,KIMS KITCHEN,,TeleSales,,Offline Sources,Adhoc,,200700084H,,,,,,,,,,,,,,,,"B2C, Offline",,,,,,,,,,,,,,,,65 9699 4180,kimskitchen@singnet.com.sg,,,,,,,,,,,,,,Gov List,"ACRA, Google Searches",,
,,16/12/2025,SG KOPITIAM PTE. LTD.,KOPITIAM,,TeleSales,,Offline Sources,Adhoc,,202326582K,,,,,,,,,,,,,,,,"B2C, Offline",,,,,,,,,,,,,,,,65 6333 3344,jennywong@koptiam.biz,,,,,laupatsat@kopitiam.biz,,,,,,,,,Gov List,"ACRA, Google Searches",,
,,16/12/2025,KOUFU GROUP PTE. LTD.,KOUFU,,TeleSales,,Offline Sources,Adhoc,,201732833D,,,,,,,,,,,,,,,,"B2C, Offline",,,,,,,,,,,,,,,,65 6506 0151,banann.tan@koufu.com.sg,,,,,,,,,,,,,,Gov List,"ACRA, Google Searches",,
,,16/12/2025,L'ATELIER TIRAMISU PTE. LTD.,LATELIER TIRAMISU,,TeleSales,,Offline Sources,Adhoc,,201606109R,,,,,,,,,,,,,,,,"B2C, Offline",,,,,,,,,,,,,,,,65 9389 8582,contact@latelier-tiramisu.com,,,,,,,,,,,,,,Gov List,"ACRA, Google Searches",,
,,16/12/2025,D'MAISON,MA MAISON,,TeleSales,,Offline Sources,Adhoc,,53454540L,,,,,,,,,,,,,,,,"B2C, Offline",,,,,,,,,,,,,,,,65 6333 1656,mamiason@singnet.com.sg,,,,65 6338 4819,,,,,,,,,,Gov List,"ACRA, Google Searches",,
,,16/12/2025,MAISON IKKOKU HOLDING PTE. LTD.,MAISON IKKOKU,,TeleSales,,Offline Sources,Adhoc,,201714108N,,,,,,,,,,,,,,,,"B2C, Offline",,,,,,,,,,,,,,,,65 6294 0078,calvin@maison-ikkoku.net,,,,,,,,,,,,,,Gov List,"ACRA, Google Searches",,
,,16/12/2025,MINOR FOOD GROUP (SINGAPORE) PTE. LTD.,MINOR FOOD,,TeleSales,,Offline Sources,Adhoc,,200002490D,,,,,,,,,,,,,,,,"B2C, Offline",,,,,,,,,,,,,,,,65 9112 9148,edward_tan@theminorfoodgroup.com,,,,,,,,,,,,,,Gov List,"ACRA, Google Searches",,
,,16/12/2025,MOM'S COOKING PTE. LTD.,MOMS COOKING,,TeleSales,,Offline Sources,Adhoc,,200816063M,,,,,,,,,,,,,,,,"B2C, Offline",,,,,,,,,,,,,,,,65 9001 2393,,,,,,,,,,,,,,,Gov List,"ACRA, Google Searches",,
,,16/12/2025,MR BEAN'S CAFE AND WINE BAR PTE LTD,MR BEANS CAFE & WINE BAR,,TeleSales,,Offline Sources,Adhoc,,200107582M,,,,,,,,,,,,,,,,"B2C, Offline",,,,,,,,,,,,,,,,65 6333 3100,beancafe@singnet.com.sg,,,,,,,,,,,,,,Gov List,"ACRA, Google Searches",,
,,16/12/2025,MR TEH TARIK CARTEL PTE. LTD.,MR TEH TARIK CARTEL,,TeleSales,,Offline Sources,Adhoc,,200501547M,,,,,,,,,,,,,,,,"B2C, Offline",,,,,,,,,,,,,,,,65 9111 6665,info@mrtehtarik.com.sg,,,,,,,,,,,,,,Gov List,"ACRA, Google Searches",,
,,16/12/2025,MOGHUL MAHAL RESTAURANT PTE. LTD.,MOGHUL MAHAL,,TeleSales,,Offline Sources,Adhoc,,200209029R,,,,,,,,,,,,,,,,"B2C, Offline",,,,,,,,,,,,,,,,65 9069 6176,moghulmahal@hotmail.com,,,,,,,,,,,,,,Gov List,"ACRA, Google Searches",,
,,16/12/2025,NAKHON THAI KITCHEN,NAKHON KITCHEN,,TeleSales,,Offline Sources,Adhoc,,53107909X,,,,,,,,,,,,,,,,"B2C, Offline",,,,,,,,,,,,,,,,65 6286 8785,nakhon.kitchen@gmail.com,,,,,,,,,,,,,,Gov List,"ACRA, Google Searches",,
,,16/12/2025,NUDE SEAFOOD (WATER) PTE. LTD.,NUDE SEAFOOD,,TeleSales,,Offline Sources,Adhoc,,202331923Z,,,,,,,,,,,,,,,,"B2C, Offline",,,,,,,,,,,,,,,,65 9652 2641,wheyhan@nudeseafood.com,,,,,,,,,,,,,,Gov List,"ACRA, Google Searches",,
,,16/12/2025,OLD STREET BAK KUT TEH PTE. LTD.,OLD STREET BAK KUT TEH,,TeleSales,,Offline Sources,Adhoc,,201303398H,,,,,,,,,,,,,,,,"B2C, Offline",,,,,,,,,,,,,,,,65 9056 9007,enquiry@oldstreet.com.sg,,,,,,,,,,,,,,Gov List,"ACRA, Google Searches",,
,,16/12/2025,PEZZO SINGAPORE PTE. LTD.,PEZZO,,TeleSales,,Offline Sources,Adhoc,,201220553R,,,,,,,,,,,,,,,,"B2C, Offline",,,,,,,,,,,,,,,,65 6844 4222,angela@pezzo.com.sg,,,,,,,,,,,,,,Gov List,"ACRA, Google Searches",,
,,16/12/2025,PINES FOOD CATERING PTE. LTD.,PINES FOOD CATERING,,TeleSales,,Offline Sources,Adhoc,,200821877C,,,,,,,,,,,,,,,,"B2C, Offline",,,,,,,,,,,,,,,,65 9190 6911,pineskitchen@singnet.com.sg,,,,,,,,,,,,,,Gov List,"ACRA, Google Searches",,
,,16/12/2025,PLAY NATION PTE. LTD.,PLAY NATION,,TeleSales,,Offline Sources,Adhoc,,201019750N,,,,,,,,,,,,,,,,"B2C, Offline",,,,,,,,,,,,,,,,65 9365 6146,zaid@playnation.com.sg,,,,,,,,,,,,,,Gov List,"ACRA, Google Searches",,
,,16/12/2025,QUEEN AND MANGOSTEEN PTE. LTD.,QUEEN & MANGOSTEEN,,TeleSales,,Offline Sources,Adhoc,,200818316W,,,,,,,,,,,,,,,,"B2C, Offline",,,,,,,,,,,,,,,,65 6376 9380,,,,,,,,,,,,,,,Gov List,"ACRA, Google Searches",,
,,16/12/2025,RASPUTIN PTE. LTD.,RASPUTIN,,TeleSales,,Offline Sources,Adhoc,,201113920K,,,,,,,,,,,,,,,,"B2C, Offline",,,,,,,,,,,,,,,,65 9062 3335,marco@rasputin.com.sg,,,,,,,,,,,,,,Gov List,"ACRA, Google Searches",,
,,16/12/2025,SINGAPORE SAIZERIYA PTE. LTD.,SAIZERIYA,,TeleSales,,Offline Sources,Adhoc,,200818603R,,,,,,,,,,,,,,,,"B2C, Offline",,,,,,,,,,,,,,,,65 4487 8100,n.matsuda@saizeriya.co.jp,,,,,,,,,,,,,,Gov List,"ACRA, Google Searches",,
,,16/12/2025,SAKURAYA FOODS PTE LTD,SAKURAYA,,TeleSales,,Offline Sources,Adhoc,,198702386G,,,,,,,,,,,,,,,,"B2C, Offline",,,,,,,,,,,,,,,,65 6774 8216,info@sakuraya.com.sg,,,,,,,,,,,,,,Gov List,"ACRA, Google Searches",,
,,16/12/2025,SEASALT PTE. LTD.,SEASALT,,TeleSales,,Offline Sources,Adhoc,,202130705D,,,,,,,,,,,,,,,,"B2C, Offline",,,,,,,,,,,,,,,,65 8200 5528,ernestang@hotmail.com,,,,,,,,,,,,,,Gov List,"ACRA, Google Searches",,
,,16/12/2025,ANNE'S SECRET RECIPE,SECRET RECIPE,,TeleSales,,Offline Sources,Adhoc,,53427357B,,,,,,,,,,,,,,,,"B2C, Offline",,,,,,,,,,,,,,,,65 6853 2126,,,,,,,,,,,,,,,Gov List,"ACRA, Google Searches",,
,,16/12/2025,STRANGERS AT WORK PTE. LTD.,STRANGERS @ WORK,,TeleSales,,Offline Sources,Adhoc,,201841332E,,,,,,,,,,,,,,,,"B2C, Offline",,,,,,,,,,,,,,,,65 6221 8879,enquiries@strangersreunion.com,,,,,,,,,,,,,,Gov List,"ACRA, Google Searches",,
,,16/12/2025,SUN KING RYORIYA PTE. LTD.,SUN KING RYORIYA,,TeleSales,,Offline Sources,Adhoc,,200912953H,,,,,,,,,,,,,,,,"B2C, Offline",,,,,,,,,,,,,,,,65 9030 7117,enquiry@sunkingryoriya.com,,,,,,,,,,,,,,Gov List,"ACRA, Google Searches",,
,,16/12/2025,TAO SEAFOOD ASIA (PTE. LTD.),TAO SEAFOOD ASIA,,TeleSales,,Offline Sources,Adhoc,,201317907N,,,,,,,,,,,,,,,,"B2C, Offline",,,,,,,,,,,,,,,,65 6844 9969,taoseafoodasia@gmail.com,,,,,,,,,,,,,,Gov List,"ACRA, Google Searches",,
,,16/12/2025,SPICE FUSION PTE. LTD.,THAI SPICE FUSION,,TeleSales,,Offline Sources,Adhoc,,201312202R,,,,,,,,,,,,,,,,"B2C, Offline",,,,,,,,,,,,,,,,65 6224 0292,thaispicefl@comcast.net,,,,,,,,,,,,,,Gov List,"ACRA, Google Searches",,
,,16/12/2025,THE BARK CAFE PTE. LTD.,THE BARK CAFE,,TeleSales,,Offline Sources,Adhoc,,200400666C,,,,,,,,,,,,,,,,"B2C, Offline",,,,,,,,,,,,,,,,65 6545 4118,russell@thebarkcafe.com,,,,,enquires@thebarkcafe.com,,,,,,,,,Gov List,"ACRA, Google Searches",,
,,16/12/2025,QUEEN AND MANGOSTEEN PTE. LTD.,THE QUEEN & MANGOSTEEN,,TeleSales,,Offline Sources,Adhoc,,200818316W,,,,,,,,,,,,,,,,"B2C, Offline",,,,,,,,,,,,,,,,65 6376 9380,enquiries@queenandmangosteen.com,,,,,,,,,,,,,,Gov List,"ACRA, Google Searches",,
,,16/12/2025,RABBIT HOLE SG PTE. LTD.,THE RABBIT HOLE,,TeleSales,,Offline Sources,Adhoc,,202416343G,,,,,,,,,,,,,,,,"B2C, Offline",,,,,,,,,,,,,,,,65 9048 2929,info@therabbitholesala.com,,,,,,,,,,,,,,Gov List,"ACRA, Google Searches",,
,,16/12/2025,ROYALS PTE. LTD.,THE ROYALS,,TeleSales,,Offline Sources,Adhoc,,201842759C,,,,,,,,,,,,,,,,"B2C, Offline",,,,,,,,,,,,,,,,65 6557 0083,joy@royalcakes.com,,,,,,,,,,,,,,Gov List,"ACRA, Google Searches",,
,,16/12/2025,TOKYO,TOKYO FOOD,,TeleSales,,Offline Sources,Adhoc,,06577500K,,,,,,,,,,,,,,,,"B2C, Offline",,,,,,,,,,,,,,,,65 6884 4435,contract@tokyo-sundubu-singapore.sg,,,,,,,,,,,,,,Gov List,"ACRA, Google Searches",,
,,16/12/2025,TOSSZ PTE. LTD.,TOSSZ,,TeleSales,,Offline Sources,Adhoc,,201321625N,,,,,,,,,,,,,,,,"B2C, Offline",,,,,,,,,,,,,,,,65 9129 0738,sandrasay@gmail.com,,,,,,,,,,,,,,Gov List,"ACRA, Google Searches",,
,,16/12/2025,TURKISH KEBAB HOUSE PTE. LTD.,TURKISH KEBAB HOUSE,,TeleSales,,Offline Sources,Adhoc,,201601403M,,,,,,,,,,,,,,,,"B2C, Offline",,,,,,,,,,,,,,,,65 9459 7391,turkishkebabhouse1@gmail.com,,,,,,,,,,,,,,Gov List,"ACRA, Google Searches",,
,,16/12/2025,WHITE TANGERINE PTE. LTD.,WHITE TANGERINE CAFE,,TeleSales,,Offline Sources,Adhoc,,200503627N,,,,,,,,,,,,,,,,"B2C, Offline",,,,,,,,,,,,,,,,65 9669 4122,friends@whitetangerine.com.sg,,,,,,,,,,,,,,Gov List,"ACRA, Google Searches",,
,,16/12/2025,TUK TUK CHA (S) PTE. LTD.,TUK TUK CHA,,TeleSales,,Offline Sources,Adhoc,,201505626C,,,,,,,,,,,,,,,,"B2C, Offline",,,,,,,,,,,,,,,,65 9786 0308,lslchris@hotmail.com,,,,,,,,,,,,,,Gov List,"ACRA, Google Searches",,
,,16/12/2025,DAAWAT TANDOORI RESTAURANT PTE. LTD.,DAAWAT TANDOORI,,TeleSales,,Offline Sources,Adhoc,,200503563G,,,,,,,,,,,,,,,,"B2C, Offline",,,,,,,,,,,,,,,,65 9107 4030,enquire@daawattandoori.com,,,,,,,,,,,,,,Gov List,"ACRA, Google Searches",,
,,16/12/2025,YOGURU PTE. LTD.,YOGURU,,TeleSales,,Offline Sources,Adhoc,,201814637W,,,,,,,,,,,,,,,,"B2C, Offline",,,,,,,,,,,,,,,,65 6344 8860,care@myoguru.com,,,,,,,,,,,,,,Gov List,"ACRA, Google Searches",,
,,16/12/2025,CHAR-GRILL BAR PTE. LTD.,CHAR-GRILL BAR,,TeleSales,,Offline Sources,Adhoc,,201722882W,,,,,,,,,,,,,,,,"B2C, Offline",,,,,,,,,,,,,,,,65 6463 4908,jabglobal88@gmail.com,,,,,,,,,,,,,,Gov List,"ACRA, Google Searches",,
,,16/12/2025,NEW STAR CRUISES PTE. LTD.,STAR CRUISES,,TeleSales,,Offline Sources,Adhoc,,201633385H,,,,,,,,,,,,,,,,"B2C, Offline",,,,,,,,,,,,,,,,65 6223 0002,sg.sales@starcruises.com,,,,,,,,,,,,,,Gov List,"ACRA, Google Searches",,
,,16/12/2025,CRAZY ELEPHANT,CRAZY ELEPHANT BAR,,TeleSales,,Offline Sources,Adhoc,,49819200L,,,,,,,,,,,,,,,,"B2C, Offline",,,,,,,,,,,,,,,,65 6337 7859,info@crazyelephant.sg,,,,,,,,,,,,,,Gov List,"ACRA, Google Searches",,
,,16/12/2025,JOE & DOUGH PTE. LTD.,JOE & DOUGH,,TeleSales,,Offline Sources,Adhoc,,200901094E,,,,,,,,,,,,,,,,"B2C, Offline",,,,,,,,,,,,,,,,65 6339 2138,dawn@joeanddough.com,,,,65 9730 1408,,,,,,,,,,Gov List,"ACRA, Google Searches",,
,,16/12/2025,JAPAN FOOD TOWN DEVELOPMENT PTE. LTD.,JAPAN FOOD TOWN DEVELOPMENT,,TeleSales,,Offline Sources,Adhoc,,201437672E,,,,,,,,,,,,,,,,"B2C, Offline",,,,,,,,,,,,,,,,65 6694 6535,hasegawa@jftd.com.sg,,,,,,,,,,,,,,Gov List,"ACRA, Google Searches",,
,,16/12/2025,HOPSCOTCH F&B PTE. LTD.,HOPSCOTCH BAR,,TeleSales,,Offline Sources,Adhoc,,202407005M,,,,,,,,,,,,,,,,"B2C, Offline",,,,,,,,,,,,,,,,65 9320 0107,joel.newin@mixesfrommars.sg,,,,,,,,,,,,,,Gov List,"ACRA, Google Searches",,
,,16/12/2025,MS DELICACY PTE. LTD.,DELICACY,,TeleSales,,Offline Sources,Adhoc,,202440082Z,,,,,,,,,,,,,,,,"B2C, Offline",,,,,,,,,,,,,,,,65 9830 0908,cherry@fnwmerchants.com,,,,,,,,,,,,,,Gov List,"ACRA, Google Searches",,
,,16/12/2025,YANANT THIT PTE. LTD.,YANANT THIT,,TeleSales,,Offline Sources,Adhoc,,200810769C,,,,,,,,,,,,,,,,"B2C, Offline",,,,,,,,,,,,,,,,65 6837 2575,,,,,,,,,,,,,,,Gov List,"ACRA, Google Searches",,
,,16/12/2025,WHAT THE FISH PTE. LTD.,WHAT THE FISH,,TeleSales,,Offline Sources,Adhoc,,202039117N,,,,,,,,,,,,,,,,"B2C, Offline",,,,,,,,,,,,,,,,65 6296 1891,whathefish.sg@gmail.com,,,,,,,,,,,,,,Gov List,"ACRA, Google Searches",,
,,16/12/2025,SEVENTEEN PTE. LTD.,PUB SEVENTEEN,,TeleSales,,Offline Sources,Adhoc,,202101622D,,,,,,,,,,,,,,,,"B2C, Offline",,,,,,,,,,,,,,,,65 6220 3488,,,,,,,,,,,,,,,Gov List,"ACRA, Google Searches",,
,,16/12/2025,THE SINGAPURA CLUB,SINGAPURA CLUB,,TeleSales,,Offline Sources,Adhoc,,53471187A,,,,,,,,,,,,,,,,"B2C, Offline",,,,,,,,,,,,,,,,65 6438 0168,thesingapuraclub@gmail.com,,,,,,,,,,,,,,Gov List,"ACRA, Google Searches",,
,,16/12/2025,RUSSKIY DOME PTE. LTD.,RUSSKIY DOME,,TeleSales,,Offline Sources,Adhoc,,201305525H,,,,,,,,,,,,,,,,"B2C, Offline",,,,,,,,,,,,,,,,65 6774 0833,russkiydomesingapore@gmail.com,,,,,,,,,,,,,,Gov List,"ACRA, Google Searches",,
,,16/12/2025,ROOFTOP PTE. LTD.,LIN ROOFTOP BAR,,TeleSales,,Offline Sources,Adhoc,,201713160G,,,,,,,,,,,,,,,,"B2C, Offline",,,,,,,,,,,,,,,,65 9487 4290,info@lin.com.sg,,,,,,,,,,,,,,Gov List,"ACRA, Google Searches",,
,,16/12/2025,RECO AQUAMARINE PRIVATE LIMITED,AQUAMARINE,,TeleSales,,Offline Sources,Adhoc,,201943591R,,,,,,,,,,,,,,,,"B2C, Offline",,,,,,,,,,,,,,,,65 6845 1112,info@aquamarin.com.sg,,,,,,,,,,,,,,Gov List,"ACRA, Google Searches",,
,,16/12/2025,RED OCHRE PTE. LTD.,OCHRE,,TeleSales,,Offline Sources,Adhoc,,200505402W,,,,,,,,,,,,,,,,"B2C, Offline",,,,,,,,,,,,,,,,65 6634 0423,,,,,,,,,,,,,,,Gov List,"ACRA, Google Searches",,
,,16/12/2025,ICEBOX PTE. LTD.,ICEBOX CAFÉ,,TeleSales,,Offline Sources,Adhoc,,200304722D,,,,,,,,,,,,,,,,"B2C, Offline",,,,,,,,,,,,,,,,65 9155 4720,enquiries@iceedgecafe.com.sg,,,,,,,,,,,,,,Gov List,"ACRA, Google Searches",,
,,16/12/2025,LAI HUAT SEAFOOD RESTAURANT,OLD LAI HUAT SEAFOOD RESTAURANT,,TeleSales,,Offline Sources,Adhoc,,29276200C,,,,,,,,,,,,,,,,"B2C, Offline",,,,,,,,,,,,,,,,65 6292 7375,old.lai.huat@gmail.com,,,,,,,,,,,,,,Gov List,"ACRA, Google Searches",,
,,16/12/2025,PENANG SEAFOOD RESTAURANT PTE. LTD.,PENANG SEAFOOD RESTAURANT,,TeleSales,,Offline Sources,Adhoc,,201812560M,,,,,,,,,,,,,,,,"B2C, Offline",,,,,,,,,,,,,,,,65 6841 3002,penangseafoodrestaurant@gmail.com,,,,,,,,,,,,,,Gov List,"ACRA, Google Searches",,
,,16/12/2025,MURPHY'S TECH PTE. LTD.,MURPHYS,,TeleSales,,Offline Sources,Adhoc,,201718391G,,,,,,,,,,,,,,,,"B2C, Offline",,,,,,,,,,,,,,,,65 6452 9863,,,,,,,,,,,,,,,Gov List,"ACRA, Google Searches",,
,,16/12/2025,FATTY WENG RESTAURANT PTE. LTD.,FATTY WENG RESTAURANT,,TeleSales,,Offline Sources,Adhoc,,201308400D,,,,,,,,,,,,,,,,"B2C, Offline",,,,,,,,,,,,,,,,65 6221 3822,sales@fattyweng.com.sg,,,,,,,,,,,,,,Gov List,"ACRA, Google Searches",,
,,16/12/2025,YUAN XIANG VEGETARIAN PTE. LTD.,YUAN XIANG VEGETARIAN FOOD,,TeleSales,,Offline Sources,Adhoc,,201837425Z,,,,,,,,,,,,,,,,"B2C, Offline",,,,,,,,,,,,,,,,65 6344 3239,,,,,,,,,,,,,,,Gov List,"ACRA, Google Searches",,
,,16/12/2025,DER BIERGARTEN PTE. LTD.,DER BIERGARTEN,,TeleSales,,Offline Sources,Adhoc,,201409018E,,,,,,,,,,,,,,,,"B2C, Offline",,,,,,,,,,,,,,,,65 6333 0689,,,,,,,,,,,,,,,Gov List,"ACRA, Google Searches",,
,,16/12/2025,G THAI PTE. LTD.,THAI THAI,,TeleSales,,Offline Sources,Adhoc,,201404737Z,,,,,,,,,,,,,,,,"B2C, Offline",,,,,,,,,,,,,,,,65 6737 9107,,,,,,,,,,,,,,,Gov List,"ACRA, Google Searches",,
,,16/12/2025,GILLMAN SEAFOOD RESTAURANT,NEW GILLMAN SEAFOOD RESTAURANT,,TeleSales,,Offline Sources,Adhoc,,52977732X,,,,,,,,,,,,,,,,"B2C, Offline",,,,,,,,,,,,,,,,65 6275 5711,,,,,,,,,,,,,,,Gov List,"ACRA, Google Searches",,
,,16/12/2025,TAM KAH SHARK'S FIN PTE. LTD.,TAM KAH SHARKS FIN,,TeleSales,,Offline Sources,Adhoc,,200301894Z,,,,,,,,,,,,,,,,"B2C, Offline",,,,,,,,,,,,,,,,65 6223 1611,sales@tamkahsharksfin.com,,,,,,,,,,,,,,Gov List,"ACRA, Google Searches",,
,,16/12/2025,HILLTOP GARDEN RESTAURANT PTE. LTD.,HILLTOP GARDEN RESTAURANT,,TeleSales,,Offline Sources,Adhoc,,200511218Z,,,,,,,,,,,,,,,,"B2C, Offline",,,,,,,,,,,,,,,,65 6316 5500,,,,,,,,,,,,,,,Gov List,"ACRA, Google Searches",,
,,16/12/2025,TEOCHEW RESTAURANT,TEOCHEW RESTAURANT HUAT KEE,,TeleSales,,Offline Sources,Adhoc,,07015500C,,,,,,,,,,,,,,,,"B2C, Offline",,,,,,,,,,,,,,,,65 6423 4747,,,,,,,,,,,,,,,Gov List,"ACRA, Google Searches",,
,,16/12/2025,CHAO SHAN CUISINE PTE. LTD.,CHAO SHAN CUISINE,,TeleSales,,Offline Sources,Adhoc,,201021690W,,,,,,,,,,,,,,,,"B2C, Offline",,,,,,,,,,,,,,,,65 6336 2390,,,,,,,,,,,,,,,Gov List,"ACRA, Google Searches",,
,,16/12/2025,212 TEOCHEW CUISINE PTE. LTD.,212 TEOCHEW CUISINE,,TeleSales,,Offline Sources,Adhoc,,201409391N,,,,,,,,,,,,,,,,"B2C, Offline",,,,,,,,,,,,,,,,65 6259 0080,,,,,,,,,,,,,,,Gov List,"ACRA, Google Searches",,
,,16/12/2025,CHIN LEE RESTAURANT PTE. LTD.,CHIN LEE RESTAURANT,,TeleSales,,Offline Sources,Adhoc,,200910598D,,,,,,,,,,,,,,,,"B2C, Offline",,,,,,,,,,,,,,,,65 6449 5454,,,,,,,,,,,,,,,Gov List,"ACRA, Google Searches",,
,,16/12/2025,JAPANESE CUISINE PTE. LTD.,ZEN JAPANESE CUISINE,,TeleSales,,Offline Sources,Adhoc,,202433827E,,,,,,,,,,,,,,,,"B2C, Offline",,,,,,,,,,,,,,,,65 6732 3110,,,,,,,,,,,,,,,Gov List,"ACRA, Google Searches",,
,,16/12/2025,HUA YU WEE PTE. LTD.,HUA YU WEE,,TeleSales,,Offline Sources,Adhoc,,201541960W,,,,,,,,,,,,,,,,"B2C, Offline",,,,,,,,,,,,,,,,65 6442 9313,,,,,,,,,,,,,,,Gov List,"ACRA, Google Searches",,
,,16/12/2025,THE SEA FOOD INTERNATIONAL MARKET & RESTAURANT PTE LTD,THE SEAFOOD MARKET & RESTAURANT,,TeleSales,,Offline Sources,Adhoc,,198203967W,,,,,,,,,,,,,,,,"B2C, Offline",,,,,,,,,,,,,,,,65 6345 1211,enquiry@lobster.com.sg,,,,,,,,,,,,,,Gov List,"ACRA, Google Searches",,
,,16/12/2025,HOCK HONG HENG RESTAURANT,HOCK LAI HENG RESTAURANT,,TeleSales,,Offline Sources,Adhoc,,53349864C,,,,,,,,,,,,,,,,"B2C, Offline",,,,,,,,,,,,,,,,65 6243 1732,,,,,,,,,,,,,,,Gov List,"ACRA, Google Searches",,
,,16/12/2025,DONNA CARMELA PTE. LTD.,DONNA CARMELA,,TeleSales,,Offline Sources,Adhoc,,201607911N,,,,,,,,,,,,,,,,"B2C, Offline",,,,,,,,,,,,,,,,65 6463 4206,info@satisfood.com.sg,,,,,,,,,,,,,,Gov List,"ACRA, Google Searches",,
,,16/12/2025,LASH INFUSION,INFUSION,,TeleSales,,Offline Sources,Adhoc,,53441864C,,,,,,,,,,,,,,,,"B2C, Offline",,,,,,,,,,,,,,,,65 6479 6188,,,,,,,,,,,,,,,Gov List,"ACRA, Google Searches",,
,,16/12/2025,THOHIRAH RESTAURANT PTE. LTD.,THOHIRAH RESTAURANT,,TeleSales,,Offline Sources,Adhoc,,200515629G,,,,,,,,,,,,,,,,"B2C, Offline",,,,,,,,,,,,,,,,65 6481 2009,,,,,,,,,,,,,,,Gov List,"ACRA, Google Searches",,
,,16/12/2025,LOTUS GARDEN CAFE PTE. LTD.,LOTUS GARDEN,,TeleSales,,Offline Sources,Adhoc,,202325766C,,,,,,,,,,,,,,,,"B2C, Offline",,,,,,,,,,,,,,,,65 6265 3718,lotusgarden1@hotmail.com,,,,,,,,,,,,,,Gov List,"ACRA, Google Searches",,
,,16/12/2025,EM BY THE MARINA PTE. LTD.,EM BY THE MARINA,,TeleSales,,Offline Sources,Adhoc,,201435541H,,,,,,,,,,,,,,,,"B2C, Offline",,,,,,,,,,,,,,,,65 6271 2802,embtm@embtm.com.sg,,,,,,,,,,,,,,Gov List,"ACRA, Google Searches",,
,,16/12/2025,BOTTLE TREE SEAFOOD RESTAURANT PTE. LTD.,BOTTLE TREE SEAFOOD RESTAURANT,,TeleSales,,Offline Sources,Adhoc,,201620807N,,,,,,,,,,,,,,,,"B2C, Offline",,,,,,,,,,,,,,,,65 6759 7077,,,,,,,,,,,,,,,Gov List,"ACRA, Google Searches",,
,,16/12/2025,THE RABBIT STASH (PTE. LTD.),RABBIT STASH,,TeleSales,,Offline Sources,Adhoc,,201025773E,,,,,,,,,,,,,,,,"B2C, Offline",,,,,,,,,,,,,,,,65 9858 8607,,,,,,,,,,,,,,,Gov List,"ACRA, Google Searches",,
,,16/12/2025,ARKADAS CAFE PTE. LTD.,ARKADAS CAFE,,TeleSales,,Offline Sources,Adhoc,,201105786W,,,,,,,,,,,,,,,,"B2C, Offline",,,,,,,,,,,,,,,,65 6466 9918,arkadascafe_resto@hotmail.com,,,,,reservation@arkadascafe.sg,,,,,,,,,Gov List,"ACRA, Google Searches",,
,,16/12/2025,THE EASTERN RESTAURANT PTE LTD,SOON EASTERN RESTAURANT,,TeleSales,,Offline Sources,Adhoc,,199901533R,,,,,,,,,,,,,,,,"B2C, Offline",,,,,,,,,,,,,,,,65 6756 2272,,,,,,,,,,,,,,,Gov List,"ACRA, Google Searches",,
,,16/12/2025,THE SKEWER BAR PTE. LTD.,THE SKEWER BAR,,TeleSales,,Offline Sources,Adhoc,,201601452E,,,,,,,,,,,,,,,,"B2C, Offline",,,,,,,,,,,,,,,,65 9642 0837,,,,,,,,,,,,,,,Gov List,"ACRA, Google Searches",,
,,16/12/2025,NAPOLIZZ PIZZA DELIVERY,NAPOLIZZ PIZZA,,TeleSales,,Offline Sources,Adhoc,,53227638L,,,,,,,,,,,,,,,,"B2C, Offline",,,,,,,,,,,,,,,,65 8719 1909,sales@napolizz.sg,,,,,,,,,,,,,,Gov List,"ACRA, Google Searches",,
,,16/12/2025,HIMALAYA KITCHEN PTE. LTD.,HIMALAYA KITCHEN,,TeleSales,,Offline Sources,Adhoc,,200909905D,,,,,,,,,,,,,,,,"B2C, Offline",,,,,,,,,,,,,,,,65 6844 4170,,,,,,,,,,,,,,,Gov List,"ACRA, Google Searches",,
,,16/12/2025,TEOCHEW RESTAURANT,G7 TEOCHEW RESTAURANT,,TeleSales,,Offline Sources,Adhoc,,07015500C,,,,,,,,,,,,,,,,"B2C, Offline",,,,,,,,,,,,,,,,65 6873 2089,,,,,,,,,,,,,,,Gov List,"ACRA, Google Searches",,
,,16/12/2025,THE LINE I.D PTE. LTD.,THE LINE,,TeleSales,,Offline Sources,Adhoc,,200707401G,,,,,,,,,,,,,,,,"B2C, Offline",,,,,,,,,,,,,,,,65 6213 4275,,,,,,,,,,,,,,,Gov List,"ACRA, Google Searches",,
,,16/12/2025,MY BEAUTIFUL LIFE,LIFE IS BEAUTIFUL,,TeleSales,,Offline Sources,Adhoc,,53102887M,,,,,,,,,,,,,,,,"B2C, Offline",,,,,,,,,,,,,,,,65 6423 0939,,,,,,,,,,,,,,,Gov List,"ACRA, Google Searches",,
,,16/12/2025,PHIN'S BEERHAUS N GRILLE PTE. LTD.,PHINS BEERHAUS N GRILL,,TeleSales,,Offline Sources,Adhoc,,200412837N,,,,,,,,,,,,,,,,"B2C, Offline",,,,,,,,,,,,,,,,65 6587 1911,,,,,,,,,,,,,,,Gov List,"ACRA, Google Searches",,
,,16/12/2025,KINGDOM HOTPOT PTE. LTD.,HOTPOT KINGDOM,,TeleSales,,Offline Sources,Adhoc,,201921810W,,,,,,,,,,,,,,,,"B2C, Offline",,,,,,,,,,,,,,,,65 6688 7722,,,,,,,,,,,,,,,Gov List,"ACRA, Google Searches",,
,,16/12/2025,TODAMGOL PTE. LTD.,TODAMGOL,,TeleSales,,Offline Sources,Adhoc,,201902916W,,,,,,,,,,,,,,,,"B2C, Offline",,,,,,,,,,,,,,,,65 9755 1944,,,,,,,,,,,,,,,Gov List,"ACRA, Google Searches",,
,,16/12/2025,JIU PTE. LTD.,JIU MAO JIU,,TeleSales,,Offline Sources,Adhoc,,202445221D,,,,,,,,,,,,,,,,"B2C, Offline",,,,,,,,,,,,,,,,65 9118 6170,,,,,,,,,,,,,,,Gov List,"ACRA, Google Searches",,
,,16/12/2025,OSCAR PTE. LTD.,OSCARS,,TeleSales,,Offline Sources,Adhoc,,200707805H,,,,,,,,,,,,,,,,"B2C, Offline",,,,,,,,,,,,,,,,65 6432 7481,oscarsauto888@hotmail.com,,,,,,,,,,,,,,Gov List,"ACRA, Google Searches",,
,,16/12/2025,COFFEE BAR,COFFEE BAR K,,TeleSales,,Offline Sources,Adhoc,,44002000W,,,,,,,,,,,,,,,,"B2C, Offline",,,,,,,,,,,,,,,,65 6720 5040,,,,,,,,,,,,,,,Gov List,"ACRA, Google Searches",,
,,16/12/2025,UDIPI GANESH VILAS PTE. LTD.,UDIPI GANESH VILAS,,TeleSales,,Offline Sources,Adhoc,,201415940Z,,,,,,,,,,,,,,,,"B2C, Offline",,,,,,,,,,,,,,,,65 6348 7708,udipiganeshvilas@gmail.com,,,,,,,,,,,,,,Gov List,"ACRA, Google Searches",,
,,16/12/2025,ARCHES PTE. LTD.,THE ARCHES,,TeleSales,,Offline Sources,Adhoc,,201911043N,,,,,,,,,,,,,,,,"B2C, Offline",,,,,,,,,,,,,,,,65 6270 7517,thearchhivedesigns@gmail.com,,,,,,,,,,,,,,Gov List,"ACRA, Google Searches",,
,,16/12/2025,CASSIA PTE. LTD.,CASSIA,,TeleSales,,Offline Sources,Adhoc,,201610607G,,,,,,,,,,,,,,,,"B2C, Offline",,,,,,,,,,,,,,,,65 6591 5045,cassia.singapore@capellahotels.com,,,,,,,,,,,,,,Gov List,"ACRA, Google Searches",,
,,16/12/2025,CHEF'S TABLE,CHEF D TABLE,,TeleSales,,Offline Sources,Adhoc,,53417137X,,,,,,,,,,,,,,,,"B2C, Offline",,,,,,,,,,,,,,,,65 6338 4898,chefstable@2015l.com,,,,,,,,,,,,,,Gov List,"ACRA, Google Searches",,
,,16/12/2025,BRAUHAUS RESTAURANT & PUB PTE. LTD.,BRAUHAUS RESTAURANT & PUB,,TeleSales,,Offline Sources,Adhoc,,202208805W,,,,,,,,,,,,,,,,"B2C, Offline",,,,,,,,,,,,,,,,65 6250 3116,,,,,,,,,,,,,,,Gov List,"ACRA, Google Searches",,
,,16/12/2025,CASA TARTUFO PTE. LTD.,CASA TARTUFO,,TeleSales,,Offline Sources,Adhoc,,201018898K,,,,,,,,,,,,,,,,"B2C, Offline",,,,,,,,,,,,,,,,65 6836 4647,events@casatartufo.com,,,,,,,,,,,,,,Gov List,"ACRA, Google Searches",,
,,16/12/2025,FLAVOURS AT ZHONGSHAN PARK TRADING AS NEW UBIN ZHONGSHAN PARK,FLAVOURS AT ZHONGSHAN PARK,,TeleSales,,Offline Sources,Adhoc,,53219930L,,,,,,,,,,,,,,,,"B2C, Offline",,,,,,,,,,,,,,,,65 6808 6846,,,,,,,,,,,,,,,Gov List,"ACRA, Google Searches",,
,,16/12/2025,LABRADOR PARK PTE. LTD.,THE LABRADOR,,TeleSales,,Offline Sources,Adhoc,,202232087C,,,,,,,,,,,,,,,,"B2C, Offline",,,,,,,,,,,,,,,,65 6273 2779,,,,,,,,,,,,,,,Gov List,"ACRA, Google Searches",,
,,16/12/2025,MOOI CHIN PLACE PTE. LTD.,MOOI CHIN PLACE,,TeleSales,,Offline Sources,Adhoc,,200202409N,,,,,,,,,,,,,,,,"B2C, Offline",,,,,,,,,,,,,,,,65 6339 7766,,,,,,,,,,,,,,,Gov List,"ACRA, Google Searches",,
,,16/12/2025,NUNG LEN PTE. LTD.,NUNG LEN,,TeleSales,,Offline Sources,Adhoc,,201505921K,,,,,,,,,,,,,,,,"B2C, Offline",,,,,,,,,,,,,,,,65 6238 0184,,,,,,,,,,,,,,,Gov List,"ACRA, Google Searches",,
,,16/12/2025,LAO HUO TANG RESTAURANT PTE. LTD.,LAO HUO TANG RESTAURANT,,TeleSales,,Offline Sources,Adhoc,,201628238G,,,,,,,,,,,,,,,,"B2C, Offline",,,,,,,,,,,,,,,,65 9616 7013,fonteo67@yahoo.com,,,,,,,,,,,,,,Gov List,"ACRA, Google Searches",,
,,16/12/2025,K. COOK PTE. LTD.,KCOOK,,TeleSales,,Offline Sources,Adhoc,,201414233C,,,,,,,,,,,,,,,,"B2C, Offline",,,,,,,,,,,,,,,,65 6352 6680,,,,,,,,,,,,,,,Gov List,"ACRA, Google Searches",,
,,16/12/2025,TRISHAW UNCLE PTE. LTD.,TRISHAW UNCLE,,TeleSales,,Offline Sources,Adhoc,,200200796G,,,,,,,,,,,,,,,,"B2C, Offline",,,,,,,,,,,,,,,,65 9815 1233,seetoh@trishawuncle.com.sg,,,,,,,,,,,,,,Gov List,"ACRA, Google Searches",,
,,16/12/2025,FENG BO ZHUANG F&B PTE. LTD.,FENG BO ZHUANG F&B,,TeleSales,,Offline Sources,Adhoc,,200704361Z,,,,,,,,,,,,,,,,"B2C, Offline",,,,,,,,,,,,,,,,65 6223 3588,,,,,,,,,,,,,,,Gov List,"ACRA, Google Searches",,
,,16/12/2025,TRIPLE TRIPLE PTE. LTD.,TRIPLE-OS,,TeleSales,,Offline Sources,Adhoc,,202444439R,,,,,,,,,,,,,,,,"B2C, Offline",,,,,,,,,,,,,,,,65 9231 2215,feedback@tripleos.com.sg,,,,,,,,,,,,,,Gov List,"ACRA, Google Searches",,
,,16/12/2025,A LODGE,THE LODGE,,TeleSales,,Offline Sources,Adhoc,,53122375B,,,,,,,,,,,,,,,,"B2C, Offline",,,,,,,,,,,,,,,,65 6221 3967,thelodge@travelodgehotels.asia,,,,,,,,,,,,,,Gov List,"ACRA, Google Searches",,
,,16/12/2025,DAY AND NIGHT,DAY N NIGHT,,TeleSales,,Offline Sources,Adhoc,,53510079E,,,,,,,,,,,,,,,,"B2C, Offline",,,,,,,,,,,,,,,,65 6222 6881,,,,,,,,,,,,,,,Gov List,"ACRA, Google Searches",,
,,16/12/2025,TIONG BAHRU F&B PTE. LTD.,TIONG BAHRU BAR,,TeleSales,,Offline Sources,Adhoc,,201733537Z,,,,,,,,,,,,,,,,"B2C, Offline",,,,,,,,,,,,,,,,65 6438 4380,,,,,,,,,,,,,,,Gov List,"ACRA, Google Searches",,
,,16/12/2025,PLAIN VANILLA GROUP PTE. LTD.,PLAIN VANILLA,,TeleSales,,Offline Sources,Adhoc,,201529938C,,,,,,,,,,,,,,,,"B2C, Offline",,,,,,,,,,,,,,,,65 6465 5942,,,,,,,,,,,,,,,Gov List,"ACRA, Google Searches",,
,,16/12/2025,ENCIK TAN PTE. LTD.,ENCIK TAN,,TeleSales,,Offline Sources,Adhoc,,202203441E,,,,,,,,,,,,,,,,"B2C, Offline",,,,,,,,,,,,,,,,65 8164 5841,,,,,,,,,,,,,,,Gov List,"ACRA, Google Searches",,
,,16/12/2025,OH!CAFE PTE. LTD.,OH MY CAFE,,TeleSales,,Offline Sources,Adhoc,,201631956R,,,,,,,,,,,,,,,,"B2C, Offline",,,,,,,,,,,,,,,,65 9632 0524,ohmysingapore@gmail.com,,,,65 6466 2454,,,,,,,,,,Gov List,"ACRA, Google Searches",,
,,16/12/2025,ICE CAFE LLP,ONE ICES CAFE,,TeleSales,,Offline Sources,Adhoc,,T19LL0644E,,,,,,,,,,,,,,,,"B2C, Offline",,,,,,,,,,,,,,,,65 9431 0131,enquiries@iceedgecafe.com.sg,,,,,,,,,,,,,,Gov List,"ACRA, Google Searches",,
,,16/12/2025,STUFF'D PTE. LTD.,STUFFD,,TeleSales,,Offline Sources,Adhoc,,201410843R,,,,,,,,,,,,,,,,"B2C, Offline",,,,,,,,,,,,,,,,65 9850 9563,,,,,,,,,,,,,,,Gov List,"ACRA, Google Searches",,
,,16/12/2025,SPICY HOUSE RESTAURANT MANAGEMENT (S) PTE. LTD.,SPICY HOUSE RESTAURANT,,TeleSales,,Offline Sources,Adhoc,,201611713G,,,,,,,,,,,,,,,,"B2C, Offline",,,,,,,,,,,,,,,,65 6493 7197,lovespicyhouse@gmail.com,,,,,,,,,,,,,,Gov List,"ACRA, Google Searches",,
,,16/12/2025,KAY PTE. LTD.,KAYS,,TeleSales,,Offline Sources,Adhoc,,200407981K,,,,,,,,,,,,,,,,"B2C, Offline",,,,,,,,,,,,,,,,65 9011 3449,,,,,,,,,,,,,,,Gov List,"ACRA, Google Searches",,
,,16/12/2025,DINING INNOVATION ASIA-PACIFIC PTE. LTD.,DINING INNOVATION ASIA-PACIFIC,,TeleSales,,Offline Sources,Adhoc,,201305138R,,,,,,,,,,,,,,,,"B2C, Offline",,,,,,,,,,,,,,,,65 9677 1674,josephloke@dinsg.com,,,,,,,,,,,,,,Gov List,"ACRA, Google Searches",,
,,16/12/2025,HILL STREET COFFEE SHOP PTE. LTD.,HILL STREET COFFEE SHOP,,TeleSales,,Offline Sources,Adhoc,,200723847M,,,,,,,,,,,,,,,,"B2C, Offline",,,,,,,,,,,,,,,,65 9277 9811,tonylim@select.com.sg,,,,,,,,,,,,,,Gov List,"ACRA, Google Searches",,
,,16/12/2025,CHINATOWN (S) RESTAURANT PTE. LTD.,CHINATOWN SEAFOOD RESTAURANT,,TeleSales,,Offline Sources,Adhoc,,201707175C,,,,,,,,,,,,,,,,"B2C, Offline",,,,,,,,,,,,,,,,65 6222 2224,globallink@hotmail.com,,,,,,,,,,,,,,Gov List,"ACRA, Google Searches",,
,,16/12/2025,SAWASDEE THAI FOOD PTE. LTD.,SAWASDEE THAI,,TeleSales,,Offline Sources,Adhoc,,200615361K,,,,,,,,,,,,,,,,"B2C, Offline",,,,,,,,,,,,,,,,65 6327 1733,rabbit.ruliya@gmail.com,,,,,,,,,,,,,,Gov List,"ACRA, Google Searches",,
,,16/12/2025,GEYLANG CLAYPOT RICE PTE. LTD.,GEYLANG CLAYPOT RICE,,TeleSales,,Offline Sources,Adhoc,,201813286R,,,,,,,,,,,,,,,,"B2C, Offline",,,,,,,,,,,,,,,,65 6816 2754,linwei_123@yahoo.com,,,,,,,,,,,,,,Gov List,"ACRA, Google Searches",,
,,16/12/2025,YOGIYO CHICKEN PTE. LTD.,YOGIYO CHICKEN,,TeleSales,,Offline Sources,Adhoc,,201424035M,,,,,,,,,,,,,,,,"B2C, Offline",,,,,,,,,,,,,,,,65 9617 9785,whitepigz@gmail.com,,,,,,,,,,,,,,Gov List,"ACRA, Google Searches",,
,,16/12/2025,V EATING HOUSE PRIVATE LIMITED,RK EATING HOUSE,,TeleSales,,Offline Sources,Adhoc,,201409548R,,,,,,,,,,,,,,,,"B2C, Offline",,,,,,,,,,,,,,,,65 6289 5379,,,,,,,,,,,,,,,Gov List,"ACRA, Google Searches",,
,,16/12/2025,WONDERFUL DURIAN PTE. LTD.,WONDERFUL DURIAN,,TeleSales,,Offline Sources,Adhoc,,201406709R,,,,,,,,,,,,,,,,"B2C, Offline",,,,,,,,,,,,,,,,65 9678 6550,,,,,,,,,,,,,,,Gov List,"ACRA, Google Searches",,
,,16/12/2025,QUAN XIANG YUAN (JING JI) SEAFOOD RESTAURANT,QUAN XIANG YUAN SEAFOOD RESTAURANT,,TeleSales,,Offline Sources,Adhoc,,37128400K,,,,,,,,,,,,,,,,"B2C, Offline",,,,,,,,,,,,,,,,65 6294 6254,qxypte@gmail.com,,,,,,,,,,,,,,Gov List,"ACRA, Google Searches",,
,,16/12/2025,LLUVIA PTE. LTD.,LLUVIA CAFE,,TeleSales,,Offline Sources,Adhoc,,201009486R,,,,,,,,,,,,,,,,"B2C, Offline",,,,,,,,,,,,,,,,65 8161 4860,livejulius@hotmail.com,,,,,,,,,,,,,,Gov List,"ACRA, Google Searches",,
,,16/12/2025,WONDERLAND (SINGAPORE) PTE LTD,SHOP WONDERLAND,,TeleSales,,Offline Sources,Adhoc,,197400672E,,,,,,,,,,,,,,,,"B2C, Offline",,,,,,,,,,,,,,,,65 6299 5848,enquiry@wonderland.com.sg,,,,,,,,,,,,,,Gov List,"ACRA, Google Searches",,
,,16/12/2025,SUPER DARIO LASAGNE PTE. LTD.,SUPER DARIO LASAGNE,,TeleSales,,Offline Sources,Adhoc,,201417664W,,,,,,,,,,,,,,,,"B2C, Offline",,,,,,,,,,,,,,,,65 3159 0682,dario@superdariolasagne.com,,,,65 8233 3692,,,,,,,,,,Gov List,"ACRA, Google Searches",,
,,16/12/2025,CAJUN ON WHEELS PS PTE. LTD.,CAJUN AND WHEELS,,TeleSales,,Offline Sources,Adhoc,,201617501C,,,,,,,,,,,,,,,,"B2C, Offline",,,,,,,,,,,,,,,,65 9695 7511,jacqueline@arteastiq.com,,,,,,,,,,,,,,Gov List,"ACRA, Google Searches",,
,,16/12/2025,CUE GURU PTE. LTD.,CUE GURU,,TeleSales,,Offline Sources,Adhoc,,200107202G,,,,,,,,,,,,,,,,"B2C, Offline",,,,,,,,,,,,,,,,65 6280 8800,info@jfortesports.com.sg,,,,,,,,,,,,,,Gov List,"ACRA, Google Searches",,
,,16/12/2025,CHUEN (SG) PTE. LTD.,CHUEN CHUEN,,TeleSales,,Offline Sources,Adhoc,,202144993H,,,,,,,,,,,,,,,,"B2C, Offline",,,,,,,,,,,,,,,,65 6238 6010,,,,,,,,,,,,,,,Gov List,"ACRA, Google Searches",,
,,16/12/2025,NINJA CUT PTE. LTD.,NINJA CUT,,TeleSales,,Offline Sources,Adhoc,,201616452E,,,,,,,,,,,,,,,,"B2C, Offline",,,,,,,,,,,,,,,,65 6264 7727,nina@astronauts.com.sg,,,,,,,,,,,,,,Gov List,"ACRA, Google Searches",,
,,16/12/2025,THE DEMPSEY COOKHOUSE & BAR PTE. LTD.,THE DEMPSEY COOKHOUSE & BAR,,TeleSales,,Offline Sources,Adhoc,,201633067C,,,,,,,,,,,,,,,,"B2C, Offline",,,,,,,,,,,,,,,,65 0304 5588,,,,,,,,,,,,,,,Gov List,"ACRA, Google Searches",,
,,16/12/2025,25 DEGREES PTE. LTD.,25 DEGREES,,TeleSales,,Offline Sources,Adhoc,,201802181M,,,,,,,,,,,,,,,,"B2C, Offline",,,,,,,,,,,,,,,,65 6809 7990,25degreessg@randblab.com,,,,,,,,,,,,,,Gov List,"ACRA, Google Searches",,
,,16/12/2025,THE CRACKERJACK,CRACKERJACK,,TeleSales,,Offline Sources,Adhoc,,53468560M,,,,,,,,,,,,,,,,"B2C, Offline",,,,,,,,,,,,,,,,65 8121 1462,zac@crackerjack.sg,,,,,,,,,,,,,,Gov List,"ACRA, Google Searches",,
,,16/12/2025,D' BLISSFUL PTE. LTD.,BLISSFUL HUT,,TeleSales,,Offline Sources,Adhoc,,201226580Z,,,,,,,,,,,,,,,,"B2C, Offline",,,,,,,,,,,,,,,,65 6493 1999,blissfulhut@gmail.com,,,,,,,,,,,,,,Gov List,"ACRA, Google Searches",,
,,16/12/2025,BULL MARKET NOODLE BAR PTE. LTD.,BULL MARKET NOODLE BAR,,TeleSales,,Offline Sources,Adhoc,,202241486K,,,,,,,,,,,,,,,,"B2C, Offline",,,,,,,,,,,,,,,,65 9223 3472,eat@bullmarketnoodlebar.com,,,,,,,,,,,,,,Gov List,"ACRA, Google Searches",,
,,16/12/2025,CURATE + PTE. LTD.,CURATE,,TeleSales,,Offline Sources,Adhoc,,201940990N,,,,,,,,,,,,,,,,"B2C, Offline",,,,,,,,,,,,,,,,65 6577 7288,curate@rwsentosa.com,,,,,,,,,,,,,,Gov List,"ACRA, Google Searches",,
,,16/12/2025,SUSHI KONDO PTE. LTD.,SUSHI KONDO,,TeleSales,,Offline Sources,Adhoc,,201203760W,,,,,,,,,,,,,,,,"B2C, Offline",,,,,,,,,,,,,,,,65 6373 7120,,,,,,,,,,,,,,,Gov List,"ACRA, Google Searches",,
,,16/12/2025,KITCHEN TABLE PTE. LTD.,THE KITCHEN TABLE,,TeleSales,,Offline Sources,Adhoc,,202025124K,,,,,,,,,,,,,,,,"B2C, Offline",,,,,,,,,,,,,,,,65 6808 7268,thekitchentable.singapore@whotels.com,,,,,,,,,,,,,,Gov List,"ACRA, Google Searches",,
,,16/12/2025,WHISKY WORLD PTE. LTD.,THE WORLD OF WHISKY,,TeleSales,,Offline Sources,Adhoc,,201203230G,,,,,,,,,,,,,,,,"B2C, Offline",,,,,,,,,,,,,,,,65 6818 3305,wow.singaporesentosa@lemeridien.com,,,,,,,,,,,,,,Gov List,"ACRA, Google Searches",,
,,16/12/2025,TWO CHEFS BAR PTE. LTD.,TWO CHEFS BAR,,TeleSales,,Offline Sources,Adhoc,,201830787G,,,,,,,,,,,,,,,,"B2C, Offline",,,,,,,,,,,,,,,,65 6268 8633,reserveren@twochefsbar.nl,,,,,,,,,,,,,,Gov List,"ACRA, Google Searches",,
,,16/12/2025,K & B PROVISION SHOP,THE PROVISION SHOP,,TeleSales,,Offline Sources,Adhoc,,52844085C,,,,,,,,,,,,,,,,"B2C, Offline",,,,,,,,,,,,,,,,65 6347 1928,,,,,,,,,,,,,,,Gov List,"ACRA, Google Searches",,
,,16/12/2025,TAPAS CLUB PTE. LTD.,TAPAS CLUB,,TeleSales,,Offline Sources,Adhoc,,201702044R,,,,,,,,,,,,,,,,"B2C, Offline",,,,,,,,,,,,,,,,65 6733 2500,rcarmona@dplus1.com,,,,,,,,,,,,,,Gov List,"ACRA, Google Searches",,
,,16/12/2025,ANNALAKSHMI,ANNALAKSHMI MENON,,TeleSales,,Offline Sources,Adhoc,,53405322W,,,,,,,,,,,,,,,,"B2C, Offline",,,,,,,,,,,,,,,,65 9231 0472,annagov@singnet.com.sg,,,,,,,,,,,,,,Gov List,"ACRA, Google Searches",,
,,16/12/2025,SPA ESPRIT GROUP PTE. LTD.,SPA ESPRIT,,TeleSales,,Offline Sources,Adhoc,,200707818N,,,,,,,,,,,,,,,,"B2C, Offline",,,,,,,,,,,,,,,,65 9061 7542,dave@wonderscapeholdings.com,,,,,,,,,,,,,,Gov List,"ACRA, Google Searches",,
,,16/12/2025,DIVINE SG,XIN DIVINE,,TeleSales,,Offline Sources,Adhoc,,53457922A,,,,,,,,,,,,,,,,"B2C, Offline",,,,,,,,,,,,,,,,65 8498 1371,,,,,,,,,,,,,,,Gov List,"ACRA, Google Searches",,
,,16/12/2025,ECLECTIQUE F & B CONCEPTS PTE. LTD.,ECLECTIQUE F&B CONCEPTS,,TeleSales,,Offline Sources,Adhoc,,201814743C,,,,,,,,,,,,,,,,"B2C, Offline",,,,,,,,,,,,,,,,65 8650 5776,,,,,,,,,,,,,,,Gov List,"ACRA, Google Searches",,
,,16/12/2025,CREATIVE GROUP PTE. LTD.,CREATIVE FOOD,,TeleSales,,Offline Sources,Adhoc,,201315308E,,,,,,,,,,,,,,,,"B2C, Offline",,,,,,,,,,,,,,,,65 6338 1233,,,,,,,,,,,,,,,Gov List,"ACRA, Google Searches",,
,,16/12/2025,XYZ PTE. LTD.,XYZ,,TeleSales,,Offline Sources,Adhoc,,201400003K,,,,,,,,,,,,,,,,"B2C, Offline",,,,,,,,,,,,,,,,,,,,,,,,,,,,,,,Gov List,"ACRA, Google Searches",,
,,16/12/2025,EACH-A-CUP PTE. LTD.,EACH A CUP,,TeleSales,,Offline Sources,Adhoc,,200900347C,,,,,,,,,,,,,,,,"B2C, Offline",,,,,,,,,,,,,,,,65 9182 9307,,,,,,,,,,,,,,,Gov List,"ACRA, Google Searches",,
,,16/12/2025,JIA XIANG KUCHING RESTAURANT PTE. LTD.,JIA XIANG KUCHING RESTAURANT,,TeleSales,,Offline Sources,Adhoc,,200416986G,,,,,,,,,,,,,,,,"B2C, Offline",,,,,,,,,,,,,,,,65 9181 3228,jiaxiang@singnet.com.sg,,,,65 6221 1720,,,,,,,,,,Gov List,"ACRA, Google Searches",,
,,16/12/2025,OLD TEA HUT PTE. LTD.,OLD TEA HUT,,TeleSales,,Offline Sources,Adhoc,,201412090D,,,,,,,,,,,,,,,,"B2C, Offline",,,,,,,,,,,,,,,,65 9388 4645,contact@oldteahut.com,,,,,,,,,,,,,,Gov List,"ACRA, Google Searches",,
,,16/12/2025,PENGUIN'S KITCHEN PTE. LTD.,PENGUIN KITCHEN,,TeleSales,,Offline Sources,Adhoc,,201836143D,,,,,,,,,,,,,,,,"B2C, Offline",,,,,,,,,,,,,,,,65 9001 7294,iampenguins@hotmail.com,,,,,,,,,,,,,,Gov List,"ACRA, Google Searches",,
,,16/12/2025,MELLOWER COFFEE (SINGAPORE) PTE. LTD.,MELLOWER COFFEE,,TeleSales,,Offline Sources,Adhoc,,201531677E,,,,,,,,,,,,,,,,"B2C, Offline",,,,,,,,,,,,,,,,65 6255 0820,,,,,,,,,,,,,,,Gov List,"ACRA, Google Searches",,
,,16/12/2025,LLAO LLAO ASIA PTE. LTD.,LLAO LLAO,,TeleSales,,Offline Sources,Adhoc,,201221980R,,,,,,,,,,,,,,,,"B2C, Offline",,,,,,,,,,,,,,,,65 8500 7606,nurhakimah@manna360.com.sg,,,,,,,,,,,,,,Gov List,"ACRA, Google Searches",,
,,16/12/2025,LAI SOON EXHIBITION & EVENT SERVICES PTE. LTD.,LAI SOON EXHIBITION & EVENT - KEE TANNY,,TeleSales,,Offline Sources,Adhoc,,201416616Z,,,,,,,,,,,,,,,,"B2C, Offline",,,,,,,,,,,,,,,,65 6635 7514,info@laisoonexb.com.sg,,,,,,,,,,,,,,Gov List,"ACRA, Google Searches",,
,,16/12/2025,OUE RESTAURANTS PTE. LTD.,OUE RESTAURANTS,,TeleSales,,Offline Sources,Adhoc,,201202027E,,,,,,,,,,,,,,,,"B2C, Offline",,,,,,,,,,,,,,,,65 9228 1967,esther.ling@ouerestaurants.com,,,,,,,,,,,,,,Gov List,"ACRA, Google Searches",,
,,16/12/2025,HEAVENLY PTE. LTD.,HEAVENLY WANG,,TeleSales,,Offline Sources,Adhoc,,202409934D,,,,,,,,,,,,,,,,"B2C, Offline",,,,,,,,,,,,,,,,65 9843 1754,jan.onn@wangcafe.com,,,,65 6550 5609,,,,,,,,,,Gov List,"ACRA, Google Searches",,
,,16/12/2025,FEI SIONG GROUP PTE. LTD.,FEI SIONG,,TeleSales,,Offline Sources,Adhoc,,202344340M,,,,,,,,,,,,,,,,"B2C, Offline",,,,,,,,,,,,,,,,65 8518 7207,leolim@feisionggroup.com.sg,,,,,,,,,,,,,,Gov List,"ACRA, Google Searches",,
,,16/12/2025,PONTIAC LAND PRIVATE LIMITED,PONTIAC LAND,,TeleSales,,Offline Sources,Adhoc,,196100187D,,,,,,,,,,,,,,,,"B2C, Offline",,,,,,,,,,,,,,,,65 6434 9879,tang.leehui@pontiacland.com,,,,,,,,,,,,,,Gov List,"ACRA, Google Searches",,
,,16/12/2025,LONG BEACH (S) PTE. LTD.,LONG BEACH,,TeleSales,,Offline Sources,Adhoc,,201523288E,,,,,,,,,,,,,,,,"B2C, Offline",,,,,,,,,,,,,,,,65 9628 7930,ryanlim@longbeachseafood.com.sg,,,,,,,,,,,,,,Gov List,"ACRA, Google Searches",,
,,16/12/2025,HOTEL ROYAL,PARK ROYAL HOTEL,,TeleSales,,Offline Sources,Adhoc,,09287900D,,,,,,,,,,,,,,,,"B2C, Offline",,,,,,,,,,,,,,,,65 9113 1859,yus.chean@parkroyahotels.com,,,,,,,,,,,,,,Gov List,"ACRA, Google Searches",,
,,16/12/2025,TASTE OF THAILAND PTE. LTD.,TASTE OF THAILAND,,TeleSales,,Offline Sources,Adhoc,,201527011R,,,,,,,,,,,,,,,,"B2C, Offline",,,,,,,,,,,,,,,,65 9877 9811,,,,,,,,,,,,,,,Gov List,"ACRA, Google Searches",,
,,16/12/2025,RR CHINESE RESTAURANT PTE. LTD.,CHINESE RESTAURANT,,TeleSales,,Offline Sources,Adhoc,,202540673H,,,,,,,,,,,,,,,,"B2C, Offline",,,,,,,,,,,,,,,,65 9898 5298,,,,,,,,,,,,,,,Gov List,"ACRA, Google Searches",,
,,16/12/2025,GOOD BITES PTE. LTD.,GOOD BITES,,TeleSales,,Offline Sources,Adhoc,,201909190M,,,,,,,,,,,,,,,,"B2C, Offline",,,,,,,,,,,,,,,,65 6970 0233,hello@goodbites.com.sg,,,,,,,,,,,,,,Gov List,"ACRA, Google Searches",,
,,16/12/2025,CHIX HOT CHICKEN PTE. LTD.,CHIX HOT CHICKEN,,TeleSales,,Offline Sources,Adhoc,,201736744W,,,,,,,,,,,,,,,,"B2C, Offline",,,,,,,,,,,,,,,,65 9839 0607,holla@chixhotchicken.com,,,,,,,,,,,,,,Gov List,"ACRA, Google Searches",,
,,16/12/2025,CARRARA PRIVATE LIMITED,CARRARA CAFE,,TeleSales,,Offline Sources,Adhoc,,202346846D,,,,,,,,,,,,,,,,"B2C, Offline",,,,,,,,,,,,,,,,65 9027 1679,,,,,,,,,,,,,,,Gov List,"ACRA, Google Searches",,
,,16/12/2025,PEONY JADE PTE. LTD.,PEONY JADE,,TeleSales,,Offline Sources,Adhoc,,200309442G,,,,,,,,,,,,,,,,"B2C, Offline",,,,,,,,,,,,,,,,65 9850 0648,,,,,,,,,,,,,,,Gov List,"ACRA, Google Searches",,
,,16/12/2025,PARIS BAGUETTE SINGAPORE PTE. LTD.,PARIS BAGUETTE,,TeleSales,,Offline Sources,Adhoc,,201108952N,,,,,,,,,,,,,,,,"B2C, Offline",,,,,,,,,,,,,,,,65 9619 5564,henning@spc.co.kr,,,,,,,,,,,,,,Gov List,"ACRA, Google Searches",,
,,16/12/2025,JIA JIA LE CUISINE F & B PTE. LTD.,JIA JIA LE CUISINE F&B,,TeleSales,,Offline Sources,Adhoc,,201603183D,,,,,,,,,,,,,,,,"B2C, Offline",,,,,,,,,,,,,,,,65 6899 9555,sandy@honghuaholdings.com.sg,,,,,,,,,,,,,,Gov List,"ACRA, Google Searches",,
,,16/12/2025,SINGAPORE SAIZERIYA PTE. LTD.,SAIZERIYA,,TeleSales,,Offline Sources,Adhoc,,200818603R,,,,,,,,,,,,,,,,"B2C, Offline",,,,,,,,,,,,,,,,65 9820 4363,,,,,,,,,,,,,,,Gov List,"ACRA, Google Searches",,
,,16/12/2025,THE RITZ-CARLTON SPA,RITZ CARLTON,,TeleSales,,Offline Sources,Adhoc,,53340956W,,,,,,,,,,,,,,,,"B2C, Offline",,,,,,,,,,,,,,,,65 9003 6163,alfian.haidzer@ritzcarlton.com,,,,,,,,,,,,,,Gov List,"ACRA, Google Searches",,
,,16/12/2025,BURGER & LOBSTER SINGAPORE PTE. LTD.,BURGER LOBSTER,,TeleSales,,Offline Sources,Adhoc,,201830713N,,,,,,,,,,,,,,,,"B2C, Offline",,,,,,,,,,,,,,,,65 8821 0516,,,,,,,,,,,,,,,Gov List,"ACRA, Google Searches",,
,,16/12/2025,DIAN XIAO ER INC PTE. LTD.,DIAN XIAO ER,,TeleSales,,Offline Sources,Adhoc,,201615800C,,,,,,,,,,,,,,,,"B2C, Offline",,,,,,,,,,,,,,,,65 9154 0021,samantha.yap@dianxiaoer.com.sg,,,,,,,,,,,,,,Gov List,"ACRA, Google Searches",,
,,16/12/2025,8 BAR PTE. LTD.,8 BAR,,TeleSales,,Offline Sources,Adhoc,,200900111H,,,,,,,,,,,,,,,,"B2C, Offline",,,,,,,,,,,,,,,,65 6298 0454,molly.jiang@8ightbar.com,,,,,,,,,,,,,,Gov List,"ACRA, Google Searches",,
,,16/12/2025,SMARTCONNECT PTE. LTD.,HANS F&B- SMARTCONNECT,,TeleSales,,Offline Sources,Adhoc,,202033604D,,,,,,,,,,,,,,,,"B2C, Offline",,,,,,,,,,,,,,,,65 5600 8924,wkchew@hans.com.sg,,,,,,,,,,,,,,Gov List,"ACRA, Google Searches",,
,,16/12/2025,FILIPINO PRIME GRILL PTE. LTD.,FILIPINO PRIME GRILL,,TeleSales,,Offline Sources,Adhoc,,201023803W,,,,,,,,,,,,,,,,"B2C, Offline",,,,,,,,,,,,,,,,65 8926 2899,,,,,,,,,,,,,,,Gov List,"ACRA, Google Searches",,
,,16/12/2025,TIM HO WAN PTE. LTD.,TIM HO WAN,,TeleSales,,Offline Sources,Adhoc,,201228520R,,,,,,,,,,,,,,,,"B2C, Offline",,,,,,,,,,,,,,,,65 6955 0185,,,,,,,,,,,,,,,Gov List,"ACRA, Google Searches",,
,,16/12/2025,PAUL GO & CO,PAUL,,TeleSales,,Offline Sources,Adhoc,,T01PF0706E,,,,,,,,,,,,,,,,"B2C, Offline",,,,,,,,,,,,,,,,65 9474 5743,dyang@paul-singapore.com,,,,,,,,,,,,,,Gov List,"ACRA, Google Searches",,
,,16/12/2025,REGENT M&E PTE. LTD.,REGENT,,TeleSales,,Offline Sources,Adhoc,,201405488G,,,,,,,,,,,,,,,,"B2C, Offline",,,,,,,,,,,,,,,,65 6725 3192,alethea.tan@regentsingapore.com.sg,,,,,,,,,,,,,,Gov List,"ACRA, Google Searches",,
,,16/12/2025,HOTEL+ PTE. LTD.,HOTEL G,,TeleSales,,Offline Sources,Adhoc,,201823980K,,,,,,,,,,,,,,,,"B2C, Offline",,,,,,,,,,,,,,,,65 9169 2265,natashashah@hotelgsingapore.com,,,,,,,,,,,,,,Gov List,"ACRA, Google Searches",,
,,16/12/2025,SMARTCONNECT PTE. LTD.,A-ONE SMARTCONNECT,,TeleSales,,Offline Sources,Adhoc,,202033604D,,,,,,,,,,,,,,,,"B2C, Offline",,,,,,,,,,,,,,,,65 9672 1119,aone.ter@aonegroup.sg,,,,,,,,,,,,,,Gov List,"ACRA, Google Searches",,
,,16/12/2025,SMARTCONNECT PTE. LTD.,FISH & - SMARTCONNECT,,TeleSales,,Offline Sources,Adhoc,,202033604D,,,,,,,,,,,,,,,,"B2C, Offline",,,,,,,,,,,,,,,,65 4448 0842,dannis.koh@fish-co.com,,,,,,,,,,,,,,Gov List,"ACRA, Google Searches",,
,,16/12/2025,CRYSTAL JADE PTE. LTD.,CRYSTAL JADE - SW,,TeleSales,,Offline Sources,Adhoc,,201837864W,,,,,,,,,,,,,,,,"B2C, Offline",,,,,,,,,,,,,,,,65 8138 2008,my.yeo@crystaljade.com,,,,,,,,,,,,,,Gov List,"ACRA, Google Searches",,
,,16/12/2025,ARNOLD'S FRIED CHICKEN (S) PTE LTD,ARNOLDS FRIED CHICKEN,,TeleSales,,Offline Sources,Adhoc,,199508389R,,,,,,,,,,,,,,,,"B2C, Offline",,,,,,,,,,,,,,,,65 9770 5922,mervyn@arnoldsfriedchicken.com,,,,,,,,,,,,,,Gov List,"ACRA, Google Searches",,
,,16/12/2025,D SELECT PTE. LTD.,SELECT,,TeleSales,,Offline Sources,Adhoc,,202446542Z,,,,,,,,,,,,,,,,"B2C, Offline",,,,,,,,,,,,,,,,65 9073 8627,shermaine_tan@select.com,,,,,,,,,,,,,,Gov List,"ACRA, Google Searches",,
,,16/12/2025,CHANG CHENG GROUP PTE. LTD.,CHANG CHENG,,TeleSales,,Offline Sources,Adhoc,,201013928N,,,,,,,,,,,,,,,,"B2C, Offline",,,,,,,,,,,,,,,,65 9736 9981,,,,,65 6501 5283,,,,,,,,,,Gov List,"ACRA, Google Searches",,
,,16/12/2025,WOK HEY PTE. LTD.,WOK HEY,,TeleSales,,Offline Sources,Adhoc,,201617998K,,,,,,,,,,,,,,,,"B2C, Offline",,,,,,,,,,,,,,,,65 8186 9437,kaidi@wokhey.sg,,,,,,,,,,,,,,Gov List,"ACRA, Google Searches",,
,,16/12/2025,C M R (FAR EAST) PTE LTD,FAR EAST,,TeleSales,,Offline Sources,Adhoc,,198004382K,,,,,,,,,,,,,,,,"B2C, Offline",,,,,,,,,,,,,,,,65 9113 8102,elisachew@fareast.com.sg,,,,,,,,,,,,,,Gov List,"ACRA, Google Searches",,
,,16/12/2025,MARINA BAY SANDS PTE. LTD.,MARINA BAY SANDS,,TeleSales,,Offline Sources,Adhoc,,200507292R,,,,,,,,,,,,,,,,"B2C, Offline",,,,,,,,,,,,,,,,65 8328 0239,eugene.chow@marinabaysands.com,,,,,,,,,,,,,,Gov List,"ACRA, Google Searches",,
,,16/12/2025,BREADTALK GROUP PTE. LTD.,BREADTALK,,TeleSales,,Offline Sources,Adhoc,,200302045G,,,,,,,,,,,,,,,,"B2C, Offline",,,,,,,,,,,,,,,,65 9823 6667,natalie.ng@breadtalk.com,,,,,,,,,,,,,,Gov List,"ACRA, Google Searches",,
,,16/12/2025,SATS LTD.,SATS,,TeleSales,,Offline Sources,Adhoc,,197201770G,,,,,,,,,,,,,,,,"B2C, Offline",,,,,,,,,,,,,,,,65 9129 3347,adrian_tan@sats.com.sg,,,,,,,,,,,,,,Gov List,"ACRA, Google Searches",,
,,16/12/2025,ROYAL T GROUP PTE. LTD.,ROYAL T,,TeleSales,,Offline Sources,Adhoc,,200916227W,,,,,,,,,,,,,,,,"B2C, Offline",,,,,,,,,,,,,,,,65 9222 3422,pamela.ang22@gmail.com,,,,,,,,,,,,,,Gov List,"ACRA, Google Searches",,
,,16/12/2025,PAPITTO GELATO PTE. LTD.,PAPITTO GELATO,,TeleSales,,Offline Sources,Adhoc,,201431093R,,,,,,,,,,,,,,,,"B2C, Offline",,,,,,,,,,,,,,,,65 9450 0030,sam@papitto.com,,,,,,,,,,,,,,Gov List,"ACRA, Google Searches",,
,,16/12/2025,LAO HUO TANG GROUP PTE. LTD.,LAO HUO TANG,,TeleSales,,Offline Sources,Adhoc,,201509128R,,,,,,,,,,,,,,,,"B2C, Offline",,,,,,,,,,,,,,,,65 8136 3333,david@laohuotang.com.sg,,,,,,,,,,,,,,Gov List,"ACRA, Google Searches",,
,,16/12/2025,TOSHIBA TEC SINGAPORE PTE. LTD.,TOSHIBA TEC,,TeleSales,,Offline Sources,Adhoc,,198804047Z,,,,,,,,,,,,,,,,"B2C, Offline",,,,,,,,,,,,,,,,65 6486 9602,,,,,,,,,,,,,,,Gov List,"ACRA, Google Searches",,
,,16/12/2025,INTEREL PTE. LTD.,INTEREL,,TeleSales,,Offline Sources,Adhoc,,201715922G,,,,,,,,,,,,,,,,"B2C, Offline",,,,,,,,,,,,,,,,65 9232 2249,tc@interelme.com,,,,,,,,,,,,,,Gov List,"ACRA, Google Searches",,
,,16/12/2025,INFORMA GLOBAL MARKETS (SINGAPORE) PRIVATE LIMITED,INFORMA MARKETS,,TeleSales,,Offline Sources,Adhoc,,200312383W,,,,,,,,,,,,,,,,"B2C, Offline",,,,,,,,,,,,,,,,65 9226 2299,merliyn.low@informa.com,,,,,,,,,,,,,,Gov List,"ACRA, Google Searches",,
,,16/12/2025,TIMBRE GROUP PTE. LTD.,TIMBRE,,TeleSales,,Offline Sources,Adhoc,,200507539Z,,,,,,,,,,,,,,,,"B2C, Offline",,,,,,,,,,,,,,,,65 9636 2310,enrico.stodomingo@timbregroup.asia,,,,,,,,,,,,,,Gov List,"ACRA, Google Searches",,
,,16/12/2025,CAT & THE FIDDLE PTE. LTD.,CAT & THE FIDDLE,,TeleSales,,Offline Sources,Adhoc,,201427345W,,,,,,,,,,,,,,,,"B2C, Offline",,,,,,,,,,,,,,,,65 9687 4191,richard_tay@foodgnostic.com,,,,,,,,,,,,,,Gov List,"ACRA, Google Searches",,
,,16/12/2025,PRIVE GROUP PTE. LTD.,THE PRIVE,,TeleSales,,Offline Sources,Adhoc,,200906275C,,,,,,,,,,,,,,,,"B2C, Offline",,,,,,,,,,,,,,,,65 9698 4878,nataliew@prive.com.sg,,,,,,,,,,,,,,Gov List,"ACRA, Google Searches",,
,,16/12/2025,BROADWAY FOOD CENTRE (HOLDINGS) PTE LTD,BROADWAY FOOD - SC,,TeleSales,,Offline Sources,Adhoc,,199704189H,,,,,,,,,,,,,,,,"B2C, Offline",,,,,,,,,,,,,,,,65 9484 3544,constantelim@broadway.com.sg,,,,,,,,,,,,,,Gov List,"ACRA, Google Searches",,
,,16/12/2025,S&T GOURMET PRIVATE LIMITED,V 3 GOURMET,,TeleSales,,Offline Sources,Adhoc,,202026270C,,,,,,,,,,,,,,,,"B2C, Offline",,,,,,,,,,,,,,,,65 9106 8413,karchiet.loh@v3gourmet.com,,,,,,,,,,,,,,Gov List,"ACRA, Google Searches",,
,,16/12/2025,RE:CHARGE RESIDENCES PTE. LTD.,CHARGE RESIDENCES,,TeleSales,,Offline Sources,Adhoc,,200813048M,,,,,,,,,,,,,,,,"B2C, Offline",,,,,,,,,,,,,,,,65 8787 5023,rechargeresidences@gmail.com,,,,,,,,,,,,,,Gov List,"ACRA, Google Searches",,
,,16/12/2025,GF ENTERPRISE PTE. LTD.,GF,,TeleSales,,Offline Sources,Adhoc,,202109348C,,,,,,,,,,,,,,,,"B2C, Offline",,,,,,,,,,,,,,,,65 9028 7951,teozhiqiang@gmail.com,,,,,,,,,,,,,,Gov List,"ACRA, Google Searches",,
,,16/12/2025,KOHAKU GLOBAL PTE. LTD.,KOHAKU,,TeleSales,,Offline Sources,Adhoc,,201322149G,,,,,,,,,,,,,,,,"B2C, Offline",,,,,,,,,,,,,,,,65 8468 7311,koji@tendonkohaku.com,,,,,,,,,,,,,,Gov List,"ACRA, Google Searches",,
,,16/12/2025,L BISTRO PRIVATE LIMITED,BISTRO,,TeleSales,,Offline Sources,Adhoc,,202039842Z,,,,,,,,,,,,,,,,"B2C, Offline",,,,,,,,,,,,,,,,65 8488 9965,doniv_@hotmail.com,,,,,,,,,,,,,,Gov List,"ACRA, Google Searches",,
,,16/12/2025,CHM PTE. LTD.,CHM,,TeleSales,,Offline Sources,Adhoc,,202343236N,,,,,,,,,,,,,,,,"B2C, Offline",,,,,,,,,,,,,,,,65 9450 2829,eugenetankl@hotmail.com,,,,,,,,,,,,,,Gov List,"ACRA, Google Searches",,
,,16/12/2025,WAN LI JIA PTE. LTD.,WAN JIA,,TeleSales,,Offline Sources,Adhoc,,202505832E,,,,,,,,,,,,,,,,"B2C, Offline",,,,,,,,,,,,,,,,65 8543 2562,sleep_21@163.com,,,,,,,,,,,,,,Gov List,"ACRA, Google Searches",,
,,16/12/2025,G & G SUPERMARKET PTE. LTD.,THE SUPERMARKET,,TeleSales,,Offline Sources,Adhoc,,201542914N,,,,,,,,,,,,,,,,"B2C, Offline",,,,,,,,,,,,,,,,65 8120 1900,yusof@thesupermarketco.sg,,,,,,,,,,,,,,Gov List,"ACRA, Google Searches",,
,,16/12/2025,F INNOVATORS SINGAPORE PTE. LTD.,F INNOVATORS,,TeleSales,,Offline Sources,Adhoc,,201205603M,,,,,,,,,,,,,,,,"B2C, Offline",,,,,,,,,,,,,,,,65 8653 1214,taizoharino03@gmail.com,,,,,,,,,,,,,,Gov List,"ACRA, Google Searches",,
,,16/12/2025,OLD CHANG KEE LTD.,OLD CHANG KEE,,TeleSales,,Offline Sources,Adhoc,,200416190W,,,,,,,,,,,,,,,,"B2C, Offline",,,,,,,,,,,,,,,,65 9111 3931,jerry_lim@oldchangkee.com,,,,,,,,,,,,,,Gov List,"ACRA, Google Searches",,
,,16/12/2025,AL MAJLIS PTE. LTD.,AL MAJLIS,,TeleSales,,Offline Sources,Adhoc,,202215909E,,,,,,,,,,,,,,,,"B2C, Offline",,,,,,,,,,,,,,,,65 9229 1310,,,,,,,,,,,,,,,Gov List,"ACRA, Google Searches",,
,,16/12/2025,JOYA ONSEN CAFE PTE. LTD.,JOYA ONSEN CAFE,,TeleSales,,Offline Sources,Adhoc,,202405447K,,,,,,,,,,,,,,,,"B2C, Offline",,,,,,,,,,,,,,,,65 9101 6937,fairozkareem@gmail.com,,,,,,,,,,,,,,Gov List,"ACRA, Google Searches",,
,,16/12/2025,E COFFEE PTE. LTD.,LA COFFEE,,TeleSales,,Offline Sources,Adhoc,,200604060C,,,,,,,,,,,,,,,,"B2C, Offline",,,,,,,,,,,,,,,,65 9651 1709,seah_yong_tat@hotmail.com,,,,,,,,,,,,,,Gov List,"ACRA, Google Searches",,
,,16/12/2025,BREWS & BITES CAFE PTE. LTD.,BITES & BREWS,,TeleSales,,Offline Sources,Adhoc,,202501143C,,,,,,,,,,,,,,,,"B2C, Offline",,,,,,,,,,,,,,,,65 8531 6227,gennadii.bochkar@gmail.com,,,,,,,,,,,,,,Gov List,"ACRA, Google Searches",,
,,16/12/2025,PASTA EXPRESS PTE. LTD.,PASTA EXPRESS,,TeleSales,,Offline Sources,Adhoc,,201711866C,,,,,,,,,,,,,,,,"B2C, Offline",,,,,,,,,,,,,,,,65 9025 8148,kokjinhui89@gmail.com,,,,,,,,,,,,,,Gov List,"ACRA, Google Searches",,
,,16/12/2025,AMIRTHA'S BANANA LEAF RESTAURANT PTE. LTD.,AMIRTHAS INDIAN BANANA LEAF RESTAURANT,,TeleSales,,Offline Sources,Adhoc,,201825731C,,,,,,,,,,,,,,,,"B2C, Offline",,,,,,,,,,,,,,,,65 9271 1010,selvam_1302@yahoo.com,,,,,,,,,,,,,,Gov List,"ACRA, Google Searches",,
,,16/12/2025,LAO HUO TANG F&B PTE. LTD.,LAO HUO TANG,,TeleSales,,Offline Sources,Adhoc,,201729282E,,,,,,,,,,,,,,,,"B2C, Offline",,,,,,,,,,,,,,,,65 9750 1747,patrick@laohuotang.com.sg,,,,,,,,,,,,,,Gov List,"ACRA, Google Searches",,
,,16/12/2025,APOLO'S FOOD VILLAGE PTE. LTD.,APOLO S FOOD VILLAGE,,TeleSales,,Offline Sources,Adhoc,,202140990K,,,,,,,,,,,,,,,,"B2C, Offline",,,,,,,,,,,,,,,,65 9385 9304,amisha1826@gmail.com,,,,,,,,,,,,,,Gov List,"ACRA, Google Searches",,
,,16/12/2025,OLDTOWN SINGAPORE PTE. LTD.,OLDTOWN,,TeleSales,,Offline Sources,Adhoc,,200711710M,,,,,,,,,,,,,,,,"B2C, Offline",,,,,,,,,,,,,,,,65 9822 5477,madeline.tay@jdecoffee.com,,,,,,,,,,,,,,Gov List,"ACRA, Google Searches",,
,,16/12/2025,SOHAM PTE. LTD.,SOHAM,,TeleSales,,Offline Sources,Adhoc,,200503352N,,,,,,,,,,,,,,,,"B2C, Offline",,,,,,,,,,,,,,,,65 9125 7797,maanish200@gmail.com,,,,,,,,,,,,,,Gov List,"ACRA, Google Searches",,
,,16/12/2025,4FINGERS PTE. LTD.,4FINGERS,,TeleSales,,Offline Sources,Adhoc,,201430100G,,,,,,,,,,,,,,,,"B2C, Offline",,,,,,,,,,,,,,,,65 9026 1517,adren.teng@4fingers.com,,,,,,,,,,,,,,Gov List,"ACRA, Google Searches",,
,,16/12/2025,RUMI RANGKAYO TRADING PTE. LTD.,RUMI RANGKAYO,,TeleSales,,Offline Sources,Adhoc,,201712930H,,,,,,,,,,,,,,,,"B2C, Offline",,,,,,,,,,,,,,,,65 8443 4871,,,,,,,,,,,,,,,Gov List,"ACRA, Google Searches",,
,,16/12/2025,SEOUL GARDEN GROUP PTE. LTD.,SEOUL GARDEN,,TeleSales,,Offline Sources,Adhoc,,199500287H,,,,,,,,,,,,,,,,"B2C, Offline",,,,,,,,,,,,,,,,65 9637 2743,davywee@singnet.com.sg,,,,,,,,,,,,,,Gov List,"ACRA, Google Searches",,
,,16/12/2025,MASTERCARD ASIA/PACIFIC PTE. LTD.,MASTERCARD ASIA PACIFIC,,TeleSales,,Offline Sources,Adhoc,,199306324E,,,,,,,,,,,,,,,,"B2C, Offline",,,,,,,,,,,,,,,,65 9625 9330,gabriel.tay@mastercard.com,,,,,,,,,,,,,,Gov List,"ACRA, Google Searches",,
,,16/12/2025,WHEELER'S YARD PTE. LTD.,WHEELERS YARD,,TeleSales,,Offline Sources,Adhoc,,201301921W,,,,,,,,,,,,,,,,"B2C, Offline",,,,,,,,,,,,,,,,65 9798 7400,amanda@wheelersyard.com,,,,,,,,,,,,,,Gov List,"ACRA, Google Searches",,
,,16/12/2025,SRISUN EXPRESS PTE. LTD.,SRISUN EXPRESS,,TeleSales,,Offline Sources,Adhoc,,201600980W,,,,,,,,,,,,,,,,"B2C, Offline",,,,,,,,,,,,,,,,65 9388 3802,sundar@srisunexpress.com.sg,,,,,,,,,,,,,,Gov List,"ACRA, Google Searches",,
,,16/12/2025,BITES OF WHISKDOM PTE. LTD.,WHISKDOM,,TeleSales,,Offline Sources,Adhoc,,202511665Z,,,,,,,,,,,,,,,,"B2C, Offline",,,,,,,,,,,,,,,,65 8198 8972,,,,,,,,,,,,,,,Gov List,"ACRA, Google Searches",,
,,16/12/2025,RARA PTE. LTD.,RARA F&B,,TeleSales,,Offline Sources,Adhoc,,202400700E,,,,,,,,,,,,,,,,"B2C, Offline",,,,,,,,,,,,,,,,65 9766 7093,,,,,,,,,,,,,,,Gov List,"ACRA, Google Searches",,
,,16/12/2025,DELIBOWL PTE. LTD.,DELIBOWL,,TeleSales,,Offline Sources,Adhoc,,201811526K,,,,,,,,,,,,,,,,"B2C, Offline",,,,,,,,,,,,,,,,65 9638 9557,amanda@delibowl.com,,,,65 9638 9557,clifford@delibowl.com,,,,,,,,,Gov List,"ACRA, Google Searches",,
,,16/12/2025,VOGUE VIBE PTE. LTD.,VOGUE VIBE CAFE,,TeleSales,,Offline Sources,Adhoc,,202423166E,,,,,,,,,,,,,,,,"B2C, Offline",,,,,,,,,,,,,,,,65 8368 2868,lilianleell200@gmail.com,,,,,,,,,,,,,,Gov List,"ACRA, Google Searches",,
,,16/12/2025,KEBABS FAKTORY PTE. LTD.,KEBABS FAKTORY,,TeleSales,,Offline Sources,Adhoc,,202216231K,,,,,,,,,,,,,,,,"B2C, Offline",,,,,,,,,,,,,,,,65 8190 9812,accounts@kebabsfaktory.com,,,,,,,,,,,,,,Gov List,"ACRA, Google Searches",,
,,16/12/2025,POON RESOURCES PTE. LTD.,POON RESOURCES,,TeleSales,,Offline Sources,Adhoc,,200409736E,,,,,,,,,,,,,,,,"B2C, Offline",,,,,,,,,,,,,,,,65 9387 3451,jackpoon@coffeeandtoast.com.sg,,,,,finance@coffeeandtoast.com.sg,,,,,,,,,Gov List,"ACRA, Google Searches",,
,,16/12/2025,SRISUN EXPRESS PTE. LTD.,SRISUN EXPRESS,,TeleSales,,Offline Sources,Adhoc,,201600980W,,,,,,,,,,,,,,,,"B2C, Offline",,,,,,,,,,,,,,,,65 6950 1186,rajes@srisunexpress.com.sg,,,,,,,,,,,,,,Gov List,"ACRA, Google Searches",,
,,16/12/2025,MONSTER PLANET PTE. LTD.,MONSTER PLANET,,TeleSales,,Offline Sources,Adhoc,,202023850N,,,,,,,,,,,,,,,,"B2C, Offline",,,,,,,,,,,,,,,,65 6238 1728,trista@endiningbars.com,,,,,eunice@endiningbars.com,,,,,,,,,Gov List,"ACRA, Google Searches",,
,,16/12/2025,OK CHICKEN RICE PTE. LTD.,OK CHICKEN RICE,,TeleSales,,Offline Sources,Adhoc,,201808873C,,,,,,,,,,,,,,,,"B2C, Offline",,,,,,,,,,,,,,,,65 6717 6291,danieltanboonnuat@yahoo.com.sg,,,,,,,,,,,,,,Gov List,"ACRA, Google Searches",,
,,16/12/2025,4FINGERS PTE. LTD.,4FINGERS,,TeleSales,,Offline Sources,Adhoc,,201430100G,,,,,,,,,,,,,,,,"B2C, Offline",,,,,,,,,,,,,,,,65 2950 1991,itsupport@4fingers.com,,,,,charis@4fingers.com,,,,,ivan.chhua@4fingers.com,,,,Gov List,"ACRA, Google Searches",,
,,16/12/2025,BIRYANI CONCEPTS PTE. LTD.,BIRYANI CONCEPTS,,TeleSales,,Offline Sources,Adhoc,,201925135C,,,,,,,,,,,,,,,,"B2C, Offline",,,,,,,,,,,,,,,,65 9021 9764,sales@mrbiryanisg.com,,,,,accounts@mrbiryanisg.com,,,,,,,,,Gov List,"ACRA, Google Searches",,
,,16/12/2025,MADE BRANDS PTE. LTD.,MADE BRANDS,,TeleSales,,Offline Sources,Adhoc,,202239762W,,,,,,,,,,,,,,,,"B2C, Offline",,,,,,,,,,,,,,,,65 8129 6773,rocky.ng@madegroup.com,,,,,,,,,,,,,,Gov List,"ACRA, Google Searches",,
,,16/12/2025,SIRIUS ENTERTAINMENT PTE. LTD.,SIRIUS ENTERTAINMENT,,TeleSales,,Offline Sources,Adhoc,,201220065W,,,,,,,,,,,,,,,,"B2C, Offline",,,,,,,,,,,,,,,,65 9660 0290,finance@geniecollective.sg,,,,,sales@thespiceadda.com,,,,,,,,,Gov List,"ACRA, Google Searches",,
,,16/12/2025,SONG FA RESERVE PTE. LTD.,SONG FA RESERVE,,TeleSales,,Offline Sources,Adhoc,,202330196H,,,,,,,,,,,,,,,,"B2C, Offline",,,,,,,,,,,,,,,,65 6281 2315,jiayee.yong@songfa.com.sg,,,,,evelyn.wong@songfa.com.sg,,,,,,,,,Gov List,"ACRA, Google Searches",,
,,16/12/2025,STBQ PTE. LTD.,STBQ,,TeleSales,,Offline Sources,Adhoc,,202402501Z,,,,,,,,,,,,,,,,"B2C, Offline",,,,,,,,,,,,,,,,65 9673 0966,koh.guowei89@gmail.com,,,,,,,,,,,,,,Gov List,"ACRA, Google Searches",,
,,16/12/2025,HAAKON PTE. LTD.,HAAKON,,TeleSales,,Offline Sources,Adhoc,,201536707M,,,,,,,,,,,,,,,,"B2C, Offline",,,,,,,,,,,,,,,,65 8399 2450,andreas@haakon.com.sg,,,,,,,,,,,,,,Gov List,"ACRA, Google Searches",,
,,16/12/2025,AS & CE PARTNERS PTE. LTD.,AS & CE PARTNERS,,TeleSales,,Offline Sources,Adhoc,,202114067H,,,,,,,,,,,,,,,,"B2C, Offline",,,,,,,,,,,,,,,,65 9107 5941,othmane@ascepartners.com,,,,,info@josephinesg.com,,,,,info@loulousg.com,,,,Gov List,"ACRA, Google Searches",,
,,16/12/2025,SAMLIP SINGAPORE PTE. LTD.,SAMLIP,,TeleSales,,Offline Sources,Adhoc,,202011805N,,,,,,,,,,,,,,,,"B2C, Offline",,,,,,,,,,,,,,,,65 8852 1648,glenloi@spc.co.kr,,,,,samlipsg_finance@spc.co.kr,,,,,edwardkim@spc.co.kr,,,,Gov List,"ACRA, Google Searches",,
,,16/12/2025,ROLLGAADI PTE. LTD.,ROLLGAADI,,TeleSales,,Offline Sources,Adhoc,,202120867W,,,,,,,,,,,,,,,,"B2C, Offline",,,,,,,,,,,,,,,,65 8200 3689,bhavani@inodei.co,,,,,,,,,,,,,,Gov List,"ACRA, Google Searches",,
,,16/12/2025,BEACON RESTAURANT PTE. LTD.,BEACON RESTAURANT,,TeleSales,,Offline Sources,Adhoc,,202325792R,,,,,,,,,,,,,,,,"B2C, Offline",,,,,,,,,,,,,,,,65 9035 5969,miguel@pleasurecraftgroup.sg,,,,,finance@hevel.sg,,,,,,,,,Gov List,"ACRA, Google Searches",,
,,16/12/2025,159ATAS PTE. LTD.,159ATAS,,TeleSales,,Offline Sources,Adhoc,,201818928E,,,,,,,,,,,,,,,,"B2C, Offline",,,,,,,,,,,,,,,,65 8282 8963,finance@159atas.sg,,,,,,,,,,,,,,Gov List,"ACRA, Google Searches",,
,,16/12/2025,31 VENTURES PTE. LTD.,31 VENTURES,,TeleSales,,Offline Sources,Adhoc,,202343391K,,,,,,,,,,,,,,,,"B2C, Offline",,,,,,,,,,,,,,,,65 8868 8831,31ventures.sg@gmail.com,,,,,,,,,,,,,,Gov List,"ACRA, Google Searches",,
,,16/12/2025,BREAD YARD PTE. LTD.,BREAD YARD,,TeleSales,,Offline Sources,Adhoc,,201810804K,,,,,,,,,,,,,,,,"B2C, Offline",,,,,,,,,,,,,,,,65 8843 1169,ivan@grangecollective.com.sg,,,,,caleb@grangecollective.com.sg,,,,,finance@breadyard.com.sg,,,,Gov List,"ACRA, Google Searches",,
,,16/12/2025,CORPUS CALLOSUM PTE. LTD.,CORPUS CALLOSUM,,TeleSales,,Offline Sources,Adhoc,,201004183W,,,,,,,,,,,,,,,,"B2C, Offline",,,,,,,,,,,,,,,,65 6533 3545,wui.alvin@gmail.com,,,,,thepublichouse.sg@gmail.com,,,,,,,,,Gov List,"ACRA, Google Searches",,
,,16/12/2025,FEI MAO FOOD SERVICES PRIVATE LIMITED,FEI MAO FOOD,,TeleSales,,Offline Sources,Adhoc,,202225700R,,,,,,,,,,,,,,,,"B2C, Offline",,,,,,,,,,,,,,,,65 8284 4030,tristan.lim@givemeabraek.com,,,,,lishan.lim@givemeabraek.com,,,,,,,,,Gov List,"ACRA, Google Searches",,
,,16/12/2025,FENG ZHANG PTE. LTD.,FENG ZHANG,,TeleSales,,Offline Sources,Adhoc,,201528246N,,,,,,,,,,,,,,,,"B2C, Offline",,,,,,,,,,,,,,,,65 8809 9672,wangping198901@gmail.com,,,,,,,,,,,,,,Gov List,"ACRA, Google Searches",,
,,16/12/2025,G & R FUSION PTE. LTD.,G&R FUSION,,TeleSales,,Offline Sources,Adhoc,,200609484K,,,,,,,,,,,,,,,,"B2C, Offline",,,,,,,,,,,,,,,,65 9385 1226,gabrielegaldi@gmail.com,,,,,gabrielegaldi@gmail.com,,,,,,,,,Gov List,"ACRA, Google Searches",,
,,16/12/2025,G.A.D. PTE. LTD.,GAD,,TeleSales,,Offline Sources,Adhoc,,201607710N,,,,,,,,,,,,,,,,"B2C, Offline",,,,,,,,,,,,,,,,65 8168 5561,gero@kucinaitalian.com,,,,,anna@kucinaitalian.com,,,,,,,,,Gov List,"ACRA, Google Searches",,
,,16/12/2025,GF CAPITAL PTE. LTD.,GF CAPITAL,,TeleSales,,Offline Sources,Adhoc,,201506735N,,,,,,,,,,,,,,,,"B2C, Offline",,,,,,,,,,,,,,,,65 9450 9512,kawai@gfc-sg.com,,,,,,,,,,,,,,Gov List,"ACRA, Google Searches",,
,,16/12/2025,JIMMY MONKEY PTE. LTD.,JIMMY MONKEY CAFE,,TeleSales,,Offline Sources,Adhoc,,201106133K,,,,,,,,,,,,,,,,"B2C, Offline",,,,,,,,,,,,,,,,65 9749 3200,mavis@jimmymonkey.com,,,,,,,,,,,,,,Gov List,"ACRA, Google Searches",,
,,16/12/2025,JOYRE KITCHEN PTE. LTD.,JOYRE KITCHEN,,TeleSales,,Offline Sources,Adhoc,,202033640K,,,,,,,,,,,,,,,,"B2C, Offline",,,,,,,,,,,,,,,,65 6255 1052,choonyeowho.joyre@gmail.com,,,,,,,,,,,,,,Gov List,"ACRA, Google Searches",,
,,16/12/2025,KIT&BAR CONCEPTS PTE. LTD.,KIT&BAR CONCEPTS,,TeleSales,,Offline Sources,Adhoc,,201405929N,,,,,,,,,,,,,,,,"B2C, Offline",,,,,,,,,,,,,,,,65 9069 6019,vktng@hotmail.com,,,,,peirongchow74@gmail.com,,,,,,,,,Gov List,"ACRA, Google Searches",,
,,16/12/2025,BREWERKZ GROUP PTE. LTD.,BREWERKZ,,TeleSales,,Offline Sources,Adhoc,,201621937D,,,,,,,,,,,,,,,,"B2C, Offline",,,,,,,,,,,,,,,,65 6438 2311,finance@brewerkzgroup.com,,,,,,,,,,,,,,Gov List,"ACRA, Google Searches",,
,,16/12/2025,G IZAKAYA PTE. LTD.,MY IZAKAYA,,TeleSales,,Offline Sources,Adhoc,,202202325M,,,,,,,,,,,,,,,,"B2C, Offline",,,,,,,,,,,,,,,,65 9780 6030,jameskhoh74@gmail.com,,,,,,,,,,,,,,Gov List,"ACRA, Google Searches",,
,,16/12/2025,PRATA ALLEY PTE. LTD.,PRATA ALLEY,,TeleSales,,Offline Sources,Adhoc,,201611102R,,,,,,,,,,,,,,,,"B2C, Offline",,,,,,,,,,,,,,,,65 9181 4511,finance@prataalley.com,,,,,,,,,,,,,,Gov List,"ACRA, Google Searches",,
,,16/12/2025,RUMI RANGKAYO TRADING PTE. LTD.,RUMI RANGKAYO,,TeleSales,,Offline Sources,Adhoc,,201712930H,,,,,,,,,,,,,,,,"B2C, Offline",,,,,,,,,,,,,,,,65 8750 5240,nasitaliwang@outlook.com,,,,,nasitaliwanginvoices@outlook.com,,,,,,,,,Gov List,"ACRA, Google Searches",,
,,16/12/2025,SICHUAN CHEF PTE. LTD.,SICHUAN CHEF,,TeleSales,,Offline Sources,Adhoc,,201423039Z,,,,,,,,,,,,,,,,"B2C, Offline",,,,,,,,,,,,,,,,65 8575 2555,sichuanchefrain@gmail.com,,,,,,,,,,,,,,Gov List,"ACRA, Google Searches",,
,,16/12/2025,TRAVELERS PALM RESTAURANT PTE. LTD.,TRAVELERS PALM RESTAURANT,,TeleSales,,Offline Sources,Adhoc,,200701223G,,,,,,,,,,,,,,,,"B2C, Offline",,,,,,,,,,,,,,,,65 9692 0596,mengyang00my@gmail.com,,,,,,,,,,,,,,Gov List,"ACRA, Google Searches",,
,,16/12/2025,PANCHSAKHA PTE. LTD.,PANCHSAKHA,,TeleSales,,Offline Sources,Adhoc,,202349511R,,,,,,,,,,,,,,,,"B2C, Offline",,,,,,,,,,,,,,,,65 9455 2421,asha.raul@gmail.com,,,,,,,,,,,,,,Gov List,"ACRA, Google Searches",,
,,16/12/2025,OAK & EMBER PTE. LTD.,OAK & EMBER,,TeleSales,,Offline Sources,Adhoc,,202314421W,,,,,,,,,,,,,,,,"B2C, Offline",,,,,,,,,,,,,,,,65 9665 2180,contact.oaknember@gmail.com,,,,,,,,,,,,,,Gov List,"ACRA, Google Searches",,
,,16/12/2025,XXL CONCEPTS PTE. LTD.,XXL CONCEPTS,,TeleSales,,Offline Sources,Adhoc,,200504748C,,,,,,,,,,,,,,,,"B2C, Offline",,,,,,,,,,,,,,,,65 8811 1060,accounts.sg@stssco.com,,,,,,,,,,,,,,Gov List,"ACRA, Google Searches",,
,,16/12/2025,EM BY THE MARINA PTE. LTD.,EM BY THE MARINA,,TeleSales,,Offline Sources,Adhoc,,201435541H,,,,,,,,,,,,,,,,"B2C, Offline",,,,,,,,,,,,,,,,65 6271 2802,adrian.yeo@embtm.com.sg,,,,,,,,,,,,,,Gov List,"ACRA, Google Searches",,
,,16/12/2025,SOLO RISTORANTE PTE. LTD.,SOLO RISTORANTE,,TeleSales,,Offline Sources,Adhoc,,201719622H,,,,,,,,,,,,,,,,"B2C, Offline",,,,,,,,,,,,,,,,65 9641 9682,angelalyx@live.com,,,,,,,,,,,,,,Gov List,"ACRA, Google Searches",,
,,16/12/2025,SAGO HOUSE PTE. LTD.,SAGO HOUSE,,TeleSales,,Offline Sources,Adhoc,,201912041H,,,,,,,,,,,,,,,,"B2C, Offline",,,,,,,,,,,,,,,,65 9662 3401,vanessa.chang@chaosactive.com,,,,,,,,,,,,,,Gov List,"ACRA, Google Searches",,
,,16/12/2025,ZENO EXHIBITION PTE. LTD.,ZENO EXHIBITION,,TeleSales,,Offline Sources,Adhoc,,202238640Z,,,,,,,,,,,,,,,,"B2C, Offline",,,,,,,,,,,,,,,,,ken.lim@zenoexhibition.com,,,,,,,,,,,,,,Gov List,"ACRA, Google Searches",,
,,16/12/2025,GERAI NENEK OBEK,CHAT LEAD GERAI NENEK OBEK,,TeleSales,,Offline Sources,Adhoc,,53290197E,,,,,,,,,,,,,,,,"B2C, Offline",,,,,,,,,,,,,,,,65 8611 4560,,,,,,,,,,,,,,,Gov List,"ACRA, Google Searches",,
,,16/12/2025,BITEMAN GROUP PTE. LTD.,BITEMAN,,TeleSales,,Offline Sources,Adhoc,,202425634K,,,,,,,,,,,,,,,,"B2C, Offline",,,,,,,,,,,,,,,,65 8123 1254,bitemangroup@gmail.com,,,,,,,,,,,,,,Gov List,"ACRA, Google Searches",,
,,16/12/2025,PELMENI HOUSE PTE. LTD.,PELMENI HOUSE @ - WEN TO,,TeleSales,,Offline Sources,Adhoc,,201909102Z,,,,,,,,,,,,,,,,"B2C, Offline",,,,,,,,,,,,,,,,65 9235 6640,welcome@angmohdumplings.com,,,,,,,,,,,,,,Gov List,"ACRA, Google Searches",,
,,16/12/2025,THE CROWDED BOWL LLP,THE CROWDED BOWL,,TeleSales,,Offline Sources,Adhoc,,T15LL1748F,,,,,,,,,,,,,,,,"B2C, Offline",,,,,,,,,,,,,,,,65 9380 8777,yongjoo@thecrowdedbowl.com,,,,,,,,,,,,,,Gov List,"ACRA, Google Searches",,
,,16/12/2025,13 MILES F N B LLP,13 MILES F N B,,TeleSales,,Offline Sources,Adhoc,,T24LL0900G,,,,,,,,,,,,,,,,"B2C, Offline",,,,,,,,,,,,,,,,65 8200 9791,sumir33x@gmail.com,,,,,,,,,,,,,,Gov List,"ACRA, Google Searches",,
,,16/12/2025,CAFE-P,CAFÉ,,TeleSales,,Offline Sources,Adhoc,,53502663C,,,,,,,,,,,,,,,,"B2C, Offline",,,,,,,,,,,,,,,,65 9619 2270,hello@graciousnaturals.com,,,,,,,,,,,,,,Gov List,"ACRA, Google Searches",,
,,16/12/2025,XMJ GROUP PTE. LTD.,XMJ,,TeleSales,,Offline Sources,Adhoc,,201409776C,,,,,,,,,,,,,,,,"B2C, Offline",,,,,,,,,,,,,,,,65 8530 0349,jyn@ximenjie.com.sg,,,,,,,,,,,,,,Gov List,"ACRA, Google Searches",,
,,16/12/2025,PRIVE GROUP PTE. LTD.,THE PRIVÉ,,TeleSales,,Offline Sources,Adhoc,,200906275C,,,,,,,,,,,,,,,,"B2C, Offline",,,,,,,,,,,,,,,,65 9220 5720,bernice.fong@prive.com.sg,,,,,,,,,,,,,,Gov List,"ACRA, Google Searches",,
,,16/12/2025,PIG N WHISTLE PTE. LTD.,PIG N WHISTLE,,TeleSales,,Offline Sources,Adhoc,,201716476W,,,,,,,,,,,,,,,,"B2C, Offline",,,,,,,,,,,,,,,,65 8866 1666,,,,,,,,,,,,,,,Gov List,"ACRA, Google Searches",,
,,16/12/2025,SAGO HOUSE PTE. LTD.,SAGO HOUSE,,TeleSales,,Offline Sources,Adhoc,,201912041H,,,,,,,,,,,,,,,,"B2C, Offline",,,,,,,,,,,,,,,,65 6578 1213,jam@gmail.com,,,,,,,,,,,,,,Gov List,"ACRA, Google Searches",,
,,16/12/2025,TAKAGI RAMEN PTE. LTD.,TAKAGI RAMEN,,TeleSales,,Offline Sources,Adhoc,,201525868Z,,,,,,,,,,,,,,,,"B2C, Offline",,,,,,,,,,,,,,,,65 2752 5045,chinrongwong@gmail.com,,,,,,,,,,,,,,Gov List,"ACRA, Google Searches",,
,,16/12/2025,BREAD YARD PTE. LTD.,BREAD YARD,,TeleSales,,Offline Sources,Adhoc,,201810804K,,,,,,,,,,,,,,,,"B2C, Offline",,,,,,,,,,,,,,,,65 9736 7326,,,,,,,,,,,,,,,Gov List,"ACRA, Google Searches",,
,,16/12/2025,MOIN MOIN GELATO PTE. LTD.,MOIN MOIN GELATO,,TeleSales,,Offline Sources,Adhoc,,202107904C,,,,,,,,,,,,,,,,"B2C, Offline",,,,,,,,,,,,,,,,65 9711 4446,patrick.taycs@gmail.com,,,,,,,,,,,,,,Gov List,"ACRA, Google Searches",,
,,16/12/2025,SAGYE WL PTE. LTD.,SAGYE,,TeleSales,,Offline Sources,Adhoc,,202429663D,,,,,,,,,,,,,,,,"B2C, Offline",,,,,,,,,,,,,,,,65 8511 3683,sagyekoreanrestaurant@gmail.com,,,,,,,,,,,,,,Gov List,"ACRA, Google Searches",,
,,16/12/2025,GC WATERWAY PTE. LTD.,GC WATERWAY,,TeleSales,,Offline Sources,Adhoc,,202104471R,,,,,,,,,,,,,,,,"B2C, Offline",,,,,,,,,,,,,,,,65 9139 1633,hq@senji.com.sg,,,,,,,,,,,,,,Gov List,"ACRA, Google Searches",,
,,16/12/2025,BLUE WAVES FOOD EMPIRE PTE. LTD.,BLUE WAVES FOOD EMPIRE,,TeleSales,,Offline Sources,Adhoc,,201620445E,,,,,,,,,,,,,,,,"B2C, Offline",,,,,,,,,,,,,,,,65 8754 8450,,,,,,,,,,,,,,,Gov List,"ACRA, Google Searches",,
,,16/12/2025,XIANG FU WEI,XIANG WEI,,TeleSales,,Offline Sources,Adhoc,,53428181L,,,,,,,,,,,,,,,,"B2C, Offline",,,,,,,,,,,,,,,,65 8105 5172,luyimiao40@gmail.com,,,,,,,,,,,,,,Gov List,"ACRA, Google Searches",,
,,16/12/2025,TANAMERA PTE. LTD.,TANAMERA,,TeleSales,,Offline Sources,Adhoc,,202039958M,,,,,,,,,,,,,,,,"B2C, Offline",,,,,,,,,,,,,,,,65 9172 5542,dwi.tiara@tanameracoffee.com,,,,,,,,,,,,,,Gov List,"ACRA, Google Searches",,
,,16/12/2025,ZEN EXHIBITS INTERNATIONAL PTE. LTD.,ZEN EXHIBITS,,TeleSales,,Offline Sources,Adhoc,,200703633K,,,,,,,,,,,,,,,,"B2C, Offline",,,,,,,,,,,,,,,,65 9675 2803,john@zen-exhibits.com.sg,,,,,,,,,,,,,,Gov List,"ACRA, Google Searches",,
,,16/12/2025,CAFE-P,CAFE,,TeleSales,,Offline Sources,Adhoc,,53502663C,,,,,,,,,,,,,,,,"B2C, Offline",,,,,,,,,,,,,,,,65 8127 7145,,,,,,,,,,,,,,,Gov List,"ACRA, Google Searches",,
,,16/12/2025,MOONSHINE PTE. LTD.,MOONSHINE,,TeleSales,,Offline Sources,Adhoc,,202106216W,,,,,,,,,,,,,,,,"B2C, Offline",,,,,,,,,,,,,,,,65 8200 0931,deonnequek@gmail.com,,,,,,,,,,,,,,Gov List,"ACRA, Google Searches",,
,,16/12/2025,STICK WITH IT PTE. LTD.,STICK WITH IT,,TeleSales,,Offline Sources,Adhoc,,202040854E,,,,,,,,,,,,,,,,"B2C, Offline",,,,,,,,,,,,,,,,65 8339 3648,emailvalerieliau@gmail.com,,,,,,,,,,,,,,Gov List,"ACRA, Google Searches",,
,,16/12/2025,S&M RESTAURANT PTE. LTD.,GS RESTAURANT,,TeleSales,,Offline Sources,Adhoc,,202304352N,,,,,,,,,,,,,,,,"B2C, Offline",,,,,,,,,,,,,,,,65 8777 3180,rogersoh@sukigroup.com.sg,,,,,,,,,,,,,,Gov List,"ACRA, Google Searches",,
,,16/12/2025,PEBBLES PUB,PEBBLE PUB,,TeleSales,,Offline Sources,Adhoc,,53027759W,,,,,,,,,,,,,,,,"B2C, Offline",,,,,,,,,,,,,,,,65 8112 8826,,,,,,,,,,,,,,,Gov List,"ACRA, Google Searches",,
,,16/12/2025,BRENNACK F&B PTE. LTD.,BRENNACK,,TeleSales,,Offline Sources,Adhoc,,202017778Z,,,,,,,,,,,,,,,,"B2C, Offline",,,,,,,,,,,,,,,,65 9229 7626,zack@brennack.com,,,,,,,,,,,,,,Gov List,"ACRA, Google Searches",,
,,16/12/2025,FURAMA PTE. LTD.,FURAMA,,TeleSales,,Offline Sources,Adhoc,,196700502G,,,,,,,,,,,,,,,,"B2C, Offline",,,,,,,,,,,,,,,,65 6739 6417,kongsg@furama.com,,,,,,,,,,,,,,Gov List,"ACRA, Google Searches",,
,,16/12/2025,PASARBELLA SUNTEC PTE. LTD.,PASARBELLA @ SUNTEC,,TeleSales,,Offline Sources,Adhoc,,201500522C,,,,,,,,,,,,,,,,"B2C, Offline",,,,,,,,,,,,,,,,65 9641 4627,,,,,,,,,,,,,,,Gov List,"ACRA, Google Searches",,
,,16/12/2025,GREEN KITCHEN PTE. LTD.,GREEN KITCHEN,,TeleSales,,Offline Sources,Adhoc,,202038434N,,,,,,,,,,,,,,,,"B2C, Offline",,,,,,,,,,,,,,,,65 8346 7267,maxamilian@greenkitchen.co,,,,,,,,,,,,,,Gov List,"ACRA, Google Searches",,
,,16/12/2025,FT GROUP PTE. LTD.,FT,,TeleSales,,Offline Sources,Adhoc,,201210355K,,,,,,,,,,,,,,,,"B2C, Offline",,,,,,,,,,,,,,,,65 8870 9490,kelvintanweimin@gmail.com,,,,,,,,,,,,,,Gov List,"ACRA, Google Searches",,
,,16/12/2025,THE COFFEE ACADEMICS PTE. LTD.,THE COFFEE ACADEMICS,,TeleSales,,Offline Sources,Adhoc,,201537245E,,,,,,,,,,,,,,,,"B2C, Offline",,,,,,,,,,,,,,,,65 8556 5492,shayne.fernandez@the-coffeeacademics.com,,,,,,,,,,,,,,Gov List,"ACRA, Google Searches",,
,,16/12/2025,39 ANTS PTE. LTD.,39 ANTS,,TeleSales,,Offline Sources,Adhoc,,201914708H,,,,,,,,,,,,,,,,"B2C, Offline",,,,,,,,,,,,,,,,65 9739 3627,patrick.sehoo@39ants.com,,,,,,,,,,,,,,Gov List,"ACRA, Google Searches",,
,,16/12/2025,KLOUDWORK PRIVATE LTD.,KLOUDWORK,,TeleSales,,Offline Sources,Adhoc,,202027968N,,,,,,,,,,,,,,,,"B2C, Offline",,,,,,,,,,,,,,,,65 9298 5704,,,,,,,,,,,,,,,Gov List,"ACRA, Google Searches",,
,,16/12/2025,THE BLACK HOLE PRIVATE LIMITED,THE BLACK HOLE,,TeleSales,,Offline Sources,Adhoc,,202107740Z,,,,,,,,,,,,,,,,"B2C, Offline",,,,,,,,,,,,,,,,65 9651 2346,afiq@theblackhole.sg,,,,,,,,,,,,,,Gov List,"ACRA, Google Searches",,
,,16/12/2025,ALLINALL PTE. LTD.,ALLINALL,,TeleSales,,Offline Sources,Adhoc,,202101671R,,,,,,,,,,,,,,,,"B2C, Offline",,,,,,,,,,,,,,,,65 8569 1544,sonia@allinall5l2f.com,,,,,,,,,,,,,,Gov List,"ACRA, Google Searches",,
,,16/12/2025,ONE15 MARINA HOLDINGS PTE. LTD.,ONE15 MARINA,,TeleSales,,Offline Sources,Adhoc,,201502122R,,,,,,,,,,,,,,,,"B2C, Offline",,,,,,,,,,,,,,,,65 6305 6988,desmond.goh@one15marina.com,,,,,,,,,,,,,,Gov List,"ACRA, Google Searches",,
,,16/12/2025,THE CORNER HOUSE HOLDINGS PTE. LTD.,THE CORNER HOUSE,,TeleSales,,Offline Sources,Adhoc,,201307698W,,,,,,,,,,,,,,,,"B2C, Offline",,,,,,,,,,,,,,,,65 4609 5493,nrgnijman@hotmail.com,,,,,,,,,,,,,,Gov List,"ACRA, Google Searches",,
,,16/12/2025,THE SOCIAL ALLEY PTE. LTD.,THE SOCIAL ALLEY,,TeleSales,,Offline Sources,Adhoc,,202105813R,,,,,,,,,,,,,,,,"B2C, Offline",,,,,,,,,,,,,,,,65 9329 2727,,,,,,,,,,,,,,,Gov List,"ACRA, Google Searches",,
,,16/12/2025,AAYAN INDIAN CUISINE PTE. LTD.,AAYAN INDIAN CUISINE,,TeleSales,,Offline Sources,Adhoc,,201625666M,,,,,,,,,,,,,,,,"B2C, Offline",,,,,,,,,,,,,,,,65 8254 7113,pepperspice100am@gmail.com,,,,,,,,,,,,,,Gov List,"ACRA, Google Searches",,
,,16/12/2025,CRYSTAL JADE PTE. LTD.,CRYSTAL JADE CHAIN,,TeleSales,,Offline Sources,Adhoc,,201837864W,,,,,,,,,,,,,,,,"B2C, Offline",,,,,,,,,,,,,,,,,,,,,,,,,,,,,,,Gov List,"ACRA, Google Searches",,
,,16/12/2025,HIRYU PTE. LTD.,HIRYU,,TeleSales,,Offline Sources,Adhoc,,201821305D,,,,,,,,,,,,,,,,"B2C, Offline",,,,,,,,,,,,,,,,,,,,,,,,,,,,,,,Gov List,"ACRA, Google Searches",,
,,16/12/2025,SHINJUKU RESTAURANT PTE. LTD.,SHINJUKU RESTAURANT,,TeleSales,,Offline Sources,Adhoc,,198201850C,,,,,,,,,,,,,,,,"B2C, Offline",,,,,,,,,,,,,,,,65 9072 4444,,,,,,,,,,,,,,,Gov List,"ACRA, Google Searches",,
,,16/12/2025,SAVEUR PTE. LTD.,SAVEUR,,TeleSales,,Offline Sources,Adhoc,,201201236Z,,,,,,,,,,,,,,,,"B2C, Offline",,,,,,,,,,,,,,,,65 9366 4223,jolyn@saveur.sg,,,,,,,,,,,,,,Gov List,"ACRA, Google Searches",,
,,16/12/2025,SHINKO IMPORT & EXPORT PTE LTD,SHINKO IMPORT & EXPORT,,TeleSales,,Offline Sources,Adhoc,,199300469G,,,,,,,,,,,,,,,,"B2C, Offline",,,,,,,,,,,,,,,,65 8886 3282,hocksoon8@gmail.com,,,,,,,,,,,,,,Gov List,"ACRA, Google Searches",,
,,16/12/2025,MUM'S KITCHEN CATERING PTE. LTD.,MUMS KITCHEN CATERING,,TeleSales,,Offline Sources,Adhoc,,200917408H,,,,,,,,,,,,,,,,"B2C, Offline",,,,,,,,,,,,,,,,65 6246 2740,,,,,,,,,,,,,,,Gov List,"ACRA, Google Searches",,
,,16/12/2025,FOOYO PTE. LTD.,FOOYO,,TeleSales,,Offline Sources,Adhoc,,201433220R,,,,,,,,,,,,,,,,"B2C, Offline",,,,,,,,,,,,,,,,65 8412 7233,shao@fooyo.sg,,,,,,,,,,,,,,Gov List,"ACRA, Google Searches",,
,,16/12/2025,EASTERN HOUSE OF SEAFOOD PTE. LTD.,EASTERN HOUSE OF SEAFOOD,,TeleSales,,Offline Sources,Adhoc,,201811365C,,,,,,,,,,,,,,,,"B2C, Offline",,,,,,,,,,,,,,,,65 9186 5321,easternhouseofseafood@gmail.com,,,,,,,,,,,,,,Gov List,"ACRA, Google Searches",,
,,16/12/2025,GOKUL VEGETARIAN RESTAURANT AND CAFE PTE. LTD.,GOKUL VEGETARIAN INDIAN RESTAURANT,,TeleSales,,Offline Sources,Adhoc,,200300981M,,,,,,,,,,,,,,,,"B2C, Offline",,,,,,,,,,,,,,,,65 8949 1452,gokulrestaurant@yahoo.com.sg,,,,,,,,,,,,,,Gov List,"ACRA, Google Searches",,
,,16/12/2025,CAFFEINE SOLUTIONS PRIVATE LIMITED,CAFFEINE,,TeleSales,,Offline Sources,Adhoc,,201703470E,,,,,,,,,,,,,,,,"B2C, Offline",,,,,,,,,,,,,,,,65 9680 2008,ben@caffeinesolutions.sg,,,,,,,,,,,,,,Gov List,"ACRA, Google Searches",,
,,16/12/2025,HUAT HENG DESSERTS,HUAT HENG DESSERTS,,TeleSales,,Offline Sources,Adhoc,,53215990W,,,,,,,,,,,,,,,,"B2C, Offline",,,,,,,,,,,,,,,,65 8818 4254,,,,,,,,,,,,,,,Gov List,"ACRA, Google Searches",,
,,16/12/2025,SINGAPORE SAIZERIYA PTE. LTD.,SAIZERIYA,,TeleSales,,Offline Sources,Adhoc,,200818603R,,,,,,,,,,,,,,,,"B2C, Offline",,,,,,,,,,,,,,,,65 8189 6226,k.haoyang@saizeriya.com.sg,,,,,,,,,,,,,,Gov List,"ACRA, Google Searches",,
,,16/12/2025,GEYLANG LORONG 20 BANANA FRITTERS,GEYLANG LOR 20 BANANA FRITTERS,,TeleSales,,Offline Sources,Adhoc,,53500367J,,,,,,,,,,,,,,,,"B2C, Offline",,,,,,,,,,,,,,,,65 8183 2747,alan@g20bfrits.com.sg,,,,,,,,,,,,,,Gov List,"ACRA, Google Searches",,
,,16/12/2025,SINGAPORE F&B LEADERSHIP MANAGEMENT PTE. LTD.,F&B LEADERSHIP MANAGEMENT,,TeleSales,,Offline Sources,Adhoc,,201823256R,,,,,,,,,,,,,,,,"B2C, Offline",,,,,,,,,,,,,,,,65 8339 8649,limrichstep@gmail.com,,,,,,,,,,,,,,Gov List,"ACRA, Google Searches",,
,,16/12/2025,BOB & COCO,BOB & COCO,,TeleSales,,Offline Sources,Adhoc,,53430073A,,,,,,,,,,,,,,,,"B2C, Offline",,,,,,,,,,,,,,,,65 9129 6401,twoxfour.sg@gmail.com,,,,,,,,,,,,,,Gov List,"ACRA, Google Searches",,
,,16/12/2025,B N B CAFE,B&T CAFE,,TeleSales,,Offline Sources,Adhoc,,53467676J,,,,,,,,,,,,,,,,"B2C, Offline",,,,,,,,,,,,,,,,65 9450 2019,,,,,,,,,,,,,,,Gov List,"ACRA, Google Searches",,
,,16/12/2025,FILL-A-PITA PTE. LTD.,FILL A PITA,,TeleSales,,Offline Sources,Adhoc,,201129153C,,,,,,,,,,,,,,,,"B2C, Offline",,,,,,,,,,,,,,,,65 9764 1600,hugo@fillapita.co,,,,,,,,,,,,,,Gov List,"ACRA, Google Searches",,
,,16/12/2025,YELLOW CAB PIZZA CO.,YELLOW CAB PIZZA PAGH,,TeleSales,,Offline Sources,Adhoc,,53348663K,,,,,,,,,,,,,,,,"B2C, Offline",,,,,,,,,,,,,,,,65 8189 7490,tiarachopra@outlook.com,,,,,,,,,,,,,,Gov List,"ACRA, Google Searches",,
,,16/12/2025,ONE FATTENED CALF PTE. LTD.,ONE FATTENED CALF,,TeleSales,,Offline Sources,Adhoc,,202117511C,,,,,,,,,,,,,,,,"B2C, Offline",,,,,,,,,,,,,,,,65 9799 3545,corrinelim.chan@gmail.com,,,,,,,,,,,,,,Gov List,"ACRA, Google Searches",,
,,16/12/2025,GLOBAL INNO FOOD PTE. LTD.,INNO FOOD,,TeleSales,,Offline Sources,Adhoc,,201825988K,,,,,,,,,,,,,,,,"B2C, Offline",,,,,,,,,,,,,,,,65 8533 6703,,,,,,,,,,,,,,,Gov List,"ACRA, Google Searches",,
,,16/12/2025,GEETHAM FOOD HOUSE PTE. LTD.,GEETHAM FOOD HOUSE,,TeleSales,,Offline Sources,Adhoc,,202228210E,,,,,,,,,,,,,,,,"B2C, Offline",,,,,,,,,,,,,,,,65 9242 3574,geethamfoodhouse@gmail.com,,,,,,,,,,,,,,Gov List,"ACRA, Google Searches",,
,,16/12/2025,THE HOT GATHERING PTE. LTD.,THE HOT GATHERING,,TeleSales,,Offline Sources,Adhoc,,201819219W,,,,,,,,,,,,,,,,"B2C, Offline",,,,,,,,,,,,,,,,65 8800 5533,xuenan.yang@icloud.com,,,,,,,,,,,,,,Gov List,"ACRA, Google Searches",,
,,16/12/2025,BAKES N BITES,BAKES AND BITES,,TeleSales,,Offline Sources,Adhoc,,53175755B,,,,,,,,,,,,,,,,"B2C, Offline",,,,,,,,,,,,,,,,65 9780 8889,limandy1995@gmail.com,,,,,,,,,,,,,,Gov List,"ACRA, Google Searches",,
,,16/12/2025,ASMARA LAND (S) PTE. LTD.,ASMARA,,TeleSales,,Offline Sources,Adhoc,,201104226M,,,,,,,,,,,,,,,,"B2C, Offline",,,,,,,,,,,,,,,,65 9835 0867,,,,,,,,,,,,,,,Gov List,"ACRA, Google Searches",,
,,16/12/2025,CHONG POH GOURMET PTE. LTD.,CHONG POH GOURMET,,TeleSales,,Offline Sources,Adhoc,,202103674C,,,,,,,,,,,,,,,,"B2C, Offline",,,,,,,,,,,,,,,,65 8418 6725,longminliau@gmail.com,,,,,,,,,,,,,,Gov List,"ACRA, Google Searches",,
,,16/12/2025,MEGUSTA PTE. LTD.,MEGUSTA CAFE,,TeleSales,,Offline Sources,Adhoc,,201220339G,,,,,,,,,,,,,,,,"B2C, Offline",,,,,,,,,,,,,,,,65 8786 8878,megusta.bookkeeping@gmail.com,,,,,,,,,,,,,,Gov List,"ACRA, Google Searches",,
,,16/12/2025,JACK PTE. LTD.,JACK MA,,TeleSales,,Offline Sources,Adhoc,,202010270E,,,,,,,,,,,,,,,,"B2C, Offline",,,,,,,,,,,,,,,,65 6123 8923,jackma@jackma.com.sg,,,,,,,,,,,,,,Gov List,"ACRA, Google Searches",,
,,16/12/2025,TIMBRE PTE. LTD.,TIMBRE,,TeleSales,,Offline Sources,Adhoc,,200503893H,,,,,,,,,,,,,,,,"B2C, Offline",,,,,,,,,,,,,,,,65 9050 0014,dawnni5580@gmail.com,,,,,,,,,,,,,,Gov List,"ACRA, Google Searches",,
,,16/12/2025,AFFINITY CAFE & BAKERY PTE. LTD.,AFFINITY CAFE & BAKERY,,TeleSales,,Offline Sources,Adhoc,,201907130D,,,,,,,,,,,,,,,,"B2C, Offline",,,,,,,,,,,,,,,,65 9668 8569,affinitycafe@hotmail.com,,,,,,,,,,,,,,Gov List,"ACRA, Google Searches",,
,,16/12/2025,SPOILMRKT PTE. LTD.,SPOILMRKT,,TeleSales,,Offline Sources,Adhoc,,202103037R,,,,,,,,,,,,,,,,"B2C, Offline",,,,,,,,,,,,,,,,65 9337 8378,cassandra.lye@gmail.com,,,,,,,,,,,,,,Gov List,"ACRA, Google Searches",,
,,16/12/2025,WOK HEY PTE. LTD.,WOK HEY,,TeleSales,,Offline Sources,Adhoc,,201617998K,,,,,,,,,,,,,,,,"B2C, Offline",,,,,,,,,,,,,,,,65 9827 0484,jason.tan@wokhey.sg,,,,,,,,,,,,,,Gov List,"ACRA, Google Searches",,
,,16/12/2025,GOODEARTH SEAFOOD SOUP PTE. LTD.,GOODEARTH SEAFOOD SOUP @ -- TO,,TeleSales,,Offline Sources,Adhoc,,201812193E,,,,,,,,,,,,,,,,"B2C, Offline",,,,,,,,,,,,,,,,65 8346 8399,goodearthseafoodsoup@gmail.com,,,,,,,,,,,,,,Gov List,"ACRA, Google Searches",,
,,16/12/2025,MARCY FOODS PTE. LTD.,MARCY FOODS @ -- TO,,TeleSales,,Offline Sources,Adhoc,,202127044W,,,,,,,,,,,,,,,,"B2C, Offline",,,,,,,,,,,,,,,,65 9788 3001,theartisanyard@gmail.com,,,,,,,,,,,,,,Gov List,"ACRA, Google Searches",,
,,16/12/2025,THE SERANGOON NYONYA PTE. LTD.,THE SERANGOON NYONYA @ -- TO,,TeleSales,,Offline Sources,Adhoc,,202129718W,,,,,,,,,,,,,,,,"B2C, Offline",,,,,,,,,,,,,,,,65 9833 8486,tandeluneugene@gmail.com,,,,,,,,,,,,,,Gov List,"ACRA, Google Searches",,
,,16/12/2025,TGAL SINGAPORE PTE. LTD.,TGAL @ -- TO,,TeleSales,,Offline Sources,Adhoc,,201736216H,,,,,,,,,,,,,,,,"B2C, Offline",,,,,,,,,,,,,,,,65 8128 9149,terence9149@gmail.com,,,,,,,,,,,,,,Gov List,"ACRA, Google Searches",,
,,16/12/2025,RYO YAKINIKU PTE. LTD.,RYO YAKINIKU,,TeleSales,,Offline Sources,Adhoc,,202201747C,,,,,,,,,,,,,,,,"B2C, Offline",,,,,,,,,,,,,,,,65 9066 0981,ismaildidih@gmail.com,,,,,,,,,,,,,,Gov List,"ACRA, Google Searches",,
,,16/12/2025,HOLIDAY INN SINGAPORE LITTLE INDIA,HOLIDAY INN LITTLE INDIA @ -- TO,,TeleSales,,Offline Sources,Adhoc,,53328472D,,,,,,,,,,,,,,,,"B2C, Offline",,,,,,,,,,,,,,,,65 9234 5984,shreyas.ladde@ihg.com,,,,,,,,,,,,,,Gov List,"ACRA, Google Searches",,
,,16/12/2025,CORNERSTONE SAFETY & SECURITY PTE. LTD.,CORNERSTONE SAFETY & SECURITY AMK,,TeleSales,,Offline Sources,Adhoc,,201511596H,,,,,,,,,,,,,,,,"B2C, Offline",,,,,,,,,,,,,,,,65 9730 2116,patrickxu@cornerstoness.com.sg,,,,,,,,,,,,,,Gov List,"ACRA, Google Searches",,
,,16/12/2025,KEYS FRESH PTE. LTD.,KEYS FRESH @ -- TO,,TeleSales,,Offline Sources,Adhoc,,201821026R,,,,,,,,,,,,,,,,"B2C, Offline",,,,,,,,,,,,,,,,65 9661 0230,keysfresh@outlook.com,,,,,,,,,,,,,,Gov List,"ACRA, Google Searches",,
,,16/12/2025,SOCIETEA PTE. LTD.,SOCIETEA @ -- TO,,TeleSales,,Offline Sources,Adhoc,,201841550W,,,,,,,,,,,,,,,,"B2C, Offline",,,,,,,,,,,,,,,,65 9738 9460,au.zi.ning@outlook.com,,,,,,,,,,,,,,Gov List,"ACRA, Google Searches",,
,,16/12/2025,SHAKE SHACK SINGAPORE JEWEL PTE. LTD.,SHAKE SHACK JEWEL,,TeleSales,,Offline Sources,Adhoc,,201842979R,,,,,,,,,,,,,,,,"B2C, Offline",,,,,,,,,,,,,,,,65 9170 9251,cindy_yeo@spc.co.kr,,,,,,,,,,,,,,Gov List,"ACRA, Google Searches",,
,,16/12/2025,MAKANSUTRA (S) PTE LTD,MAKANSUTRA,,TeleSales,,Offline Sources,Adhoc,,200100783W,,,,,,,,,,,,,,,,"B2C, Offline",,,,,,,,,,,,,,,,65 9006 7759,gordon@makansutra.com,,,,,,,,,,,,,,Gov List,"ACRA, Google Searches",,
,,16/12/2025,GOODWILL ENTERTAINMENT HOLDING LIMITED,GOODWILL ENTERTAINMENT,,TeleSales,,Offline Sources,Adhoc,,201633838K,,,,,,,,,,,,,,,,"B2C, Offline",,,,,,,,,,,,,,,,65 9625 3026,lynn@goodwillsg.com,,,,,,,,,,,,,,Gov List,"ACRA, Google Searches",,
,,16/12/2025,JAVA KITCHEN PTE. LTD.,JAVA KITCHEN,,TeleSales,,Offline Sources,Adhoc,,200702119C,,,,,,,,,,,,,,,,"B2C, Offline",,,,,,,,,,,,,,,,65 8292 9609,james@indochili.com,,,,,,,,,,,,,,Gov List,"ACRA, Google Searches",,
,,16/12/2025,HARMON & CO PTE. LTD.,HARMON,,TeleSales,,Offline Sources,Adhoc,,201331181M,,,,,,,,,,,,,,,,"B2C, Offline",,,,,,,,,,,,,,,,65 8699 6250,darren.tan@frucesg.com,,,,,,,,,,,,,,Gov List,"ACRA, Google Searches",,
,,16/12/2025,BREW PTE. LTD.,BREW,,TeleSales,,Offline Sources,Adhoc,,201623115M,,,,,,,,,,,,,,,,"B2C, Offline",,,,,,,,,,,,,,,,65 9298 2896,nehemiah@brewsg.com,,,,,,,,,,,,,,Gov List,"ACRA, Google Searches",,
,,16/12/2025,THE FOOD BARN,FOOD BARN,,TeleSales,,Offline Sources,Adhoc,,52885506M,,,,,,,,,,,,,,,,"B2C, Offline",,,,,,,,,,,,,,,,65 9003 9997,amy.quek@gtk.com.sg,,,,,,,,,,,,,,Gov List,"ACRA, Google Searches",,
,,16/12/2025,WIRED MONKEY LLP,THE WIRED MONKEY,,TeleSales,,Offline Sources,Adhoc,,T17LL0080H,,,,,,,,,,,,,,,,"B2C, Offline",,,,,,,,,,,,,,,,65 9069 4569,askmonkey@outlook.com,,,,,,,,,,,,,,Gov List,"ACRA, Google Searches",,
,,16/12/2025,PAPITTO GELATO PTE. LTD.,PAPITTO GELATO,,TeleSales,,Offline Sources,Adhoc,,201431093R,,,,,,,,,,,,,,,,"B2C, Offline",,,,,,,,,,,,,,,,65 9627 3501,gelato@papitto.com,,,,,,,,,,,,,,Gov List,"ACRA, Google Searches",,
,,16/12/2025,YAMATO IZAKAYA (PTE. LTD.),YAMATO IZAKAYA,,TeleSales,,Offline Sources,Adhoc,,201733803C,,,,,,,,,,,,,,,,"B2C, Offline",,,,,,,,,,,,,,,,65 9182 7019,dani@yamatoizakaya.com.sg,,,,,,,,,,,,,,Gov List,"ACRA, Google Searches",,
,,16/12/2025,CUCINA 17 SUPPLIES PTE. LTD.,CUCINA SUPPLIES,,TeleSales,,Offline Sources,Adhoc,,201113328K,,,,,,,,,,,,,,,,"B2C, Offline",,,,,,,,,,,,,,,,65 9825 0065,cucina17@yahoo.com.sg,,,,,,,,,,,,,,Gov List,"ACRA, Google Searches",,
,,16/12/2025,KINTSUGI PTE. LTD.,KINTSUGI,,TeleSales,,Offline Sources,Adhoc,,201607038E,,,,,,,,,,,,,,,,"B2C, Offline",,,,,,,,,,,,,,,,65 9437 7915,dianatby@icloud.com,,,,,,,,,,,,,,Gov List,"ACRA, Google Searches",,
,,16/12/2025,MORNING GRIND PTE. LTD.,MORNING GRIND,,TeleSales,,Offline Sources,Adhoc,,201837574G,,,,,,,,,,,,,,,,"B2C, Offline",,,,,,,,,,,,,,,,65 9660 3989,pdianna08@gmail.com,,,,,,,,,,,,,,Gov List,"ACRA, Google Searches",,
,,16/12/2025,1 TYRWHITT BISTRO BAR PTE. LTD.,1 TYRWHITT BISTRO BAR,,TeleSales,,Offline Sources,Adhoc,,201502900E,,,,,,,,,,,,,,,,"B2C, Offline",,,,,,,,,,,,,,,,65 9766 9483,paul@hyperlink.com.sg,,,,,,,,,,,,,,Gov List,"ACRA, Google Searches",,
,,16/12/2025,RELISH PR,RELISH,,TeleSales,,Offline Sources,Adhoc,,53218466A,,,,,,,,,,,,,,,,"B2C, Offline",,,,,,,,,,,,,,,,65 8125 9701,neelendra@njgroup.sg,,,,,,,,,,,,,,Gov List,"ACRA, Google Searches",,
,,16/12/2025,THE SOCIAL SPACE PTE. LTD.,SOCIAL SPACE,,TeleSales,,Offline Sources,Adhoc,,201729770D,,,,,,,,,,,,,,,,"B2C, Offline",,,,,,,,,,,,,,,,65 6655 0221,prisca@thesocialspace.co,,,,,,,,,,,,,,Gov List,"ACRA, Google Searches",,
,,16/12/2025,JIANG SEAFOOD PTE. LTD.,JIANG JAN SEAFOOD,,TeleSales,,Offline Sources,Adhoc,,202127219D,,,,,,,,,,,,,,,,"B2C, Offline",,,,,,,,,,,,,,,,65 9850 7677,,,,,,,,,,,,,,,Gov List,"ACRA, Google Searches",,
,,16/12/2025,TIONG BAHRU TIAN BO SHUI KUEH PTE. LTD.,TIONG BAHRU TIAN BO SHUI KUEH,,TeleSales,,Offline Sources,Adhoc,,201016443C,,,,,,,,,,,,,,,,"B2C, Offline",,,,,,,,,,,,,,,,65 9878 2152,,,,,,,,,,,,,,,Gov List,"ACRA, Google Searches",,
,,16/12/2025,KITCHEN LANGUAGE PTE. LTD.,KITCHEN LANGUAGE,,TeleSales,,Offline Sources,Adhoc,,200817973M,,,,,,,,,,,,,,,,"B2C, Offline",,,,,,,,,,,,,,,,65 6830 6169,stanleyyap@live.com,,,,,,,,,,,,,,Gov List,"ACRA, Google Searches",,
,,16/12/2025,S&M RESTAURANT PTE. LTD.,PO RESTAURANT,,TeleSales,,Offline Sources,Adhoc,,202304352N,,,,,,,,,,,,,,,,"B2C, Offline",,,,,,,,,,,,,,,,65 8352 5999,alvin.sivam@thewarehousehotel.com,,,,,,,,,,,,,,Gov List,"ACRA, Google Searches",,
,,16/12/2025,HONG KONG CAFE PTE. LTD.,OLD HONG KONG CAFE,,TeleSales,,Offline Sources,Adhoc,,200412515D,,,,,,,,,,,,,,,,"B2C, Offline",,,,,,,,,,,,,,,,65 9765 2832,victoria@oldhongkong.com.sg,,,,,,,,,,,,,,Gov List,"ACRA, Google Searches",,
,,16/12/2025,GO GO DIGITAL PTE. LTD.,GO DIGITAL,,TeleSales,,Offline Sources,Adhoc,,202123252M,,,,,,,,,,,,,,,,"B2C, Offline",,,,,,,,,,,,,,,,65 9763 0707,changhsienlee32@gmail.com,,,,,,,,,,,,,,Gov List,"ACRA, Google Searches",,
,,16/12/2025,THE COFFEE ACADEMICS PTE. LTD.,COFFEE ACADEMICS,,TeleSales,,Offline Sources,Adhoc,,201537245E,,,,,,,,,,,,,,,,"B2C, Offline",,,,,,,,,,,,,,,,65 9299 1078,nicole.ng@the-coffeeacademics.com,,,,,,,,,,,,,,Gov List,"ACRA, Google Searches",,
,,16/12/2025,ORGO PTE. LTD.,ORGO,,TeleSales,,Offline Sources,Adhoc,,200816732E,,,,,,,,,,,,,,,,"B2C, Offline",,,,,,,,,,,,,,,,65 9680 4520,nick@orgo.sg,,,,,,,,,,,,,,Gov List,"ACRA, Google Searches",,
,,16/12/2025,KHEK & CO. PTE. LTD.,KHEK,,TeleSales,,Offline Sources,Adhoc,,202020548R,,,,,,,,,,,,,,,,"B2C, Offline",,,,,,,,,,,,,,,,65 9745 1759,kheknco@gmail.com,,,,,,,,,,,,,,Gov List,"ACRA, Google Searches",,
,,16/12/2025,TIAN WEI SIGNATURE PTE. LTD.,TIAN WEI SIGNATURE,,TeleSales,,Offline Sources,Adhoc,,201631865D,,,,,,,,,,,,,,,,"B2C, Offline",,,,,,,,,,,,,,,,65 8908 1070,zhenyi@herloconsultancy.com,,,,,,,,,,,,,,Gov List,"ACRA, Google Searches",,
,,16/12/2025,I F F F&B PTE. LTD.,F&B,,TeleSales,,Offline Sources,Adhoc,,202415376C,,,,,,,,,,,,,,,,"B2C, Offline",,,,,,,,,,,,,,,,65 8750 3193,,,,,,,,,,,,,,,Gov List,"ACRA, Google Searches",,
,,16/12/2025,RHIZOME CONSULTING,RHIZOME CONSULTANCY,,TeleSales,,Offline Sources,Adhoc,,53072300W,,,,,,,,,,,,,,,,"B2C, Offline",,,,,,,,,,,,,,,,65 2221 2481,sunil@rhizomesolutions.com,,,,,,,,,,,,,,Gov List,"ACRA, Google Searches",,
,,16/12/2025,THE FORAGE EXPRESS PTE. LTD.,FORAGE EXPRESS,,TeleSales,,Offline Sources,Adhoc,,202023362R,,,,,,,,,,,,,,,,"B2C, Offline",,,,,,,,,,,,,,,,65 9627 3271,lau.kangyang@13honey.sg,,,,,,,,,,,,,,Gov List,"ACRA, Google Searches",,
,,16/12/2025,L&M EATING HOUSE PTE. LTD.,L&M EATING HOUSE,,TeleSales,,Offline Sources,Adhoc,,201720948N,,,,,,,,,,,,,,,,"B2C, Offline",,,,,,,,,,,,,,,,65 9363 5832,papafood313@gmail.com,,,,,,,,,,,,,,Gov List,"ACRA, Google Searches",,
,,16/12/2025,OMEGA 1 PTE. LIMITED,N-OMEGA,,TeleSales,,Offline Sources,Adhoc,,202118752H,,,,,,,,,,,,,,,,"B2C, Offline",,,,,,,,,,,,,,,,65 8382 4499,elliot.j.sam@gmail.com,,,,,,,,,,,,,,Gov List,"ACRA, Google Searches",,
,,16/12/2025,JYJ FOOD PTE. LTD.,JYJ,,TeleSales,,Offline Sources,Adhoc,,202023791C,,,,,,,,,,,,,,,,"B2C, Offline",,,,,,,,,,,,,,,,65 9452 1713,,,,,,,,,,,,,,,Gov List,"ACRA, Google Searches",,
,,16/12/2025,OLD STREET BAK KUT TEH PTE. LTD.,OLD STREET BAK KUT TEH,,TeleSales,,Offline Sources,Adhoc,,201303398H,,,,,,,,,,,,,,,,"B2C, Offline",,,,,,,,,,,,,,,,65 9678 7030,limkuanyiou@oldstreet.com.sg,,,,,,,,,,,,,,Gov List,"ACRA, Google Searches",,
,,16/12/2025,AMARA SANCTUARY SENTOSA,AMARA SANCTUARY RESORT SENTOSA,,TeleSales,,Offline Sources,Adhoc,,53070985J,,,,,,,,,,,,,,,,"B2C, Offline",,,,,,,,,,,,,,,,,,,,,,,,,,,,,,,Gov List,"ACRA, Google Searches",,
,,16/12/2025,TEA DOUGH PTE. LTD.,TEA DOUGH,,TeleSales,,Offline Sources,Adhoc,,201834887G,,,,,,,,,,,,,,,,"B2C, Offline",,,,,,,,,,,,,,,,,,,,,,,,,,,,,,,Gov List,"ACRA, Google Searches",,
,,16/12/2025,YAKIZEN PTE. LTD.,YAKIZEN,,TeleSales,,Offline Sources,Adhoc,,202029496K,,,,,,,,,,,,,,,,"B2C, Offline",,,,,,,,,,,,,,,,65 9788 5550,dianechiang@hotmail.com,,,,,,,,,,,,,,Gov List,"ACRA, Google Searches",,
,,16/12/2025,NA NA & I PTE. LTD.,NA,,TeleSales,,Offline Sources,Adhoc,,201825576W,,,,,,,,,,,,,,,,"B2C, Offline",,,,,,,,,,,,,,,,65 9689 7608,bigbossedmund@gmail.com,,,,,,,,,,,,,,Gov List,"ACRA, Google Searches",,
,,16/12/2025,TARDIGRADE DIGITAL PTE. LTD.,TARDIGRADE,,TeleSales,,Offline Sources,Adhoc,,202122401K,,,,,,,,,,,,,,,,"B2C, Offline",,,,,,,,,,,,,,,,65 8828 8500,tardigrade8as@gmail.com,,,,,,,,,,,,,,Gov List,"ACRA, Google Searches",,
,,16/12/2025,KINARA TECH PTE. LTD.,KINARA,,TeleSales,,Offline Sources,Adhoc,,202529308C,,,,,,,,,,,,,,,,"B2C, Offline",,,,,,,,,,,,,,,,65 9008 4751,vpatro1@babson.edu,,,,,,,,,,,,,,Gov List,"ACRA, Google Searches",,
,,16/12/2025,PHIN'S STEAKHOUSE PTE. LTD.,PHINÂS STEAKHOUSE,,TeleSales,,Offline Sources,Adhoc,,200208149Z,,,,,,,,,,,,,,,,"B2C, Offline",,,,,,,,,,,,,,,,65 9815 0500,siew.jason@hotmail.com,,,,,,,,,,,,,,Gov List,"ACRA, Google Searches",,
,,16/12/2025,STAMFLES GROUP HOLDINGS PTE. LTD.,STAMFLES,,TeleSales,,Offline Sources,Adhoc,,201504698R,,,,,,,,,,,,,,,,"B2C, Offline",,,,,,,,,,,,,,,,65 9233 5336,jueni@stamfles.com,,,,,,,,,,,,,,Gov List,"ACRA, Google Searches",,
,,16/12/2025,TAB SG PTE. LTD.,TAB TAB,,TeleSales,,Offline Sources,Adhoc,,200922394C,,,,,,,,,,,,,,,,"B2C, Offline",,,,,,,,,,,,,,,,65 7654 3210,shah.aman106@gmail.com,,,,,,,,,,,,,,Gov List,"ACRA, Google Searches",,
,,16/12/2025,EATZ CATERING SERVICES PTE. LTD.,EATZ CATERING,,TeleSales,,Offline Sources,Adhoc,,200921461H,,,,,,,,,,,,,,,,"B2C, Offline",,,,,,,,,,,,,,,,65 6442 0928,aberdeen@eatzcatering.com,,,,,,,,,,,,,,Gov List,"ACRA, Google Searches",,
,,16/12/2025,TENKAICHI RESTAURANT PTE. LTD.,TENKAICHI RESTAURANT,,TeleSales,,Offline Sources,Adhoc,,201309322M,,,,,,,,,,,,,,,,"B2C, Offline",,,,,,,,,,,,,,,,65 9070 6376,,,,,,,,,,,,,,,Gov List,"ACRA, Google Searches",,
,,16/12/2025,JHPK PTE. LTD.,JHPK CAFE,,TeleSales,,Offline Sources,Adhoc,,201803698K,,,,,,,,,,,,,,,,"B2C, Offline",,,,,,,,,,,,,,,,65 9850 5391,jhpk.sg@gmail.com,,,,,,,,,,,,,,Gov List,"ACRA, Google Searches",,
,,16/12/2025,QI XIANG PTE. LTD.,QI XIANG,,TeleSales,,Offline Sources,Adhoc,,201834283R,,,,,,,,,,,,,,,,"B2C, Offline",,,,,,,,,,,,,,,,65 9633 1563,zenithneo@gmail.com,,,,,,,,,,,,,,Gov List,"ACRA, Google Searches",,
,,16/12/2025,HK NANYANG PTE. LTD.,HK NANYANG,,TeleSales,,Offline Sources,Adhoc,,201915047D,,,,,,,,,,,,,,,,"B2C, Offline",,,,,,,,,,,,,,,,65 8778 2099,winnie.cheong@homekitchen.com.sg,,,,,,,,,,,,,,Gov List,"ACRA, Google Searches",,
,,16/12/2025,TORIDOLL SINGAPORE PTE. LTD.,TORIDOLL,,TeleSales,,Offline Sources,Adhoc,,201716903H,,,,,,,,,,,,,,,,"B2C, Offline",,,,,,,,,,,,,,,,65 8133 8244,kathy@trdhy.com,,,,,,,,,,,,,,Gov List,"ACRA, Google Searches",,
,,16/12/2025,UMINOIE NIHON RYORI PTE. LTD.,UMINOIE NIHON RYORI,,TeleSales,,Offline Sources,Adhoc,,200608485E,,,,,,,,,,,,,,,,"B2C, Offline",,,,,,,,,,,,,,,,65 8661 1597,uminoie.hakata@gmail.com,,,,,,,,,,,,,,Gov List,"ACRA, Google Searches",,
,,16/12/2025,FORMAGGIO E PASTA PTE. LTD.,PASTA E FORMAGGIO,,TeleSales,,Offline Sources,Adhoc,,201816398N,,,,,,,,,,,,,,,,"B2C, Offline",,,,,,,,,,,,,,,,65 9247 1384,jacquelineluiyc@gmail.com,,,,,,,,,,,,,,Gov List,"ACRA, Google Searches",,
,,16/12/2025,SAPARI & FAMILY PTE. LTD.,SAPARI & FAMILY,,TeleSales,,Offline Sources,Adhoc,,201731374R,,,,,,,,,,,,,,,,"B2C, Offline",,,,,,,,,,,,,,,,65 9689 7442,kathybonyamin@yahoo.com,,,,,,,,,,,,,,Gov List,"ACRA, Google Searches",,
,,16/12/2025,REPUBLIC OF ARTS PTE. LTD.,REPUBLIC OF,,TeleSales,,Offline Sources,Adhoc,,202445693M,,,,,,,,,,,,,,,,"B2C, Offline",,,,,,,,,,,,,,,,65 8588 9969,it@rsyc.org.sg,,,,,,,,,,,,,,Gov List,"ACRA, Google Searches",,
,,16/12/2025,THE PENNY BLACK PTE LTD,PENNY BLACK,,TeleSales,,Offline Sources,Adhoc,,199805228R,,,,,,,,,,,,,,,,"B2C, Offline",,,,,,,,,,,,,,,,65 9119 1123,votewp@gmail.com,,,,,,,,,,,,,,Gov List,"ACRA, Google Searches",,
,,16/12/2025,SEAFOOD@SG,MR SEAFOOD,,TeleSales,,Offline Sources,Adhoc,,53366145E,,,,,,,,,,,,,,,,"B2C, Offline",,,,,,,,,,,,,,,,65 9731 3133,,,,,,,,,,,,,,,Gov List,"ACRA, Google Searches",,
,,16/12/2025,PETS AFTERLIFE PTE. LTD.,AFTERLIFE,,TeleSales,,Offline Sources,Adhoc,,202034647D,,,,,,,,,,,,,,,,"B2C, Offline",,,,,,,,,,,,,,,,65 8783 6009,charlie@afterlifesg.com,,,,,,,,,,,,,,Gov List,"ACRA, Google Searches",,
,,16/12/2025,EBB & FLOW PTE. LTD.,EBB & FLOW,,TeleSales,,Offline Sources,Adhoc,,201811573C,,,,,,,,,,,,,,,,"B2C, Offline",,,,,,,,,,,,,,,,65 9431 8431,herman.shah@ebbflowgroup.com,,,,,,,,,,,,,,Gov List,"ACRA, Google Searches",,
,,16/12/2025,IFOUNDRIES GROUP PTE. LTD.,IFOUNDRIES,,TeleSales,,Offline Sources,Adhoc,,201708850Z,,,,,,,,,,,,,,,,"B2C, Offline",,,,,,,,,,,,,,,,65 8511 8459,fairllie.ifoundries@gmail.com,,,,,,,,,,,,,,Gov List,"ACRA, Google Searches",,
,,16/12/2025,FORAGERS PTE. LTD.,FORAGERS,,TeleSales,,Offline Sources,Adhoc,,201942231Z,,,,,,,,,,,,,,,,"B2C, Offline",,,,,,,,,,,,,,,,65 8748 4953,wani@foragers.com.sg,,,,65 4523 8216,,,,,,,,,,Gov List,"ACRA, Google Searches",,
,,16/12/2025,ARKLEAF ADVISORY PTE. LTD.,ARKLEAF ADVISORY,,TeleSales,,Offline Sources,Adhoc,,201932749N,,,,,,,,,,,,,,,,"B2C, Offline",,,,,,,,,,,,,,,,65 9170 7971,yvonne@arkleaf.com.sg,,,,,,,,,,,,,,Gov List,"ACRA, Google Searches",,
,,16/12/2025,MOBILE COMMUNITY TECH PTE. LTD.,MOBILE COMMUNITY,,TeleSales,,Offline Sources,Adhoc,,201504224E,,,,,,,,,,,,,,,,"B2C, Offline",,,,,,,,,,,,,,,,65 6635 8268,,,,,,,,,,,,,,,Gov List,"ACRA, Google Searches",,
,,16/12/2025,GLOBALDATA PTE. LTD.,GLOBALDATA,,TeleSales,,Offline Sources,Adhoc,,201116877E,,,,,,,,,,,,,,,,"B2C, Offline",,,,,,,,,,,,,,,,65 6994 8601,tim.hill@globaldata.com,,,,,,,,,,,,,,Gov List,"ACRA, Google Searches",,
,,16/12/2025,INEXTLABS PTE. LTD.,INEXTLABS,,TeleSales,,Offline Sources,Adhoc,,202040219C,,,,,,,,,,,,,,,,"B2C, Offline",,,,,,,,,,,,,,,,65 9779 9776,msachin@inextlabs.com,,,,,,,,,,,,,,Gov List,"ACRA, Google Searches",,
,,16/12/2025,TAMAGO-YA PTE. LTD.,TAMAGO S,,TeleSales,,Offline Sources,Adhoc,,201222631R,,,,,,,,,,,,,,,,"B2C, Offline",,,,,,,,,,,,,,,,65 0171 2342,mark@tamago.com.cn,,,,65 9173 2416,,,,,,,,,,Gov List,"ACRA, Google Searches",,
,,16/12/2025,361 DEGREE CONSULTANCY PTE. LTD.,361 DEGREE CONSULTANCY,,TeleSales,,Offline Sources,Adhoc,,200804595N,,,,,,,,,,,,,,,,"B2C, Offline",,,,,,,,,,,,,,,,65 6515 7906,sclbrina@361dc.com,,,,,,,,,,,,,,Gov List,"ACRA, Google Searches",,
,,16/12/2025,INFORMA GLOBAL MARKETS (SINGAPORE) PRIVATE LIMITED,INFORMA MARKETS,,TeleSales,,Offline Sources,Adhoc,,200312383W,,,,,,,,,,,,,,,,"B2C, Offline",,,,,,,,,,,,,,,,65 6989 6542,merliynlow@informa.com,,,,,,,,,,,,,,Gov List,"ACRA, Google Searches",,
,,16/12/2025,SARIKA CONNOISSEUR CAFE PTE LTD,SARIKA CONNOISSEUR CAI-E,,TeleSales,,Offline Sources,Adhoc,,200004940E,,,,,,,,,,,,,,,,"B2C, Offline",,,,,,,,,,,,,,,,65 6336 5675,patrick_yong@theconnoisseurconcerto.com,,,,65 6804 6338,,,,,,,,,,Gov List,"ACRA, Google Searches",,
,,16/12/2025,MARRYBROWN PTE. LTD.,MARRYBROWN,,TeleSales,,Offline Sources,Adhoc,,201523693C,,,,,,,,,,,,,,,,"B2C, Offline",,,,,,,,,,,,,,,,65 2771 7086,,,,,65 2749 9663,,,,,65 2771 5963,,,,,Gov List,"ACRA, Google Searches",,
,,16/12/2025,PACIFIC RIM GROUP PTE. LTD.,PACIFIC RIM,,TeleSales,,Offline Sources,Adhoc,,201309453R,,,,,,,,,,,,,,,,"B2C, Offline",,,,,,,,,,,,,,,,65 3416 6541,thaiyue@gmail.com,,,,,,,,,,,,,,Gov List,"ACRA, Google Searches",,
,,16/12/2025,SUPER PARK ASIA GROUP PTE. LTD.,SUPER ASIA,,TeleSales,,Offline Sources,Adhoc,,201816565M,,,,,,,,,,,,,,,,"B2C, Offline",,,,,,,,,,,,,,,,65 4272 8015,usman@superasia.biz,,,,,,,,,,,,,,Gov List,"ACRA, Google Searches",,
,,16/12/2025,ADYEN SINGAPORE PTE. LTD.,ADYEN,,TeleSales,,Offline Sources,Adhoc,,201210678M,,,,,,,,,,,,,,,,"B2C, Offline",,,,,,,,,,,,,,,,65 8571 2827,priyanka.gargav@adyen.com,,,,,,,,,,,,,,Gov List,"ACRA, Google Searches",,
,,16/12/2025,WENDY & WENDY PTE. LTD.,THE WENDYS,,TeleSales,,Offline Sources,Adhoc,,201811877H,,,,,,,,,,,,,,,,"B2C, Offline",,,,,,,,,,,,,,,,65 5872 0485,andy.oktofian@wendys.com,,,,,,,,,,,,,,Gov List,"ACRA, Google Searches",,
,,16/12/2025,B&HANS PTE. LTD.,HANS,,TeleSales,,Offline Sources,Adhoc,,202322105W,,,,,,,,,,,,,,,,"B2C, Offline",,,,,,,,,,,,,,,,65 9688 2285,wmtan@hans.com.sg,,,,,,,,,,,,,,Gov List,"ACRA, Google Searches",,
,,16/12/2025,COMPASS PTE. LTD.,COMPASS,,TeleSales,,Offline Sources,Adhoc,,201632138M,,,,,,,,,,,,,,,,"B2C, Offline",,,,,,,,,,,,,,,,65 9237 6960,cheryl.tong@compass-group.sg,,,,,,,,,,,,,,Gov List,"ACRA, Google Searches",,
,,16/12/2025,KING KONG BURGER,BURGER KING,,TeleSales,,Offline Sources,Adhoc,,53488381L,,,,,,,,,,,,,,,,"B2C, Offline",,,,,,,,,,,,,,,,65 9685 7324,chinhou_goh@burgerking.com.sg,,,,,,,,,,,,,,Gov List,"ACRA, Google Searches",,
,,16/12/2025,CRYSTAL JADE PTE. LTD.,CRYSTAL JADE,,TeleSales,,Offline Sources,Adhoc,,201837864W,,,,,,,,,,,,,,,,"B2C, Offline",,,,,,,,,,,,,,,,65 9834 4706,zq.hoe@crystaljade.com,,,,,,,,,,,,,,Gov List,"ACRA, Google Searches",,
,,16/12/2025,THE DESSERT EMPIRE PTE. LTD.,THE DESSERT EMPIRE,,TeleSales,,Offline Sources,Adhoc,,200512666R,,,,,,,,,,,,,,,,"B2C, Offline",,,,,,,,,,,,,,,,65 9762 2696,shaun@thedessertempire.com,,,,,,,,,,,,,,Gov List,"ACRA, Google Searches",,
,,16/12/2025,DRAGON 1 PTE. LTD.,DRAGON-I,,TeleSales,,Offline Sources,Adhoc,,202512256R,,,,,,,,,,,,,,,,"B2C, Offline",,,,,,,,,,,,,,,,65 6266 3221,shirley.sia@dragon-i.com.my,,,,,,,,,,,,,,Gov List,"ACRA, Google Searches",,
,,16/12/2025,COFFEE MONSTER,MONSTER COFFEE LAB,,TeleSales,,Offline Sources,Adhoc,,53509263J,,,,,,,,,,,,,,,,"B2C, Offline",,,,,,,,,,,,,,,,65 2281 1836,shaunleong@mightymonster.co,,,,,,,,,,,,,,Gov List,"ACRA, Google Searches",,
,,16/12/2025,AS F&B KITCHEN PTE. LTD.,AS KITCHEN,,TeleSales,,Offline Sources,Adhoc,,202524119N,,,,,,,,,,,,,,,,"B2C, Offline",,,,,,,,,,,,,,,,65 0822 3310,,,,,,,,,,,,,,,Gov List,"ACRA, Google Searches",,
,,16/12/2025,H&H PTE. LTD.,H,,TeleSales,,Offline Sources,Adhoc,,201612747E,,,,,,,,,,,,,,,,"B2C, Offline",,,,,,,,,,,,,,,,65 6127 4876,hinglaitrading@yahoo.com,,,,,,,,,,,,,,Gov List,"ACRA, Google Searches",,
,,16/12/2025,ZARCO MEDITERRANEAN PTE. LTD.,ZARCO MEDITERRANEAN,,TeleSales,,Offline Sources,Adhoc,,201629933K,,,,,,,,,,,,,,,,"B2C, Offline",,,,,,,,,,,,,,,,65 9445 0500,peter@kebab.sg,,,,,,,,,,,,,,Gov List,"ACRA, Google Searches",,
,,16/12/2025,UBIQUITOUS COMMUNICATIONS PTE. LTD.,UBIQUITOUS COMMUNICATIONS,,TeleSales,,Offline Sources,Adhoc,,201422032G,,,,,,,,,,,,,,,,"B2C, Offline",,,,,,,,,,,,,,,,65 9768 1249,tengsern.tan@ucgroup.sg,,,,,,,,,,,,,,Gov List,"ACRA, Google Searches",,
,,16/12/2025,RIGLOBE PTE. LTD.,RIGLOBE,,TeleSales,,Offline Sources,Adhoc,,201613222H,,,,,,,,,,,,,,,,"B2C, Offline",,,,,,,,,,,,,,,,65 9237 3060,bryan@riglobe.com,,,,,,,,,,,,,,Gov List,"ACRA, Google Searches",,
,,16/12/2025,ID ARENA PTE. LTD.,ARENA,,TeleSales,,Offline Sources,Adhoc,,201805211G,,,,,,,,,,,,,,,,"B2C, Offline",,,,,,,,,,,,,,,,65 2930 4089,m.utomo@arenacorp.com,,,,,,,,,,,,,,Gov List,"ACRA, Google Searches",,
,,16/12/2025,GOLDEN GATE (SG) PTE. LTD.,GOLDEN GATE,,TeleSales,,Offline Sources,Adhoc,,202328185W,,,,,,,,,,,,,,,,"B2C, Offline",,,,,,,,,,,,,,,,65 7262 8070,minh.truong@ggg.com.vn,,,,,,,,,,,,,,Gov List,"ACRA, Google Searches",,
,,16/12/2025,THE PROVIDORE GROUP PTE. LTD.,THE PROVIDORE,,TeleSales,,Offline Sources,Adhoc,,202117969K,,,,,,,,,,,,,,,,"B2C, Offline",,,,,,,,,,,,,,,,65 8202 2460,constantin@theprovidore.com,,,,,,,,,,,,,,Gov List,"ACRA, Google Searches",,
,,16/12/2025,FOODIE FOOD PTE. LTD.,FOODIE FOOD,,TeleSales,,Offline Sources,Adhoc,,201406145R,,,,,,,,,,,,,,,,"B2C, Offline",,,,,,,,,,,,,,,,65 9746 3357,kai.gwee@yahoo.com.sg,,,,,,,,,,,,,,Gov List,"ACRA, Google Searches",,
,,16/12/2025,NUODLE PTE. LTD.,NUODLE,,TeleSales,,Offline Sources,Adhoc,,201721568W,,,,,,,,,,,,,,,,"B2C, Offline",,,,,,,,,,,,,,,,65 9710 8000,indo@nuodle.asia,,,,,,,,,,,,,,Gov List,"ACRA, Google Searches",,
,,16/12/2025,KANSHOKU RAMEN PTE. LTD.,KANSHOKU RAMEN,,TeleSales,,Offline Sources,Adhoc,,201417275D,,,,,,,,,,,,,,,,"B2C, Offline",,,,,,,,,,,,,,,,65 9710 3364,melvin@kanshokuramen.com,,,,,,,,,,,,,,Gov List,"ACRA, Google Searches",,
,,16/12/2025,KIN HOTEL FIVE PTE. LTD.,HOTEL FIVE,,TeleSales,,Offline Sources,Adhoc,,202507106C,,,,,,,,,,,,,,,,"B2C, Offline",,,,,,,,,,,,,,,,65 9754 5823,rayziel@hotelsplendour.sg,,,,,,,,,,,,,,Gov List,"ACRA, Google Searches",,
,,16/12/2025,TWO BLUR GUYS PTE. LTD.,TWO BLUR GUYS,,TeleSales,,Offline Sources,Adhoc,,201209514G,,,,,,,,,,,,,,,,"B2C, Offline",,,,,,,,,,,,,,,,65 9780 8788,twoblurguys@gmail.com,,,,,,,,,,,,,,Gov List,"ACRA, Google Searches",,
,,16/12/2025,WOK HEY PTE. LTD.,WOK HEY,,TeleSales,,Offline Sources,Adhoc,,201617998K,,,,,,,,,,,,,,,,"B2C, Offline",,,,,,,,,,,,,,,,65 9363 5195,changyong@wokhey.sg,,,,,,,,,,,,,,Gov List,"ACRA, Google Searches",,
,,16/12/2025,THAI VILLAGE RESTAURANT PTE. LTD.,THAI VILLAGE RESTAURANT,,TeleSales,,Offline Sources,Adhoc,,199504712D,,,,,,,,,,,,,,,,"B2C, Offline",,,,,,,,,,,,,,,,65 9732 6238,maxtein.oh@pavillon.com.sg,,,,,,,,,,,,,,Gov List,"ACRA, Google Searches",,
,,16/12/2025,TOTAL HOSPITALITY GP PTE. LTD.,HOSPITALITY TOTAL,,TeleSales,,Offline Sources,Adhoc,,201115395Z,,,,,,,,,,,,,,,,"B2C, Offline",,,,,,,,,,,,,,,,65 9316 8699,gerard@hospitslitytotalservices.com.au,,,,,,,,,,,,,,Gov List,"ACRA, Google Searches",,
,,16/12/2025,FOODFARE CATERING PTE LTD,FOODFARE,,TeleSales,,Offline Sources,Adhoc,,199706979E,,,,,,,,,,,,,,,,"B2C, Offline",,,,,,,,,,,,,,,,65 9819 8281,tan_marilyn@foodfare.vom.sg,,,,,,,,,,,,,,Gov List,"ACRA, Google Searches",,
,,16/12/2025,ANANDA BHAVAN CATERING,ANANDA BHAVAN,,TeleSales,,Offline Sources,Adhoc,,42577200D,,,,,,,,,,,,,,,,"B2C, Offline",,,,,,,,,,,,,,,,65 9367 6746,viren.my@gmail.com,,,,,,,,,,,,,,Gov List,"ACRA, Google Searches",,
,,16/12/2025,POINTSOFT (S) PTE LTD,POINTSOFT,,TeleSales,,Offline Sources,Adhoc,,200104074Z,,,,,,,,,,,,,,,,"B2C, Offline",,,,,,,,,,,,,,,,65 2225 5441,raymmnd@pointsoft.com.my,,,,,,,,,,,,,,Gov List,"ACRA, Google Searches",,
,,16/12/2025,BAY BREEZE PTE. LTD.,BAY BREEZE CAFE,,TeleSales,,Offline Sources,Adhoc,,202218598Z,,,,,,,,,,,,,,,,"B2C, Offline",,,,,,,,,,,,,,,,65 6615 5968,bbcafe4163@gmail.com,,,,,,,,,,,,,,Gov List,"ACRA, Google Searches",,
,,16/12/2025,K HOSPITALITY PTE. LTD.,K HOSPITALITY,,TeleSales,,Offline Sources,Adhoc,,201922304M,,,,,,,,,,,,,,,,"B2C, Offline",,,,,,,,,,,,,,,,65 4322 4306,karan.kapur@k-copr.in,,,,,,,,,,,,,,Gov List,"ACRA, Google Searches",,
,,16/12/2025,P GROUP LLP,,,TeleSales,,Offline Sources,Adhoc,,T10LL0699J,,,,,,,,,,,,,,,,"B2C, Offline",,,,,,,,,,,,,,,,65 9357 5233,jari.niemi@sunborn.com,,,,,,,,,,,,,,Gov List,"ACRA, Google Searches",,
,,16/12/2025,COFFEE EXPRESS 2000 PTE. LTD.,COFFEE EXPRESS 2000,,TeleSales,,Offline Sources,Adhoc,,200823160D,,,,,,,,,,,,,,,,"B2C, Offline",,,,,,,,,,,,,,,,65 6748 1818,bqs1973@singnet.com.sg,,,,,,,,,,,,,,Gov List,"ACRA, Google Searches",,
,,16/12/2025,YUM! ASIA FRANCHISE PTE. LTD.,YUM ASIA FRANCHISE,,TeleSales,,Offline Sources,Adhoc,,200809074G,,,,,,,,,,,,,,,,"B2C, Offline",,,,,,,,,,,,,,,,65 9231 6690,jamie.quek@yum.com,,,,,,,,,,,,,,Gov List,"ACRA, Google Searches",,
,,16/12/2025,KING KONG BURGER,BURGER KING,,TeleSales,,Offline Sources,Adhoc,,53488381L,,,,,,,,,,,,,,,,"B2C, Offline",,,,,,,,,,,,,,,,65 9753 3756,mrubin@rbi.com,,,,,,,,,,,,,,Gov List,"ACRA, Google Searches",,
,,16/12/2025,ZEEMART PTE. LTD.,ZEEMART,,TeleSales,,Offline Sources,Adhoc,,201525600G,,,,,,,,,,,,,,,,"B2C, Offline",,,,,,,,,,,,,,,,65 9191 4138,neeraj@zeemart.asia,,,,,,,,,,,,,,Gov List,"ACRA, Google Searches",,
,,16/12/2025,S W LOKE,LOKE,,TeleSales,,Offline Sources,Adhoc,,53399053W,,,,,,,,,,,,,,,,"B2C, Offline",,,,,,,,,,,,,,,,65 8700 8510,lily.ong@loke.com.au,,,,,,,,,,,,,,Gov List,"ACRA, Google Searches",,
,,16/12/2025,DBS BANK LTD.,DBS BANK,,TeleSales,,Offline Sources,Adhoc,,196800306E,,,,,,,,,,,,,,,,"B2C, Offline",,,,,,,,,,,,,,,,65 9859 9149,christinehol@dbs.com,,,,,,,,,,,,,,Gov List,"ACRA, Google Searches",,
,,16/12/2025,GREENDOT GROUP PRIVATE LIMITED,GREENDOT,,TeleSales,,Offline Sources,Adhoc,,201723795E,,,,,,,,,,,,,,,,"B2C, Offline",,,,,,,,,,,,,,,,65 9159 0555,justin.chou.zq@gmail.com,,,,,,,,,,,,,,Gov List,"ACRA, Google Searches",,
,,16/12/2025,SPH 1 PTE. LTD.,SPH,,TeleSales,,Offline Sources,Adhoc,,201921811H,,,,,,,,,,,,,,,,"B2C, Offline",,,,,,,,,,,,,,,,65 9118 4380,melvinw@sph.com.sg,,,,,,,,,,,,,,Gov List,"ACRA, Google Searches",,
,,16/12/2025,A STAR PTE. LTD.,A-STAR,,TeleSales,,Offline Sources,Adhoc,,201324645H,,,,,,,,,,,,,,,,"B2C, Offline",,,,,,,,,,,,,,,,65 6408 2284,ben_see@2r.a-star.edu.sg,,,,,,,,,,,,,,Gov List,"ACRA, Google Searches",,
,,16/12/2025,ARCC HOLDINGS PTE. LTD.,ARCC,,TeleSales,,Offline Sources,Adhoc,,201119757N,,,,,,,,,,,,,,,,"B2C, Offline",,,,,,,,,,,,,,,,65 9616 6608,robertchen@arccholdings.com,,,,,,,,,,,,,,Gov List,"ACRA, Google Searches",,
,,16/12/2025,VENTURE CAPITAL NETWORK PTE. LTD.,VENTURE CAPITAL NETWORK,,TeleSales,,Offline Sources,Adhoc,,201726874M,,,,,,,,,,,,,,,,"B2C, Offline",,,,,,,,,,,,,,,,65 9696 9132,ellencui@vc-network.org,,,,,,,,,,,,,,Gov List,"ACRA, Google Searches",,
,,16/12/2025,XPRESSFLOWER.COM PTE. LTD.,XPRESSFLOWERSCOM,,TeleSales,,Offline Sources,Adhoc,,200400165W,,,,,,,,,,,,,,,,"B2C, Offline",,,,,,,,,,,,,,,,65 6280 1007,sohyeehow@xpressflower.com,,,,,,,,,,,,,,Gov List,"ACRA, Google Searches",,
,,16/12/2025,CHAI YU TRADING,CHAI YU,,TeleSales,,Offline Sources,Adhoc,,53188134B,,,,,,,,,,,,,,,,"B2C, Offline",,,,,,,,,,,,,,,,65 9838 1812,,,,,,,,,,,,,,,Gov List,"ACRA, Google Searches",,
,,16/12/2025,FIRST STATION (T1) PTE. LTD.,FIRST STATION T1,,TeleSales,,Offline Sources,Adhoc,,201101956D,,,,,,,,,,,,,,,,"B2C, Offline",,,,,,,,,,,,,,,,65 9826 5862,choicefood@ymail.com,,,,65 6445 6030,,,,,,,,,,Gov List,"ACRA, Google Searches",,
,,16/12/2025,DE CHENG XIN XING TRADING PTE LTD,DE CHENG XIN XING,,TeleSales,,Offline Sources,Adhoc,,198901553R,,,,,,,,,,,,,,,,"B2C, Offline",,,,,,,,,,,,,,,,65 6377 2683,heng328@singnet.com.sg,,,,65 9726 2668,,,,,,,,,,Gov List,"ACRA, Google Searches",,
,,16/12/2025,EXPOFIN PTE LTD,EXPOFIN,,TeleSales,,Offline Sources,Adhoc,,198903335R,,,,,,,,,,,,,,,,"B2C, Offline",,,,,,,,,,,,,,,,65 6339 1772,expofinpteltd@gmail.com,,,,65 9239 8545,,,,,,,,,,Gov List,"ACRA, Google Searches",,
,,16/12/2025,ELG UTICA ALLOYS SINGAPORE PTE. LTD.,ELG UTICA ALLOYS,,TeleSales,,Offline Sources,Adhoc,,201531754C,,,,,,,,,,,,,,,,"B2C, Offline",,,,,,,,,,,,,,,,65 9780 1747,,,,,,,,,,,,,,,Gov List,"ACRA, Google Searches",,
,,16/12/2025,GREENWAY ENVIRONMENTAL WASTE MANAGEMENT PTE. LTD.,GREENWAY ENVIRONMENTAL WASTE MANAGEMENT,,TeleSales,,Offline Sources,Adhoc,,200412740R,,,,,,,,,,,,,,,,"B2C, Offline",,,,,,,,,,,,,,,,65 9459 4704,jay.greenwayenv@yahoo.com.sg,,,,65 6862 0065,,,,,,,,,,Gov List,"ACRA, Google Searches",,
,,16/12/2025,GKE WAREHOUSING & LOGISTICS PTE LTD,GKE WAREHOUSING & LOGISTICS,,TeleSales,,Offline Sources,Adhoc,,199802235G,,,,,,,,,,,,,,,,"B2C, Offline",,,,,,,,,,,,,,,,65 9683 5323,teoh@gkegroup.com.sg,,,,,,,,,,,,,,Gov List,"ACRA, Google Searches",,
,,16/12/2025,TANKSTORE,TANKSTORE,,TeleSales,,Offline Sources,Adhoc,,52946388A,,,,,,,,,,,,,,,,"B2C, Offline",,,,,,,,,,,,,,,,65 6225 8600,,,,,,,,,,,,,,,Gov List,"ACRA, Google Searches",,
,,16/12/2025,RONG DE DISTRIBUTION PTE LTD,RONG DE DISTRIBUTION,,TeleSales,,Offline Sources,Adhoc,,199701865M,,,,,,,,,,,,,,,,"B2C, Offline",,,,,,,,,,,,,,,,65 9823 8466,,,,,65 6222 6833,,,,,65 9184 7515,,,,,Gov List,"ACRA, Google Searches",,
,,16/12/2025,QUALITY TRANSPORT (S) PTE LTD,QUALITY TRANSPORT S,,TeleSales,,Offline Sources,Adhoc,,199003595N,,,,,,,,,,,,,,,,"B2C, Offline",,,,,,,,,,,,,,,,65 9437 5048,,,,,65 6543 1071,,,,,65 5420 6220,,,,,Gov List,"ACRA, Google Searches",,
,,16/12/2025,SINGNET PTE LTD,SINGNET,,TeleSales,,Offline Sources,Adhoc,,199802130W,,,,,,,,,,,,,,,,"B2C, Offline",,,,,,,,,,,,,,,,65 9859 8559,xinni.wong@starhub.com,,,,65 9637 7697,,,,,,,,,,Gov List,"ACRA, Google Searches",,
,,16/12/2025,MULTI CHANNELS ASIA PTE. LTD.,MULTI CHANNELS ASIA,,TeleSales,,Offline Sources,Adhoc,,200719259Z,,,,,,,,,,,,,,,,"B2C, Offline",,,,,,,,,,,,,,,,65 9173 8712,,,,,,,,,,,,,,,Gov List,"ACRA, Google Searches",,
,,16/12/2025,GENIUS R US PTE. LTD.,GENIUS R US,,TeleSales,,Offline Sources,Adhoc,,201405809N,,,,,,,,,,,,,,,,"B2C, Offline",,,,,,,,,,,,,,,,65 8183 0563,,,,,,,,,,,,,,,Gov List,"ACRA, Google Searches",,
,,16/12/2025,WENQING LEARNING HUB PTE. LTD.,WENQING LEARNING HUB,,TeleSales,,Offline Sources,Adhoc,,201425094N,,,,,,,,,,,,,,,,"B2C, Offline",,,,,,,,,,,,,,,,65 9223 3638,wengqinglh@gmail.com,,,,,,,,,,,,,,Gov List,"ACRA, Google Searches",,
,,16/12/2025,AMIGOZ TRAVELS & TOURS PTE. LTD.,AMIGOZ TRAVELS & TOURS,,TeleSales,,Offline Sources,Adhoc,,201301819W,,,,,,,,,,,,,,,,"B2C, Offline",,,,,,,,,,,,,,,,65 8234 8074,raja.itsme@gmail.com,,,,,,,,,,,,,,Gov List,"ACRA, Google Searches",,
,,16/12/2025,UNIQ LUXE PTE. LTD.,UNIQ LUXE,,TeleSales,,Offline Sources,Adhoc,,201421061W,,,,,,,,,,,,,,,,"B2C, Offline",,,,,,,,,,,,,,,,65 9668 6364,,,,,,,,,,,,,,,Gov List,"ACRA, Google Searches",,
,,16/12/2025,TRAVEL 21 (S) PTE LTD,TRAVEL 21 S,,TeleSales,,Offline Sources,Adhoc,,198900160C,,,,,,,,,,,,,,,,"B2C, Offline",,,,,,,,,,,,,,,,65 9631 3583,mabel@travel21.com.sg,,,,,,,,,,,,,,Gov List,"ACRA, Google Searches",,
,,16/12/2025,KINGDOM TRAVEL PTE LTD,KINGDOM TRAVEL,,TeleSales,,Offline Sources,Adhoc,,199602913N,,,,,,,,,,,,,,,,"B2C, Offline",,,,,,,,,,,,,,,,65 9069 7151,,,,,65 6538 6965,,,,,,,,,,Gov List,"ACRA, Google Searches",,
,,16/12/2025,CITY 99 ASIA TRAVEL (S) PTE LTD,CITY 99 ASIA TRAVEL S,,TeleSales,,Offline Sources,Adhoc,,199901948C,,,,,,,,,,,,,,,,"B2C, Offline",,,,,,,,,,,,,,,,65 9637 3748,benny@citi99.com.sg,,,,65 8113 5268,,,,,,,,,,Gov List,"ACRA, Google Searches",,
,,16/12/2025,CENTOUR TRAVEL & TRADING (S) PTE LTD,CENTOUR TRAVEL & S,,TeleSales,,Offline Sources,Adhoc,,198401774D,,,,,,,,,,,,,,,,"B2C, Offline",,,,,,,,,,,,,,,,65 6344 3492,operation@centourtravel.com,,,,,,,,,,,,,,Gov List,"ACRA, Google Searches",,
,,16/12/2025,GANESH TRAVEL SERVICE PTE LTD,GANESH TRAVEL,,TeleSales,,Offline Sources,Adhoc,,199703556Z,,,,,,,,,,,,,,,,"B2C, Offline",,,,,,,,,,,,,,,,65 9833 6056,ganesh19@singnet.com.sg,,,,,,,,,,,,,,Gov List,"ACRA, Google Searches",,
,,16/12/2025,SUNRAY DESIGN,SUNRAY DESIGN,,TeleSales,,Offline Sources,Adhoc,,52982779D,,,,,,,,,,,,,,,,"B2C, Offline",,,,,,,,,,,,,,,,65 8322 8903,sales@sunrayfilms.com.sg,,,,,,,,,,,,,,Gov List,"ACRA, Google Searches",,
,,16/12/2025,TERRI LINKS SERVICES,TERRI LINKS,,TeleSales,,Offline Sources,Adhoc,,53018563J,,,,,,,,,,,,,,,,"B2C, Offline",,,,,,,,,,,,,,,,65 6476 6374,chengauto@tlsgroup.com.sg,,,,65 9438 6201,,,,,,,,,,Gov List,"ACRA, Google Searches",,
,,16/12/2025,NEXTGEN SHOPPING PTE. LTD.,NEXTGEN SHOPPING,,TeleSales,,Offline Sources,Adhoc,,201537611C,,,,,,,,,,,,,,,,"B2C, Offline",,,,,,,,,,,,,,,,65 9765 7366,,,,,,,,,,,,,,,Gov List,"ACRA, Google Searches",,
,,16/12/2025,NEW4U SYSTEM PTE LTD,NEW4U,,TeleSales,,Offline Sources,Adhoc,,200003832D,,,,,,,,,,,,,,,,"B2C, Offline",,,,,,,,,,,,,,,,65 8611 1522,adel@new4u.com.sg,,,,,,,,,,,,,,Gov List,"ACRA, Google Searches",,
,,16/12/2025,ADVANCE IT SOLUTIONS PTE. LTD.,ADVANCE IT,,TeleSales,,Offline Sources,Adhoc,,201229483G,,,,,,,,,,,,,,,,"B2C, Offline",,,,,,,,,,,,,,,,65 9792 2244,miketan.sg@gmail.com,,,,65 9083 4684,,,,,65 9731 9685,,,,,Gov List,"ACRA, Google Searches",,
,,16/12/2025,LANWORX TECHNOLOGY,LANWORX TECHNOLOGY,,TeleSales,,Offline Sources,Adhoc,,52852677D,,,,,,,,,,,,,,,,"B2C, Offline",,,,,,,,,,,,,,,,,hazel@rkconsl.com,,,,,,,,,,,,,,Gov List,"ACRA, Google Searches",,
,,16/12/2025,SEJONG PTE. LTD.,SEJONG,,TeleSales,,Offline Sources,Adhoc,,201213631N,,,,,,,,,,,,,,,,"B2C, Offline",,,,,,,,,,,,,,,,65 8188 1452,,,,,,,,,,,,,,,Gov List,"ACRA, Google Searches",,
,,16/12/2025,EMTECH WELLNESS INTERNATIONAL PTE. LTD.,EMTECH WELLNESS,,TeleSales,,Offline Sources,Adhoc,,200601543M,,,,,,,,,,,,,,,,"B2C, Offline",,,,,,,,,,,,,,,,65 9474 9375,,,,,,,,,,,,,,,Gov List,"ACRA, Google Searches",,
,,16/12/2025,CLIFFORD NUMISMATIC & COLLECTIBLE CENTRE,CLIFFORD NUMISMATIC & COLLECTIBLE CENTRE,,TeleSales,,Offline Sources,Adhoc,,53023806C,,,,,,,,,,,,,,,,"B2C, Offline",,,,,,,,,,,,,,,,65 9815 2251,,,,,,,,,,,,,,,Gov List,"ACRA, Google Searches",,
,,16/12/2025,PIN XUAN GE PTE. LTD.,PIN XUAN GE,,TeleSales,,Offline Sources,Adhoc,,201608279M,,,,,,,,,,,,,,,,"B2C, Offline",,,,,,,,,,,,,,,,65 8139 5650,jackchen85@hotmail.com,,,,,,,,,,,,,,Gov List,"ACRA, Google Searches",,
,,16/12/2025,WORLDLINK DZI GALLERY,WORLDLINK DZI GALLERY,,TeleSales,,Offline Sources,Adhoc,,52996775L,,,,,,,,,,,,,,,,"B2C, Offline",,,,,,,,,,,,,,,,65 9008 0084,,,,,,,,,,,,,,,Gov List,"ACRA, Google Searches",,
,,16/12/2025,ALREIMIS CREATIONS,ALREIMIS CREATIONS,,TeleSales,,Offline Sources,Adhoc,,53115155K,,,,,,,,,,,,,,,,"B2C, Offline",,,,,,,,,,,,,,,,65 9022 9874,,,,,65 9177 9006,,,,,,,,,,Gov List,"ACRA, Google Searches",,
,,16/12/2025,MST GOLF (SINGAPORE) PTE LTD,MST GOLF,,TeleSales,,Offline Sources,Adhoc,,200002124N,,,,,,,,,,,,,,,,"B2C, Offline",,,,,,,,,,,,,,,,65 9729 5989,andythong@mstgolf.com,,,,,,,,,,,,,,Gov List,"ACRA, Google Searches",,
,,16/12/2025,BRILLIANT D CONCEPT (PTE.) LTD.,BRILLIANT D CONCEPT,,TeleSales,,Offline Sources,Adhoc,,201213321W,,,,,,,,,,,,,,,,"B2C, Offline",,,,,,,,,,,,,,,,65 9029 2992,,,,,,,,,,,,,,,Gov List,"ACRA, Google Searches",,
,,16/12/2025,NEWEDGE DESIGN,NEWEDGE DESIGN,,TeleSales,,Offline Sources,Adhoc,,53199845B,,,,,,,,,,,,,,,,"B2C, Offline",,,,,,,,,,,,,,,,65 9100 9622,raymond@newedgedesign.com.sg,,,,,,,,,,,,,,Gov List,"ACRA, Google Searches",,
,,16/12/2025,MISTER BESPOKE,MISTER BESPOKE,,TeleSales,,Offline Sources,Adhoc,,53295969L,,,,,,,,,,,,,,,,"B2C, Offline",,,,,,,,,,,,,,,,65 9169 3916,,,,,,,,,,,,,,,Gov List,"ACRA, Google Searches",,
,,16/12/2025,GREY CANOPY PRIVATE LIMITED,GREY CANOPY,,TeleSales,,Offline Sources,Adhoc,,200922596M,,,,,,,,,,,,,,,,"B2C, Offline",,,,,,,,,,,,,,,,65 9850 4011,sal.chua@greycanopy.com,,,,65 6333 5548,,,,,,,,,,Gov List,"ACRA, Google Searches",,
,,16/12/2025,IC2 PREPHOUSE LIMITED,IC2 PREPHOUSE,,TeleSales,,Offline Sources,Adhoc,,201136583G,,,,,,,,,,,,,,,,"B2C, Offline",,,,,,,,,,,,,,,,65 6790 1802,,,,,65 9878 6536,,,,,,,,,,Gov List,"ACRA, Google Searches",,
,,16/12/2025,PAP COMMUNITY FOUNDATION,PAP COMMUNITY FOUNDATION,,TeleSales,,Offline Sources,Adhoc,,198601011Z,,,,,,,,,,,,,,,,"B2C, Offline",,,,,,,,,,,,,,,,65 6782 1177,,,,,,,,,,,,,,,Gov List,"ACRA, Google Searches",,
,,16/12/2025,LEARNING LEAP PTE. LTD.,LEARNING LEAP,,TeleSales,,Offline Sources,Adhoc,,200903939G,,,,,,,,,,,,,,,,"B2C, Offline",,,,,,,,,,,,,,,,65 9733 4227,,,,,65 9733 4227,,,,,,,,,,Gov List,"ACRA, Google Searches",,
,,16/12/2025,NAM KEE CEMENT PRODUCTS PTE LTD,NAM KEE CEMENT PRODUCTS,,TeleSales,,Offline Sources,Adhoc,,198105972E,,,,,,,,,,,,,,,,"B2C, Offline",,,,,,,,,,,,,,,,65 6366 1111,namkeec@singnet.com.sg,,,,,,,,,,,,,,Gov List,"ACRA, Google Searches",,
,,16/12/2025,CHUAN HUP HUAT,CHUAN HUP HUAT,,TeleSales,,Offline Sources,Adhoc,,08942500J,,,,,,,,,,,,,,,,"B2C, Offline",,,,,,,,,,,,,,,,65 6293 1398,,,,,65 9626 3360,,,,,,,,,,Gov List,"ACRA, Google Searches",,
,,16/12/2025,FERROUS ASIA PTE LTD,FERROUS ASIA,,TeleSales,,Offline Sources,Adhoc,,199400851H,,,,,,,,,,,,,,,,"B2C, Offline",,,,,,,,,,,,,,,,65 9118 2583,info@ferrousasia.com,,,,65 6337 7687,,,,,,,,,,Gov List,"ACRA, Google Searches",,
,,16/12/2025,WASSER BATH PRIVATE LIMITED,WASSER BATH,,TeleSales,,Offline Sources,Adhoc,,201025779K,,,,,,,,,,,,,,,,"B2C, Offline",,,,,,,,,,,,,,,,65 9741 2465,jack.wasserbath@gamil.com,,,,,,,,,,,,,,Gov List,"ACRA, Google Searches",,
,,16/12/2025,SENG FONG PAINTS PTE LTD,SENG FONG PAINTS,,TeleSales,,Offline Sources,Adhoc,,199601713H,,,,,,,,,,,,,,,,"B2C, Offline",,,,,,,,,,,,,,,,65 9751 1823,sengfong@pacific.net.sg,,,,,,,,,,,,,,Gov List,"ACRA, Google Searches",,
,,16/12/2025,ITACHO BM PTE. LTD.,ITACHO BM,,TeleSales,,Offline Sources,Adhoc,,201224224K,,,,,,,,,,,,,,,,"B2C, Offline",,,,,,,,,,,,,,,,65 9272 3886,,,,,,,,,,,,,,,Gov List,"ACRA, Google Searches",,
,,16/12/2025,BELL DISCO PUB,BELL DISCO PUB,,TeleSales,,Offline Sources,Adhoc,,53088100D,,,,,,,,,,,,,,,,"B2C, Offline",,,,,,,,,,,,,,,,65 9648 1601,,,,,,,,,,,,,,,Gov List,"ACRA, Google Searches",,
,,16/12/2025,PU TIEN RESTAURANT PTE LTD,PU TIEN RESTAURANT,,TeleSales,,Offline Sources,Adhoc,,200001660W,,,,,,,,,,,,,,,,"B2C, Offline",,,,,,,,,,,,,,,,65 9437 6250,chunhooi.teo@putien.com,,,,65 6749 6338,,,,,,,,,,Gov List,"ACRA, Google Searches",,
,,16/12/2025,EVERBEST RESTAURANT PRIVATE LIMITED,EVERBEST RESTAURANT,,TeleSales,,Offline Sources,Adhoc,,200921229R,,,,,,,,,,,,,,,,"B2C, Offline",,,,,,,,,,,,,,,,65 9179 0996,s_60066@hotmail.com,,,,,,,,,,,,,,Gov List,"ACRA, Google Searches",,
,,16/12/2025,MAESTROSOFT PTE LTD,MAESTROSOFT,,TeleSales,,Offline Sources,Adhoc,,200103698Z,,,,,,,,,,,,,,,,"B2C, Offline",,,,,,,,,,,,,,,,65 9066 3301,admin@anjappar.com.sg,,,,,,,,,,,,,,Gov List,"ACRA, Google Searches",,
,,16/12/2025,CROWN EMPIRE PTE. LIMITED,CROWN EMPIRE,,TeleSales,,Offline Sources,Adhoc,,201211580Z,,,,,,,,,,,,,,,,"B2C, Offline",,,,,,,,,,,,,,,,65 9363 7641,howard@standingsushibar.com,,,,,,,,,,,,,,Gov List,"ACRA, Google Searches",,
,,16/12/2025,J.T. NETWORK PTE LTD,J T NETWORK,,TeleSales,,Offline Sources,Adhoc,,199407288K,,,,,,,,,,,,,,,,"B2C, Offline",,,,,,,,,,,,,,,,65 9880 0033,eric.teo@jtn.com.sg,,,,,,,,,,,,,,Gov List,"ACRA, Google Searches",,
,,16/12/2025,CHAN JU DE PTE. LTD.,CHAN JU DE,,TeleSales,,Offline Sources,Adhoc,,200714435W,,,,,,,,,,,,,,,,"B2C, Offline",,,,,,,,,,,,,,,,65 9752 5990,akum.sg@gmail.com,,,,,,,,,,,,,,Gov List,"ACRA, Google Searches",,
,,16/12/2025,BA SHU FISH POT PTE. LTD.,BA SHU FISH POT,,TeleSales,,Offline Sources,Adhoc,,201111226C,,,,,,,,,,,,,,,,"B2C, Offline",,,,,,,,,,,,,,,,65 9800 2356,hemin79@gmail.com,,,,,,,,,,,,,,Gov List,"ACRA, Google Searches",,
,,16/12/2025,ALKAS REALTY PTE. LTD.,ALKAS REALTY,,TeleSales,,Offline Sources,Adhoc,,200516006W,,,,,,,,,,,,,,,,"B2C, Offline",,,,,,,,,,,,,,,,65 9187 9882,lynn.chua@ap.jll.com,,,,,,,,,,,,,,Gov List,"ACRA, Google Searches",,
,,16/12/2025,FRAGRANCE REALTY PTE. LTD.,FRAGRANCE REALTY,,TeleSales,,Offline Sources,Adhoc,,200910552G,,,,,,,,,,,,,,,,"B2C, Offline",,,,,,,,,,,,,,,,65 9647 9922,,,,,,,,,,,,,,,Gov List,"ACRA, Google Searches",,
,,16/12/2025,KEPPEL LAND REALTY PTE LTD,KEPPEL LAND REALTY,,TeleSales,,Offline Sources,Adhoc,,199000918N,,,,,,,,,,,,,,,,"B2C, Offline",,,,,,,,,,,,,,,,65 9176 8962,pcteo@wisely98.com,,,,65 9385 2356,,,,,,,,,,Gov List,"ACRA, Google Searches",,
,,16/12/2025,SONIC SINGAPORE PTE LTD,SONIC,,TeleSales,,Offline Sources,Adhoc,,199608997W,,,,,,,,,,,,,,,,"B2C, Offline",,,,,,,,,,,,,,,,65 6455 1800,angie@sonic.com.sg,,,,65 6566 6489,,,,,,,,,,Gov List,"ACRA, Google Searches",,
,,16/12/2025,WL PACKAGING INDUSTRIES,WL PACKAGING INDUSTRIES,,TeleSales,,Offline Sources,Adhoc,,52876340K,,,,,,,,,,,,,,,,"B2C, Offline",,,,,,,,,,,,,,,,65 9362 3805,wlpakind@singnet.com.sg,,,,,,,,,,,,,,Gov List,"ACRA, Google Searches",,
,,16/12/2025,EVERISE WAREHOUSING & TRANSPORTATION (PTE) LTD,EVERISE WAREHOUSING & TRANSPORTATION,,TeleSales,,Offline Sources,Adhoc,,198404045D,,,,,,,,,,,,,,,,"B2C, Offline",,,,,,,,,,,,,,,,65 6863 4290,,,,,,,,,,,,,,,Gov List,"ACRA, Google Searches",,
,,16/12/2025,HAND TECH GRAPHIC SERVICE,HAND GRAPHIC,,TeleSales,,Offline Sources,Adhoc,,49099700K,,,,,,,,,,,,,,,,"B2C, Offline",,,,,,,,,,,,,,,,65 9622 9811,handtechgraphic@hotmail.com,,,,65 6295 2668,,,,,,,,,,Gov List,"ACRA, Google Searches",,
,,16/12/2025,MEDAID SOLUTIONS PRIVATE LIMITED,MEDAID,,TeleSales,,Offline Sources,Adhoc,,201006210D,,,,,,,,,,,,,,,,"B2C, Offline",,,,,,,,,,,,,,,,65 9177 3032,sandy@mesaid.com.sg,,,,65 6282 9849,,,,,,,,,,Gov List,"ACRA, Google Searches",,
,,16/12/2025,PHARMACON PTE LTD,PHARMACON,,TeleSales,,Offline Sources,Adhoc,,197400616M,,,,,,,,,,,,,,,,"B2C, Offline",,,,,,,,,,,,,,,,65 6741 8500,norman.tang@pharmacon.com.sg,,,,65 9787 8587,,,,,,,,,,Gov List,"ACRA, Google Searches",,
,,16/12/2025,TONG DE TANG CAN RONG ZHONG XIN,TONG DE TANG CAN RONG ZHONG XIN,,TeleSales,,Offline Sources,Adhoc,,52847850L,,,,,,,,,,,,,,,,"B2C, Offline",,,,,,,,,,,,,,,,65 6582 9049,,,,,65 9772 9183,,,,,65 9738 4363,,,,,Gov List,"ACRA, Google Searches",,
,,16/12/2025,JIN TAI TONG CHINESE MEDICINE SHOP PASIR RIS,JIN TAI TONG CHINESE MEDICINE SHOP PASIR RIS,,TeleSales,,Offline Sources,Adhoc,,52898429B,,,,,,,,,,,,,,,,"B2C, Offline",,,,,,,,,,,,,,,,65 9738 2700,jintaitong@163.com,,,,,,,,,,,,,,Gov List,"ACRA, Google Searches",,
,,16/12/2025,JIN TAI TONG CHINESE MEDICINE SHOP SENGKANG,JIN TAI TONG CHINESE MEDICINE SHOP SENGKANG,,TeleSales,,Offline Sources,Adhoc,,52898430J,,,,,,,,,,,,,,,,"B2C, Offline",,,,,,,,,,,,,,,,65 9738 2700,jintaitong@163.com,,,,,,,,,,,,,,Gov List,"ACRA, Google Searches",,
,,16/12/2025,DXN (SINGAPORE) PTE LTD,DXN,,TeleSales,,Offline Sources,Adhoc,,199701418D,,,,,,,,,,,,,,,,"B2C, Offline",,,,,,,,,,,,,,,,65 9777 3896,,,,,,,,,,,,,,,Gov List,"ACRA, Google Searches",,
,,16/12/2025,SILKAIR (SINGAPORE) PRIVATE LIMITED,SILKAIR,,TeleSales,,Offline Sources,Adhoc,,197500236D,,,,,,,,,,,,,,,,"B2C, Offline",,,,,,,,,,,,,,,,65 9382 4350,stifen_1@singaporeair.com.sg,,,,,,,,,,,,,,Gov List,"ACRA, Google Searches",,
,,16/12/2025,FLYFIREFLY SDN BHD SINGAPORE BRANCH,FLYFIREFLY BRANCH,,TeleSales,,Offline Sources,Adhoc,,T15FC0051E,,,,,,,,,,,,,,,,"B2C, Offline",,,,,,,,,,,,,,,,65 9616 3036,ismail.kasim@fiireflyz.com.my,,,,,,,,,,,,,,Gov List,"ACRA, Google Searches",,
,,16/12/2025,EMIRATES,EMIRATES,,TeleSales,,Offline Sources,Adhoc,,S90FC4114L,,,,,,,,,,,,,,,,"B2C, Offline",,,,,,,,,,,,,,,,65 9816 8989,felix.seah@emirates.com,,,,,,,,,,,,,,Gov List,"ACRA, Google Searches",,
,,16/12/2025,POLYMER TECHNOLOGIES PTE LTD,POLYMER,,TeleSales,,Offline Sources,Adhoc,,199406884W,,,,,,,,,,,,,,,,"B2C, Offline",,,,,,,,,,,,,,,,65 9005 2720,waye@polymertec.com,,,,65 6863 8225,,,,,,,,,,Gov List,"ACRA, Google Searches",,
,,16/12/2025,SCANA SINGAPORE PTE LTD,SCANA,,TeleSales,,Offline Sources,Adhoc,,199608844G,,,,,,,,,,,,,,,,"B2C, Offline",,,,,,,,,,,,,,,,65 9030 8147,terry.choo@scana.no,,,,,,,,,,,,,,Gov List,"ACRA, Google Searches",,
,,16/12/2025,HOMEPLUS 2000 BUILDING PRODUCTS,HOMEPLUS 2000 BUILDING PRODUCTS,,TeleSales,,Offline Sources,Adhoc,,52902543D,,,,,,,,,,,,,,,,"B2C, Offline",,,,,,,,,,,,,,,,65 6846 8749,homeplus@singnet.com.sg,,,,,,,,,,,,,,Gov List,"ACRA, Google Searches",,
,,16/12/2025,PETROBRAS SINGAPORE PRIVATE LIMITED,PETROBRAS,,TeleSales,,Offline Sources,Adhoc,,200604967H,,,,,,,,,,,,,,,,"B2C, Offline",,,,,,,,,,,,,,,,65 9752 8828,paolo.anova@petrobras.com,,,,,,,,,,,,,,Gov List,"ACRA, Google Searches",,
,,16/12/2025,SINGAPORE A&T PTE. LTD.,A&T,,TeleSales,,Offline Sources,Adhoc,,201322409Z,,,,,,,,,,,,,,,,"B2C, Offline",,,,,,,,,,,,,,,,65 8726 0572,murakami@yamasho-sg.com,,,,65 6336 9633,,,,,,,,,,Gov List,"ACRA, Google Searches",,
,,16/12/2025,GAJAH GALLERY,GAJAH GALLERY,,TeleSales,,Offline Sources,Adhoc,,52828122D,,,,,,,,,,,,,,,,"B2C, Offline",,,,,,,,,,,,,,,,65 9389 4595,tessa@gajahgallery.com,,,,65 9127 5848,,,,,65 9234 6388,,,,,Gov List,"ACRA, Google Searches",,
,,16/12/2025,ORIND SINGAPORE PTE LTD,ORIND,,TeleSales,,Offline Sources,Adhoc,,199905173N,,,,,,,,,,,,,,,,"B2C, Offline",,,,,,,,,,,,,,,,65 9747 3124,sabarmz@gmail.com,,,,,,,,,,,,,,Gov List,"ACRA, Google Searches",,
,,16/12/2025,S.1 MOTORING,S 1 MOTORING,,TeleSales,,Offline Sources,Adhoc,,53036429L,,,,,,,,,,,,,,,,"B2C, Offline",,,,,,,,,,,,,,,,65 9749 9535,,,,,,,,,,,,,,,Gov List,"ACRA, Google Searches",,
,,16/12/2025,BIAN SOON TRADING COMPANY,BIAN SOON,,TeleSales,,Offline Sources,Adhoc,,26914900K,,,,,,,,,,,,,,,,"B2C, Offline",,,,,,,,,,,,,,,,65 9734 0833,,,,,65 6264 0376,,,,,65 9271 9400,,,,,Gov List,"ACRA, Google Searches",,
,,16/12/2025,VISTACHEM SINGAPORE (PTE. LTD.),VISTACHEM,,TeleSales,,Offline Sources,Adhoc,,200903884C,,,,,,,,,,,,,,,,"B2C, Offline",,,,,,,,,,,,,,,,65 9159 9085,,,,,,,,,,,,,,,Gov List,"ACRA, Google Searches",,
,,16/12/2025,THIAM AIK HARDWARE & MACHINERY CO PTE LTD,THIAM AIK HARDWARE & MACHINERY,,TeleSales,,Offline Sources,Adhoc,,198001046K,,,,,,,,,,,,,,,,"B2C, Offline",,,,,,,,,,,,,,,,65 9755 1902,kennysim@thiamaik.com.sg,,,,65 6368 1138,,,,,,,,,,Gov List,"ACRA, Google Searches",,
,,16/12/2025,PVS INTERNATIONAL (SINGAPORE) PTE LTD,PVS,,TeleSales,,Offline Sources,Adhoc,,199201934Z,,,,,,,,,,,,,,,,"B2C, Offline",,,,,,,,,,,,,,,,65 8339 1482,ksamraj@pvsinternational.com,,,,,,,,,,,,,,Gov List,"ACRA, Google Searches",,
,,16/12/2025,BAN LEE SENG PAINTS & HARDWARE SUPPLIER,BAN LEE SENG PAINTS & HARDWARE SUPPLIER,,TeleSales,,Offline Sources,Adhoc,,38424700L,,,,,,,,,,,,,,,,"B2C, Offline",,,,,,,,,,,,,,,,65 9638 4600,banleeseng@singnet.com.sg,,,,65 6283 1357,,,,,,,,,,Gov List,"ACRA, Google Searches",,
,,16/12/2025,AKRION (S) PTE LTD,AKRION S,,TeleSales,,Offline Sources,Adhoc,,199806334R,,,,,,,,,,,,,,,,"B2C, Offline",,,,,,,,,,,,,,,,65 9694 6823,yhchan@akrionsyaytems.com.sg,,,,,,,,,,,,,,Gov List,"ACRA, Google Searches",,
,,16/12/2025,ENG LEONG MEDALLIC INDUSTRIES PTE LTD,ENG LEONG MEDALLIC INDUSTRIES,,TeleSales,,Offline Sources,Adhoc,,198500434R,,,,,,,,,,,,,,,,"B2C, Offline",,,,,,,,,,,,,,,,65 6487 7777,yewhooiling@medals.com.sg,,,,,,,,,,,,,,Gov List,"ACRA, Google Searches",,
,,16/12/2025,MERLIN FRAME MAKER & ART GALLERY PTE LTD,MERLIN FRAME MAKER & ART GALLERY,,TeleSales,,Offline Sources,Adhoc,,199608527K,,,,,,,,,,,,,,,,"B2C, Offline",,,,,,,,,,,,,,,,65 6863 4290,yiling@merlin.com.sg,,,,,,,,,,,,,,Gov List,"ACRA, Google Searches",,
,,16/12/2025,GOMOTEX SIGNCRAFT STUDIO'99,GOMOTEX SIGNCRAFT STUDIO99,,TeleSales,,Offline Sources,Adhoc,,53048937J,,,,,,,,,,,,,,,,"B2C, Offline",,,,,,,,,,,,,,,,65 9668 5527,gomotex@singnet.com.sg,,,,65 6441 0002,,,,,65 6241 2221,,,,,Gov List,"ACRA, Google Searches",,
,,16/12/2025,RJ OFFICE SUPPLIES,RJ OFFICE SUPPLIES,,TeleSales,,Offline Sources,Adhoc,,53133700J,,,,,,,,,,,,,,,,"B2C, Offline",,,,,,,,,,,,,,,,65 6863 4290,officesupplies@rjgroup.com.sg,,,,,,,,,,,,,,Gov List,"ACRA, Google Searches",,
,,16/12/2025,CHYE GUAN SIGNS & SILKSCREEN,CHYE GUAN SIGNS & SILKSCREEN,,TeleSales,,Offline Sources,Adhoc,,52892423X,,,,,,,,,,,,,,,,"B2C, Offline",,,,,,,,,,,,,,,,65 9382 1776,alvin@chyeguan.com,,,,65 6747 1962,,,,,,,,,,Gov List,"ACRA, Google Searches",,
,,16/12/2025,AUTO SPRITZE PTE LTD,AUTO SPRITZE,,TeleSales,,Offline Sources,Adhoc,,200106088H,,,,,,,,,,,,,,,,"B2C, Offline",,,,,,,,,,,,,,,,65 9475 4255,dennis@autospritze.com.sg,,,,,,,,,,,,,,Gov List,"ACRA, Google Searches",,
,,16/12/2025,THONG LEE TRADING PRIVATE LIMITED,THONG LEE,,TeleSales,,Offline Sources,Adhoc,,196900714W,,,,,,,,,,,,,,,,"B2C, Offline",,,,,,,,,,,,,,,,65 9191 4826,ch.lim80@gmail.com,,,,,,,,,,,,,,Gov List,"ACRA, Google Searches",,
,,16/12/2025,RICK YEE FENGSHUI CONSULTANCY,RICK YEE FENGSHUI CONSULTANCY,,TeleSales,,Offline Sources,Adhoc,,53092491M,,,,,,,,,,,,,,,,"B2C, Offline",,,,,,,,,,,,,,,,65 9771 3902,,,,,,,,,,,,,,,Gov List,"ACRA, Google Searches",,
,,16/12/2025,TONITA CO PTE LTD,TONITA,,TeleSales,,Offline Sources,Adhoc,,198103843K,,,,,,,,,,,,,,,,"B2C, Offline",,,,,,,,,,,,,,,,65 9733 0373,bernard.lin@tonita.com.sg,,,,,,,,,,,,,,Gov List,"ACRA, Google Searches",,
,,16/12/2025,MOVA AUTOMOTIVE PTE LTD,MOVA AUTOMOTIVE,,TeleSales,,Offline Sources,Adhoc,,198904033G,,,,,,,,,,,,,,,,"B2C, Offline",,,,,,,,,,,,,,,,65 9820 6598,kheng@mova.com.sg,,,,,,,,,,,,,,Gov List,"ACRA, Google Searches",,
,,16/12/2025,SOZO WOUND & STOMA CARE PTE. LTD.,SOZO WOUND & STOMA CARE,,TeleSales,,Offline Sources,Adhoc,,201428702H,,,,,,,,,,,,,,,,"B2C, Offline",,,,,,,,,,,,,,,,65 8533 1522,thngesther@gmail.com,,,,65 9725 3244,,,,,,,,,,Gov List,"ACRA, Google Searches",,
,,16/12/2025,ADVANCED PAIN CENTRE PTE. LTD.,ADVANCED PAIN CENTRE,,TeleSales,,Offline Sources,Adhoc,,201300440D,,,,,,,,,,,,,,,,"B2C, Offline",,,,,,,,,,,,,,,,65 6425 5368,apc@spine.sg,,,,,,,,,,,,,,Gov List,"ACRA, Google Searches",,
,,16/12/2025,KORD IT PTE LTD,KORD IT,,TeleSales,,Offline Sources,Adhoc,,200107868R,,,,,,,,,,,,,,,,"B2C, Offline",,,,,,,,,,,,,,,,65 9088 2638,zyx@kordit.com,,,,,,,,,,,,,,Gov List,"ACRA, Google Searches",,
,,16/12/2025,NIHON INDUSTRIAL PRODUCTS PTE LTD,NIHON INDUSTRIAL PRODUCTS,,TeleSales,,Offline Sources,Adhoc,,198301399C,,,,,,,,,,,,,,,,"B2C, Offline",,,,,,,,,,,,,,,,65 6552 3809,sharon@nihons.com.sg,,,,,,,,,,,,,,Gov List,"ACRA, Google Searches",,
,,16/12/2025,LIANG TIA AIR-CON & ENGINEERING PTE LTD,LIANG TIA AIR-CON & ENGINEERING,,TeleSales,,Offline Sources,Adhoc,,200003659R,,,,,,,,,,,,,,,,"B2C, Offline",,,,,,,,,,,,,,,,65 9636 2215,liangtiaaircon@singnet.com.sg,,,,65 6746 6729,,,,,,,,,,Gov List,"ACRA, Google Searches",,
,,16/12/2025,HIAP TECK METAL CO. (1968 PTE) LIMITED,HIAP TECK METAL 1968,,TeleSales,,Offline Sources,Adhoc,,196800630C,,,,,,,,,,,,,,,,"B2C, Offline",,,,,,,,,,,,,,,,65 6265 7077,,,,,,,,,,,,,,,Gov List,"ACRA, Google Searches",,
,,16/12/2025,NAN WAH MARKETING PTE LTD,NAN WAH MARKETING,,TeleSales,,Offline Sources,Adhoc,,198102980G,,,,,,,,,,,,,,,,"B2C, Offline",,,,,,,,,,,,,,,,65 6545 1511,lilykhoo@nanwah.com.sg,,,,,,,,,,,,,,Gov List,"ACRA, Google Searches",,
,,16/12/2025,METROPOLIS SECURITY SYSTEMS PTE. LTD.,METROPOLIS SECURITY,,TeleSales,,Offline Sources,Adhoc,,201008279K,,,,,,,,,,,,,,,,"B2C, Offline",,,,,,,,,,,,,,,,65 6352 6769,hr@metropolis.sg,,,,,,,,,,,,,,Gov List,"ACRA, Google Searches",,
,,16/12/2025,PTC PERSONNEL CONSULTANCY,PTC PERSONNEL CONSULTANCY,,TeleSales,,Offline Sources,Adhoc,,52948127L,,,,,,,,,,,,,,,,"B2C, Offline",,,,,,,,,,,,,,,,65 9631 8848,,,,,65 6538 8170,,,,,,,,,,Gov List,"ACRA, Google Searches",,
,,16/12/2025,THE PERFECT CHOICE @ SIGLAP,THE PERFECT CHOICE @ SIGLAP,,TeleSales,,Offline Sources,Adhoc,,53062695X,,,,,,,,,,,,,,,,"B2C, Offline",,,,,,,,,,,,,,,,65 9127 9127,theperfectchoicepl@yahoo.com,,,,65 6442 0201,,,,,,,,,,Gov List,"ACRA, Google Searches",,
,,16/12/2025,SINGMATCH HUMAN RESOURCES PTE. LTD.,SINGMATCH HUMAN RESOURCES,,TeleSales,,Offline Sources,Adhoc,,201413939M,,,,,,,,,,,,,,,,"B2C, Offline",,,,,,,,,,,,,,,,65 8622 9320,ada.ng@singmatch.com,,,,,,,,,,,,,,Gov List,"ACRA, Google Searches",,
,,16/12/2025,SHENG SIONG SUPERMARKET PTE LTD,SHENG SIONG SUPERMARKET,,TeleSales,,Offline Sources,Adhoc,,198304925E,,,,,,,,,,,,,,,,"B2C, Offline",,,,,,,,,,,,,,,,65 9731 0335,mis@shengsiong.com.sg,,,,65 6895 1888,,,,,,,,,,Gov List,"ACRA, Google Searches",,
,,16/12/2025,BAOSHI HR AGENCY,BAOSHI HR AGENCY,,TeleSales,,Offline Sources,Adhoc,,53144234M,,,,,,,,,,,,,,,,"B2C, Offline",,,,,,,,,,,,,,,,65 9856 9593,dongwei@baoshi.com.sg,,,,65 6533 3350,,,,,,,,,,Gov List,"ACRA, Google Searches",,
,,16/12/2025,OWNDAYS SINGAPORE PTE. LTD.,OWNDAYS,,TeleSales,,Offline Sources,Adhoc,,201308429G,,,,,,,,,,,,,,,,"B2C, Offline",,,,,,,,,,,,,,,,65 6737 0980,m-kusano@owndays.co.jp,,,,65 8571 7871,,,,,,,,,,Gov List,"ACRA, Google Searches",,
,,16/12/2025,IWEAR.COM PRIVATE LIMITED,IWEARCOM,,TeleSales,,Offline Sources,Adhoc,,202415194R,,,,,,,,,,,,,,,,"B2C, Offline",,,,,,,,,,,,,,,,65 9079 4650,iwear@singnet.com.sg,,,,65 6777 1218,,,,,,,,,,Gov List,"ACRA, Google Searches",,
,,16/12/2025,THE LENS MEN PTE LTD,THE LENS MEN,,TeleSales,,Offline Sources,Adhoc,,199907424W,,,,,,,,,,,,,,,,"B2C, Offline",,,,,,,,,,,,,,,,65 9699 7200,andrewfong@lensmen.com,,,,,,,,,,,,,,Gov List,"ACRA, Google Searches",,
,,16/12/2025,EMPEROR OPTICS AND CONTACT LENS,EMPEROR OPTICS AND CONTACT LENS,,TeleSales,,Offline Sources,Adhoc,,53462723D,,,,,,,,,,,,,,,,"B2C, Offline",,,,,,,,,,,,,,,,65 6447 3780,,,,,,,,,,,,,,,Gov List,"ACRA, Google Searches",,
,,16/12/2025,KIONG ENG MACHINERY MOVING SERVICES PTE LTD,KIONG ENG MACHINERY MOVING,,TeleSales,,Offline Sources,Adhoc,,199000379N,,,,,,,,,,,,,,,,"B2C, Offline",,,,,,,,,,,,,,,,65 6280 7418,petan@kemms.com.sg,,,,65 9631 0208,,,,,,,,,,Gov List,"ACRA, Google Searches",,
,,16/12/2025,THE COURIER PEOPLE,THE COURIER PEOPLE,,TeleSales,,Offline Sources,Adhoc,,53430853L,,,,,,,,,,,,,,,,"B2C, Offline",,,,,,,,,,,,,,,,65 6252 0100,contact@tcp.com.sg,,,,,,,,,,,,,,Gov List,"ACRA, Google Searches",,
,,16/12/2025,EUREKA CONTROL SYSTEMS PTE LTD,EUREKA CONTROL,,TeleSales,,Offline Sources,Adhoc,,199900117Z,,,,,,,,,,,,,,,,"B2C, Offline",,,,,,,,,,,,,,,,65 9066 5337,ecs@eurekacontrol.com.sg,,,,65 9011 6871,,,,,65 6861 5351,,,,,Gov List,"ACRA, Google Searches",,
,,16/12/2025,POWER WHEEL MOTOR BIKE TRADING,POWER WHEEL MOTOR BIKE,,TeleSales,,Offline Sources,Adhoc,,52874069E,,,,,,,,,,,,,,,,"B2C, Offline",,,,,,,,,,,,,,,,65 8686 2021,powerwheelbike@pacific.net.sg,,,,65 6783 2021,,,,,,,,,,Gov List,"ACRA, Google Searches",,
,,16/12/2025,SIA ENGINEERING COMPANY LIMITED,SIA ENGINEERING,,TeleSales,,Offline Sources,Adhoc,,198201025C,,,,,,,,,,,,,,,,"B2C, Offline",,,,,,,,,,,,,,,,65 9675 0140,robin_toh@singaporeair.com.sg,,,,65 6541 6240,,,,,,,,,,Gov List,"ACRA, Google Searches",,
,,16/12/2025,EAGLE SERVICES ASIA PRIVATE LIMITED,EAGLE ASIA,,TeleSales,,Offline Sources,Adhoc,,199801683K,,,,,,,,,,,,,,,,"B2C, Offline",,,,,,,,,,,,,,,,65 9618 4833,lim.eng.giap@pw.utc.com,,,,65 6548 2444,,,,,,,,,,Gov List,"ACRA, Google Searches",,
,,16/12/2025,SHIPBLAST MARINE PTE LTD,SHIPBLAST MARINE,,TeleSales,,Offline Sources,Adhoc,,199500203D,,,,,,,,,,,,,,,,"B2C, Offline",,,,,,,,,,,,,,,,65 9647 7600,tan@shipblastmarine.com,,,,,,,,,,,,,,Gov List,"ACRA, Google Searches",,
,,16/12/2025,K H M MARINE ENGINEERING PTE. LTD.,K H M MARINE ENGINEERING,,TeleSales,,Offline Sources,Adhoc,,201400885K,,,,,,,,,,,,,,,,"B2C, Offline",,,,,,,,,,,,,,,,65 9663 0219,,,,,,,,,,,,,,,Gov List,"ACRA, Google Searches",,
,,16/12/2025,SAMAYU CO LTD (SINGAPORE BRANCH),SAMAYU BRANCH,,TeleSales,,Offline Sources,Adhoc,,T10FC0053E,,,,,,,,,,,,,,,,"B2C, Offline",,,,,,,,,,,,,,,,65 9173 6260,sg-br@samayu.co.jp,,,,,,,,,,,,,,Gov List,"ACRA, Google Searches",,
,,16/12/2025,BOEING SINGAPORE PTE. LTD.,BOEING,,TeleSales,,Offline Sources,Adhoc,,201204874E,,,,,,,,,,,,,,,,"B2C, Offline",,,,,,,,,,,,,,,,65 9679 3024,,,,,,,,,,,,,,,Gov List,"ACRA, Google Searches",,
,,16/12/2025,STEEL FORMING & ROLLING SPECIALISTS PTE LTD,STEEL FORMING & ROLLING SPECIALISTS,,TeleSales,,Offline Sources,Adhoc,,198400531N,,,,,,,,,,,,,,,,"B2C, Offline",,,,,,,,,,,,,,,,65 6862 3461,rafidah@stellforming.com.sg,,,,,,,,,,,,,,Gov List,"ACRA, Google Searches",,
,,16/12/2025,AL-SUS INDUSTRIES PTE LTD,AL-SUS INDUSTRIES,,TeleSales,,Offline Sources,Adhoc,,199206800E,,,,,,,,,,,,,,,,"B2C, Offline",,,,,,,,,,,,,,,,65 9795 8309,,,,,65 6268 1211,,,,,,,,,,Gov List,"ACRA, Google Searches",,
,,16/12/2025,OLS MANUFACTURING CO. PTE LTD,OLS MANUFACTURING,,TeleSales,,Offline Sources,Adhoc,,197300608W,,,,,,,,,,,,,,,,"B2C, Offline",,,,,,,,,,,,,,,,65 9747 1573,david@olsmfg.com,,,,,,,,,,,,,,Gov List,"ACRA, Google Searches",,
,,16/12/2025,METALL-TREAT INDUSTRIES PTE LTD,METALL-TREAT INDUSTRIES,,TeleSales,,Offline Sources,Adhoc,,199005870K,,,,,,,,,,,,,,,,"B2C, Offline",,,,,,,,,,,,,,,,65 9669 4511,yetay@metall-treat.com,,,,,,,,,,,,,,Gov List,"ACRA, Google Searches",,
,,16/12/2025,AAA TECHNOLOGY (SINGAPORE) PTE LTD,AAA TECHNOLOGY,,TeleSales,,Offline Sources,Adhoc,,199201856M,,,,,,,,,,,,,,,,"B2C, Offline",,,,,,,,,,,,,,,,65 6288 8650,leong@aaatech.com.sg,,,,,,,,,,,,,,Gov List,"ACRA, Google Searches",,
,,16/12/2025,ETERNAL NICE (PTE) LTD,ETERNAL NICE,,TeleSales,,Offline Sources,Adhoc,,199606717N,,,,,,,,,,,,,,,,"B2C, Offline",,,,,,,,,,,,,,,,65 6285 5900,xiaoxia@eternalnice.com.sg,,,,65 9128 3814,,,,,,,,,,Gov List,"ACRA, Google Searches",,
,,16/12/2025,CAR CITY LEASING PTE LTD,CAR CITY LEASING,,TeleSales,,Offline Sources,Adhoc,,199903842N,,,,,,,,,,,,,,,,"B2C, Offline",,,,,,,,,,,,,,,,65 6344 9990,carcity@singnet.com.sg,,,,,,,,,,,,,,Gov List,"ACRA, Google Searches",,
,,16/12/2025,HANKOOK ENGINEERING PTE LTD,HANKOOK ENGINEERING,,TeleSales,,Offline Sources,Adhoc,,198800888M,,,,,,,,,,,,,,,,"B2C, Offline",,,,,,,,,,,,,,,,65 6745 5377,sari@joegreenpanel.com,,,,,,,,,,,,,,Gov List,"ACRA, Google Searches",,
,,16/12/2025,UNIPAC AUTOMATION PTE LTD,UNIPAC AUTOMATION,,TeleSales,,Offline Sources,Adhoc,,199602668H,,,,,,,,,,,,,,,,"B2C, Offline",,,,,,,,,,,,,,,,65 9672 2672,unipac@singnet.com.sg,,,,,,,,,,,,,,Gov List,"ACRA, Google Searches",,
,,16/12/2025,SAKURAGAWA PUMP (S) PTE LTD,SAKURAGAWA PUMP S,,TeleSales,,Offline Sources,Adhoc,,199105994W,,,,,,,,,,,,,,,,"B2C, Offline",,,,,,,,,,,,,,,,,,,,,,,,,,,,,,,Gov List,"ACRA, Google Searches",,
,,16/12/2025,TELECOM EQUIPMENT PTE LTD,TELECOM EQUIPMENT,,TeleSales,,Offline Sources,Adhoc,,198904636G,,,,,,,,,,,,,,,,"B2C, Offline",,,,,,,,,,,,,,,,65 9829 2878,,,,,,,,,,,,,,,Gov List,"ACRA, Google Searches",,
,,16/12/2025,RICHARDSON RFPD SINGAPORE PTE. LTD.,RICHARDSON RFPD,,TeleSales,,Offline Sources,Adhoc,,200412466D,,,,,,,,,,,,,,,,"B2C, Offline",,,,,,,,,,,,,,,,65 9787 1573,ailing@trinitycargolink.com,,,,65 6749 8117,,,,,,,,,,Gov List,"ACRA, Google Searches",,
,,16/12/2025,COMMS EQUIPMENTS PTE LTD,COMMS EQUIPMENTS,,TeleSales,,Offline Sources,Adhoc,,200107789W,,,,,,,,,,,,,,,,"B2C, Offline",,,,,,,,,,,,,,,,65 8388 8572,,,,,,,,,,,,,,,Gov List,"ACRA, Google Searches",,
,,16/12/2025,PRESION PRIVATE LIMITED,PRESION,,TeleSales,,Offline Sources,Adhoc,,197800990G,,,,,,,,,,,,,,,,"B2C, Offline",,,,,,,,,,,,,,,,65 6280 6757,presion@singnet.com.sg,,,,,,,,,,,,,,Gov List,"ACRA, Google Searches",,
,,16/12/2025,NOVABELL TECHNOLOGY PTE LTD,NOVABELL TECHNOLOGY,,TeleSales,,Offline Sources,Adhoc,,198904061D,,,,,,,,,,,,,,,,"B2C, Offline",,,,,,,,,,,,,,,,65 9647 2953,limtowsoon@retell.co.uk,,,,65 6543 1106,,,,,,,,,,Gov List,"ACRA, Google Searches",,
,,16/12/2025,HX COMMUNICATIONS,HX COMMUNICATIONS,,TeleSales,,Offline Sources,Adhoc,,53247379E,,,,,,,,,,,,,,,,"B2C, Offline",,,,,,,,,,,,,,,,65 9088 2271,,,,,,,,,,,,,,,Gov List,"ACRA, Google Searches",,
,,16/12/2025,BATTERY POWER INTERNATIONAL PTE LTD,BATTERY POWER,,TeleSales,,Offline Sources,Adhoc,,199608643G,,,,,,,,,,,,,,,,"B2C, Offline",,,,,,,,,,,,,,,,65 9797 4428,,,,,,,,,,,,,,,Gov List,"ACRA, Google Searches",,
,,16/12/2025,VECTOR INFOTECH PTE LTD,VECTOR INFOTECH,,TeleSales,,Offline Sources,Adhoc,,199403934Z,,,,,,,,,,,,,,,,"B2C, Offline",,,,,,,,,,,,,,,,65 9188 4521,albert@vectorinfotech.com,,,,,,,,,,,,,,Gov List,"ACRA, Google Searches",,
,,16/12/2025,ALLIED FOODSERVICE EQUIPMENT (S) PTE. LTD.,ALLIED FOODSERVICE EQUIPMENT S,,TeleSales,,Offline Sources,Adhoc,,201208297C,,,,,,,,,,,,,,,,"B2C, Offline",,,,,,,,,,,,,,,,65 6992 5958,ribbsonlim@afe.com.my,,,,,,,,,,,,,,Gov List,"ACRA, Google Searches",,
,,16/12/2025,FLUID PAC PTE LTD,FLUID PAC,,TeleSales,,Offline Sources,Adhoc,,200103491N,,,,,,,,,,,,,,,,"B2C, Offline",,,,,,,,,,,,,,,,65 6260 1822,gncsken@singnet.com.sg,,,,65 9622 0028,,,,,,,,,,Gov List,"ACRA, Google Searches",,
,,16/12/2025,OTTE INTERNATIONAL PTE. LTD.,OTTE,,TeleSales,,Offline Sources,Adhoc,,200402669G,,,,,,,,,,,,,,,,"B2C, Offline",,,,,,,,,,,,,,,,65 9138 1338,jschoo@ottegroup.com,,,,,,,,,,,,,,Gov List,"ACRA, Google Searches",,
,,16/12/2025,HAARIBOL PTE LTD,HAARIBOL,,TeleSales,,Offline Sources,Adhoc,,200101251C,,,,,,,,,,,,,,,,"B2C, Offline",,,,,,,,,,,,,,,,65 9299 7942,,,,,,,,,,,,,,,Gov List,"ACRA, Google Searches",,
,,16/12/2025,ANALYTICAL SYSTEMS ENGINEERING PTE LTD,ANALYTICAL ENGINEERING,,TeleSales,,Offline Sources,Adhoc,,199508728G,,,,,,,,,,,,,,,,"B2C, Offline",,,,,,,,,,,,,,,,65 9632 1184,stanley@analysys.com.sg,,,,,,,,,,,,,,Gov List,"ACRA, Google Searches",,
,,16/12/2025,PPL SHIPYARD PTE LTD,PPL SHIPYARD,,TeleSales,,Offline Sources,Adhoc,,199708012N,,,,,,,,,,,,,,,,"B2C, Offline",,,,,,,,,,,,,,,,,,,,,,,,,,,,,,,Gov List,"ACRA, Google Searches",,
,,16/12/2025,ACER PRECISION ENGINEERING & SERVICE PTE. LTD.,ACER PRECISION ENGINEERING,,TeleSales,,Offline Sources,Adhoc,,201406975K,,,,,,,,,,,,,,,,"B2C, Offline",,,,,,,,,,,,,,,,65 9723 5563,,,,,,,,,,,,,,,Gov List,"ACRA, Google Searches",,
,,16/12/2025,GLOBALTECH SYSTEMS ENGINEERING PTE LTD,GLOBALTECH ENGINEERING,,TeleSales,,Offline Sources,Adhoc,,200105112M,,,,,,,,,,,,,,,,"B2C, Offline",,,,,,,,,,,,,,,,65 9637 0220,cynthiachoo@gsepl.com,,,,65 6741 1848,,,,,,,,,,Gov List,"ACRA, Google Searches",,
,,16/12/2025,EVERBESTING METAL WORKS PTE LTD,EVERBESTING METAL WORKS,,TeleSales,,Offline Sources,Adhoc,,198300574N,,,,,,,,,,,,,,,,"B2C, Offline",,,,,,,,,,,,,,,,65 9621 4952,,,,,,,,,,,,,,,Gov List,"ACRA, Google Searches",,
,,16/12/2025,FLAKECOAT TECHNOLOGY PTE LTD,FLAKECOAT TECHNOLOGY,,TeleSales,,Offline Sources,Adhoc,,199307318M,,,,,,,,,,,,,,,,"B2C, Offline",,,,,,,,,,,,,,,,65 9737 1321,,,,,,,,,,,,,,,Gov List,"ACRA, Google Searches",,
,,16/12/2025,HAI FONG INDUSTRIES,HAI FONG INDUSTRIES,,TeleSales,,Offline Sources,Adhoc,,39949200C,,,,,,,,,,,,,,,,"B2C, Offline",,,,,,,,,,,,,,,,65 6482 3739,,,,,65 9624 9119,,,,,,,,,,Gov List,"ACRA, Google Searches",,
,,16/12/2025,TURN-MASTER ENGINEERING (S) PTE LTD,TURN-MASTER ENGINEERING S,,TeleSales,,Offline Sources,Adhoc,,199900083K,,,,,,,,,,,,,,,,"B2C, Offline",,,,,,,,,,,,,,,,65 9680 4581,turnmast@singnet.com.sg,,,,,,,,,,,,,,Gov List,"ACRA, Google Searches",,
,,16/12/2025,GOLDEN WORLD MACHINERY (S) PTE LTD,GOLDEN WORLD MACHINERY S,,TeleSales,,Offline Sources,Adhoc,,199900030N,,,,,,,,,,,,,,,,"B2C, Offline",,,,,,,,,,,,,,,,65 9634 7021,sales@goldenworld.com.sg,,,,,,,,,,,,,,Gov List,"ACRA, Google Searches",,
,,16/12/2025,WINSCAD ENGINEERING (S) PTE LTD,WINSCAD ENGINEERING S,,TeleSales,,Offline Sources,Adhoc,,200106627H,,,,,,,,,,,,,,,,"B2C, Offline",,,,,,,,,,,,,,,,65 9879 0815,winscad@yahoo.com.sg,,,,,,,,,,,,,,Gov List,"ACRA, Google Searches",,
,,16/12/2025,YONG GUAN HYDRAULIC & INDUSTRIAL SUPPLY,YONG GUAN HYDRAULIC & INDUSTRIAL SUPPLY,,TeleSales,,Offline Sources,Adhoc,,48171800A,,,,,,,,,,,,,,,,"B2C, Offline",,,,,,,,,,,,,,,,65 9617 1787,,,,,,,,,,,,,,,Gov List,"ACRA, Google Searches",,
,,16/12/2025,CHENG & CO,CHENG,,TeleSales,,Offline Sources,Adhoc,,53131385M,,,,,,,,,,,,,,,,"B2C, Offline",,,,,,,,,,,,,,,,,,,,,,,,,,,,,,,Gov List,"ACRA, Google Searches",,
,,16/12/2025,A RAJANDRAN,A RAJANDRAN,,TeleSales,,Offline Sources,Adhoc,,53130986W,,,,,,,,,,,,,,,,"B2C, Offline",,,,,,,,,,,,,,,,65 6536 1125,a_rajandran@hotmail.com,,,,,,,,,,,,,,Gov List,"ACRA, Google Searches",,
,,16/12/2025,TIPTOP CONSULTANTS PTE LTD,TIPTOP CONSULTANTS,,TeleSales,,Offline Sources,Adhoc,,199508222H,,,,,,,,,,,,,,,,"B2C, Offline",,,,,,,,,,,,,,,,65 6226 1107,sanna.ng@tiptop.com.sg,,,,65 9781 9841,,,,,,,,,,Gov List,"ACRA, Google Searches",,
,,16/12/2025,THIRTYTHREE PRIVATE LIMITED,THIRTYTHREE,,TeleSales,,Offline Sources,Adhoc,,200821941M,,,,,,,,,,,,,,,,"B2C, Offline",,,,,,,,,,,,,,,,65 9835 9433,,,,,65 9686 8190,,,,,,,,,,Gov List,"ACRA, Google Searches",,
,,16/12/2025,VIRGINIA QUEK LALITA & PARTNERS,VIRGINIA QUEK LALITA & PARTNERS,,TeleSales,,Offline Sources,Adhoc,,53131154J,,,,,,,,,,,,,,,,"B2C, Offline",,,,,,,,,,,,,,,,65 9030 7623,virginiaquel@vqlnp.com.sg,,,,65 6337 1949,,,,,,,,,,Gov List,"ACRA, Google Searches",,
,,16/12/2025,CAMPBELL JOHNSTON CLARK SINGAPORE LLP,CAMPBELL JOHNSTON CLARK,,TeleSales,,Offline Sources,Adhoc,,T13LL2214L,,,,,,,,,,,,,,,,"B2C, Offline",,,,,,,,,,,,,,,,65 9843 6035,,,,,65 9191 7668,,,,,,,,,,Gov List,"ACRA, Google Searches",,
,,16/12/2025,GMC SERVICES (ASIA-PACIFIC) PTE LTD,GMC ASIA PACIFIC,,TeleSales,,Offline Sources,Adhoc,,199901918D,,,,,,,,,,,,,,,,"B2C, Offline",,,,,,,,,,,,,,,,65 9687 3817,,,,,,,,,,,,,,,Gov List,"ACRA, Google Searches",,
,,16/12/2025,ENSTON CORPORATE SERVICES PTE. LTD.,ENSTON CORPORATE,,TeleSales,,Offline Sources,Adhoc,,201200804K,,,,,,,,,,,,,,,,"B2C, Offline",,,,,,,,,,,,,,,,65 9641 6855,,,,,,,,,,,,,,,Gov List,"ACRA, Google Searches",,
,,16/12/2025,WT CONTROLS (S) PTE LTD,WT CONTROLS S,,TeleSales,,Offline Sources,Adhoc,,199204781K,,,,,,,,,,,,,,,,"B2C, Offline",,,,,,,,,,,,,,,,65 9681 6106,tangfk@wtcontrols.sg,,,,65 6743 8938,,,,,,,,,,Gov List,"ACRA, Google Searches",,
,,16/12/2025,CHANEL ASIA PACIFIC PTE LIMITED,CHANEL ASIA PACIFIC,,TeleSales,,Offline Sources,Adhoc,,199707148R,,,,,,,,,,,,,,,,"B2C, Offline",,,,,,,,,,,,,,,,65 9666 6354,,,,,,,,,,,,,,,Gov List,"ACRA, Google Searches",,
,,16/12/2025,LEE SHERGILL LLP,LEE SHERGILL,,TeleSales,,Offline Sources,Adhoc,,T08LL1230B,,,,,,,,,,,,,,,,"B2C, Offline",,,,,,,,,,,,,,,,65 8717 6256,,,,,65 6535 1376,,,,,,,,,,Gov List,"ACRA, Google Searches",,
,,16/12/2025,UNICORN PUBLISHING LLP,UNICORN PUBLISHING,,TeleSales,,Offline Sources,Adhoc,,T13LL2055A,,,,,,,,,,,,,,,,"B2C, Offline",,,,,,,,,,,,,,,,65 9798 4176,,,,,,,,,,,,,,,Gov List,"ACRA, Google Searches",,
,,16/12/2025,LAURENCE GOH ENG YAU & CO,LAURENCE GOH ENG YAU,,TeleSales,,Offline Sources,Adhoc,,53131255X,,,,,,,,,,,,,,,,"B2C, Offline",,,,,,,,,,,,,,,,65 9673 6977,,,,,,,,,,,,,,,Gov List,"ACRA, Google Searches",,
,,16/12/2025,CSR MANAGEMENT SERVICES PTE. LTD.,CSR MANAGEMENT,,TeleSales,,Offline Sources,Adhoc,,200823247H,,,,,,,,,,,,,,,,"B2C, Offline",,,,,,,,,,,,,,,,65 9858 2767,csrchella@yahoo.com.sg,,,,65 6337 7526,,,,,,,,,,Gov List,"ACRA, Google Searches",,
,,16/12/2025,MIRCHANDANI & PARTNERS,MIRCHANDANI & PARTNERS,,TeleSales,,Offline Sources,Adhoc,,53131180E,,,,,,,,,,,,,,,,"B2C, Offline",,,,,,,,,,,,,,,,65 6323 6800,lawyers@mirchandani.com.sg,,,,,,,,,,,,,,Gov List,"ACRA, Google Searches",,
,,16/12/2025,SYSCO ANALYTICS ASIA PTE LTD,SYSCO ANALYTICS ASIA,,TeleSales,,Offline Sources,Adhoc,,199804587H,,,,,,,,,,,,,,,,"B2C, Offline",,,,,,,,,,,,,,,,65 9889 9406,kelvin.lim@syscoanalytics.com,,,,,,,,,,,,,,Gov List,"ACRA, Google Searches",,
,,16/12/2025,K K LIM & CO,K K LIM,,TeleSales,,Offline Sources,Adhoc,,S78PF0133F,,,,,,,,,,,,,,,,"B2C, Offline",,,,,,,,,,,,,,,,65 9144 1124,kklimco@singnet.com.sg,,,,,,,,,,,,,,Gov List,"ACRA, Google Searches",,
,,16/12/2025,IMPACT CONSULTANCY & TRAINING PTE LTD,IMPACT CONSULTANCY & TRAINING,,TeleSales,,Offline Sources,Adhoc,,199206729N,,,,,,,,,,,,,,,,"B2C, Offline",,,,,,,,,,,,,,,,65 9675 9818,impact@singnet.com.sg,,,,65 9640 8912,,,,,,,,,,Gov List,"ACRA, Google Searches",,
,,16/12/2025,ATACORA PTE LTD,ATACORA,,TeleSales,,Offline Sources,Adhoc,,199508916C,,,,,,,,,,,,,,,,"B2C, Offline",,,,,,,,,,,,,,,,65 9671 9122,chris@atacora.com.sg,,,,,,,,,,,,,,Gov List,"ACRA, Google Searches",,
,,16/12/2025,ACCTAX MANAGEMENT CONSULTANCY PRIVATE LIMITED,ACCTAX MANAGEMENT CONSULTANCY,,TeleSales,,Offline Sources,Adhoc,,200600304G,,,,,,,,,,,,,,,,"B2C, Offline",,,,,,,,,,,,,,,,65 6592 5130,yeehoi@acctax.sg,,,,,,,,,,,,,,Gov List,"ACRA, Google Searches",,
,,16/12/2025,ECRA BUSINESS SERVICES PTE. LTD.,ECRA BUSINESS,,TeleSales,,Offline Sources,Adhoc,,201002092M,,,,,,,,,,,,,,,,"B2C, Offline",,,,,,,,,,,,,,,,65 6570 9137,ecra.biz@gmail.com,,,,,,,,,,,,,,Gov List,"ACRA, Google Searches",,
,,16/12/2025,JENNIFER GREEN PRIVATE LIMITED,JENNIFER GREEN,,TeleSales,,Offline Sources,Adhoc,,201437816C,,,,,,,,,,,,,,,,"B2C, Offline",,,,,,,,,,,,,,,,65 8288 2848,,,,,,,,,,,,,,,Gov List,"ACRA, Google Searches",,
,,16/12/2025,PURE GEMS JEWELLERY LLP,PURE GEMS JEWELLERY,,TeleSales,,Offline Sources,Adhoc,,T15LL1726D,,,,,,,,,,,,,,,,"B2C, Offline",,,,,,,,,,,,,,,,65 9695 1159,,,,,,,,,,,,,,,Gov List,"ACRA, Google Searches",,
,,16/12/2025,CHANEL PTE LIMITED,CHANEL,,TeleSales,,Offline Sources,Adhoc,,198000507G,,,,,,,,,,,,,,,,"B2C, Offline",,,,,,,,,,,,,,,,65 9632 7785,yanyan.teo@chanel.com.sg,,,,,,,,,,,,,,Gov List,"ACRA, Google Searches",,
,,16/12/2025,PACIFIC SPORTS PTE LTD,PACIFIC SPORTS,,TeleSales,,Offline Sources,Adhoc,,199000805N,,,,,,,,,,,,,,,,"B2C, Offline",,,,,,,,,,,,,,,,65 6749 8444,accounts@pacificsingapore.com,,,,,,,,,,,,,,Gov List,"ACRA, Google Searches",,
,,16/12/2025,CORTINA WATCH PTE LTD,CORTINA WATCH,,TeleSales,,Offline Sources,Adhoc,,199504230N,,,,,,,,,,,,,,,,"B2C, Offline",,,,,,,,,,,,,,,,65 9694 3111,,,,,,,,,,,,,,,Gov List,"ACRA, Google Searches",,
,,16/12/2025,FOUR NINES SINGAPORE PTE. LTD.,FOUR NINES,,TeleSales,,Offline Sources,Adhoc,,201324295N,,,,,,,,,,,,,,,,"B2C, Offline",,,,,,,,,,,,,,,,65 8401 1111,,,,,65 9019 7104,,,,,,,,,,Gov List,"ACRA, Google Searches",,
,,16/12/2025,ABADI JAYA PTE LTD,ABADI JAYA,,TeleSales,,Offline Sources,Adhoc,,197803343W,,,,,,,,,,,,,,,,"B2C, Offline",,,,,,,,,,,,,,,,65 9151 0116,abadi@singnet.com.sg,,,,,,,,,,,,,,Gov List,"ACRA, Google Searches",,
,,16/12/2025,WIPAK OY (SINGAPORE BRANCH),WIPAK OY BRANCH,,TeleSales,,Offline Sources,Adhoc,,T15FC0069L,,,,,,,,,,,,,,,,"B2C, Offline",,,,,,,,,,,,,,,,65 9625 9419,paul.chiange@wipak.com,,,,,,,,,,,,,,Gov List,"ACRA, Google Searches",,
,,16/12/2025,J & R BOSSINI FASHION PTE LTD,J & R BOSSINI FASHION,,TeleSales,,Offline Sources,Adhoc,,198602888W,,,,,,,,,,,,,,,,"B2C, Offline",,,,,,,,,,,,,,,,65 9664 0905,johnny.lee@bossini.com.sg,,,,,,,,,,,,,,Gov List,"ACRA, Google Searches",,
,,16/12/2025,EMJAY ENTERPRISES PTE LTD,EMJAY,,TeleSales,,Offline Sources,Adhoc,,199200346K,,,,,,,,,,,,,,,,"B2C, Offline",,,,,,,,,,,,,,,,65 6338 1571,kunal@emjay.com,,,,65 9170 3999,,,,,,,,,,Gov List,"ACRA, Google Searches",,
,,16/12/2025,SPORTS FASHION PTE LTD,SPORTS FASHION,,TeleSales,,Offline Sources,Adhoc,,198304190D,,,,,,,,,,,,,,,,"B2C, Offline",,,,,,,,,,,,,,,,65 9822 9859,allenjoey.ching@yahoo.com,,,,,,,,,,,,,,Gov List,"ACRA, Google Searches",,
,,16/12/2025,"THE RITZ-CARLTON, MILLENIA SINGAPORE",THE RITZ-CARLTON MILLENIA,,TeleSales,,Offline Sources,Adhoc,,52806949K,,,,,,,,,,,,,,,,"B2C, Offline",,,,,,,,,,,,,,,,65 9719 4638,,,,,,,,,,,,,,,Gov List,"ACRA, Google Searches",,
,,16/12/2025,VILLAGE HOTEL KATONG,VILLAGE HOTEL KATONG,,TeleSales,,Offline Sources,Adhoc,,53181164J,,,,,,,,,,,,,,,,"B2C, Offline",,,,,,,,,,,,,,,,65 9645 0083,,,,,,,,,,,,,,,Gov List,"ACRA, Google Searches",,
,,16/12/2025,AMARA SINGAPORE,AMARA,,TeleSales,,Offline Sources,Adhoc,,33711400E,,,,,,,,,,,,,,,,"B2C, Offline",,,,,,,,,,,,,,,,65 9092 3788,ace.sg@amarashotel.com,,,,,,,,,,,,,,Gov List,"ACRA, Google Searches",,
,,16/12/2025,ARTE STRAITS HOLDINGS PTE. LTD.,ARTE STRAITS,,TeleSales,,Offline Sources,Adhoc,,201313025C,,,,,,,,,,,,,,,,"B2C, Offline",,,,,,,,,,,,,,,,65 6333 5662,,,,,65 9384 3679,,,,,,,,,,Gov List,"ACRA, Google Searches",,
,,16/12/2025,TREND POINT,TREND POINT,,TeleSales,,Offline Sources,Adhoc,,52843840M,,,,,,,,,,,,,,,,"B2C, Offline",,,,,,,,,,,,,,,,65 9830 3693,,,,,,,,,,,,,,,Gov List,"ACRA, Google Searches",,
,,16/12/2025,YEN INVESTMENTS PTE LTD,YEN INVESTMENTS,,TeleSales,,Offline Sources,Adhoc,,198702327C,,,,,,,,,,,,,,,,"B2C, Offline",,,,,,,,,,,,,,,,65 9776 1626,yen_support@yen.com.sg,,,,,,,,,,,,,,Gov List,"ACRA, Google Searches",,
,,16/12/2025,SOLEX LOGISTICS (SINGAPORE) PTE LTD,SOLEX LOGISTICS,,TeleSales,,Offline Sources,Adhoc,,199701597H,,,,,,,,,,,,,,,,"B2C, Offline",,,,,,,,,,,,,,,,65 9116 1181,solex.admin@sg.nenkel.com,,,,65 6266 3277,,,,,,,,,,Gov List,"ACRA, Google Searches",,
,,16/12/2025,LINER SHIPPING PTE LTD,LINER SHIPPING,,TeleSales,,Offline Sources,Adhoc,,198905558R,,,,,,,,,,,,,,,,"B2C, Offline",,,,,,,,,,,,,,,,65 6223 6133,,,,,65 8128 3133,,,,,,,,,,Gov List,"ACRA, Google Searches",,
,,16/12/2025,MAPLE AVIATION PTE LTD,MAPLE AVIATION,,TeleSales,,Offline Sources,Adhoc,,198800139W,,,,,,,,,,,,,,,,"B2C, Offline",,,,,,,,,,,,,,,,65 6225 3733,rebecca@elyasiana.com,,,,,,,,,,,,,,Gov List,"ACRA, Google Searches",,
,,16/12/2025,C.M.I. MARITIME PTE LTD,CMI MARITIME,,TeleSales,,Offline Sources,Adhoc,,199506235C,,,,,,,,,,,,,,,,"B2C, Offline",,,,,,,,,,,,,,,,65 6837 2079,cmioperations@cmispore.com.sg,,,,65 9166 1657,,,,,,,,,,Gov List,"ACRA, Google Searches",,
,,16/12/2025,3R LOGISTICS PTE. LTD.,3R LOGISTICS,,TeleSales,,Offline Sources,Adhoc,,200610164M,,,,,,,,,,,,,,,,"B2C, Offline",,,,,,,,,,,,,,,,65 6225 2388,kelly@3r.com.sg,,,,,,,,,,,,,,Gov List,"ACRA, Google Searches",,
,,16/12/2025,CTI LOGISTICS PTE LTD,CTI LOGISTICS,,TeleSales,,Offline Sources,Adhoc,,198101175R,,,,,,,,,,,,,,,,"B2C, Offline",,,,,,,,,,,,,,,,65 6542 7888,felicia.chan@cti.com.sg,,,,,,,,,,,,,,Gov List,"ACRA, Google Searches",,
,,16/12/2025,BECHTRANS INTERNATIONAL (S) PTE LTD,BECHTRANS S,,TeleSales,,Offline Sources,Adhoc,,199203993W,,,,,,,,,,,,,,,,"B2C, Offline",,,,,,,,,,,,,,,,65 6532 0321,hechua@btisg.com.sg,,,,,,,,,,,,,,Gov List,"ACRA, Google Searches",,
,,16/12/2025,WORLDGREEN SHIPPING PTE LTD,WORLDGREEN SHIPPING,,TeleSales,,Offline Sources,Adhoc,,199905761G,,,,,,,,,,,,,,,,"B2C, Offline",,,,,,,,,,,,,,,,65 6392 2268,cindy@wgship.com,,,,,,,,,,,,,,Gov List,"ACRA, Google Searches",,
,,16/12/2025,CTC LOGISTICS (S) PTE. LTD.,CTC LOGISTICS S,,TeleSales,,Offline Sources,Adhoc,,201319326N,,,,,,,,,,,,,,,,"B2C, Offline",,,,,,,,,,,,,,,,65 9007 3939,,,,,,,,,,,,,,,Gov List,"ACRA, Google Searches",,
,,16/12/2025,TRADE MOVERS,TRADE MOVERS,,TeleSales,,Offline Sources,Adhoc,,26483100D,,,,,,,,,,,,,,,,"B2C, Offline",,,,,,,,,,,,,,,,65 9633 1929,lai.bee@newasia.com,,,,,,,,,,,,,,Gov List,"ACRA, Google Searches",,
,,16/12/2025,CL WORLDLINK (SG) PTE. LTD.,CL WORLDLINK,,TeleSales,,Offline Sources,Adhoc,,201503361C,,,,,,,,,,,,,,,,"B2C, Offline",,,,,,,,,,,,,,,,65 6871 8914,ct@clworldlink.com,,,,65 9008 1283,,,,,,,,,,Gov List,"ACRA, Google Searches",,
,,16/12/2025,CONCORDIA INTERNATIONAL FORWARDING PTE LTD,CONCORDIA FORWARDING,,TeleSales,,Offline Sources,Adhoc,,199401256M,,,,,,,,,,,,,,,,"B2C, Offline",,,,,,,,,,,,,,,,65 6542 1249,psquek@concordiafreight.com,,,,,,,,,,,,,,Gov List,"ACRA, Google Searches",,
,,16/12/2025,SAAA CARGO SERVICES PTE LTD,SAAA CARGO,,TeleSales,,Offline Sources,Adhoc,,198800119M,,,,,,,,,,,,,,,,"B2C, Offline",,,,,,,,,,,,,,,,65 9739 8958,chinbeng.ng@saaa.org.sg,,,,65 6545 4721,,,,,,,,,,Gov List,"ACRA, Google Searches",,
,,16/12/2025,UFI EXPRESS (SINGAPORE) PTE LTD,UFI EXPRESS,,TeleSales,,Offline Sources,Adhoc,,199408059K,,,,,,,,,,,,,,,,"B2C, Offline",,,,,,,,,,,,,,,,65 9750 3118,lesleyfoo@ufiexpress.com,,,,65 6542 2966,,,,,,,,,,Gov List,"ACRA, Google Searches",,
,,16/12/2025,UT-WAYS FREIGHT SERVICES PTE LTD,UT-WAYS FREIGHT,,TeleSales,,Offline Sources,Adhoc,,198903306H,,,,,,,,,,,,,,,,"B2C, Offline",,,,,,,,,,,,,,,,65 6542 8336,jamesgoh@utways.com,,,,,,,,,,,,,,Gov List,"ACRA, Google Searches",,
,,16/12/2025,DENS OCEAN TRANSPORT & SHIPPING PTE. LTD.,DENS OCEAN TRANSPORT & SHIPPING,,TeleSales,,Offline Sources,Adhoc,,201225925Z,,,,,,,,,,,,,,,,"B2C, Offline",,,,,,,,,,,,,,,,65 8722 6245,,,,,,,,,,,,,,,Gov List,"ACRA, Google Searches",,
,,16/12/2025,DIRECT LINK PTE. LTD.,DIRECT LINK,,TeleSales,,Offline Sources,Adhoc,,200416832E,,,,,,,,,,,,,,,,"B2C, Offline",,,,,,,,,,,,,,,,65 9857 7998,,,,,,,,,,,,,,,Gov List,"ACRA, Google Searches",,
,,16/12/2025,CAST LAUNCH SERVICES PTE LTD,CAST LAUNCH,,TeleSales,,Offline Sources,Adhoc,,199408502D,,,,,,,,,,,,,,,,"B2C, Offline",,,,,,,,,,,,,,,,65 9722 7533,,,,,,,,,,,,,,,Gov List,"ACRA, Google Searches",,
,,16/12/2025,ZION LOGISTICS (S) PTE. LTD.,ZION LOGISTICS S,,TeleSales,,Offline Sources,Adhoc,,200307278H,,,,,,,,,,,,,,,,"B2C, Offline",,,,,,,,,,,,,,,,65 6542 6361,sin@zionlogistcs.com.sg,,,,,,,,,,,,,,Gov List,"ACRA, Google Searches",,
,,16/12/2025,MICRO AIRFREIGHT PTE LTD,MICRO AIRFREIGHT,,TeleSales,,Offline Sources,Adhoc,,199102949Z,,,,,,,,,,,,,,,,"B2C, Offline",,,,,,,,,,,,,,,,65 9128 2688,laykhim@microairfreight.com.sg,,,,,,,,,,,,,,Gov List,"ACRA, Google Searches",,
,,16/12/2025,ASL SOLUTIONS PTE LTD,ASL,,TeleSales,,Offline Sources,Adhoc,,200106560H,,,,,,,,,,,,,,,,"B2C, Offline",,,,,,,,,,,,,,,,65 9026 0527,erichkh@aslsolutions.com.sg,,,,,,,,,,,,,,Gov List,"ACRA, Google Searches",,
,,16/12/2025,SILK WAY WEST AIRLINES BRANCH OFFICE SINGAPORE,SILK WAY WEST AIRLINES BRANCH OFFICE,,TeleSales,,Offline Sources,Adhoc,,T16FC0048K,,,,,,,,,,,,,,,,"B2C, Offline",,,,,,,,,,,,,,,,65 9270 1168,,,,,,,,,,,,,,,Gov List,"ACRA, Google Searches",,
,,16/12/2025,SPECTRA MARITIME & SURVEYS LLP,SPECTRA MARITIME & SURVEYS,,TeleSales,,Offline Sources,Adhoc,,T16LL1907K,,,,,,,,,,,,,,,,"B2C, Offline",,,,,,,,,,,,,,,,65 9157 1767,office@spectra-mc.com,,,,65 6221 5458,,,,,,,,,,Gov List,"ACRA, Google Searches",,
,,16/12/2025,MULTIPLE CHOICES,MULTIPLE CHOICES,,TeleSales,,Offline Sources,Adhoc,,53094427L,,,,,,,,,,,,,,,,"B2C, Offline",,,,,,,,,,,,,,,,65 9182 2363,,,,,,,,,,,,,,,Gov List,"ACRA, Google Searches",,
,,16/12/2025,RS FACILITIES SERVICES PRIVATE LIMITED,RS FACILITIES,,TeleSales,,Offline Sources,Adhoc,,201310593M,,,,,,,,,,,,,,,,"B2C, Offline",,,,,,,,,,,,,,,,65 9029 6030,morris@rsfs.com.sg,,,,,,,,,,,,,,Gov List,"ACRA, Google Searches",,
,,16/12/2025,CLEAN SOLUTIONS PTE LTD,CLEAN,,TeleSales,,Offline Sources,Adhoc,,198801833K,,,,,,,,,,,,,,,,"B2C, Offline",,,,,,,,,,,,,,,,65 9661 1670,steventan@cleansolutions.com.sg,,,,,,,,,,,,,,Gov List,"ACRA, Google Searches",,
,,16/12/2025,SERGENT SERVICES PTE LTD,SERGENT,,TeleSales,,Offline Sources,Adhoc,,199802333Z,,,,,,,,,,,,,,,,"B2C, Offline",,,,,,,,,,,,,,,,65 6570 6733,sergent@singnet.com.sg,,,,,,,,,,,,,,Gov List,"ACRA, Google Searches",,
,,16/12/2025,7 DAYS HOME FURNISHING PTE. LTD.,7 DAYS HOME FURNISHING,,TeleSales,,Offline Sources,Adhoc,,200701857R,,,,,,,,,,,,,,,,"B2C, Offline",,,,,,,,,,,,,,,,65 8110 0940,contact@sevendays.com.sg,,,,65 6781 1886,,,,,65 6781 8768,,,,,Gov List,"ACRA, Google Searches",,
,,16/12/2025,YEW LEE METAL WORKS PTE LTD,YEW LEE METAL WORKS,,TeleSales,,Offline Sources,Adhoc,,199300395G,,,,,,,,,,,,,,,,"B2C, Offline",,,,,,,,,,,,,,,,65 6383 6868,joanne@yewlee.com.sg,,,,,,,,,,,,,,Gov List,"ACRA, Google Searches",,
,,16/12/2025,BED BATH N' TABLE SINGAPORE PTE. LTD.,BED BATH N TABLE,,TeleSales,,Offline Sources,Adhoc,,201620220R,,,,,,,,,,,,,,,,"B2C, Offline",,,,,,,,,,,,,,,,65 9188 6893,alan.teng@corporatehouse.com,,,,,,,,,,,,,,Gov List,"ACRA, Google Searches",,
,,16/12/2025,FRESHEN FRUIT TRADING,FRESHEN FRUIT,,TeleSales,,Offline Sources,Adhoc,,42458400W,,,,,,,,,,,,,,,,"B2C, Offline",,,,,,,,,,,,,,,,65 9358 3857,,,,,,,,,,,,,,,Gov List,"ACRA, Google Searches",,
,,16/12/2025,ASIA PRODUCE,ASIA PRODUCE,,TeleSales,,Offline Sources,Adhoc,,06120900K,,,,,,,,,,,,,,,,"B2C, Offline",,,,,,,,,,,,,,,,65 9489 5948,asiaproduce@yahoo.com.sg,,,,65 6443 0536,,,,,,,,,,Gov List,"ACRA, Google Searches",,
,,16/12/2025,SHAN DONG XIAO CHI PTE. LTD.,SHAN DONG XIAO CHI,,TeleSales,,Offline Sources,Adhoc,,201437318K,,,,,,,,,,,,,,,,"B2C, Offline",,,,,,,,,,,,,,,,65 8171 7899,,,,,,,,,,,,,,,Gov List,"ACRA, Google Searches",,
,,16/12/2025,SENG HUA HNG FOODSTUFF PTE LTD,SENG HUA HNG FOODSTUFF,,TeleSales,,Offline Sources,Adhoc,,198001761D,,,,,,,,,,,,,,,,"B2C, Offline",,,,,,,,,,,,,,,,65 9299 0601,,,,,65 9176 3677,,,,,,,,,,Gov List,"ACRA, Google Searches",,
,,16/12/2025,HIGH TIDE FROZEN FOOD PTE LTD,HIGH TIDE FROZEN FOOD,,TeleSales,,Offline Sources,Adhoc,,197801965Z,,,,,,,,,,,,,,,,"B2C, Offline",,,,,,,,,,,,,,,,65 9820 5353,,,,,,,,,,,,,,,Gov List,"ACRA, Google Searches",,
,,16/12/2025,KIM HIN EGGS SUPPLIER,KIM HIN EGGS SUPPLIER,,TeleSales,,Offline Sources,Adhoc,,52774200K,,,,,,,,,,,,,,,,"B2C, Offline",,,,,,,,,,,,,,,,65 9455 5247,,,,,,,,,,,,,,,Gov List,"ACRA, Google Searches",,
,,16/12/2025,AH HO FRUIT TRADING CO,AH HO FRUIT,,TeleSales,,Offline Sources,Adhoc,,29040300J,,,,,,,,,,,,,,,,"B2C, Offline",,,,,,,,,,,,,,,,65 6776 0886,ahhofruit@singnet.com.sg,,,,,,,,,,,,,,Gov List,"ACRA, Google Searches",,
,,16/12/2025,TOWSENLY FOOD ENTERPRISE,TOWSENLY FOOD,,TeleSales,,Offline Sources,Adhoc,,52873492W,,,,,,,,,,,,,,,,"B2C, Offline",,,,,,,,,,,,,,,,65 9027 0798,,,,,,,,,,,,,,,Gov List,"ACRA, Google Searches",,
,,16/12/2025,TEE YIH JIA FOOD MANUFACTURING PTE LTD,TEE YIH JIA FOOD MANUFACTURING,,TeleSales,,Offline Sources,Adhoc,,196900630E,,,,,,,,,,,,,,,,"B2C, Offline",,,,,,,,,,,,,,,,65 6880 9888,kennethgoi@tyjfood.com,,,,65 6880 9856,,,,,,,,,,Gov List,"ACRA, Google Searches",,
,,16/12/2025,FENGPLUS TRADING PTE LTD,FENGPLUS,,TeleSales,,Offline Sources,Adhoc,,199905559M,,,,,,,,,,,,,,,,"B2C, Offline",,,,,,,,,,,,,,,,65 6659 9195,joseph_fong@fengplus.com.sg,,,,65 8139 2151,,,,,,,,,,Gov List,"ACRA, Google Searches",,
,,16/12/2025,GROMARK CONSUMERS ENTERPRISE PTE LTD,GROMARK CONSUMERS,,TeleSales,,Offline Sources,Adhoc,,198803901W,,,,,,,,,,,,,,,,"B2C, Offline",,,,,,,,,,,,,,,,65 9127 9383,sales@mop.com.sg,,,,65 6253 0106,,,,,,,,,,Gov List,"ACRA, Google Searches",,
,,16/12/2025,THE ROYALS CAFE PTE. LTD.,THE ROYALS CAFE,,TeleSales,,Offline Sources,Adhoc,,200810629R,,,,,,,,,,,,,,,,"B2C, Offline",,,,,,,,,,,,,,,,65 9796 6111,joy@royalcafes.com,,,,,,,,,,,,,,Gov List,"ACRA, Google Searches",,
,,16/12/2025,MEGA DEVELOPMENT & TRADING PTE LTD,MEGA DEVELOPMENT,,TeleSales,,Offline Sources,Adhoc,,199104762M,,,,,,,,,,,,,,,,"B2C, Offline",,,,,,,,,,,,,,,,65 9662 4879,megaie@singnet.com.sg,,,,,,,,,,,,,,Gov List,"ACRA, Google Searches",,
,,16/12/2025,THE GLOBAL K FOOD PTE. LTD.,THE K FOOD,,TeleSales,,Offline Sources,Adhoc,,201305685Z,,,,,,,,,,,,,,,,"B2C, Offline",,,,,,,,,,,,,,,,65 8533 0152,bingkibingsu@gmail.com,,,,65 6443 5435,,,,,65 8710 8739,,,,,Gov List,"ACRA, Google Searches",,
,,16/12/2025,JIN LING ENTERPRISE PTE LTD,JIN LING,,TeleSales,,Offline Sources,Adhoc,,199700699H,,,,,,,,,,,,,,,,"B2C, Offline",,,,,,,,,,,,,,,,65 6788 3611,jinlingen@singnet.com.sg,,,,,,,,,,,,,,Gov List,"ACRA, Google Searches",,
,,16/12/2025,FIVE BAR PTE. LTD.,FIVE BAR,,TeleSales,,Offline Sources,Adhoc,,201130934N,,,,,,,,,,,,,,,,"B2C, Offline",,,,,,,,,,,,,,,,65 9296 2506,ben@fivebar.sg,,,,,,,,,,,,,,Gov List,"ACRA, Google Searches",,
,,16/12/2025,JACK INVESTMENT PTE LTD,JACK INVESTMENT,,TeleSales,,Offline Sources,Adhoc,,198203327Z,,,,,,,,,,,,,,,,"B2C, Offline",,,,,,,,,,,,,,,,65 6344 2022,,,,,,,,,,,,,,,Gov List,"ACRA, Google Searches",,
,,16/12/2025,GREAT EAST FOREX,GREAT EAST FOREX,,TeleSales,,Offline Sources,Adhoc,,40238800C,,,,,,,,,,,,,,,,"B2C, Offline",,,,,,,,,,,,,,,,65 9636 0530,peterwu141469@gmail.com,,,,65 6339 2828,,,,,,,,,,Gov List,"ACRA, Google Searches",,
,,16/12/2025,AUSTRALIA AND NEW ZEALAND BANKING GROUP LIMITED,AUSTRALIA AND NEW ZEALAND BANKING,,TeleSales,,Offline Sources,Adhoc,,S80FC2839H,,,,,,,,,,,,,,,,"B2C, Offline",,,,,,,,,,,,,,,,65 9822 6651,,,,,,,,,,,,,,,Gov List,"ACRA, Google Searches",,
,,16/12/2025,INSUREMASTER AGENCY,INSUREMASTER AGENCY,,TeleSales,,Offline Sources,Adhoc,,52891125B,,,,,,,,,,,,,,,,"B2C, Offline",,,,,,,,,,,,,,,,65 9757 8218,insuremastera@gmail.com,,,,,,,,,,,,,,Gov List,"ACRA, Google Searches",,
,,16/12/2025,BKK FOREX PTE LTD,BKK FOREX,,TeleSales,,Offline Sources,Adhoc,,199101034E,,,,,,,,,,,,,,,,"B2C, Offline",,,,,,,,,,,,,,,,65 9776 1626,yen_support@yen.com.sg,,,,,,,,,,,,,,Gov List,"ACRA, Google Searches",,
,,16/12/2025,SINGAPURA FINANCE LTD,SINGAPURA FINANCE,,TeleSales,,Offline Sources,Adhoc,,196900340N,,,,,,,,,,,,,,,,"B2C, Offline",,,,,,,,,,,,,,,,65 9645 1480,kang.huang@singapurafinance.com,,,,65 6680 0612,,,,,,,,,,Gov List,"ACRA, Google Searches",,
,,16/12/2025,FUTURELINKS INTERNATIONAL PTE. LTD.,FUTURELINKS,,TeleSales,,Offline Sources,Adhoc,,200202068C,,,,,,,,,,,,,,,,"B2C, Offline",,,,,,,,,,,,,,,,65 9363 0552,,,,,65 6225 1410,,,,,,,,,,Gov List,"ACRA, Google Searches",,
,,16/12/2025,KS ORKA RENEWABLES PTE. LTD.,KS ORKA RENEWABLES,,TeleSales,,Offline Sources,Adhoc,,201541148D,,,,,,,,,,,,,,,,"B2C, Offline",,,,,,,,,,,,,,,,65 9844 3000,allycia.ng@ksorka.com,,,,,,,,,,,,,,Gov List,"ACRA, Google Searches",,
,,16/12/2025,RGB SG PTE. LTD.,RGB,,TeleSales,,Offline Sources,Adhoc,,201432715N,,,,,,,,,,,,,,,,"B2C, Offline",,,,,,,,,,,,,,,,65 9386 9287,usbargoos@yahoo.com,,,,,,,,,,,,,,Gov List,"ACRA, Google Searches",,
,,16/12/2025,BFC DEVELOPMENT LLP,BFC DEVELOPMENT,,TeleSales,,Offline Sources,Adhoc,,T12LL1005B,,,,,,,,,,,,,,,,"B2C, Offline",,,,,,,,,,,,,,,,65 6654 1390,mark.delacruz@rqam.com.sg,,,,,,,,,,,,,,Gov List,"ACRA, Google Searches",,
,,16/12/2025,BRICON ASSOCIATES PTE LTD,BRICON ASSOCIATES,,TeleSales,,Offline Sources,Adhoc,,198502692M,,,,,,,,,,,,,,,,"B2C, Offline",,,,,,,,,,,,,,,,65 8371 6527,maricris@bricon.com.sg,,,,65 6449 3366,,,,,,,,,,Gov List,"ACRA, Google Searches",,
,,16/12/2025,TAN WEI CREDIT PTE LTD,TAN WEI CREDIT,,TeleSales,,Offline Sources,Adhoc,,199906413W,,,,,,,,,,,,,,,,"B2C, Offline",,,,,,,,,,,,,,,,,,,,,,,,,,,,,,,Gov List,"ACRA, Google Searches",,
,,16/12/2025,RICSIN FREIGHT SERVICES PTE LTD,RICSIN FREIGHT,,TeleSales,,Offline Sources,Adhoc,,199001084E,,,,,,,,,,,,,,,,"B2C, Offline",,,,,,,,,,,,,,,,65 9636 9015,doris@elitecargogroup.com,,,,,,,,,,,,,,Gov List,"ACRA, Google Searches",,
,,16/12/2025,ROCKWORTH CAPITAL PARTNERS PTE. LTD.,ROCKWORTH CAPITAL PARTNERS,,TeleSales,,Offline Sources,Adhoc,,201117949Z,,,,,,,,,,,,,,,,"B2C, Offline",,,,,,,,,,,,,,,,65 9233 7641,,,,,,,,,,,,,,,Gov List,"ACRA, Google Searches",,
,,16/12/2025,"UNION BANCAIRE PRIVEE, UBP SA",UNION BANCAIRE PRIVEE UBP SA,,TeleSales,,Offline Sources,Adhoc,,T13FC0154G,,,,,,,,,,,,,,,,"B2C, Offline",,,,,,,,,,,,,,,,65 9822 6431,akc@ubp.com,,,,,,,,,,,,,,Gov List,"ACRA, Google Searches",,
,,16/12/2025,OCBC SECURITIES PRIVATE LIMITED,OCBC SECURITIES,,TeleSales,,Offline Sources,Adhoc,,196600262R,,,,,,,,,,,,,,,,"B2C, Offline",,,,,,,,,,,,,,,,65 9668 9534,nazeersa@ocbc.com,,,,,,,,,,,,,,Gov List,"ACRA, Google Searches",,
,,16/12/2025,TEXAS CHICKEN (SINGAPORE) PTE. LTD.,TEXAS CHICKEN,,TeleSales,,Offline Sources,Adhoc,,201003081E,,,,,,,,,,,,,,,,"B2C, Offline",,,,,,,,,,,,,,,,65 9456 1955,,,,,,,,,,,,,,,Gov List,"ACRA, Google Searches",,
,,16/12/2025,ZENSHO FOOD SINGAPORE PTE. LTD.,ZENSHO FOOD,,TeleSales,,Offline Sources,Adhoc,,201218997C,,,,,,,,,,,,,,,,"B2C, Offline",,,,,,,,,,,,,,,,65 9674 3609,,,,,65 9004 7933,,,,,,,,,,Gov List,"ACRA, Google Searches",,
,,16/12/2025,DOMINO'S PIZZA SINGAPORE PTE. LTD.,DOMINOS PIZZA,,TeleSales,,Offline Sources,Adhoc,,200900719D,,,,,,,,,,,,,,,,"B2C, Offline",,,,,,,,,,,,,,,,65 9833 5209,kamariah.hamid@dominos.com.sg,,,,,,,,,,,,,,Gov List,"ACRA, Google Searches",,
,,16/12/2025,SUBS@CGH PTE. LTD.,SUBS@CGH,,TeleSales,,Offline Sources,Adhoc,,201213295R,,,,,,,,,,,,,,,,"B2C, Offline",,,,,,,,,,,,,,,,65 6783 1863,,,,,,,,,,,,,,,Gov List,"ACRA, Google Searches",,
,,16/12/2025,ZION F&B PTE. LTD.,ZION F&B,,TeleSales,,Offline Sources,Adhoc,,200719016G,,,,,,,,,,,,,,,,"B2C, Offline",,,,,,,,,,,,,,,,65 9387 1129,,,,,,,,,,,,,,,Gov List,"ACRA, Google Searches",,
,,16/12/2025,STUFF'D VENTURES PTE. LTD.,STUFFD VENTURES,,TeleSales,,Offline Sources,Adhoc,,201434605Z,,,,,,,,,,,,,,,,"B2C, Offline",,,,,,,,,,,,,,,,65 9178 0870,mat@stuffed.com.sg,,,,,,,,,,,,,,Gov List,"ACRA, Google Searches",,
,,16/12/2025,ANTELOPE LLP,ANTELOPE,,TeleSales,,Offline Sources,Adhoc,,T11LL1021A,,,,,,,,,,,,,,,,"B2C, Offline",,,,,,,,,,,,,,,,65 9820 9583,workatcrayon@gmail.com,,,,,,,,,,,,,,Gov List,"ACRA, Google Searches",,
,,16/12/2025,RUE MADAME SING PTE. LTD.,RUE MADAME SING,,TeleSales,,Offline Sources,Adhoc,,201432377N,,,,,,,,,,,,,,,,"B2C, Offline",,,,,,,,,,,,,,,,65 9664 6332,raymondchoi@kingsmen-int.com,,,,,,,,,,,,,,Gov List,"ACRA, Google Searches",,
,,16/12/2025,NSB APPAREL PTE. LTD.,NSB APPAREL,,TeleSales,,Offline Sources,Adhoc,,201135967G,,,,,,,,,,,,,,,,"B2C, Offline",,,,,,,,,,,,,,,,65 6509 8066,,,,,,,,,,,,,,,Gov List,"ACRA, Google Searches",,
,,16/12/2025,XINRON MARKETING ENTERPRISE,XINRON MARKETING,,TeleSales,,Offline Sources,Adhoc,,53260352D,,,,,,,,,,,,,,,,"B2C, Offline",,,,,,,,,,,,,,,,65 9385 9848,,,,,,,,,,,,,,,Gov List,"ACRA, Google Searches",,
,,16/12/2025,SHAFAYUS INTERNATIONAL,SHAFAYUS,,TeleSales,,Offline Sources,Adhoc,,53310572B,,,,,,,,,,,,,,,,"B2C, Offline",,,,,,,,,,,,,,,,65 9109 8015,,,,,65 6391 9676,,,,,,,,,,Gov List,"ACRA, Google Searches",,
,,16/12/2025,THE BOX SHOWCASE ENSEMBLE,THE BOX SHOWCASE ENSEMBLE,,TeleSales,,Offline Sources,Adhoc,,52972574J,,,,,,,,,,,,,,,,"B2C, Offline",,,,,,,,,,,,,,,,65 9762 3948,,,,,,,,,,,,,,,Gov List,"ACRA, Google Searches",,
,,16/12/2025,BTC CLOTHIER (S) PTE LTD,BTC CLOTHIER S,,TeleSales,,Offline Sources,Adhoc,,199704194G,,,,,,,,,,,,,,,,"B2C, Offline",,,,,,,,,,,,,,,,65 9652 9885,nidzam@bi.com.my,,,,,,,,,,,,,,Gov List,"ACRA, Google Searches",,
,,16/12/2025,ARENA KTV PRIVATE LIMITED,ARENA KTV,,TeleSales,,Offline Sources,Adhoc,,201414681C,,,,,,,,,,,,,,,,"B2C, Offline",,,,,,,,,,,,,,,,65 8442 2606,,,,,,,,,,,,,,,Gov List,"ACRA, Google Searches",,
,,16/12/2025,CLUB EMPIRE ENTERTAINMENT PTE. LTD.,CLUB EMPIRE ENTERTAINMENT,,TeleSales,,Offline Sources,Adhoc,,201510278E,,,,,,,,,,,,,,,,"B2C, Offline",,,,,,,,,,,,,,,,65 9232 5678,,,,,65 9029 4449,,,,,,,,,,Gov List,"ACRA, Google Searches",,
,,16/12/2025,J'WELS HOLDINGS PTE. LTD.,JWELS,,TeleSales,,Offline Sources,Adhoc,,201531414G,,,,,,,,,,,,,,,,"B2C, Offline",,,,,,,,,,,,,,,,65 8116 8782,,,,,65 9710 2781,,,,,,,,,,Gov List,"ACRA, Google Searches",,
,,16/12/2025,LOYAL EMPLOYMENT AGENCY,LOYAL EMPLOYMENT AGENCY,,TeleSales,,Offline Sources,Adhoc,,53017095K,,,,,,,,,,,,,,,,"B2C, Offline",,,,,,,,,,,,,,,,65 9109 8418,,,,,,,,,,,,,,,Gov List,"ACRA, Google Searches",,
,,16/12/2025,GEMINI EMPLOYMENT AGENCY PRIVATE LIMITED,GEMINI EMPLOYMENT AGENCY,,TeleSales,,Offline Sources,Adhoc,,201413560N,,,,,,,,,,,,,,,,"B2C, Offline",,,,,,,,,,,,,,,,65 9338 1711,,,,,,,,,,,,,,,Gov List,"ACRA, Google Searches",,
,,16/12/2025,YELLOW MOBILE,YELLOW MOBILE,,TeleSales,,Offline Sources,Adhoc,,53115079L,,,,,,,,,,,,,,,,"B2C, Offline",,,,,,,,,,,,,,,,65 8349 8383,,,,,,,,,,,,,,,Gov List,"ACRA, Google Searches",,
,,16/12/2025,WYN SYSTEMS & COMMUNICATIONS PTE LTD,WYN & COMMUNICATIONS,,TeleSales,,Offline Sources,Adhoc,,199500579C,,,,,,,,,,,,,,,,"B2C, Offline",,,,,,,,,,,,,,,,,,,,,,,,,,,,,,,Gov List,"ACRA, Google Searches",,
,,16/12/2025,CHALLENGER TECHNOLOGIES LIMITED,CHALLENGER,,TeleSales,,Offline Sources,Adhoc,,198400182K,,,,,,,,,,,,,,,,"B2C, Offline",,,,,,,,,,,,,,,,65 9758 6741,,,,,,,,,,,,,,,Gov List,"ACRA, Google Searches",,
,,16/12/2025,ELUSH (T3) PTE. LTD.,ELUSH T3,,TeleSales,,Offline Sources,Adhoc,,200722074E,,,,,,,,,,,,,,,,"B2C, Offline",,,,,,,,,,,,,,,,65 9827 8873,,,,,65 6836 3531,,,,,65 9680 8198,,,,,Gov List,"ACRA, Google Searches",,
,,16/12/2025,WENG CHEONG COMPUTERS,WENG CHEONG COMPUTERS,,TeleSales,,Offline Sources,Adhoc,,52850414B,,,,,,,,,,,,,,,,"B2C, Offline",,,,,,,,,,,,,,,,65 8518 8823,wrdee131526@gmail.com,,,,65 9618 3596,,,,,,,,,,Gov List,"ACRA, Google Searches",,
,,16/12/2025,EPLAY,EPLAY,,TeleSales,,Offline Sources,Adhoc,,53144556M,,,,,,,,,,,,,,,,"B2C, Offline",,,,,,,,,,,,,,,,65 8103 4567,eplay@singapore.com,,,,65 9837 0079,,,,,,,,,,Gov List,"ACRA, Google Searches",,
,,16/12/2025,MOBILE CONCEPTZ,MOBILE CONCEPTZ,,TeleSales,,Offline Sources,Adhoc,,53072988A,,,,,,,,,,,,,,,,"B2C, Offline",,,,,,,,,,,,,,,,65 9671 1421,hazel@tradelinkasia.com.sg,,,,,,,,,,,,,,Gov List,"ACRA, Google Searches",,
,,16/12/2025,VALIBEL TECHNOLOGIES PTE LTD,VALIBEL,,TeleSales,,Offline Sources,Adhoc,,198303954R,,,,,,,,,,,,,,,,"B2C, Offline",,,,,,,,,,,,,,,,65 6748 8404,valibel@singnet.com.sg,,,,,,,,,,,,,,Gov List,"ACRA, Google Searches",,
,,16/12/2025,PERTAMA MERCHANDISING PTE LTD,PERTAMA MERCHANDISING,,TeleSales,,Offline Sources,Adhoc,,198902241N,,,,,,,,,,,,,,,,"B2C, Offline",,,,,,,,,,,,,,,,65 8588 6219,,,,,,,,,,,,,,,Gov List,"ACRA, Google Searches",,
,,16/12/2025,PIONEER ENGINEERING AND TRADING PTE. LTD.,PIONEER ENGINEERING AND,,TeleSales,,Offline Sources,Adhoc,,201432624C,,,,,,,,,,,,,,,,"B2C, Offline",,,,,,,,,,,,,,,,65 9696 7277,,,,,65 8668 7277,,,,,,,,,,Gov List,"ACRA, Google Searches",,
,,16/12/2025,PRESTO DRYCLEANERS PTE LTD,PRESTO DRYCLEANERS,,TeleSales,,Offline Sources,Adhoc,,200005928D,,,,,,,,,,,,,,,,"B2C, Offline",,,,,,,,,,,,,,,,65 8101 8558,gao@taikotrading.com.sg,,,,65 6344 0590,,,,,,,,,,Gov List,"ACRA, Google Searches",,
,,16/12/2025,SEARCH CONSULTANCY SERVICES LLP,SEARCH CONSULTANCY,,TeleSales,,Offline Sources,Adhoc,,T08LL1563L,,,,,,,,,,,,,,,,"B2C, Offline",,,,,,,,,,,,,,,,65 8613 9657,sarahong675@gmail.com,,,,,,,,,,,,,,Gov List,"ACRA, Google Searches",,
,,16/12/2025,U4RIA-THE ADULT HEALTHY LIFESTYLE SHOP,U4RIA-THE ADULT HEALTHY LIFESTYLE SHOP,,TeleSales,,Offline Sources,Adhoc,,52927256C,,,,,,,,,,,,,,,,"B2C, Offline",,,,,,,,,,,,,,,,65 9851 5156,benson@u4ria.sg,,,,,,,,,,,,,,Gov List,"ACRA, Google Searches",,
,,16/12/2025,B & H WORLDWIDE (SG) PTE LTD,B & H WORLDWIDE,,TeleSales,,Offline Sources,Adhoc,,198701661N,,,,,,,,,,,,,,,,"B2C, Offline",,,,,,,,,,,,,,,,65 6542 7889,taykl@avtrade.co.uk,,,,,,,,,,,,,,Gov List,"ACRA, Google Searches",,
,,16/12/2025,SINGAPORE POST LIMITED,POST,,TeleSales,,Offline Sources,Adhoc,,199201623M,,,,,,,,,,,,,,,,"B2C, Offline",,,,,,,,,,,,,,,,65 9731 4531,raymondong@singpost.com,,,,65 6845 6181,,,,,,,,,,Gov List,"ACRA, Google Searches",,
,,16/12/2025,SPS MART PTE. LTD.,SPS MART,,TeleSales,,Offline Sources,Adhoc,,201204660Z,,,,,,,,,,,,,,,,"B2C, Offline",,,,,,,,,,,,,,,,65 9468 2895,,,,,,,,,,,,,,,Gov List,"ACRA, Google Searches",,
,,16/12/2025,TREDI CONSTRUCTION PTE LTD,TREDI CONSTRUCTION,,TeleSales,,Offline Sources,Adhoc,,199302238C,,,,,,,,,,,,,,,,"B2C, Offline",,,,,,,,,,,,,,,,65 6365 0318,tredi@tredi.com.sg,,,,,,,,,,,,,,Gov List,"ACRA, Google Searches",,
,,16/12/2025,FORMAT M & E SERVICES PTE. LTD.,FORMAT M & E,,TeleSales,,Offline Sources,Adhoc,,200907959W,,,,,,,,,,,,,,,,"B2C, Offline",,,,,,,,,,,,,,,,65 9061 1258,format@singnet.com.sg,,,,,,,,,,,,,,Gov List,"ACRA, Google Searches",,
,,16/12/2025,VSOLUTIONS PTE LTD,VSOLUTIONS,,TeleSales,,Offline Sources,Adhoc,,200106250M,,,,,,,,,,,,,,,,"B2C, Offline",,,,,,,,,,,,,,,,65 9633 2622,simon@vsolutions.tv,,,,,,,,,,,,,,Gov List,"ACRA, Google Searches",,
,,16/12/2025,DAN IMPACT PTE LTD,DAN IMPACT,,TeleSales,,Offline Sources,Adhoc,,198103172R,,,,,,,,,,,,,,,,"B2C, Offline",,,,,,,,,,,,,,,,65 6566 8077,shah@danimpact.com.sg,,,,,,,,,,,,,,Gov List,"ACRA, Google Searches",,
,,16/12/2025,COMFORT MANAGEMENT PTE LTD,COMFORT MANAGEMENT,,TeleSales,,Offline Sources,Adhoc,,198501662W,,,,,,,,,,,,,,,,"B2C, Offline",,,,,,,,,,,,,,,,65 9272 0627,,,,,,,,,,,,,,,Gov List,"ACRA, Google Searches",,
,,16/12/2025,LIANG WOOD DESIGN & BUILD PTE LTD,LIANG WOOD DESIGN & BUILD,,TeleSales,,Offline Sources,Adhoc,,200010489N,,,,,,,,,,,,,,,,"B2C, Offline",,,,,,,,,,,,,,,,65 9790 3030,liangwir@singnet.com.sg,,,,,,,,,,,,,,Gov List,"ACRA, Google Searches",,
,,16/12/2025,ASIABUILD ENTERPRISES PTE LTD,ASIABUILD,,TeleSales,,Offline Sources,Adhoc,,198802638M,,,,,,,,,,,,,,,,"B2C, Offline",,,,,,,,,,,,,,,,65 9665 6251,asiabld@singnet.com.sg,,,,65 6285 4988,,,,,,,,,,Gov List,"ACRA, Google Searches",,
,,16/12/2025,ISOTOP ENGINEERING PRIVATE LIMITED,ISOTOP ENGINEERING,,TeleSales,,Offline Sources,Adhoc,,201421477N,,,,,,,,,,,,,,,,"B2C, Offline",,,,,,,,,,,,,,,,65 6484 0036,,,,,65 9003 1548,,,,,,,,,,Gov List,"ACRA, Google Searches",,
,,16/12/2025,SPACE N LIVING PTE. LTD.,SPACE N LIVING,,TeleSales,,Offline Sources,Adhoc,,201202321D,,,,,,,,,,,,,,,,"B2C, Offline",,,,,,,,,,,,,,,,65 9181 1726,,,,,,,,,,,,,,,Gov List,"ACRA, Google Searches",,
,,16/12/2025,CHOW & ASSOCIATES ENGINEERING PTE LTD,CHOW & ASSOCIATES ENGINEERING,,TeleSales,,Offline Sources,Adhoc,,198203378N,,,,,,,,,,,,,,,,"B2C, Offline",,,,,,,,,,,,,,,,65 6356 3738,enquiry@caepl.com.sg,,,,,,,,,,,,,,Gov List,"ACRA, Google Searches",,
,,16/12/2025,ACCON ENGINEERING PTE LTD,ACCON ENGINEERING,,TeleSales,,Offline Sources,Adhoc,,199500794C,,,,,,,,,,,,,,,,"B2C, Offline",,,,,,,,,,,,,,,,65 6382 8228,zen@accon.com.sg,,,,,,,,,,,,,,Gov List,"ACRA, Google Searches",,
,,16/12/2025,WORKGROUP SYSTEMS PTE LTD,WORKGROUP,,TeleSales,,Offline Sources,Adhoc,,199202438G,,,,,,,,,,,,,,,,"B2C, Offline",,,,,,,,,,,,,,,,65 6555 3777,hosusan@workgroupsystems.com,,,,,,,,,,,,,,Gov List,"ACRA, Google Searches",,
,,16/12/2025,HENG LEE GUAN CONSTRUCTION PTE. LTD.,HENG LEE GUAN CONSTRUCTION,,TeleSales,,Offline Sources,Adhoc,,201216390E,,,,,,,,,,,,,,,,"B2C, Offline",,,,,,,,,,,,,,,,65 9459 4875,eelengng@hotmail.com,,,,65 9070 4557,,,,,,,,,,Gov List,"ACRA, Google Searches",,
,,16/12/2025,MULTIBASE CONSTRUCTION PTE LTD,MULTIBASE CONSTRUCTION,,TeleSales,,Offline Sources,Adhoc,,200003322W,,,,,,,,,,,,,,,,"B2C, Offline",,,,,,,,,,,,,,,,65 6743 0111,nadia@multibase.com.sg,,,,,,,,,,,,,,Gov List,"ACRA, Google Searches",,
,,16/12/2025,KOH KOCK LEONG ENTERPRISE PTE LTD,KOH KOCK LEONG,,TeleSales,,Offline Sources,Adhoc,,199104084W,,,,,,,,,,,,,,,,"B2C, Offline",,,,,,,,,,,,,,,,65 9430 5112,,,,,,,,,,,,,,,Gov List,"ACRA, Google Searches",,
,,16/12/2025,SENG FOO BUILDING CONSTRUCTION PTE LTD,SENG FOO BUILDING CONSTRUCTION,,TeleSales,,Offline Sources,Adhoc,,198801331R,,,,,,,,,,,,,,,,"B2C, Offline",,,,,,,,,,,,,,,,65 9756 3883,clarice@sengfoo.com,,,,65 6566 7183,,,,,,,,,,Gov List,"ACRA, Google Searches",,
,,16/12/2025,GOOD-CARE BUILDING SERVICES CONTRACTOR,GOOD-CARE BUILDING CONTRACTOR,,TeleSales,,Offline Sources,Adhoc,,52980339M,,,,,,,,,,,,,,,,"B2C, Offline",,,,,,,,,,,,,,,,65 9661 3092,goodcare@singnet.com.sg,,,,65 6570 1971,,,,,,,,,,Gov List,"ACRA, Google Searches",,
,,16/12/2025,YEW ANN CONSTRUCTION PTE LTD,YEW ANN CONSTRUCTION,,TeleSales,,Offline Sources,Adhoc,,198402338N,,,,,,,,,,,,,,,,"B2C, Offline",,,,,,,,,,,,,,,,65 6456 1122,yewann@singnet.com.sg,,,,,,,,,,,,,,Gov List,"ACRA, Google Searches",,
,,16/12/2025,CHIP ENG SENG CONTRACTORS (1988) PTE LTD,CHIP ENG SENG CONTRACTORS 1988,,TeleSales,,Offline Sources,Adhoc,,198802355C,,,,,,,,,,,,,,,,"B2C, Offline",,,,,,,,,,,,,,,,65 9030 2741,,,,,65 9366 5667,,,,,65 6848 0848,,,,,Gov List,"ACRA, Google Searches",,
,,16/12/2025,OMNI DESIGN PTE. LTD.,OMNI DESIGN,,TeleSales,,Offline Sources,Adhoc,,201605331Z,,,,,,,,,,,,,,,,"B2C, Offline",,,,,,,,,,,,,,,,65 8444 8196,shawn@omnidesignn.com.sg,,,,,,,,,,,,,,Gov List,"ACRA, Google Searches",,
,,16/12/2025,JU XING AIR-CON LLP,JU XING AIR-CON,,TeleSales,,Offline Sources,Adhoc,,T10LL1310A,,,,,,,,,,,,,,,,"B2C, Offline",,,,,,,,,,,,,,,,65 9145 3708,,,,,,,,,,,,,,,Gov List,"ACRA, Google Searches",,
,,16/12/2025,AO5 PTE. LTD.,AO5,,TeleSales,,Offline Sources,Adhoc,,201526499G,,,,,,,,,,,,,,,,"B2C, Offline",,,,,,,,,,,,,,,,65 9826 8829,,,,,,,,,,,,,,,Gov List,"ACRA, Google Searches",,
,,16/12/2025,SUNJET ALUMINIUM INTERNATIONAL PTE LTD,SUNJET ALUMINIUM,,TeleSales,,Offline Sources,Adhoc,,199706385G,,,,,,,,,,,,,,,,"B2C, Offline",,,,,,,,,,,,,,,,65 6781 5588,sunjet.lakshmi@gmail.com,,,,,,,,,,,,,,Gov List,"ACRA, Google Searches",,
,,16/12/2025,LEADS ENGINEERING (S) PTE LTD,LEADS ENGINEERING S,,TeleSales,,Offline Sources,Adhoc,,198304806R,,,,,,,,,,,,,,,,"B2C, Offline",,,,,,,,,,,,,,,,65 9657 4043,,,,,,,,,,,,,,,Gov List,"ACRA, Google Searches",,
,,16/12/2025,TRITECH ENGINEERING & TESTING (SINGAPORE) PTE LTD,TRITECH ENGINEERING & TESTING,,TeleSales,,Offline Sources,Adhoc,,199907923Z,,,,,,,,,,,,,,,,"B2C, Offline",,,,,,,,,,,,,,,,65 8651 5629,zanym@tritech.com.sg,,,,,,,,,,,,,,Gov List,"ACRA, Google Searches",,
,,16/12/2025,MUN SHENG AIRCONDITIONING & ENGINEERING PTE LTD,MUN SHENG AIRCONDITIONING & ENGINEERING,,TeleSales,,Offline Sources,Adhoc,,200001417C,,,,,,,,,,,,,,,,"B2C, Offline",,,,,,,,,,,,,,,,65 9877 5006,munshengaircon@singnet.com.sg,,,,65 6353 4484,,,,,,,,,,Gov List,"ACRA, Google Searches",,
,,16/12/2025,AJA ENTERPRISES PTE LTD,AJA,,TeleSales,,Offline Sources,Adhoc,,199900581C,,,,,,,,,,,,,,,,"B2C, Offline",,,,,,,,,,,,,,,,65 6273 2322,aja20@aja.com.sg,,,,,,,,,,,,,,Gov List,"ACRA, Google Searches",,
,,16/12/2025,PARICO ELECTRICAL ENGINEERING PRIVATE LIMITED,PARICO ELECTRICAL ENGINEERING,,TeleSales,,Offline Sources,Adhoc,,198001751K,,,,,,,,,,,,,,,,"B2C, Offline",,,,,,,,,,,,,,,,65 9633 3033,richard@parico.com.sg,,,,65 6283 4644,,,,,65 6285 4529,,,,,Gov List,"ACRA, Google Searches",,
,,16/12/2025,HWEE METAL WORKS PTE LTD,HWEE METAL WORKS,,TeleSales,,Offline Sources,Adhoc,,199803301R,,,,,,,,,,,,,,,,"B2C, Offline",,,,,,,,,,,,,,,,65 6264 7545,marvin@hweemetal.com.sg,,,,,,,,,,,,,,Gov List,"ACRA, Google Searches",,
,,16/12/2025,GENNAL INDUSTRIES PTE LTD,GENNAL INDUSTRIES,,TeleSales,,Offline Sources,Adhoc,,199801034K,,,,,,,,,,,,,,,,"B2C, Offline",,,,,,,,,,,,,,,,65 9062 4764,,,,,,,,,,,,,,,Gov List,"ACRA, Google Searches",,
,,16/12/2025,3D INNOVATIONS DESIGN PTE. LTD.,3D INNOVATIONS DESIGN,,TeleSales,,Offline Sources,Adhoc,,201009892D,,,,,,,,,,,,,,,,"B2C, Offline",,,,,,,,,,,,,,,,65 9455 5542,jayden.interior@gmail.com,,,,,,,,,,,,,,Gov List,"ACRA, Google Searches",,
,,16/12/2025,ENVIRON CONSTRUCTION CO (PTE) LTD,ENVIRON CONSTRUCTION,,TeleSales,,Offline Sources,Adhoc,,197901804C,,,,,,,,,,,,,,,,"B2C, Offline",,,,,,,,,,,,,,,,65 9452 5094,,,,,,,,,,,,,,,Gov List,"ACRA, Google Searches",,
,,16/12/2025,HIGH PINNACLE CONSTRUCTION PRIVATE LIMITED,HIGH PINNACLE CONSTRUCTION,,TeleSales,,Offline Sources,Adhoc,,201116446W,,,,,,,,,,,,,,,,"B2C, Offline",,,,,,,,,,,,,,,,65 9066 5609,,,,,65 6557 2726,,,,,,,,,,Gov List,"ACRA, Google Searches",,
,,16/12/2025,SINGAPORE TAKADA INDUSTRIES PRIVATE LIMITED,TAKADA INDUSTRIES,,TeleSales,,Offline Sources,Adhoc,,197100141M,,,,,,,,,,,,,,,,"B2C, Offline",,,,,,,,,,,,,,,,65 8423 6325,f.sioson@stk.com.sg,,,,,,,,,,,,,,Gov List,"ACRA, Google Searches",,
,,16/12/2025,DOTS 'N' TOTS INTERIOR PTE. LTD.,DOTS N TOTS INTERIOR,,TeleSales,,Offline Sources,Adhoc,,201305864M,,,,,,,,,,,,,,,,"B2C, Offline",,,,,,,,,,,,,,,,65 9846 2547,,,,,65 9711 1688,,,,,,,,,,Gov List,"ACRA, Google Searches",,
,,16/12/2025,REE ELECTRICAL ENGINEERING PTE LTD,REE ELECTRICAL ENGINEERING,,TeleSales,,Offline Sources,Adhoc,,199801477M,,,,,,,,,,,,,,,,"B2C, Offline",,,,,,,,,,,,,,,,65 9068 0656,reeelect@gmail.com,,,,65 6278 3839,,,,,,,,,,Gov List,"ACRA, Google Searches",,
,,16/12/2025,LAM CHUAN CONSTRUCTION PTE LTD,LAM CHUAN CONSTRUCTION,,TeleSales,,Offline Sources,Adhoc,,199803114M,,,,,,,,,,,,,,,,"B2C, Offline",,,,,,,,,,,,,,,,65 6899 0990,,,,,,,,,,,,,,,Gov List,"ACRA, Google Searches",,
,,16/12/2025,NORTHWAY FIRE PROTECTION PTE. LIMITED,NORTHWAY FIRE PROTECTION,,TeleSales,,Offline Sources,Adhoc,,200413523K,,,,,,,,,,,,,,,,"B2C, Offline",,,,,,,,,,,,,,,,65 9107 0733,kevintay@norhtway.com.sg,,,,,,,,,,,,,,Gov List,"ACRA, Google Searches",,
,,16/12/2025,SOON YAN ENGINEERING PTE LTD,SOON YAN ENGINEERING,,TeleSales,,Offline Sources,Adhoc,,199708325D,,,,,,,,,,,,,,,,"B2C, Offline",,,,,,,,,,,,,,,,65 9618 5238,kevin_tan@soonyan.com.sg,,,,,,,,,,,,,,Gov List,"ACRA, Google Searches",,
,,16/12/2025,DB ENGINEERING & CONSULTING GMBH SINGAPORE BRANCH,DB ENGINEERING & CONSULTING GMBH BRANCH,,TeleSales,,Offline Sources,Adhoc,,T15FC0007L,,,,,,,,,,,,,,,,"B2C, Offline",,,,,,,,,,,,,,,,65 9086 6595,lengler@deutschebahn.com,,,,,,,,,,,,,,Gov List,"ACRA, Google Searches",,
,,16/12/2025,SIAC PTE LTD,SIAC,,TeleSales,,Offline Sources,Adhoc,,199100842R,,,,,,,,,,,,,,,,"B2C, Offline",,,,,,,,,,,,,,,,65 9007 8836,joennachua@siac.com.sg,,,,65 6262 2977,,,,,,,,,,Gov List,"ACRA, Google Searches",,
,,16/12/2025,EVAR AIR-CONDITIONING & ENGINEERING PTE LTD,EVAR AIR-CONDITIONING & ENGINEERING,,TeleSales,,Offline Sources,Adhoc,,198902717N,,,,,,,,,,,,,,,,"B2C, Offline",,,,,,,,,,,,,,,,65 6748 9106,eaepl@singnet.com.sg,,,,,,,,,,,,,,Gov List,"ACRA, Google Searches",,
,,16/12/2025,ARCTURUS SYSTEMS PTE LTD,ARCTURUS,,TeleSales,,Offline Sources,Adhoc,,200000904M,,,,,,,,,,,,,,,,"B2C, Offline",,,,,,,,,,,,,,,,65 9022 6549,janetyong@asc.sg,,,,65 6753 4470,,,,,,,,,,Gov List,"ACRA, Google Searches",,
,,16/12/2025,COOL MASTER AIRCON ENGINEERING PRIVATE LIMITED,COOL MASTER AIRCON ENGINEERING,,TeleSales,,Offline Sources,Adhoc,,200707440G,,,,,,,,,,,,,,,,"B2C, Offline",,,,,,,,,,,,,,,,65 9847 1780,coolmaster@singnet.com.sg,,,,65 6552 0048,,,,,,,,,,Gov List,"ACRA, Google Searches",,
,,16/12/2025,SINO NEW STEEL PTE. LTD.,SINO NEW STEEL,,TeleSales,,Offline Sources,Adhoc,,200800225R,,,,,,,,,,,,,,,,"B2C, Offline",,,,,,,,,,,,,,,,65 9159 3392,bao.915933892@gmail.com,,,,,,,,,,,,,,Gov List,"ACRA, Google Searches",,
,,16/12/2025,EVERBLOOM ELECTRICAL CONTROL ENGINEERING,EVERBLOOM ELECTRICAL CONTROL ENGINEERING,,TeleSales,,Offline Sources,Adhoc,,51565000E,,,,,,,,,,,,,,,,"B2C, Offline",,,,,,,,,,,,,,,,65 9677 9715,aplau@singnet.com.sg,,,,,,,,,,,,,,Gov List,"ACRA, Google Searches",,
,,16/12/2025,AUTOMATION INSTRUMENT SERVICES PTE LTD,AUTOMATION INSTRUMENT,,TeleSales,,Offline Sources,Adhoc,,199400643H,,,,,,,,,,,,,,,,"B2C, Offline",,,,,,,,,,,,,,,,65 6567 0011,cindy.teo@aht.com.sg,,,,,,,,,,,,,,Gov List,"ACRA, Google Searches",,
,,16/12/2025,POCKET TECHNOLOGY PTE LTD,POCKET TECHNOLOGY,,TeleSales,,Offline Sources,Adhoc,,199605413K,,,,,,,,,,,,,,,,"B2C, Offline",,,,,,,,,,,,,,,,65 6562 5118,michelle@epocket.com.sg,,,,,,,,,,,,,,Gov List,"ACRA, Google Searches",,
,,16/12/2025,FRONTIER FMC PTE. LTD.,FRONTIER FMC,,TeleSales,,Offline Sources,Adhoc,,201205216Z,,,,,,,,,,,,,,,,"B2C, Offline",,,,,,,,,,,,,,,,65 8157 4659,,,,,65 6778 8362,,,,,,,,,,Gov List,"ACRA, Google Searches",,
,,16/12/2025,THE URBAN CLINIC PTE. LTD.,THE URBAN CLINIC,,TeleSales,,Offline Sources,Adhoc,,201605129E,,,,,,,,,,,,,,,,"B2C, Offline",,,,,,,,,,,,,,,,65 9641 8400,,,,,,,,,,,,,,,Gov List,"ACRA, Google Searches",,
,,16/12/2025,NUFFIELD MEDICAL SIGLAP PRIVATE LIMITED,NUFFIELD MEDICAL SIGLAP,,TeleSales,,Offline Sources,Adhoc,,201501443Z,,,,,,,,,,,,,,,,"B2C, Offline",,,,,,,,,,,,,,,,65 9797 5583,,,,,,,,,,,,,,,Gov List,"ACRA, Google Searches",,
,,16/12/2025,ORCHARD PHYSIOTHERAPY CENTRE,ORCHARD PHYSIOTHERAPY CENTRE,,TeleSales,,Offline Sources,Adhoc,,39123400E,,,,,,,,,,,,,,,,"B2C, Offline",,,,,,,,,,,,,,,,65 9477 7718,,,,,,,,,,,,,,,Gov List,"ACRA, Google Searches",,
,,16/12/2025,RAFFLES MEDICAL GROUP LTD,RAFFLES MEDICAL,,TeleSales,,Offline Sources,Adhoc,,198901967K,,,,,,,,,,,,,,,,"B2C, Offline",,,,,,,,,,,,,,,,65 9455 1454,azli_bd@rafflesmedical.com,,,,,,,,,,,,,,Gov List,"ACRA, Google Searches",,
,,16/12/2025,THE TOW YUNG CLINIC,THE TOW YUNG CLINIC,,TeleSales,,Offline Sources,Adhoc,,22736300X,,,,,,,,,,,,,,,,"B2C, Offline",,,,,,,,,,,,,,,,65 6737 4433,,,,,,,,,,,,,,,Gov List,"ACRA, Google Searches",,
,,16/12/2025,SINGAPORE REFINING COMPANY PRIVATE LIMITED,REFINING,,TeleSales,,Offline Sources,Adhoc,,197900084K,,,,,,,,,,,,,,,,"B2C, Offline",,,,,,,,,,,,,,,,65 6742 3223,chokcv@src.com.sg,,,,,,,,,,,,,,Gov List,"ACRA, Google Searches",,
,,16/12/2025,MAGNETONE SINGAPORE PTE LTD,MAGNETONE,,TeleSales,,Offline Sources,Adhoc,,200105725E,,,,,,,,,,,,,,,,"B2C, Offline",,,,,,,,,,,,,,,,65 6746 0668,kathryn@magnetone.com.sg,,,,,,,,,,,,,,Gov List,"ACRA, Google Searches",,
,,16/12/2025,FONG HUP PTE. LTD.,FONG HUP,,TeleSales,,Offline Sources,Adhoc,,201607010M,,,,,,,,,,,,,,,,"B2C, Offline",,,,,,,,,,,,,,,,65 9756 3737,hgngian@starlink.com.sg,,,,,,,,,,,,,,Gov List,"ACRA, Google Searches",,
,,16/12/2025,CARS & STARS PTE. LTD.,CARS & STARS,,TeleSales,,Offline Sources,Adhoc,,200704464G,,,,,,,,,,,,,,,,"B2C, Offline",,,,,,,,,,,,,,,,65 9618 3333,jesse.tan@carsandstars.com.sg,,,,,,,,,,,,,,Gov List,"ACRA, Google Searches",,
,,16/12/2025,THE GOOD CAFE PRIVATE LIMITED,THE GOOD CAFE,,TeleSales,,Offline Sources,Adhoc,,201215603K,,,,,,,,,,,,,,,,"B2C, Offline",,,,,,,,,,,,,,,,65 9681 1119,,,,,,,,,,,,,,,Gov List,"ACRA, Google Searches",,
,,16/12/2025,CARRY ON PRIVATE LIMITED,CARRY ON,,TeleSales,,Offline Sources,Adhoc,,201224192D,,,,,,,,,,,,,,,,"B2C, Offline",,,,,,,,,,,,,,,,65 9782 8381,sophie.khoo@carry-on.com,,,,,,,,,,,,,,Gov List,"ACRA, Google Searches",,
,,16/12/2025,SAM SOON CAFE,SAM SOON CAFÉ,,TeleSales,,Offline Sources,Adhoc,,52851312E,,,,,,,,,,,,,,,,"B2C, Offline",,,,,,,,,,,,,,,,65 9653 8386,,,,,65 6532 6485,,,,,,,,,,Gov List,"ACRA, Google Searches",,
,,16/12/2025,THE FOOD EXPLORER PTE. LTD.,THE FOOD EXPLORER,,TeleSales,,Offline Sources,Adhoc,,200909744N,,,,,,,,,,,,,,,,"B2C, Offline",,,,,,,,,,,,,,,,65 9191 9221,kelvin@cookyn-inc.com,,,,,,,,,,,,,,Gov List,"ACRA, Google Searches",,
,,16/12/2025,TINTSY COOL INTERNATIONAL,TINTSY COOL,,TeleSales,,Offline Sources,Adhoc,,53039032M,,,,,,,,,,,,,,,,"B2C, Offline",,,,,,,,,,,,,,,,65 9383 8687,trent@tintsycool.com,,,,,,,,,,,,,,Gov List,"ACRA, Google Searches",,
,,16/12/2025,DARUL ANDALUS PTE LTD,DARUL ANDALUS,,TeleSales,,Offline Sources,Adhoc,,200009259R,,,,,,,,,,,,,,,,"B2C, Offline",,,,,,,,,,,,,,,,65 6746 9167,noorzana@andalucia.com.sg,,,,,,,,,,,,,,Gov List,"ACRA, Google Searches",,
,,16/12/2025,BLISS MASSAGE,BLISS MASSAGE,,TeleSales,,Offline Sources,Adhoc,,53003943E,,,,,,,,,,,,,,,,"B2C, Offline",,,,,,,,,,,,,,,,65 9669 5312,cherrychang1115@hotmail.com,,,,,,,,,,,,,,Gov List,"ACRA, Google Searches",,
,,16/12/2025,ALLUMER PTE. LTD.,ALLUMER,,TeleSales,,Offline Sources,Adhoc,,201533027G,,,,,,,,,,,,,,,,"B2C, Offline",,,,,,,,,,,,,,,,65 9229 6002,,,,,,,,,,,,,,,Gov List,"ACRA, Google Searches",,
,,16/12/2025,NATURAL BEAUTY THERAPY POINT,NATURAL BEAUTY THERAPY POINT,,TeleSales,,Offline Sources,Adhoc,,53141348M,,,,,,,,,,,,,,,,"B2C, Offline",,,,,,,,,,,,,,,,65 9746 7918,jennylwh2013@gmail.com,,,,,,,,,,,,,,Gov List,"ACRA, Google Searches",,
,,16/12/2025,ICONIQUE HAIR & BEAUTY SALON PRIVATE LIMITED,ICONIQUE HAIR & BEAUTY SALON,,TeleSales,,Offline Sources,Adhoc,,201504454M,,,,,,,,,,,,,,,,"B2C, Offline",,,,,,,,,,,,,,,,65 9839 6506,,,,,,,,,,,,,,,Gov List,"ACRA, Google Searches",,
,,16/12/2025,HAIR DE SALON,DE HAIR SALON,,TeleSales,,Offline Sources,Adhoc,,53163424L,,,,,,,,,,,,,,,,"B2C, Offline",,,,,,,,,,,,,,,,65 9190 5609,,,,,,,,,,,,,,,Gov List,"ACRA, Google Searches",,
,,16/12/2025,LE MAY'S BEAUTY,LE MAYS BEAUTY,,TeleSales,,Offline Sources,Adhoc,,53321510B,,,,,,,,,,,,,,,,"B2C, Offline",,,,,,,,,,,,,,,,65 9862 0115,,,,,,,,,,,,,,,Gov List,"ACRA, Google Searches",,
,,16/12/2025,BERELAX SINGAPORE PTE. LTD.,BERELAX,,TeleSales,,Offline Sources,Adhoc,,201539784K,,,,,,,,,,,,,,,,"B2C, Offline",,,,,,,,,,,,,,,,65 9661 9021,a.chew@berelax.com,,,,65 9067 0451,,,,,,,,,,Gov List,"ACRA, Google Searches",,
,,16/12/2025,WEI SOON BEAUTY SALOON,WEI SOON BEAUTY SALOON,,TeleSales,,Offline Sources,Adhoc,,52917279L,,,,,,,,,,,,,,,,"B2C, Offline",,,,,,,,,,,,,,,,65 9839 2329,,,,,65 6852 7838,,,,,,,,,,Gov List,"ACRA, Google Searches",,
,,16/12/2025,HOT SPA PTE LTD,HOT SPA,,TeleSales,,Offline Sources,Adhoc,,199607094W,,,,,,,,,,,,,,,,"B2C, Offline",,,,,,,,,,,,,,,,65 6440 6366,hotspa8@yahoo.com,,,,65 9046 2123,,,,,,,,,,Gov List,"ACRA, Google Searches",,
,,16/12/2025,FLORRAY PTE LTD,FLORRAY,,TeleSales,,Offline Sources,Adhoc,,199308237H,,,,,,,,,,,,,,,,"B2C, Offline",,,,,,,,,,,,,,,,65 6352 1151,florray@singnet.com.sg,,,,65 9863 5838,,,,,,,,,,Gov List,"ACRA, Google Searches",,
,,16/12/2025,SAMSONITE SINGAPORE PTE LTD,SAMSONITE,,TeleSales,,Offline Sources,Adhoc,,199508229E,,,,,,,,,,,,,,,,"B2C, Offline",,,,,,,,,,,,,,,,65 8288 8262,alan.chong@motivo.com.sg,,,,,,,,,,,,,,Gov List,"ACRA, Google Searches",,
,,16/12/2025,STAMFORD TYRES INTERNATIONAL PTE LTD,STAMFORD TYRES,,TeleSales,,Offline Sources,Adhoc,,198904415C,,,,,,,,,,,,,,,,"B2C, Offline",,,,,,,,,,,,,,,,65 6263 2295,amk@stamfordtyres.com,,,,65 9172 3427,,,,,,,,,,Gov List,"ACRA, Google Searches",,
,,16/12/2025,ENG SOON AUTO PTE LTD,ENG SOON AUTO,,TeleSales,,Offline Sources,Adhoc,,199705198G,,,,,,,,,,,,,,,,"B2C, Offline",,,,,,,,,,,,,,,,65 9101 1598,alex@engsoon.com.sg,,,,65 6853 7997,,,,,,,,,,Gov List,"ACRA, Google Searches",,
,,16/12/2025,KIAN HUA MOTOR CO. PTE LTD,KIAN HUA MOTOR,,TeleSales,,Offline Sources,Adhoc,,200106569G,,,,,,,,,,,,,,,,"B2C, Offline",,,,,,,,,,,,,,,,65 8123 8678,jx@kianhuamotor.com,,,,,,,,,,,,,,Gov List,"ACRA, Google Searches",,
,,16/12/2025,GUAN LEE SENG MOTOR,GUAN LEE SENG MOTOR,,TeleSales,,Offline Sources,Adhoc,,53061607J,,,,,,,,,,,,,,,,"B2C, Offline",,,,,,,,,,,,,,,,65 6264 1181,guanleemotor@yahoo.com.sg,,,,,,,,,,,,,,Gov List,"ACRA, Google Searches",,
,,16/12/2025,BAN CHOON MOTOR WORKS,BAN CHOON MOTOR WORKS,,TeleSales,,Offline Sources,Adhoc,,35191500A,,,,,,,,,,,,,,,,"B2C, Offline",,,,,,,,,,,,,,,,65 6264 1191,banchoon@singnet.com.sg,,,,,,,,,,,,,,Gov List,"ACRA, Google Searches",,
,,16/12/2025,SOON MING VEHICLE REPAIRS,SOON MING VEHICLE REPAIRS,,TeleSales,,Offline Sources,Adhoc,,52888089J,,,,,,,,,,,,,,,,"B2C, Offline",,,,,,,,,,,,,,,,65 9691 5125,,,,,65 6262 6189,,,,,,,,,,Gov List,"ACRA, Google Searches",,
,,16/12/2025,HOCK BOO TRANSPORT & TRADING CO,HOCK BOO TRANSPORT,,TeleSales,,Offline Sources,Adhoc,,33237400M,,,,,,,,,,,,,,,,"B2C, Offline",,,,,,,,,,,,,,,,65 9733 4227,,,,,65 9771 5993,,,,,,,,,,Gov List,"ACRA, Google Searches",,
,,16/12/2025,SOON SERVICE AUTO CENTRE PTE LTD,SOON AUTO CENTRE,,TeleSales,,Offline Sources,Adhoc,,200010037K,,,,,,,,,,,,,,,,"B2C, Offline",,,,,,,,,,,,,,,,65 9125 0804,netgoh64@yahoo.com.sg,,,,,,,,,,,,,,Gov List,"ACRA, Google Searches",,
,,16/12/2025,SQUIRE MECH PRIVATE LIMITED,SQUIRE MECH,,TeleSales,,Offline Sources,Adhoc,,197700742M,,,,,,,,,,,,,,,,"B2C, Offline",,,,,,,,,,,,,,,,65 9680 3916,yewcheehian@squiremech.com,,,,,,,,,,,,,,Gov List,"ACRA, Google Searches",,
,,16/12/2025,SYSTHESIS ENGINEERING (GROUP) PRIVATE LIMITED,SYSTHESIS ENGINEERING,,TeleSales,,Offline Sources,Adhoc,,200210147E,,,,,,,,,,,,,,,,"B2C, Offline",,,,,,,,,,,,,,,,65 8113 1203,winston@sesgroup.com.sg,,,,,,,,,,,,,,Gov List,"ACRA, Google Searches",,
,,16/12/2025,IN-SPEC CORPORATION PTE LTD,IN-SPEC,,TeleSales,,Offline Sources,Adhoc,,198501505Z,,,,,,,,,,,,,,,,"B2C, Offline",,,,,,,,,,,,,,,,65 6738 8446,patrick@inspec.com.sg,,,,,,,,,,,,,,Gov List,"ACRA, Google Searches",,
,,16/12/2025,LERWICK CORROSION TECHNOLOGIES PTE. LTD.,LERWICK CORROSION,,TeleSales,,Offline Sources,Adhoc,,201502952K,,,,,,,,,,,,,,,,"B2C, Offline",,,,,,,,,,,,,,,,65 6795 2088,,,,,,,,,,,,,,,Gov List,"ACRA, Google Searches",,
,,16/12/2025,FIREJET ENGINEERING,FIREJET ENGINEERING,,TeleSales,,Offline Sources,Adhoc,,52928233W,,,,,,,,,,,,,,,,"B2C, Offline",,,,,,,,,,,,,,,,65 9823 6932,firejetengineering@singapore.com,,,,,,,,,,,,,,Gov List,"ACRA, Google Searches",,
,,16/12/2025,ARCHITECTS' REGIONAL TEAM,ARCHITECTS REGIONAL TEAM,,TeleSales,,Offline Sources,Adhoc,,53136809B,,,,,,,,,,,,,,,,"B2C, Offline",,,,,,,,,,,,,,,,65 9380 2815,info.arteam@gmail.com,,,,65 6222 4917,,,,,,,,,,Gov List,"ACRA, Google Searches",,
,,16/12/2025,JN ENGINEERING (PRIVATE) LIMITED,JN ENGINEERING,,TeleSales,,Offline Sources,Adhoc,,201215209W,,,,,,,,,,,,,,,,"B2C, Offline",,,,,,,,,,,,,,,,65 9181 6104,,,,,65 6765 8589,,,,,,,,,,Gov List,"ACRA, Google Searches",,
,,16/12/2025,H Y LOI CONSULTANTS,H Y LOI CONSULTANTS,,TeleSales,,Offline Sources,Adhoc,,53013574D,,,,,,,,,,,,,,,,"B2C, Offline",,,,,,,,,,,,,,,,65 9690 3400,loi@hyloi.com.sg,,,,65 6252 5902,,,,,,,,,,Gov List,"ACRA, Google Searches",,
,,16/12/2025,HOCK LEONG AIR-CON & ELECTRICAL WORKS,HOCK LEONG AIR-CON & ELECTRICAL WORKS,,TeleSales,,Offline Sources,Adhoc,,09096700C,,,,,,,,,,,,,,,,"B2C, Offline",,,,,,,,,,,,,,,,65 6659 0739,hockleong@pacific.net.sg,,,,,,,,,,,,,,Gov List,"ACRA, Google Searches",,
,,16/12/2025,HOW HUAI HOON SURVEYORS,HOW HUAI HOON SURVEYORS,,TeleSales,,Offline Sources,Adhoc,,47177400J,,,,,,,,,,,,,,,,"B2C, Offline",,,,,,,,,,,,,,,,65 6293 1566,lhprs@singnet.com.sg,,,,,,,,,,,,,,Gov List,"ACRA, Google Searches",,
,,16/12/2025,QIB FACILITIES MANAGEMENT PTE. LTD.,QIB FACILITIES MANAGEMENT,,TeleSales,,Offline Sources,Adhoc,,200412977Z,,,,,,,,,,,,,,,,"B2C, Offline",,,,,,,,,,,,,,,,65 9847 0016,admin@qibfm.com.sg,,,,,,,,,,,,,,Gov List,"ACRA, Google Searches",,
,,16/12/2025,MALAYSIAN FEEDMILLS FARMS PRIVATE LIMITED,MALAYSIAN FEEDMILLS FARMS,,TeleSales,,Offline Sources,Adhoc,,196900624R,,,,,,,,,,,,,,,,"B2C, Offline",,,,,,,,,,,,,,,,65 6793 7158,,,,,,,,,,,,,,,Gov List,"ACRA, Google Searches",,
,,16/12/2025,ICLICK INTERACTIVE (SINGAPORE) PTE. LTD.,ICLICK INTERACTIVE,,TeleSales,,Offline Sources,Adhoc,,201102123M,,,,,,,,,,,,,,,,"B2C, Offline",,,,,,,,,,,,,,,,65 9229 5011,yao.li@i-click.com,,,,,,,,,,,,,,Gov List,"ACRA, Google Searches",,
,,16/12/2025,NUFFNANG PTE. LTD.,NUFFNANG,,TeleSales,,Offline Sources,Adhoc,,199603142C,,,,,,,,,,,,,,,,"B2C, Offline",,,,,,,,,,,,,,,,65 9836 4703,,,,,,,,,,,,,,,Gov List,"ACRA, Google Searches",,
,,16/12/2025,FANATIC! LIMITED LIABILITY PARTNERSHIP,FANATIC LIABILITY PARTNERSHIP,,TeleSales,,Offline Sources,Adhoc,,T14LL2480E,,,,,,,,,,,,,,,,"B2C, Offline",,,,,,,,,,,,,,,,65 9664 4386,,,,,,,,,,,,,,,Gov List,"ACRA, Google Searches",,
,,16/12/2025,WHITE LOFT LIMITED,WHITE LOFT,,TeleSales,,Offline Sources,Adhoc,,201026728M,,,,,,,,,,,,,,,,"B2C, Offline",,,,,,,,,,,,,,,,65 9633 7994,rayjeffman@gmail.com,,,,,,,,,,,,,,Gov List,"ACRA, Google Searches",,
,,16/12/2025,KEE ENGINEERING & CONSTRUCTION PTE. LTD.,KEE ENGINEERING & CONSTRUCTION,,TeleSales,,Offline Sources,Adhoc,,201511162H,,,,,,,,,,,,,,,,"B2C, Offline",,,,,,,,,,,,,,,,65 6555 3615,,,,,,,,,,,,,,,Gov List,"ACRA, Google Searches",,
,,16/12/2025,SINGAPORE TELECOMMUNICATIONS LIMITED,TELECOMMUNICATIONS,,TeleSales,,Offline Sources,Adhoc,,199201624D,,,,,,,,,,,,,,,,"B2C, Offline",,,,,,,,,,,,,,,,65 8518 4599,shawalr@singtel.com,,,,,,,,,,,,,,Gov List,"ACRA, Google Searches",,
,,16/12/2025,N S TRADING PTE LTD,S N,,TeleSales,,Offline Sources,Adhoc,,198804586M,,,,,,,,,,,,,,,,"B2C, Offline",,,,,,,,,,,,,,,,65 9752 7170,,,,,,,,,,,,,,,Gov List,"ACRA, Google Searches",,
,,16/12/2025,OUR MUSIC STUDIO PTE. LTD.,OUR MUSIC STUDIO,,TeleSales,,Offline Sources,Adhoc,,201207011H,,,,,,,,,,,,,,,,"B2C, Offline",,,,,,,,,,,,,,,,65 9155 3220,huzzy.ourmusicstudio@gmail.com,,,,,,,,,,,,,,Gov List,"ACRA, Google Searches",,
,,16/12/2025,JSU LANGUAGE SCHOOL,JSU LANGUAGE SCHOOL,,TeleSales,,Offline Sources,Adhoc,,52811188D,,,,,,,,,,,,,,,,"B2C, Offline",,,,,,,,,,,,,,,,65 9688 1736,,,,,,,,,,,,,,,Gov List,"ACRA, Google Searches",,
,,16/12/2025,OES PRIVATE LIMITED,OES,,TeleSales,,Offline Sources,Adhoc,,199105651K,,,,,,,,,,,,,,,,"B2C, Offline",,,,,,,,,,,,,,,,65 6545 9515,oespl@singnet.com.sg,,,,,,,,,,,,,,Gov List,"ACRA, Google Searches",,
,,16/12/2025,WEBARRE PTE. LTD.,WEBARRE,,TeleSales,,Offline Sources,Adhoc,,201534388N,,,,,,,,,,,,,,,,"B2C, Offline",,,,,,,,,,,,,,,,65 9115 7771,linda@webarre.com,,,,,,,,,,,,,,Gov List,"ACRA, Google Searches",,
,,16/12/2025,SIN MUI HENG FOOD INDUSTRIES PTE LTD,SIN MUI HENG FOOD INDUSTRIES,,TeleSales,,Offline Sources,Adhoc,,199401673D,,,,,,,,,,,,,,,,"B2C, Offline",,,,,,,,,,,,,,,,65 6442 7677,leeyan@smhfood.com,,,,,,,,,,,,,,Gov List,"ACRA, Google Searches",,
,,16/12/2025,SINGAPORE TELECOMMUNICATIONS LIMITED,TELECOMMUNICATIONS,,TeleSales,,Offline Sources,Adhoc,,199201624D,,,,,,,,,,,,,,,,"B2C, Offline",,,,,,,,,,,,,,,,65 9230 9109,kyleytan@singtel.com,,,,65 6838 8966,,,,,,,,,,Gov List,"ACRA, Google Searches",,
,,16/12/2025,YI YONG PTE. LTD.,YI YONG,,TeleSales,,Offline Sources,Adhoc,,201015774W,,,,,,,,,,,,,,,,"B2C, Offline",,,,,,,,,,,,,,,,65 8687 9655,admin@yiyong.com.sg,,,,,,,,,,,,,,Gov List,"ACRA, Google Searches",,
,,16/12/2025,T. M. TRANSPORT CONTRACTOR PTE LTD,T M TRANSPORT CONTRACTOR,,TeleSales,,Offline Sources,Adhoc,,198502512R,,,,,,,,,,,,,,,,"B2C, Offline",,,,,,,,,,,,,,,,65 6893 5928,tmtrans@singnet.com.sg,,,,65 9671 3068,,,,,,,,,,Gov List,"ACRA, Google Searches",,
,,16/12/2025,MARLIN DIVERS PTE. LTD.,MARLIN DIVERS,,TeleSales,,Offline Sources,Adhoc,,201214427N,,,,,,,,,,,,,,,,"B2C, Offline",,,,,,,,,,,,,,,,65 9274 1163,elin@marlindivers.com.sgmr,,,,65 9685 9487,,,,,,,,,,Gov List,"ACRA, Google Searches",,
,,16/12/2025,CITIBANK N.A.,CITIBANK N A,,TeleSales,,Offline Sources,Adhoc,,S27FC0556D,,,,,,,,,,,,,,,,"B2C, Offline",,,,,,,,,,,,,,,,65 9834 3326,diana.kok.boey.han@citi.com,,,,65 6595 8470,,,,,,,,,,Gov List,"ACRA, Google Searches",,
,,16/12/2025,DANCEPOINTE SINGAPORE PTE. LTD.,DANCEPOINTE,,TeleSales,,Offline Sources,Adhoc,,200512346G,,,,,,,,,,,,,,,,"B2C, Offline",,,,,,,,,,,,,,,,65 9733 4227,,,,,,,,,,,,,,,Gov List,"ACRA, Google Searches",,
,,16/12/2025,ASIA PROJECTS ENGINEERING PRIVATE LIMITED,ASIA PROJECTS ENGINEERING,,TeleSales,,Offline Sources,Adhoc,,197000563N,,,,,,,,,,,,,,,,"B2C, Offline",,,,,,,,,,,,,,,,65 9023 5472,guna@apeco.com.sg,,,,,,,,,,,,,,Gov List,"ACRA, Google Searches",,
,,16/12/2025,ALPHA BETA TRAINING PTE. LTD.,ALPHA BETA TRAINING,,TeleSales,,Offline Sources,Adhoc,,201632246W,,,,,,,,,,,,,,,,"B2C, Offline",,,,,,,,,,,,,,,,65 9733 2851,,,,,,,,,,,,,,,Gov List,"ACRA, Google Searches",,
,,16/12/2025,S. F. EXPRESS (SINGAPORE) PRIVATE LIMITED,S F EXPRESS,,TeleSales,,Offline Sources,Adhoc,,200715259N,,,,,,,,,,,,,,,,"B2C, Offline",,,,,,,,,,,,,,,,65 8323 8025,kennethlee@sf-express.com,,,,,,,,,,,,,,Gov List,"ACRA, Google Searches",,
,,16/12/2025,STEPPING STONES LEARNING CENTRE LLP,STEPPING STONES LEARNING CENTRE,,TeleSales,,Offline Sources,Adhoc,,T16LL1821J,,,,,,,,,,,,,,,,"B2C, Offline",,,,,,,,,,,,,,,,65 9760 8117,,,,,,,,,,,,,,,Gov List,"ACRA, Google Searches",,
,,16/12/2025,RAFFLES DIGITAL LABS PTE LTD,RAFFLES DIGITAL LABS,,TeleSales,,Offline Sources,Adhoc,,199102060R,,,,,,,,,,,,,,,,"B2C, Offline",,,,,,,,,,,,,,,,65 6863 4290,2012bannerking@gmail.com,,,,,,,,,,,,,,Gov List,"ACRA, Google Searches",,
,,16/12/2025,GT SAN ENGINEERING PTE. LTD.,GT SAN ENGINEERING,,TeleSales,,Offline Sources,Adhoc,,200602693G,,,,,,,,,,,,,,,,"B2C, Offline",,,,,,,,,,,,,,,,65 9008 9972,sstan@gtsan.com.sg,,,,65 6442 9956,,,,,,,,,,Gov List,"ACRA, Google Searches",,
,,16/12/2025,DIRT WHEEL MOTOR & CREDIT PTE LTD,DIRT WHEEL MOTOR & CREDIT,,TeleSales,,Offline Sources,Adhoc,,199907945G,,,,,,,,,,,,,,,,"B2C, Offline",,,,,,,,,,,,,,,,65 9783 3063,dirtwheel@gmail.com,,,,,,,,,,,,,,Gov List,"ACRA, Google Searches",,
,,16/12/2025,CENTURY SQUARE LLP,CENTURY SQUARE,,TeleSales,,Offline Sources,Adhoc,,T22LL0102F,,,,,,,,,,,,,,,,"B2C, Offline",,,,,,,,,,,,,,,,65 9641 8999,johnyeo@singtel.com,,,,65 9836 9454,,,,,,,,,,Gov List,"ACRA, Google Searches",,
,,16/12/2025,SINGTEL MOBILE SINGAPORE PTE. LTD.,SINGTEL MOBILE,,TeleSales,,Offline Sources,Adhoc,,201012456C,,,,,,,,,,,,,,,,"B2C, Offline",,,,,,,,,,,,,,,,65 9641 8999,johnyeo@singtel.com,,,,,,,,,,,,,,Gov List,"ACRA, Google Searches",,
,,16/12/2025,ZHENG ZHONG ART ENTERPRISE PTE. LTD.,ZHENG ZHONG ART,,TeleSales,,Offline Sources,Adhoc,,201102050D,,,,,,,,,,,,,,,,"B2C, Offline",,,,,,,,,,,,,,,,65 9093 5632,zhongart@gmail.com,,,,,,,,,,,,,,Gov List,"ACRA, Google Searches",,
,,16/12/2025,TRUE NORTH LEADERSHIP ASIA LLP,TRUE NORTH LEADERSHIP ASIA,,TeleSales,,Offline Sources,Adhoc,,T05LL0921A,,,,,,,,,,,,,,,,"B2C, Offline",,,,,,,,,,,,,,,,65 9818 0138,cpting@tnleadership.com,,,,,,,,,,,,,,Gov List,"ACRA, Google Searches",,
,,16/12/2025,XUE NI LANGUAGE CENTRE,XUE NI LANGUAGE CENTRE,,TeleSales,,Offline Sources,Adhoc,,52811471M,,,,,,,,,,,,,,,,"B2C, Offline",,,,,,,,,,,,,,,,65 6561 9606,xuenilc@singnet.com.sg,,,,,,,,,,,,,,Gov List,"ACRA, Google Searches",,
,,16/12/2025,KAISHO TECHNOLOGY PTE LTD,KAISHO TECHNOLOGY,,TeleSales,,Offline Sources,Adhoc,,199501092N,,,,,,,,,,,,,,,,"B2C, Offline",,,,,,,,,,,,,,,,65 6455 9500,edmund@kaisho.com.sg,,,,,,,,,,,,,,Gov List,"ACRA, Google Searches",,
,,16/12/2025,AVANTUS TRAINING PRIVATE LIMITED,AVANTUS TRAINING,,TeleSales,,Offline Sources,Adhoc,,200305285R,,,,,,,,,,,,,,,,"B2C, Offline",,,,,,,,,,,,,,,,65 9062 8791,tudoanh@avantustraining.com,,,,,,,,,,,,,,Gov List,"ACRA, Google Searches",,
,,16/12/2025,AONIA PRIVATE LIMITED,AONIA,,TeleSales,,Offline Sources,Adhoc,,200914668E,,,,,,,,,,,,,,,,"B2C, Offline",,,,,,,,,,,,,,,,65 9177 6348,daniel@aonianow.com,,,,,,,,,,,,,,Gov List,"ACRA, Google Searches",,
,,16/12/2025,AIRBUS SINGAPORE PRIVATE LIMITED,AIRBUS,,TeleSales,,Offline Sources,Adhoc,,200823574W,,,,,,,,,,,,,,,,"B2C, Offline",,,,,,,,,,,,,,,,65 9863 9493,,,,,,,,,,,,,,,Gov List,"ACRA, Google Searches",,
,,16/12/2025,VEGETARIAN PRIVATE LIMITED,38 VEGETARIAN,,TeleSales,,Offline Sources,Adhoc,,202443244H,,,,,,,,,,,,,,,,"B2C, Offline",,,,,,,,,,,,,,,,65 9839 5558,,,,,,,,,,,,,,,Gov List,"ACRA, Google Searches",,
,,16/12/2025,COCOA COLONY PTE. LTD.,COCOA COLONY S,,TeleSales,,Offline Sources,Adhoc,,201314608M,,,,,,,,,,,,,,,,"B2C, Offline",,,,,,,,,,,,,,,,65 9106 1958,,,,,,,,,,,,,,,Gov List,"ACRA, Google Searches",,
,,16/12/2025,SUZETTE INTERNATIONAL PTE. LTD.,SUZETTE,,TeleSales,,Offline Sources,Adhoc,,201305127M,,,,,,,,,,,,,,,,"B2C, Offline",,,,,,,,,,,,,,,,65 9299 4957,,,,,65 9025 2916,,,,,,,,,,Gov List,"ACRA, Google Searches",,
,,16/12/2025,CARAMELCRISP PTE. LTD.,CARAMELCRISP,,TeleSales,,Offline Sources,Adhoc,,201229971E,,,,,,,,,,,,,,,,"B2C, Offline",,,,,,,,,,,,,,,,65 9029 0530,stan@garrettpopcorn.com.sg,,,,,,,,,,,,,,Gov List,"ACRA, Google Searches",,
,,16/12/2025,TALK COCK SING SONG @ THOMSON PTE. LTD.,TALK COCK SING SONG @ THOMSON,,TeleSales,,Offline Sources,Adhoc,,200706228D,,,,,,,,,,,,,,,,"B2C, Offline",,,,,,,,,,,,,,,,65 9666 5379,johntanke@hotmail.com,,,,,,,,,,,,,,Gov List,"ACRA, Google Searches",,
,,16/12/2025,V8 ENVIRONMENTAL PTE LTD,V8 ENVIRONMENT,,TeleSales,,Offline Sources,Adhoc,,199900681R,,,,,,,,,,,,,,,,"B2C, Offline",,,,,,,,,,,,,,,,65 9828 6818,,,,,,,,,,,,,,,Gov List,"ACRA, Google Searches",,
,,16/12/2025,BIOFUEL INDUSTRIES PTE. LTD.,BIOFUEL INDUSTRIES,,TeleSales,,Offline Sources,Adhoc,,200303416N,,,,,,,,,,,,,,,,"B2C, Offline",,,,,,,,,,,,,,,,65 6515 5318,,,,,65 9170 2067,,,,,,,,,,Gov List,"ACRA, Google Searches",,
,,16/12/2025,TEL TRANSPORT & WAREHOUSING PTE. LTD.,TEL TRANSPORT & WAREHOUSING,,TeleSales,,Offline Sources,Adhoc,,198301333Z,,,,,,,,,,,,,,,,"B2C, Offline",,,,,,,,,,,,,,,,65 9061 0210,,,,,,,,,,,,,,,Gov List,"ACRA, Google Searches",,
,,16/12/2025,MEDIACORP PTE. LTD.,MEDIACORP,,TeleSales,,Offline Sources,Adhoc,,199201312E,,,,,,,,,,,,,,,,"B2C, Offline",,,,,,,,,,,,,,,,65 9169 8321,alexang@mediacorp.com.sg,,,,,,,,,,,,,,Gov List,"ACRA, Google Searches",,
,,16/12/2025,Z FENCING PTE LTD,FENCING,,TeleSales,,Offline Sources,Adhoc,,199407099E,,,,,,,,,,,,,,,,"B2C, Offline",,,,,,,,,,,,,,,,65 6255 0086,ryanquek@fencingsingapore.org.sg,,,,65 9066 8868,,,,,,,,,,Gov List,"ACRA, Google Searches",,
,,16/12/2025,ART GRAIN PTE. LTD.,ART GRAIN,,TeleSales,,Offline Sources,Adhoc,,201541449W,,,,,,,,,,,,,,,,"B2C, Offline",,,,,,,,,,,,,,,,65 9100 7071,,,,,,,,,,,,,,,Gov List,"ACRA, Google Searches",,
,,16/12/2025,TRANSTAR TRAVEL & TOURS PTE. LTD.,TRANSTAR TRAVEL & TOURS,,TeleSales,,Offline Sources,Adhoc,,200923387W,,,,,,,,,,,,,,,,"B2C, Offline",,,,,,,,,,,,,,,,65 9119 1855,lyeheng.tan@transtartravel.com,,,,,,,,,,,,,,Gov List,"ACRA, Google Searches",,
,,16/12/2025,ALKANAAH INTERNATIONAL TOURS & TRAVEL PTE. LTD.,ALKANAAH TOURS & TRAVEL,,TeleSales,,Offline Sources,Adhoc,,197501608C,,,,,,,,,,,,,,,,"B2C, Offline",,,,,,,,,,,,,,,,65 9228 0412,nurul@alkanaah.org,,,,,,,,,,,,,,Gov List,"ACRA, Google Searches",,
,,16/12/2025,LIGHTFOOT TRAVEL PTE. LTD.,LIGHTFOOT TRAVEL,,TeleSales,,Offline Sources,Adhoc,,200916093N,,,,,,,,,,,,,,,,"B2C, Offline",,,,,,,,,,,,,,,,65 6438 4091,nico@lightfoottravel.com,,,,,,,,,,,,,,Gov List,"ACRA, Google Searches",,
,,16/12/2025,SHAHID TRAVEL & TOURS PTE. LTD.,SHAHID TRAVEL & TOURS,,TeleSales,,Offline Sources,Adhoc,,200211008G,,,,,,,,,,,,,,,,"B2C, Offline",,,,,,,,,,,,,,,,65 9861 5203,shahidtt@singnet.com.sg,,,,65 6293 3733,,,,,,,,,,Gov List,"ACRA, Google Searches",,
,,16/12/2025,SPA VILLA LEISURE PTE. LTD.,SPA VILLA LEISURE,,TeleSales,,Offline Sources,Adhoc,,200821580N,,,,,,,,,,,,,,,,"B2C, Offline",,,,,,,,,,,,,,,,65 9788 2683,,,,,65 6270 2238,,,,,,,,,,Gov List,"ACRA, Google Searches",,
,,16/12/2025,KKKL TRAVEL & TOURS PTE. LTD.,KKKL TRAVEL & TOURS,,TeleSales,,Offline Sources,Adhoc,,201318662H,,,,,,,,,,,,,,,,"B2C, Offline",,,,,,,,,,,,,,,,65 9382 4309,kkkl_travel@yahoo.com,,,,,,,,,,,,,,Gov List,"ACRA, Google Searches",,
,,16/12/2025,GLOREE TOURS AND TRAVELS PTE. LTD.,GLOREE TOURS AND TRAVELS,,TeleSales,,Offline Sources,Adhoc,,200909947R,,,,,,,,,,,,,,,,"B2C, Offline",,,,,,,,,,,,,,,,65 6844 4666,,,,,,,,,,,,,,,Gov List,"ACRA, Google Searches",,
,,16/12/2025,KIM HENG JEWELLERS AND GOLDSMITHS,KIM HENG JEWELLERS & GOLDSMITHS,,TeleSales,,Offline Sources,Adhoc,,25660400B,,,,,,,,,,,,,,,,"B2C, Offline",,,,,,,,,,,,,,,,65 9666 4451,,,,,65 6533 0077,,,,,,,,,,Gov List,"ACRA, Google Searches",,
,,16/12/2025,DREAMARVEL PTE. LTD.,DREAMARVEL,,TeleSales,,Offline Sources,Adhoc,,200818562G,,,,,,,,,,,,,,,,"B2C, Offline",,,,,,,,,,,,,,,,65 9118 6312,jeckmeng@dreamarvel.com,,,,,,,,,,,,,,Gov List,"ACRA, Google Searches",,
,,16/12/2025,NCS PTE. LTD.,NCS,,TeleSales,,Offline Sources,Adhoc,,198101793G,,,,,,,,,,,,,,,,"B2C, Offline",,,,,,,,,,,,,,,,65 9862 2440,gcloud_operator@singtel.com,,,,,,,,,,,,,,Gov List,"ACRA, Google Searches",,
,,16/12/2025,COMPUTERGATE ASIA PTE. LTD.,COMPUTERGATE ASIA,,TeleSales,,Offline Sources,Adhoc,,201014591E,,,,,,,,,,,,,,,,"B2C, Offline",,,,,,,,,,,,,,,,65 9633 7994,raymond.jeffrey@computergate.asia,,,,,,,,,,,,,,Gov List,"ACRA, Google Searches",,
,,16/12/2025,AMCONICS TECHNOLOGY PTE. LTD.,AMCONICS TECHNOLOGY,,TeleSales,,Offline Sources,Adhoc,,199102746W,,,,,,,,,,,,,,,,"B2C, Offline",,,,,,,,,,,,,,,,65 9437 5899,,,,,,,,,,,,,,,Gov List,"ACRA, Google Searches",,
,,16/12/2025,ELSE PTE. LTD.,ELSE,,TeleSales,,Offline Sources,Adhoc,,200719932Z,,,,,,,,,,,,,,,,"B2C, Offline",,,,,,,,,,,,,,,,65 6515 9768,boonpoh@else.com.sg,,,,65 9337 7970,,,,,,,,,,Gov List,"ACRA, Google Searches",,
,,16/12/2025,RAJARAJA TECHNOLOGIES PTE. LTD.,RAJARAJA,,TeleSales,,Offline Sources,Adhoc,,202447632W,,,,,,,,,,,,,,,,"B2C, Offline",,,,,,,,,,,,,,,,65 9134 1154,,,,,,,,,,,,,,,Gov List,"ACRA, Google Searches",,
,,16/12/2025,JUMPER PTE. LTD.,JUMPER ADS,,TeleSales,,Offline Sources,Adhoc,,201134470N,,,,,,,,,,,,,,,,"B2C, Offline",,,,,,,,,,,,,,,,65 9699 0261,,,,,,,,,,,,,,,Gov List,"ACRA, Google Searches",,
,,16/12/2025,NETSENSE BUSINESS SOLUTIONS PTE. LTD.,NETSENSE BUSINESS,,TeleSales,,Offline Sources,Adhoc,,201313421R,,,,,,,,,,,,,,,,"B2C, Offline",,,,,,,,,,,,,,,,65 9787 3547,abdul@netsensebs.com,,,,,,,,,,,,,,Gov List,"ACRA, Google Searches",,
,,16/12/2025,NEC NETWORKS & SYSTEM INTEGRATION CORPORATION (SINGAPORE BRANCH),NEC NETWORKS & INTEGRATION S,,TeleSales,,Offline Sources,Adhoc,,S86FC3711E,,,,,,,,,,,,,,,,"B2C, Offline",,,,,,,,,,,,,,,,65 6333 9371,james_tan@nesic.com.sg,,,,,,,,,,,,,,Gov List,"ACRA, Google Searches",,
,,16/12/2025,EMARSYS PTE. LTD.,EMARSYS,,TeleSales,,Offline Sources,Adhoc,,201302513E,,,,,,,,,,,,,,,,"B2C, Offline",,,,,,,,,,,,,,,,65 9108 5387,hendrik.tjang@emrsys.com,,,,,,,,,,,,,,Gov List,"ACRA, Google Searches",,
,,16/12/2025,DAILY VANITY PTE. LTD.,DAILY VANITY,,TeleSales,,Offline Sources,Adhoc,,201315255C,,,,,,,,,,,,,,,,"B2C, Offline",,,,,,,,,,,,,,,,65 9741 3625,,,,,,,,,,,,,,,Gov List,"ACRA, Google Searches",,
,,16/12/2025,NAMECARDONLINE PTE. LTD.,NAMECARDONLINE,,TeleSales,,Offline Sources,Adhoc,,200103949K,,,,,,,,,,,,,,,,"B2C, Offline",,,,,,,,,,,,,,,,65 6224 7050,sales@namecardonline.com,,,,,,,,,,,,,,Gov List,"ACRA, Google Searches",,
,,16/12/2025,MCKAL PTE. LTD.,MCKAL,,TeleSales,,Offline Sources,Adhoc,,200305215G,,,,,,,,,,,,,,,,"B2C, Offline",,,,,,,,,,,,,,,,65 9237 6830,gsk@mckal.com,,,,65 6247 5990,,,,,,,,,,Gov List,"ACRA, Google Searches",,
,,16/12/2025,FIRST AURORA PTE. LTD.,FIRST AURORA,,TeleSales,,Offline Sources,Adhoc,,200412028R,,,,,,,,,,,,,,,,"B2C, Offline",,,,,,,,,,,,,,,,65 9171 0702,,,,,65 8112 7934,,,,,,,,,,Gov List,"ACRA, Google Searches",,
,,16/12/2025,BOOKLINK PTE. LTD.,BOOKLINK,,TeleSales,,Offline Sources,Adhoc,,200301517G,,,,,,,,,,,,,,,,"B2C, Offline",,,,,,,,,,,,,,,,65 9685 0577,,,,,,,,,,,,,,,Gov List,"ACRA, Google Searches",,
,,16/12/2025,SECRET CHAMBER PTE. LTD.,SECRET CHAMBER,,TeleSales,,Offline Sources,Adhoc,,200607001E,,,,,,,,,,,,,,,,"B2C, Offline",,,,,,,,,,,,,,,,65 6748 3886,secretchamber@singnet.com.sg,,,,,,,,,,,,,,Gov List,"ACRA, Google Searches",,
,,16/12/2025,BOOKS CELLAR PTE. LTD.,BOOKS CELLAR,,TeleSales,,Offline Sources,Adhoc,,201015728W,,,,,,,,,,,,,,,,"B2C, Offline",,,,,,,,,,,,,,,,65 9017 4341,jakefolkoff@hotmail.com,,,,,,,,,,,,,,Gov List,"ACRA, Google Searches",,
,,16/12/2025,TELLUS DESIGN PTE. LTD.,TELLUS DESIGN,,TeleSales,,Offline Sources,Adhoc,,201925073R,,,,,,,,,,,,,,,,"B2C, Offline",,,,,,,,,,,,,,,,65 6887 4735,yvonne@tellusad.com,,,,,,,,,,,,,,Gov List,"ACRA, Google Searches",,
,,16/12/2025,AIMER (SINGAPORE) PTE. LTD.,AIMER,,TeleSales,,Offline Sources,Adhoc,,200917018D,,,,,,,,,,,,,,,,"B2C, Offline",,,,,,,,,,,,,,,,65 9693 1311,cynthia@aimer.com.cn,,,,65 6848 4438,,,,,,,,,,Gov List,"ACRA, Google Searches",,
,,16/12/2025,DESIGN CHAPTERZ PTE. LTD.,DESIGN CHAPTERZ,,TeleSales,,Offline Sources,Adhoc,,201407621R,,,,,,,,,,,,,,,,"B2C, Offline",,,,,,,,,,,,,,,,65 9858 1418,glenn79@live.com.sg,,,,,,,,,,,,,,Gov List,"ACRA, Google Searches",,
,,16/12/2025,DETAIL PTE. LTD.,DETAIL,,TeleSales,,Offline Sources,Adhoc,,201618065E,,,,,,,,,,,,,,,,"B2C, Offline",,,,,,,,,,,,,,,,65 9363 1663,edmund.lim@thedetail.com.sg,,,,,,,,,,,,,,Gov List,"ACRA, Google Searches",,
,,16/12/2025,MOJO STUDIO PTE. LTD.,MOJO STUDIO,,TeleSales,,Offline Sources,Adhoc,,201000897K,,,,,,,,,,,,,,,,"B2C, Offline",,,,,,,,,,,,,,,,65 6484 6942,jo@mojo.sg,,,,65 9695 6440,,,,,,,,,,Gov List,"ACRA, Google Searches",,
,,16/12/2025,RENAISSANCE DESIGNERS & PLANNERS PTE LTD,RENAISSANCE PLANNERS & DESIGNERS P L,,TeleSales,,Offline Sources,Adhoc,,200002745W,,,,,,,,,,,,,,,,"B2C, Offline",,,,,,,,,,,,,,,,65 6291 1545,renai@singnet.com.sg,,,,,,,,,,,,,,Gov List,"ACRA, Google Searches",,
,,16/12/2025,SOTEC SOLUTION PTE. LTD.,SOTEC,,TeleSales,,Offline Sources,Adhoc,,201304477D,,,,,,,,,,,,,,,,"B2C, Offline",,,,,,,,,,,,,,,,65 9271 1518,clement@sotecsolution.com,,,,,,,,,,,,,,Gov List,"ACRA, Google Searches",,
,,16/12/2025,URBAN ATELIER PTE. LTD.,URBAN ATELIER,,TeleSales,,Offline Sources,Adhoc,,200511981N,,,,,,,,,,,,,,,,"B2C, Offline",,,,,,,,,,,,,,,,65 9062 0229,bryan.khoo@urbanatelier.com.sg,,,,,,,,,,,,,,Gov List,"ACRA, Google Searches",,
,,16/12/2025,BIG JIN PRODUCTIONS,BIG 3 PRODUCTIONS,,TeleSales,,Offline Sources,Adhoc,,52964721D,,,,,,,,,,,,,,,,"B2C, Offline",,,,,,,,,,,,,,,,65 9653 2504,,,,,,,,,,,,,,,Gov List,"ACRA, Google Searches",,
,,16/12/2025,POSSO PRESCHOOL PTE. LTD.,POSSO PRESCHOOL,,TeleSales,,Offline Sources,Adhoc,,201416908M,,,,,,,,,,,,,,,,"B2C, Offline",,,,,,,,,,,,,,,,65 6922 7615,,,,,,,,,,,,,,,Gov List,"ACRA, Google Searches",,
,,16/12/2025,EDUGARDEN DISCOVERY PTE. LTD.,EDUGARDEN DISCOVERY,,TeleSales,,Offline Sources,Adhoc,,201504591E,,,,,,,,,,,,,,,,"B2C, Offline",,,,,,,,,,,,,,,,65 9677 0380,a70sharon@yahoo.com.sg,,,,65 9273 3683,,,,,65 6897 3938,,,,,Gov List,"ACRA, Google Searches",,
,,16/12/2025,CHILTERN HOUSE PTE. LTD.,CHILTERN HOUSE,,TeleSales,,Offline Sources,Adhoc,,198800766K,,,,,,,,,,,,,,,,"B2C, Offline",,,,,,,,,,,,,,,,,,,,,,,,,,,,,,,Gov List,"ACRA, Google Searches",,
,,16/12/2025,INVITROCUE PTE. LTD.,INVITROCUE,,TeleSales,,Offline Sources,Adhoc,,201224616W,,,,,,,,,,,,,,,,"B2C, Offline",,,,,,,,,,,,,,,,65 9383 6588,,,,,,,,,,,,,,,Gov List,"ACRA, Google Searches",,
,,16/12/2025,HENRY GAS PTE. LTD.,HENRY GAS,,TeleSales,,Offline Sources,Adhoc,,200210783Z,,,,,,,,,,,,,,,,"B2C, Offline",,,,,,,,,,,,,,,,65 9686 3300,jacquelinyeo@henrygas.com.sg,,,,,,,,,,,,,,Gov List,"ACRA, Google Searches",,
,,16/12/2025,PICPUS PTE. LTD.,PICPUS,,TeleSales,,Offline Sources,Adhoc,,200200432D,,,,,,,,,,,,,,,,"B2C, Offline",,,,,,,,,,,,,,,,65 6841 2817,picpus@singnet.com.sg,,,,65 9752 3219,,,,,,,,,,Gov List,"ACRA, Google Searches",,
,,16/12/2025,MUNCH!,I-MUNCH,,TeleSales,,Offline Sources,Adhoc,,53478845M,,,,,,,,,,,,,,,,"B2C, Offline",,,,,,,,,,,,,,,,65 9273 4350,wong1211@outlook.com,,,,65 6336 3366,,,,,,,,,,Gov List,"ACRA, Google Searches",,
,,16/12/2025,D&N (S) PRIVATE LIMITED,D&N,,TeleSales,,Offline Sources,Adhoc,,202112135K,,,,,,,,,,,,,,,,"B2C, Offline",,,,,,,,,,,,,,,,65 9109 2588,,,,,,,,,,,,,,,Gov List,"ACRA, Google Searches",,
,,16/12/2025,CAFE-P,CAFE O,,TeleSales,,Offline Sources,Adhoc,,53502663C,,,,,,,,,,,,,,,,"B2C, Offline",,,,,,,,,,,,,,,,65 6645 9333,,,,,,,,,,,,,,,Gov List,"ACRA, Google Searches",,
,,16/12/2025,THAI VILLAGE RESTAURANT PTE. LTD.,THAI VILLAGE RESTAURANT,,TeleSales,,Offline Sources,Adhoc,,199504712D,,,,,,,,,,,,,,,,"B2C, Offline",,,,,,,,,,,,,,,,65 6487 6182,philip@thaivillagerestaurant.co,,,,65 9660 2452,,,,,,,,,,Gov List,"ACRA, Google Searches",,
,,16/12/2025,OSVALDO FAMILY'S KITCHEN PTE. LTD.,OSVALDO FAMILYS KITCHEN,,TeleSales,,Offline Sources,Adhoc,,200909190G,,,,,,,,,,,,,,,,"B2C, Offline",,,,,,,,,,,,,,,,65 9297 4151,osvaldo@osvaldo.sg,,,,65 6305 7850,,,,,,,,,,Gov List,"ACRA, Google Searches",,
,,16/12/2025,FAMOUS FOOD CUBE PTE. LTD.,FAMOUS FOOD CUBE,,TeleSales,,Offline Sources,Adhoc,,201332719N,,,,,,,,,,,,,,,,"B2C, Offline",,,,,,,,,,,,,,,,65 9225 5807,tangjing81@hotmail.com,,,,,,,,,,,,,,Gov List,"ACRA, Google Searches",,
,,16/12/2025,DUA GROUP PTE. LTD.,DUA,,TeleSales,,Offline Sources,Adhoc,,201437371K,,,,,,,,,,,,,,,,"B2C, Offline",,,,,,,,,,,,,,,,65 8322 0459,,,,,65 8406 6115,,,,,,,,,,Gov List,"ACRA, Google Searches",,
,,16/12/2025,SUNPARK HOLDINGS PTE. LTD.,SUNPARK,,TeleSales,,Offline Sources,Adhoc,,201315614W,,,,,,,,,,,,,,,,"B2C, Offline",,,,,,,,,,,,,,,,65 9296 8162,ariel@sunpark.ne.jp,,,,65 9741 2706,,,,,65 6692 8080,,,,,Gov List,"ACRA, Google Searches",,
,,16/12/2025,VERVE HOLDINGS PTE. LTD.,VERVE,,TeleSales,,Offline Sources,Adhoc,,200809227E,,,,,,,,,,,,,,,,"B2C, Offline",,,,,,,,,,,,,,,,65 8298 7008,,,,,,,,,,,,,,,Gov List,"ACRA, Google Searches",,
,,16/12/2025,LUPA HOLDINGS PTE. LTD.,LUPA,,TeleSales,,Offline Sources,Adhoc,,201108504N,,,,,,,,,,,,,,,,"B2C, Offline",,,,,,,,,,,,,,,,65 3465 8132,info@labarca-sg.com,,,,,,,,,,,,,,Gov List,"ACRA, Google Searches",,
,,16/12/2025,MC GROUP PTE. LTD.,MC,,TeleSales,,Offline Sources,Adhoc,,201416471M,,,,,,,,,,,,,,,,"B2C, Offline",,,,,,,,,,,,,,,,65 9699 9974,,,,,65 6238 1728,,,,,65 9270 8388,,,,,Gov List,"ACRA, Google Searches",,
,,16/12/2025,KEE HIONG ASIA PACIFIC PTE. LTD.,KEE HIONG ASIA PACIFIC,,TeleSales,,Offline Sources,Adhoc,,201604581R,,,,,,,,,,,,,,,,"B2C, Offline",,,,,,,,,,,,,,,,65 9832 6283,,,,,,,,,,,,,,,Gov List,"ACRA, Google Searches",,
,,16/12/2025,WEST CO'Z CAFE PTE. LTD.,WEST Z CAFE,,TeleSales,,Offline Sources,Adhoc,,200900444D,,,,,,,,,,,,,,,,"B2C, Offline",,,,,,,,,,,,,,,,65 9188 5679,,,,,,,,,,,,,,,Gov List,"ACRA, Google Searches",,
,,16/12/2025,TASTE OF INDIA RESTAURANT PTE. LTD.,TASTE OF INDIA RESTAURANT,,TeleSales,,Offline Sources,Adhoc,,200918733M,,,,,,,,,,,,,,,,"B2C, Offline",,,,,,,,,,,,,,,,65 9028 6401,,,,,,,,,,,,,,,Gov List,"ACRA, Google Searches",,
,,16/12/2025,SINGAPORE SAIZERIYA PTE. LTD.,SAIZERIYA,,TeleSales,,Offline Sources,Adhoc,,200818603R,,,,,,,,,,,,,,,,"B2C, Offline",,,,,,,,,,,,,,,,65 9322 2939,joseph@idbox.com.sg,,,,65 6338 8969,,,,,,,,,,Gov List,"ACRA, Google Searches",,
,,16/12/2025,RAMEN CHAMPION PTE. LTD.,RAMEN CHAMPION,,TeleSales,,Offline Sources,Adhoc,,201113013Z,,,,,,,,,,,,,,,,"B2C, Offline",,,,,,,,,,,,,,,,65 9617 7167,,,,,,,,,,,,,,,Gov List,"ACRA, Google Searches",,
,,16/12/2025,CHILLAX PTE. LTD.,CHILLAX CAFE,,TeleSales,,Offline Sources,Adhoc,,202225497D,,,,,,,,,,,,,,,,"B2C, Offline",,,,,,,,,,,,,,,,65 9644 7329,darren@astronauts.com.sg,,,,65 9828 4707,,,,,,,,,,Gov List,"ACRA, Google Searches",,
,,16/12/2025,FISH & CO. RESTAURANTS PTE. LTD.,FISH & RESTAURANTS,,TeleSales,,Offline Sources,Adhoc,,199802488M,,,,,,,,,,,,,,,,"B2C, Offline",,,,,,,,,,,,,,,,65 9474 6881,chen.jz@fish-co.com,,,,,,,,,,,,,,Gov List,"ACRA, Google Searches",,
,,16/12/2025,TASTY FOOD CATERING PTE. LTD.,TASTY FOOD CATERING,,TeleSales,,Offline Sources,Adhoc,,201305946D,,,,,,,,,,,,,,,,"B2C, Offline",,,,,,,,,,,,,,,,65 8399 6646,asrat.alli@yahoo.com,,,,,,,,,,,,,,Gov List,"ACRA, Google Searches",,
,,16/12/2025,SINGAPORE HAI DI LAO DINING PTE. LTD.,HAI DI LAO DINING,,TeleSales,,Offline Sources,Adhoc,,201201446C,,,,,,,,,,,,,,,,"B2C, Offline",,,,,,,,,,,,,,,,65 8588 7089,tanap@haidilao.com,,,,,,,,,,,,,,Gov List,"ACRA, Google Searches",,
,,16/12/2025,HARRY'S INTERNATIONAL PTE. LTD.,HARRYS,,TeleSales,,Offline Sources,Adhoc,,199103579R,,,,,,,,,,,,,,,,"B2C, Offline",,,,,,,,,,,,,,,,65 6337 0657,marketing@harrys.com.sg,,,,65 8518 3163,,,,,,,,,,Gov List,"ACRA, Google Searches",,
,,16/12/2025,LONG ISLAND GARDEN SEAFOOD RESTAURANT PTE. LTD.,LONG ISLAND GARDEN SEAFOOD RESTAURANT,,TeleSales,,Offline Sources,Adhoc,,198500766Z,,,,,,,,,,,,,,,,"B2C, Offline",,,,,,,,,,,,,,,,65 6338 9398,jenny@longbeachseafood.com,,,,65 9628 7930,,,,,,,,,,Gov List,"ACRA, Google Searches",,
,,16/12/2025,PARIS BAGUETTE SINGAPORE PTE. LTD.,PARIS BAGUETTE,,TeleSales,,Offline Sources,Adhoc,,201108952N,,,,,,,,,,,,,,,,"B2C, Offline",,,,,,,,,,,,,,,,65 8186 7745,parisman50@spc.co.kr,,,,,,,,,,,,,,Gov List,"ACRA, Google Searches",,
,,16/12/2025,DIM SUM PTE. LTD.,DIM SUM,,TeleSales,,Offline Sources,Adhoc,,201301178C,,,,,,,,,,,,,,,,"B2C, Offline",,,,,,,,,,,,,,,,65 9730 2659,benardlim@hcdesign.com,,,,65 9488 0770,,,,,,,,,,Gov List,"ACRA, Google Searches",,
,,16/12/2025,THE P' CLUB GROUP PTE. LTD.,THE P CLUB,,TeleSales,,Offline Sources,Adhoc,,201216850G,,,,,,,,,,,,,,,,"B2C, Offline",,,,,,,,,,,,,,,,65 8168 9968,design@thepclubgroup.com,,,,,,,,,,,,,,Gov List,"ACRA, Google Searches",,
,,16/12/2025,FRONTIER PROPERTY SERVICES PTE. LTD.,FRONTIER PROPERTY,,TeleSales,,Offline Sources,Adhoc,,201410490H,,,,,,,,,,,,,,,,"B2C, Offline",,,,,,,,,,,,,,,,65 8666 6691,,,,,,,,,,,,,,,Gov List,"ACRA, Google Searches",,
,,16/12/2025,HUANG KEE BUILDING MAINTENANCE PTE. LTD.,HUANG KEE BUILDING MAINTENANCE,,TeleSales,,Offline Sources,Adhoc,,200311601C,,,,,,,,,,,,,,,,"B2C, Offline",,,,,,,,,,,,,,,,65 6556 2692,mary.toh@huangkee.com.sg,,,,65 9367 1417,,,,,65 9237 2163,,,,,Gov List,"ACRA, Google Searches",,
,,16/12/2025,PUNGGOL RESIDENCES PTE. LTD.,PUNGGOL RESIDENCES,,TeleSales,,Offline Sources,Adhoc,,201118677H,,,,,,,,,,,,,,,,"B2C, Offline",,,,,,,,,,,,,,,,65 6417 9208,twinwaterfallsma@gmail.com,,,,,,,,,,,,,,Gov List,"ACRA, Google Searches",,
,,16/12/2025,PAMFLEET ASSET MANAGEMENT (SINGAPORE) PTE. LIMITED,PAMFLEET ASSET MANAGEMENT S,,TeleSales,,Offline Sources,Adhoc,,200807740N,,,,,,,,,,,,,,,,"B2C, Offline",,,,,,,,,,,,,,,,65 9022 3981,dougie.crichton@pamfleet.com,,,,,,,,,,,,,,Gov List,"ACRA, Google Searches",,
,,16/12/2025,NEW CENTURY FOOD HOUSE @ 539 PTE. LTD.,NEW CENTURY FOOD HOUSE@539,,TeleSales,,Offline Sources,Adhoc,,201304032Z,,,,,,,,,,,,,,,,"B2C, Offline",,,,,,,,,,,,,,,,65 9383 4686,,,,,,,,,,,,,,,Gov List,"ACRA, Google Searches",,
,,16/12/2025,CARENCE PTE. LTD.,CARENCE,,TeleSales,,Offline Sources,Adhoc,,200107618D,,,,,,,,,,,,,,,,"B2C, Offline",,,,,,,,,,,,,,,,65 9781 7782,carence@singnet.com.sg,,,,65 6475 0127,,,,,,,,,,Gov List,"ACRA, Google Searches",,
,,16/12/2025,GANG BAO SHI BUSINESS MANAGEMENT PTE. LTD.,GANG BAO SHI BUSINESS MANAGEMENT,,TeleSales,,Offline Sources,Adhoc,,201207383D,,,,,,,,,,,,,,,,"B2C, Offline",,,,,,,,,,,,,,,,65 9084 9962,d_danille@hotmail.com,,,,,,,,,,,,,,Gov List,"ACRA, Google Searches",,
,,16/12/2025,JEWEL CHANGI AIRPORT DEVT PTE. LTD.,JEWEL CHANGI AIRPORT DEVT,,TeleSales,,Offline Sources,Adhoc,,201334180K,,,,,,,,,,,,,,,,"B2C, Offline",,,,,,,,,,,,,,,,65 9017 3734,koh.jilei@changiairport.co,,,,,,,,,,,,,,Gov List,"ACRA, Google Searches",,
,,16/12/2025,LYS WHOLESALE & RETAIL PTE. LTD.,LYS WHOLESALE & RETAIL,,TeleSales,,Offline Sources,Adhoc,,201621391G,,,,,,,,,,,,,,,,"B2C, Offline",,,,,,,,,,,,,,,,65 9046 3940,peachie_eve@yahoo.com,,,,,,,,,,,,,,Gov List,"ACRA, Google Searches",,
,,16/12/2025,CLASS AUTO PTE. LTD.,CLASS AUTO,,TeleSales,,Offline Sources,Adhoc,,200302860N,,,,,,,,,,,,,,,,"B2C, Offline",,,,,,,,,,,,,,,,65 9616 6810,enquires@ciassauto.com.sg,,,,,,,,,,,,,,Gov List,"ACRA, Google Searches",,
,,16/12/2025,H TYRE PTE. LTD.,H TYRE,,TeleSales,,Offline Sources,Adhoc,,200205950C,,,,,,,,,,,,,,,,"B2C, Offline",,,,,,,,,,,,,,,,65 6293 3636,sales@htyre.com,,,,65 9815 0977,,,,,,,,,,Gov List,"ACRA, Google Searches",,
,,16/12/2025,LNYCO INTERNATIONAL PTE. LTD.,LNYCO,,TeleSales,,Offline Sources,Adhoc,,200504613N,,,,,,,,,,,,,,,,"B2C, Offline",,,,,,,,,,,,,,,,65 6742 3223,,,,,,,,,,,,,,,Gov List,"ACRA, Google Searches",,
,,16/12/2025,BIO-PACKAGING PTE. LTD.,BIO-PACKAGING,,TeleSales,,Offline Sources,Adhoc,,200706213R,,,,,,,,,,,,,,,,"B2C, Offline",,,,,,,,,,,,,,,,65 6755 5233,larry@bio-packaging.com.sg,,,,,,,,,,,,,,Gov List,"ACRA, Google Searches",,
,,16/12/2025,FIREFLY PHOTOGRAPHY PTE. LTD.,FIREFLY PHOTOGRAPHY,,TeleSales,,Offline Sources,Adhoc,,201220312E,,,,,,,,,,,,,,,,"B2C, Offline",,,,,,,,,,,,,,,,65 9764 2661,darren@fireflyphotographysg.com,,,,,,,,,,,,,,Gov List,"ACRA, Google Searches",,
,,16/12/2025,KIONG ONN MEDICAL HALL PTE. LTD.,KIONG ONN MEDICAL HALL,,TeleSales,,Offline Sources,Adhoc,,201301451D,,,,,,,,,,,,,,,,"B2C, Offline",,,,,,,,,,,,,,,,65 9768 7112,,,,,,,,,,,,,,,Gov List,"ACRA, Google Searches",,
,,16/12/2025,ZARE INTERNATIONAL PTE. LTD.,ZARE,,TeleSales,,Offline Sources,Adhoc,,201026458G,,,,,,,,,,,,,,,,"B2C, Offline",,,,,,,,,,,,,,,,65 8422 5036,janice@drpppars.com,,,,,,,,,,,,,,Gov List,"ACRA, Google Searches",,
,,16/12/2025,PET LOVERS CENTRE PTE. LTD.,PET LOVERS CENTRE,,TeleSales,,Offline Sources,Adhoc,,197802775Z,,,,,,,,,,,,,,,,"B2C, Offline",,,,,,,,,,,,,,,,65 9450 3557,dennislog@petloverscentre.com,,,,,,,,,,,,,,Gov List,"ACRA, Google Searches",,
,,16/12/2025,CHANGI AIRPORT GROUP (SINGAPORE) PTE. LTD.,CHANGI AIRPORT,,TeleSales,,Offline Sources,Adhoc,,200910817N,,,,,,,,,,,,,,,,"B2C, Offline",,,,,,,,,,,,,,,,65 9873 2808,koo.seelian@changiairport.com,,,,,,,,,,,,,,Gov List,"ACRA, Google Searches",,
,,16/12/2025,TEN TRANSPORT SERVICES PTE LTD,TEN TRANSPORT P L,,TeleSales,,Offline Sources,Adhoc,,200010605W,,,,,,,,,,,,,,,,"B2C, Offline",,,,,,,,,,,,,,,,65 9846 8959,keanguan@tentransport.com.sg,,,,,,,,,,,,,,Gov List,"ACRA, Google Searches",,
,,16/12/2025,SUNTEC INTERNATIONAL PTE. LTD.,SUNTEC,,TeleSales,,Offline Sources,Adhoc,,198802694E,,,,,,,,,,,,,,,,"B2C, Offline",,,,,,,,,,,,,,,,65 6368 7900,sunteci@singnet.com.sg,,,,,,,,,,,,,,Gov List,"ACRA, Google Searches",,
,,16/12/2025,D'CONNECT,EA-CONNECT,,TeleSales,,Offline Sources,Adhoc,,53144682D,,,,,,,,,,,,,,,,"B2C, Offline",,,,,,,,,,,,,,,,65 6226 0680,ckh@eaconnect.sg,,,,65 9428 2021,,,,,,,,,,Gov List,"ACRA, Google Searches",,
,,16/12/2025,VENUS TRADING (S) PTE. LTD.,VENUS,,TeleSales,,Offline Sources,Adhoc,,201410581C,,,,,,,,,,,,,,,,"B2C, Offline",,,,,,,,,,,,,,,,65 9848 2742,,,,,,,,,,,,,,,Gov List,"ACRA, Google Searches",,
,,16/12/2025,SANTE DE BEAUTE PTE. LTD.,SANTE & BEAUTE,,TeleSales,,Offline Sources,Adhoc,,201537223W,,,,,,,,,,,,,,,,"B2C, Offline",,,,,,,,,,,,,,,,65 6336 0681,,,,,,,,,,,,,,,Gov List,"ACRA, Google Searches",,
,,16/12/2025,PACIFIC RESOURCES PTE. LTD.,PACIFIC RESOURCES,,TeleSales,,Offline Sources,Adhoc,,198402983K,,,,,,,,,,,,,,,,"B2C, Offline",,,,,,,,,,,,,,,,65 9129 9072,hardi.jennifer@yahoo.com,,,,,,,,,,,,,,Gov List,"ACRA, Google Searches",,
,,16/12/2025,BIAN HIN CO. (SINGAPORE) PRIVATE LIMITED,BIAN HIN S,,TeleSales,,Offline Sources,Adhoc,,195800167W,,,,,,,,,,,,,,,,"B2C, Offline",,,,,,,,,,,,,,,,65 6515 6715,,,,,,,,,,,,,,,Gov List,"ACRA, Google Searches",,
,,16/12/2025,MAVELI TRADING PTE. LTD.,MAVELI,,TeleSales,,Offline Sources,Adhoc,,202509449C,,,,,,,,,,,,,,,,"B2C, Offline",,,,,,,,,,,,,,,,65 9820 7914,sollygransen@gmail.com,,,,,,,,,,,,,,Gov List,"ACRA, Google Searches",,
,,16/12/2025,M&S OVERSEAS PTE. LTD.,SV OVERSEAS,,TeleSales,,Offline Sources,Adhoc,,201327203G,,,,,,,,,,,,,,,,"B2C, Offline",,,,,,,,,,,,,,,,65 8158 6115,,,,,,,,,,,,,,,Gov List,"ACRA, Google Searches",,
,,16/12/2025,DATUMSTRUCT (S) PTE LTD,DATUMSTRUCT,,TeleSales,,Offline Sources,Adhoc,,199903549G,,,,,,,,,,,,,,,,"B2C, Offline",,,,,,,,,,,,,,,,65 9439 8653,effalinny@datumstructsolutions.co,,,,65 6546 9874,,,,,,,,,,Gov List,"ACRA, Google Searches",,
,,16/12/2025,777 PTE. LTD.,BS 777,,TeleSales,,Offline Sources,Adhoc,,201433243N,,,,,,,,,,,,,,,,"B2C, Offline",,,,,,,,,,,,,,,,65 8798 8988,,,,,65 9662 3976,,,,,,,,,,Gov List,"ACRA, Google Searches",,
,,16/12/2025,M & S ACCESSORIES PTE. LTD.,GRI ACCESSORIES S,,TeleSales,,Offline Sources,Adhoc,,200900651M,,,,,,,,,,,,,,,,"B2C, Offline",,,,,,,,,,,,,,,,65 6293 3074,,,,,,,,,,,,,,,Gov List,"ACRA, Google Searches",,
,,16/12/2025,1 TJS PTE. LTD.,TJS,,TeleSales,,Offline Sources,Adhoc,,202410534R,,,,,,,,,,,,,,,,"B2C, Offline",,,,,,,,,,,,,,,,65 9106 8413,kc.loh@chemstationasia.com,,,,,,,,,,,,,,Gov List,"ACRA, Google Searches",,
,,16/12/2025,EVER POWER SG PTE. LTD.,EVER-POWER,,TeleSales,,Offline Sources,Adhoc,,202139906K,,,,,,,,,,,,,,,,"B2C, Offline",,,,,,,,,,,,,,,,65 8173 7586,,,,,,,,,,,,,,,Gov List,"ACRA, Google Searches",,
,,16/12/2025,ORIENTAL HARDWARE & MARINE PTE. LTD.,ORIENTAL HARDWARE & MARINE,,TeleSales,,Offline Sources,Adhoc,,200803484Z,,,,,,,,,,,,,,,,"B2C, Offline",,,,,,,,,,,,,,,,65 9732 6193,orientalhw1@myots.com.sg,,,,,,,,,,,,,,Gov List,"ACRA, Google Searches",,
,,16/12/2025,MAK KEE (S) PTE. LTD.,MAK KEE S,,TeleSales,,Offline Sources,Adhoc,,201333276C,,,,,,,,,,,,,,,,"B2C, Offline",,,,,,,,,,,,,,,,65 9690 0006,simsiajoo@makkee.com,,,,,,,,,,,,,,Gov List,"ACRA, Google Searches",,
,,16/12/2025,SPECIAL STEELS & ALLOYS PTE. LTD.,SPECIAL STEELS & ALLOYS SE ASIA LT,,TeleSales,,Offline Sources,Adhoc,,201120649Z,,,,,,,,,,,,,,,,"B2C, Offline",,,,,,,,,,,,,,,,65 9620 8238,rickteo@ssalloys.com.sg,,,,65 6636 5128,,,,,,,,,,Gov List,"ACRA, Google Searches",,
,,16/12/2025,PACIFIC INNOVATIONS PTE. LTD.,INNOVATION PACIFIC,,TeleSales,,Offline Sources,Adhoc,,201317064G,,,,,,,,,,,,,,,,"B2C, Offline",,,,,,,,,,,,,,,,65 8546 3172,,,,,,,,,,,,,,,Gov List,"ACRA, Google Searches",,
,,16/12/2025,SIN LI ELECTRONICS TRADING,SING ELECTRONICS,,TeleSales,,Offline Sources,Adhoc,,52974119M,,,,,,,,,,,,,,,,"B2C, Offline",,,,,,,,,,,,,,,,65 9128 6988,leeshine33@gmail.com,,,,,,,,,,,,,,Gov List,"ACRA, Google Searches",,
,,16/12/2025,BATHWORLD PTE. LTD.,BATHWORLD,,TeleSales,,Offline Sources,Adhoc,,200517808M,,,,,,,,,,,,,,,,"B2C, Offline",,,,,,,,,,,,,,,,65 6252 4828,kaijie@bathworld.net,,,,,,,,,,,,,,Gov List,"ACRA, Google Searches",,
,,16/12/2025,ASIA PACIFIC SHIPPING PTE. LTD.,ASIA PACIFIC SHIPPING S,,TeleSales,,Offline Sources,Adhoc,,202502796C,,,,,,,,,,,,,,,,"B2C, Offline",,,,,,,,,,,,,,,,65 6773 3333,joseph@asiabunker.com.sg,,,,,,,,,,,,,,Gov List,"ACRA, Google Searches",,
,,16/12/2025,"TAIKO TRADING CO., LTD.",TAIKO,,TeleSales,,Offline Sources,Adhoc,,S90FC4154J,,,,,,,,,,,,,,,,"B2C, Offline",,,,,,,,,,,,,,,,65 8101 8558,gao@taikotrading.com.sg,,,,65 6344 0590,,,,,,,,,,Gov List,"ACRA, Google Searches",,
,,16/12/2025,SEALAND CONTINENTAL PTE. LTD.,SEALAND CONTINENTAL,,TeleSales,,Offline Sources,Adhoc,,200210140H,,,,,,,,,,,,,,,,"B2C, Offline",,,,,,,,,,,,,,,,65 6858 0020,admin@sealand.com.sg,,,,65 9646 0048,,,,,,,,,,Gov List,"ACRA, Google Searches",,
,,16/12/2025,SILVERSKY & CONSULTING PTE. LTD.,SILVERSKY,,TeleSales,,Offline Sources,Adhoc,,201500813D,,,,,,,,,,,,,,,,"B2C, Offline",,,,,,,,,,,,,,,,65 6742 7845,esmondlow@silversky.com.sg,,,,65 9475 7787,,,,,,,,,,Gov List,"ACRA, Google Searches",,
,,16/12/2025,HOMEWERKZ SERVICES,HOMEWERKZ,,TeleSales,,Offline Sources,Adhoc,,53313648B,,,,,,,,,,,,,,,,"B2C, Offline",,,,,,,,,,,,,,,,65 9688 8236,tuen@homewerkz.com.sg,,,,65 6059 5955,,,,,,,,,,Gov List,"ACRA, Google Searches",,
,,16/12/2025,GLOBAL-ALLIED PTE. LTD.,ALLIED,,TeleSales,,Offline Sources,Adhoc,,200904323W,,,,,,,,,,,,,,,,"B2C, Offline",,,,,,,,,,,,,,,,,adelchan@global-group.com.sg,,,,,,,,,,,,,,Gov List,"ACRA, Google Searches",,
,,16/12/2025,ALLIANCE GRAPHICS PTE. LTD.,ALLIANCE GRAPHICS,,TeleSales,,Offline Sources,Adhoc,,201107833H,,,,,,,,,,,,,,,,"B2C, Offline",,,,,,,,,,,,,,,,65 6742 3223,lawrence@alliancegraphics.com.sg,,,,,,,,,,,,,,Gov List,"ACRA, Google Searches",,
,,16/12/2025,XOREX PRESS PTE. LTD.,XOREX PRESS,,TeleSales,,Offline Sources,Adhoc,,200413182W,,,,,,,,,,,,,,,,"B2C, Offline",,,,,,,,,,,,,,,,65 6863 4290,christopher_toh@xp.com.sg,,,,,,,,,,,,,,Gov List,"ACRA, Google Searches",,
,,16/12/2025,GLIDE PRODUCTIONS PTE. LTD.,GLIDE PRODUCTIONS,,TeleSales,,Offline Sources,Adhoc,,200304726G,,,,,,,,,,,,,,,,"B2C, Offline",,,,,,,,,,,,,,,,65 9822 9003,,,,,,,,,,,,,,,Gov List,"ACRA, Google Searches",,
,,16/12/2025,GENCONCEPT PTE. LTD.,GENCONCEPT,,TeleSales,,Offline Sources,Adhoc,,200515282H,,,,,,,,,,,,,,,,"B2C, Offline",,,,,,,,,,,,,,,,65 6841 8411,,,,,65 9818 8794,,,,,,,,,,Gov List,"ACRA, Google Searches",,
,,16/12/2025,AIK CHEONG METAL ENGINEERING PTE. LTD.,AIK CHEONG METAL ENGINEERING,,TeleSales,,Offline Sources,Adhoc,,200709929E,,,,,,,,,,,,,,,,"B2C, Offline",,,,,,,,,,,,,,,,65 6265 9648,aikcheongmetal@singnet.com.sg,,,,,,,,,,,,,,Gov List,"ACRA, Google Searches",,
,,16/12/2025,CAMTEC MARKETING SERVICES PTE. LTD.,CAMTEC MARKETING,,TeleSales,,Offline Sources,Adhoc,,200302687G,,,,,,,,,,,,,,,,"B2C, Offline",,,,,,,,,,,,,,,,65 9046 5727,joanna@camtec.net,,,,,,,,,,,,,,Gov List,"ACRA, Google Searches",,
,,16/12/2025,DISPLAY EZ PTE. LTD.,DISPLAY EZ,,TeleSales,,Offline Sources,Adhoc,,200411520E,,,,,,,,,,,,,,,,"B2C, Offline",,,,,,,,,,,,,,,,65 8571 6750,aisha@display-ez.com,,,,,,,,,,,,,,Gov List,"ACRA, Google Searches",,
,,16/12/2025,CARKIT (FAR EAST) PTE. LTD.,CARKIT FAR EAST,,TeleSales,,Offline Sources,Adhoc,,197902878K,,,,,,,,,,,,,,,,"B2C, Offline",,,,,,,,,,,,,,,,65 6742 3223,carkit@singnet.com.sg,,,,,,,,,,,,,,Gov List,"ACRA, Google Searches",,
,,16/12/2025,PLANET ADS AND DESIGN PTE LTD,PLANET ADS&DESIGN PL,,TeleSales,,Offline Sources,Adhoc,,199601362D,,,,,,,,,,,,,,,,"B2C, Offline",,,,,,,,,,,,,,,,65 8518 8074,,,,,,,,,,,,,,,Gov List,"ACRA, Google Searches",,
,,16/12/2025,SAN TEE AUTO PTE. LTD.,SAN TEE AUTO,,TeleSales,,Offline Sources,Adhoc,,201213591R,,,,,,,,,,,,,,,,"B2C, Offline",,,,,,,,,,,,,,,,65 6755 6210,santeeauto@singnet.com.sg,,,,,,,,,,,,,,Gov List,"ACRA, Google Searches",,
,,16/12/2025,ENLIGHTEN PTE. LTD.,ENLIGHTEN LIGHT,,TeleSales,,Offline Sources,Adhoc,,201913635D,,,,,,,,,,,,,,,,"B2C, Offline",,,,,,,,,,,,,,,,,,,,,,,,,,,,,,,Gov List,"ACRA, Google Searches",,
,,16/12/2025,BEST FRIENDS DOGGY AND KITTY SALON CUM LEARNING CENTRE,BEST FRIENDS DOGGY & KITTY SALON CUM LEARNING CENTRE,,TeleSales,,Offline Sources,Adhoc,,52860668M,,,,,,,,,,,,,,,,"B2C, Offline",,,,,,,,,,,,,,,,65 9298 4948,,,,,,,,,,,,,,,Gov List,"ACRA, Google Searches",,
,,16/12/2025,WELLBE GLOBAL (S) PTE. LTD.,WELLBE S,,TeleSales,,Offline Sources,Adhoc,,201435298E,,,,,,,,,,,,,,,,"B2C, Offline",,,,,,,,,,,,,,,,65 6221 4062,,,,,,,,,,,,,,,Gov List,"ACRA, Google Searches",,
,,16/12/2025,ORCHARD SURGERY CENTER PTE. LTD.,ORCHARD SURGERY CENTER,,TeleSales,,Offline Sources,Adhoc,,200906488R,,,,,,,,,,,,,,,,"B2C, Offline",,,,,,,,,,,,,,,,65 9649 2632,,,,,65 6887 5655,,,,,,,,,,Gov List,"ACRA, Google Searches",,
,,16/12/2025,THE SKIN SPECIALISTS AND LASER CLINIC PTE. LTD.,THE SKIN AND LASER SPECIALISTS,,TeleSales,,Offline Sources,Adhoc,,201534338K,,,,,,,,,,,,,,,,"B2C, Offline",,,,,,,,,,,,,,,,65 8163 8970,,,,,,,,,,,,,,,Gov List,"ACRA, Google Searches",,
,,16/12/2025,RENAL LIFE (W) DIALYSIS CENTRE PTE. LTD.,RENAL LIFE W DIALYSIS CENTRE,,TeleSales,,Offline Sources,Adhoc,,201209191W,,,,,,,,,,,,,,,,"B2C, Offline",,,,,,,,,,,,,,,,65 9764 3730,,,,,65 6288 0686,,,,,,,,,,Gov List,"ACRA, Google Searches",,
,,16/12/2025,VERY NICE PTE. LTD.,VERY NICE ART,,TeleSales,,Offline Sources,Adhoc,,202527703M,,,,,,,,,,,,,,,,"B2C, Offline",,,,,,,,,,,,,,,,65 6684 9618,sherwintan@veryniceart.com,,,,65 8100 0087,,,,,,,,,,Gov List,"ACRA, Google Searches",,
,,16/12/2025,ONEBERRY TECHNOLOGIES PTE. LTD.,ONEBERRY,,TeleSales,,Offline Sources,Adhoc,,200312911N,,,,,,,,,,,,,,,,"B2C, Offline",,,,,,,,,,,,,,,,65 9638 1810,rita@oneberry.com,,,,65 6513 2168,,,,,,,,,,Gov List,"ACRA, Google Searches",,
,,16/12/2025,UNITED MEDICARE (ELIZABETH DR) PTE. LTD.,UNITED MEDICARE ELIZABETH DR,,TeleSales,,Offline Sources,Adhoc,,201131900H,,,,,,,,,,,,,,,,"B2C, Offline",,,,,,,,,,,,,,,,65 6760 1555,shirleen@unitedmedicare.com.sg,,,,65 9782 0115,,,,,,,,,,Gov List,"ACRA, Google Searches",,
,,16/12/2025,THE PEOPLE AT WORK PTE. LTD.,THE PEOPLE AT WORK,,TeleSales,,Offline Sources,Adhoc,,200414707N,,,,,,,,,,,,,,,,"B2C, Offline",,,,,,,,,,,,,,,,65 9047 5526,serene@thepeopleatwork.com,,,,,,,,,,,,,,Gov List,"ACRA, Google Searches",,
,,16/12/2025,GLOBAL RECRUIT & ELEVATION CENTRE PTE. LTD.,RECRUIT & ELEVATION CENTRE,,TeleSales,,Offline Sources,Adhoc,,200709943E,,,,,,,,,,,,,,,,"B2C, Offline",,,,,,,,,,,,,,,,65 8322 9064,,,,,,,,,,,,,,,Gov List,"ACRA, Google Searches",,
,,16/12/2025,SELECTIVE MARINE SERVICES PTE. LTD.,SELECTIVE MARINE,,TeleSales,,Offline Sources,Adhoc,,200703283R,,,,,,,,,,,,,,,,"B2C, Offline",,,,,,,,,,,,,,,,65 6265 6548,agnes.chus@selectivemarine.com,,,,,,,,,,,,,,Gov List,"ACRA, Google Searches",,
,,16/12/2025,CRETE SECURITY SERVICES PTE. LTD.,CRETE SECURITY,,TeleSales,,Offline Sources,Adhoc,,200303145W,,,,,,,,,,,,,,,,"B2C, Offline",,,,,,,,,,,,,,,,65 8399 8221,keon.cheng@apso.com.sg,,,,,,,,,,,,,,Gov List,"ACRA, Google Searches",,
,,16/12/2025,CORROTEC PTE. LTD.,CORROTEC,,TeleSales,,Offline Sources,Adhoc,,200308599E,,,,,,,,,,,,,,,,"B2C, Offline",,,,,,,,,,,,,,,,65 8180 1414,sw@corrotec.com.sg,,,,,,,,,,,,,,Gov List,"ACRA, Google Searches",,
,,16/12/2025,"RECRUIT, PLACE & TRAIN PTE. LTD.",RECRUIT PLACE & TRAIN,,TeleSales,,Offline Sources,Adhoc,,199805625C,,,,,,,,,,,,,,,,"B2C, Offline",,,,,,,,,,,,,,,,65 9634 5143,,,,,,,,,,,,,,,Gov List,"ACRA, Google Searches",,
,,16/12/2025,ISAHAYA ELECTRONICS SALES SINGAPORE PTE. LTD.,ISAHAYA ELECTRONICS SALES S,,TeleSales,,Offline Sources,Adhoc,,200415129K,,,,,,,,,,,,,,,,"B2C, Offline",,,,,,,,,,,,,,,,65 9668 9337,,,,,65 8181 8669,,,,,,,,,,Gov List,"ACRA, Google Searches",,
,,16/12/2025,KUIPER INTERNATIONAL PTE. LTD.,KUIPER,,TeleSales,,Offline Sources,Adhoc,,201001914G,,,,,,,,,,,,,,,,"B2C, Offline",,,,,,,,,,,,,,,,65 9452 6263,admin@kuiperinternational.sg,,,,,,,,,,,,,,Gov List,"ACRA, Google Searches",,
,,16/12/2025,ANN HUAT & CO PTE. LTD.,ANN HUAT,,TeleSales,,Offline Sources,Adhoc,,202037407M,,,,,,,,,,,,,,,,"B2C, Offline",,,,,,,,,,,,,,,,65 9199 1471,andy_tsk@hotmail.com,,,,,,,,,,,,,,Gov List,"ACRA, Google Searches",,
,,16/12/2025,TORINO AMK PTE. LTD.,TORINO AMK,,TeleSales,,Offline Sources,Adhoc,,200307236R,,,,,,,,,,,,,,,,"B2C, Offline",,,,,,,,,,,,,,,,65 9678 9006,torinoamk@gmail.com,,,,,,,,,,,,,,Gov List,"ACRA, Google Searches",,
,,16/12/2025,BOWSTERN & HAUL PTE. LTD.,BOWSTERN & HAUL,,TeleSales,,Offline Sources,Adhoc,,200712311C,,,,,,,,,,,,,,,,"B2C, Offline",,,,,,,,,,,,,,,,65 6741 2707,saudah@bowsternandhaul.com,,,,,,,,,,,,,,Gov List,"ACRA, Google Searches",,
,,16/12/2025,ABN IMPACT PTE. LTD.,ABN IMPACT,,TeleSales,,Offline Sources,Adhoc,,201324090K,,,,,,,,,,,,,,,,"B2C, Offline",,,,,,,,,,,,,,,,65 9747 8458,,,,,,,,,,,,,,,Gov List,"ACRA, Google Searches",,
,,16/12/2025,SUPERSPEED LOGISTICS PTE. LTD.,SUPERSPEED LOGISTICS,,TeleSales,,Offline Sources,Adhoc,,200409059C,,,,,,,,,,,,,,,,"B2C, Offline",,,,,,,,,,,,,,,,65 6545 1044,lawrence@superspeed.sg,,,,,,,,,,,,,,Gov List,"ACRA, Google Searches",,
,,16/12/2025,COMPANION MANPOWER AGENCY PTE. LTD.,COMPANION MANPOWER AGENCY,,TeleSales,,Offline Sources,Adhoc,,200619224D,,,,,,,,,,,,,,,,"B2C, Offline",,,,,,,,,,,,,,,,65 8139 7880,javierchua@asknlearn.com,,,,,,,,,,,,,,Gov List,"ACRA, Google Searches",,
,,16/12/2025,HONG MANAGEMENT PTE. LTD.,HONG MANAGEMENT,,TeleSales,,Offline Sources,Adhoc,,201005575C,,,,,,,,,,,,,,,,"B2C, Offline",,,,,,,,,,,,,,,,65 6296 0077,allinone@outlook.sg,,,,65 9666 5855,,,,,,,,,,Gov List,"ACRA, Google Searches",,
,,16/12/2025,DRA ASIA MARKETING PTE. LTD.,DRA ASIA MARKETING,,TeleSales,,Offline Sources,Adhoc,,200104007D,,,,,,,,,,,,,,,,"B2C, Offline",,,,,,,,,,,,,,,,65 9619 2055,kagitani@dra.com.sg,,,,,,,,,,,,,,Gov List,"ACRA, Google Searches",,
,,16/12/2025,LECO AUTOMOBILE PTE. LTD.,LECO AUTOMOBILE,,TeleSales,,Offline Sources,Adhoc,,200502529E,,,,,,,,,,,,,,,,"B2C, Offline",,,,,,,,,,,,,,,,65 9671 0210,cobin@leco.com.sg,,,,65 9784 6364,,,,,,,,,,Gov List,"ACRA, Google Searches",,
,,16/12/2025,HPG ACADEMY PTE. LTD.,HPG ACADEMY,,TeleSales,,Offline Sources,Adhoc,,200713495W,,,,,,,,,,,,,,,,"B2C, Offline",,,,,,,,,,,,,,,,65 6348 8412,cherylhengpg@gmail.com,,,,65 9791 4941,,,,,,,,,,Gov List,"ACRA, Google Searches",,
,,16/12/2025,BALLY PHOTO ELECTRONICS PTE. LTD.,BALLY PHOTO ELECTRONICS,,TeleSales,,Offline Sources,Adhoc,,200401233H,,,,,,,,,,,,,,,,"B2C, Offline",,,,,,,,,,,,,,,,65 9846 4152,,,,,65 8228 1319,,,,,,,,,,Gov List,"ACRA, Google Searches",,
,,16/12/2025,NAYAK FREIGHT (SINGAPORE) PTE. LTD.,NAYAK FREIGHT,,TeleSales,,Offline Sources,Adhoc,,200506518G,,,,,,,,,,,,,,,,"B2C, Offline",,,,,,,,,,,,,,,,65 8356 0215,sales-sin@nayakfreight.com,,,,65 6543 4057,,,,,65 5434 0910,,,,,Gov List,"ACRA, Google Searches",,
,,16/12/2025,CHIA HOCK TRADING CO. PTE. LTD.,CHIA HOCK,,TeleSales,,Offline Sources,Adhoc,,199902033Z,,,,,,,,,,,,,,,,"B2C, Offline",,,,,,,,,,,,,,,,65 9487 6187,vincentchua@infomedia.com.sg,,,,,,,,,,,,,,Gov List,"ACRA, Google Searches",,
,,16/12/2025,LEATHER ETC. PTE. LTD.,LEATHER ETC,,TeleSales,,Offline Sources,Adhoc,,200201724M,,,,,,,,,,,,,,,,"B2C, Offline",,,,,,,,,,,,,,,,65 9188 6886,tony@leatheretc.com.sg,,,,,,,,,,,,,,Gov List,"ACRA, Google Searches",,
,,16/12/2025,K-MARINE ENGINEERING PTE. LTD.,SS MARINE ENGINEERING,,TeleSales,,Offline Sources,Adhoc,,201703754G,,,,,,,,,,,,,,,,"B2C, Offline",,,,,,,,,,,,,,,,,,,,,,,,,,,,,,,Gov List,"ACRA, Google Searches",,
,,16/12/2025,MKP PTE. LTD.,MKP,,TeleSales,,Offline Sources,Adhoc,,200817715H,,,,,,,,,,,,,,,,"B2C, Offline",,,,,,,,,,,,,,,,65 6462 6170,mkpbikes@mkp.com.sg,,,,,,,,,,,,,,Gov List,"ACRA, Google Searches",,
,,16/12/2025,CIVIC INTERNATIONAL PTE. LTD.,CIVIC,,TeleSales,,Offline Sources,Adhoc,,197702583W,,,,,,,,,,,,,,,,"B2C, Offline",,,,,,,,,,,,,,,,65 6861 7633,,,,,,,,,,,,,,,Gov List,"ACRA, Google Searches",,
,,16/12/2025,AMERICAN EQUIPMENT SERVICES PTE. LTD.,AMERICAN EQUIPMENT,,TeleSales,,Offline Sources,Adhoc,,197701787N,,,,,,,,,,,,,,,,"B2C, Offline",,,,,,,,,,,,,,,,65 6862 2411,amereq@singnet.com.sg,,,,,,,,,,,,,,Gov List,"ACRA, Google Searches",,
,,16/12/2025,LIXIN ENGINEERING PTE. LTD.,LIXIN ENGINEERING,,TeleSales,,Offline Sources,Adhoc,,200207000Z,,,,,,,,,,,,,,,,"B2C, Offline",,,,,,,,,,,,,,,,65 9187 5759,,,,,65 9182 3519,,,,,,,,,,Gov List,"ACRA, Google Searches",,
,,16/12/2025,QUALITY GROUP PTE. LTD.,QUALITY,,TeleSales,,Offline Sources,Adhoc,,201118949R,,,,,,,,,,,,,,,,"B2C, Offline",,,,,,,,,,,,,,,,65 9388 1713,arun.yesudhas@qualitygroup.no,,,,,,,,,,,,,,Gov List,"ACRA, Google Searches",,
,,16/12/2025,CONSILIUM B PTE. LTD.,CONSILIUM MARINE,,TeleSales,,Offline Sources,Adhoc,,201726875D,,,,,,,,,,,,,,,,"B2C, Offline",,,,,,,,,,,,,,,,65 9617 7469,,,,,,,,,,,,,,,Gov List,"ACRA, Google Searches",,
,,16/12/2025,HI - TECH MARINE PTE. LTD.,HI- MARINE,,TeleSales,,Offline Sources,Adhoc,,200602558R,,,,,,,,,,,,,,,,"B2C, Offline",,,,,,,,,,,,,,,,65 6861 3774,info.sg@hi-techmarine.com,,,,65 8186 7327,,,,,,,,,,Gov List,"ACRA, Google Searches",,
,,16/12/2025,M.K.F. ENGINEERING SERVICES PTE. LTD.,MKF ENGINEERING,,TeleSales,,Offline Sources,Adhoc,,201000243R,,,,,,,,,,,,,,,,"B2C, Offline",,,,,,,,,,,,,,,,65 9452 8462,,,,,65 8189 5482,,,,,,,,,,Gov List,"ACRA, Google Searches",,
,,16/12/2025,UNITED GLOBAL FORCE PTE. LTD.,UNITED FORCE,,TeleSales,,Offline Sources,Adhoc,,200804605N,,,,,,,,,,,,,,,,"B2C, Offline",,,,,,,,,,,,,,,,65 8344 7410,babu@unitedglobalforce.com.sg,,,,,,,,,,,,,,Gov List,"ACRA, Google Searches",,
,,16/12/2025,CHOON TIAN PTE. LTD.,CHOON TIAN,,TeleSales,,Offline Sources,Adhoc,,201317791N,,,,,,,,,,,,,,,,"B2C, Offline",,,,,,,,,,,,,,,,65 9620 6358,,,,,,,,,,,,,,,Gov List,"ACRA, Google Searches",,
,,16/12/2025,L+ AUTOMATION AND ELECTRICAL ENGINEERING,TECHNOLOGIC ELECTRICAL AUTOMATION AND ENGINEERING,,TeleSales,,Offline Sources,Adhoc,,53186145K,,,,,,,,,,,,,,,,"B2C, Offline",,,,,,,,,,,,,,,,65 6786 4900,technologies@singnet.com.sg,,,,,,,,,,,,,,Gov List,"ACRA, Google Searches",,
,,16/12/2025,VIDEO HOUZE PTE. LTD.,VIDEO HOUZE,,TeleSales,,Offline Sources,Adhoc,,200910916W,,,,,,,,,,,,,,,,"B2C, Offline",,,,,,,,,,,,,,,,65 9680 0735,sue@videohouze.com,,,,65 6255 7482,,,,,,,,,,Gov List,"ACRA, Google Searches",,
,,16/12/2025,RIOT CREATIVE PTE. LTD.,RIOT CREATIVE,,TeleSales,,Offline Sources,Adhoc,,201324989G,,,,,,,,,,,,,,,,"B2C, Offline",,,,,,,,,,,,,,,,65 9012 7043,yangcai@me.com,,,,,,,,,,,,,,Gov List,"ACRA, Google Searches",,
,,16/12/2025,MEDIAVATION PTE. LTD.,MEDIAVATION,,TeleSales,,Offline Sources,Adhoc,,201801312G,,,,,,,,,,,,,,,,"B2C, Offline",,,,,,,,,,,,,,,,65 9119 5388,poul@mediavation.tv,,,,,,,,,,,,,,Gov List,"ACRA, Google Searches",,
,,16/12/2025,TMO MANUFACTURING PTE. LTD.,TMO MANUFACTURING,,TeleSales,,Offline Sources,Adhoc,,199207095N,,,,,,,,,,,,,,,,"B2C, Offline",,,,,,,,,,,,,,,,65 9018 5073,,,,,65 6564 4880,,,,,,,,,,Gov List,"ACRA, Google Searches",,
,,16/12/2025,RELIANCE PRODUCTS PTE. LTD.,RELIANCE PRODUCTS,,TeleSales,,Offline Sources,Adhoc,,200400369K,,,,,,,,,,,,,,,,"B2C, Offline",,,,,,,,,,,,,,,,65 9187 7445,hlahla@reliancegroup.com.sg,,,,65 6862 2558,,,,,,,,,,Gov List,"ACRA, Google Searches",,
,,16/12/2025,IRON-MAN FABRICATION PTE. LTD.,IRON-MAN FABRICATION,,TeleSales,,Offline Sources,Adhoc,,199302127D,,,,,,,,,,,,,,,,"B2C, Offline",,,,,,,,,,,,,,,,65 9450 2134,sales@ironman.com.sg,,,,,,,,,,,,,,Gov List,"ACRA, Google Searches",,
,,16/12/2025,AERODYNAMIC METALS PTE. LTD.,AERODYNAMIC METALS,,TeleSales,,Offline Sources,Adhoc,,200912357E,,,,,,,,,,,,,,,,"B2C, Offline",,,,,,,,,,,,,,,,65 6558 8911,jimmy@aerodynamicmetals.com,,,,,,,,,,,,,,Gov List,"ACRA, Google Searches",,
,,16/12/2025,SIN YEH METAL PTE. LTD.,SIN YEH METAL,,TeleSales,,Offline Sources,Adhoc,,198600978G,,,,,,,,,,,,,,,,"B2C, Offline",,,,,,,,,,,,,,,,65 9663 1217,,,,,,,,,,,,,,,Gov List,"ACRA, Google Searches",,
,,16/12/2025,EXCEL ENGINEERING & SERVICES PTE. LTD.,EXCEL ENGINEERING,,TeleSales,,Offline Sources,Adhoc,,200616071R,,,,,,,,,,,,,,,,"B2C, Offline",,,,,,,,,,,,,,,,65 6289 1098,thomasj067@singnet.com.sg,,,,,,,,,,,,,,Gov List,"ACRA, Google Searches",,
,,16/12/2025,BBN INDUSTRIES (S) PTE. LTD.,BBN INDUSTRIES S,,TeleSales,,Offline Sources,Adhoc,,200300189D,,,,,,,,,,,,,,,,"B2C, Offline",,,,,,,,,,,,,,,,65 9435 9546,bbnind@singnet.com.sg,,,,,,,,,,,,,,Gov List,"ACRA, Google Searches",,
,,16/12/2025,K PRECISION ENGINEERING PTE. LTD.,TEAM PRECISION ENGINEERING,,TeleSales,,Offline Sources,Adhoc,,201330564C,,,,,,,,,,,,,,,,"B2C, Offline",,,,,,,,,,,,,,,,65 9478 9503,shaorong@teamprecisionmetal.com,,,,,,,,,,,,,,Gov List,"ACRA, Google Searches",,
,,16/12/2025,LIAN SIONG ALUMINIUM & TRADING PTE. LTD.,LIAN SIONG ALUMINIUM,,TeleSales,,Offline Sources,Adhoc,,200609268Z,,,,,,,,,,,,,,,,"B2C, Offline",,,,,,,,,,,,,,,,65 6861 5681,skleng88@gmail.com,,,,,,,,,,,,,,Gov List,"ACRA, Google Searches",,
,,16/12/2025,VISION ONE PTE. LTD.,VISION ONE,,TeleSales,,Offline Sources,Adhoc,,201007671E,,,,,,,,,,,,,,,,"B2C, Offline",,,,,,,,,,,,,,,,65 9800 4423,mf.lau@vision-one.com.sg,,,,65 6264 8334,,,,,,,,,,Gov List,"ACRA, Google Searches",,
,,16/12/2025,LIAN HOCK HARDWARE INDUSTRIES PTE LTD,SOON HOCK HARDWARE INDUSTRIES,,TeleSales,,Offline Sources,Adhoc,,199905860K,,,,,,,,,,,,,,,,"B2C, Offline",,,,,,,,,,,,,,,,65 6286 2911,shhipl@singnet.com.sg,,,,,,,,,,,,,,Gov List,"ACRA, Google Searches",,
,,16/12/2025,BENG SIANG MACHINERY PTE. LTD.,BENG SIANG MACHINERY,,TeleSales,,Offline Sources,Adhoc,,200305050N,,,,,,,,,,,,,,,,"B2C, Offline",,,,,,,,,,,,,,,,65 9871 9345,enquiry@bsforklift.com.sg,,,,,,,,,,,,,,Gov List,"ACRA, Google Searches",,
,,16/12/2025,SHINNER ELECTRIC (S) PTE. LTD.,SHINNER ELECTRIC S,,TeleSales,,Offline Sources,Adhoc,,200800093N,,,,,,,,,,,,,,,,"B2C, Offline",,,,,,,,,,,,,,,,65 9880 7571,shinner@singnet.com.sg,,,,,,,,,,,,,,Gov List,"ACRA, Google Searches",,
,,16/12/2025,MAGUIRE PRODUCTS ASIA PTE. LTD.,MAGUIRE PRODUCTS ASIA,,TeleSales,,Offline Sources,Adhoc,,200312788K,,,,,,,,,,,,,,,,"B2C, Offline",,,,,,,,,,,,,,,,65 6848 7117,,,,,,,,,,,,,,,Gov List,"ACRA, Google Searches",,
,,16/12/2025,TOOL-TEMP ASIA PTE. LTD.,TOOL-TEMP ASIA,,TeleSales,,Offline Sources,Adhoc,,200311068G,,,,,,,,,,,,,,,,"B2C, Offline",,,,,,,,,,,,,,,,65 6848 7117,,,,,,,,,,,,,,,Gov List,"ACRA, Google Searches",,
,,16/12/2025,21 MAX NEW SOLUTION PTE. LTD.,21 MAX NEW,,TeleSales,,Offline Sources,Adhoc,,200813514D,,,,,,,,,,,,,,,,"B2C, Offline",,,,,,,,,,,,,,,,65 6755 5657,maxnew@pacific.net.sg,,,,,,,,,,,,,,Gov List,"ACRA, Google Searches",,
,,16/12/2025,LBM ENTERPRISE PTE. LTD.,LBM,,TeleSales,,Offline Sources,Adhoc,,201113042G,,,,,,,,,,,,,,,,"B2C, Offline",,,,,,,,,,,,,,,,65 9689 5766,ibm@pacific.net.sg,,,,,,,,,,,,,,Gov List,"ACRA, Google Searches",,
,,16/12/2025,"KUNIMORI ENGINEERING WORKS CO., LTD. SINGAPORE BRANCH",KUNIMORI ENGINEERING WORKS,,TeleSales,,Offline Sources,Adhoc,,T10FC0107K,,,,,,,,,,,,,,,,"B2C, Offline",,,,,,,,,,,,,,,,65 9658 9164,,,,,65 6226 0321,,,,,,,,,,Gov List,"ACRA, Google Searches",,
,,16/12/2025,CM GLOBAL TECHNOLOGIES PTE. LTD.,CM,,TeleSales,,Offline Sources,Adhoc,,200503649C,,,,,,,,,,,,,,,,"B2C, Offline",,,,,,,,,,,,,,,,65 9711 2219,derek.tan@cmglobal.com.sg,,,,,,,,,,,,,,Gov List,"ACRA, Google Searches",,
,,16/12/2025,AIMS PRODUCTIONS (SG) PTE. LTD.,AIMS PRODUCTIONS,,TeleSales,,Offline Sources,Adhoc,,201406035H,,,,,,,,,,,,,,,,"B2C, Offline",,,,,,,,,,,,,,,,65 9799 7490,ray@aims-marketing.com,,,,65 6646 5243,,,,,,,,,,Gov List,"ACRA, Google Searches",,
,,16/12/2025,TAKARA BELMONT SINGAPORE PTE. LTD.,TAKARA BELMONT,,TeleSales,,Offline Sources,Adhoc,,201412388C,,,,,,,,,,,,,,,,"B2C, Offline",,,,,,,,,,,,,,,,65 6316 1110,nori@takarabelmont.sg,,,,,,,,,,,,,,Gov List,"ACRA, Google Searches",,
,,16/12/2025,COMMERCIAL.SG,JK COMMERCIAL,,TeleSales,,Offline Sources,Adhoc,,53494555D,,,,,,,,,,,,,,,,"B2C, Offline",,,,,,,,,,,,,,,,65 9172 2323,jklow@singnet.com.sg,,,,,,,,,,,,,,Gov List,"ACRA, Google Searches",,
,,16/12/2025,SYMBIAN MOBILE PTE. LTD.,SYMBIAN MOBILE,,TeleSales,,Offline Sources,Adhoc,,200801203E,,,,,,,,,,,,,,,,"B2C, Offline",,,,,,,,,,,,,,,,65 9452 2911,symbian_mobile@hotmail.com,,,,65 6346 6088,,,,,,,,,,Gov List,"ACRA, Google Searches",,
,,16/12/2025,ITW CONSTRUCTION PRODUCTS (SINGAPORE) PTE. LTD.,ITW CONSTRUCTION PRODUCTS,,TeleSales,,Offline Sources,Adhoc,,197302253C,,,,,,,,,,,,,,,,"B2C, Offline",,,,,,,,,,,,,,,,65 9023 8899,kcchua@itwcpsea.com,,,,65 6746 1177,,,,,,,,,,Gov List,"ACRA, Google Searches",,
,,16/12/2025,ECO GREEN LVD (S) PTE. LTD.,ECO GREEN LVD S,,TeleSales,,Offline Sources,Adhoc,,201117549C,,,,,,,,,,,,,,,,"B2C, Offline",,,,,,,,,,,,,,,,65 9070 9966,,,,,65 9795 6361,,,,,,,,,,Gov List,"ACRA, Google Searches",,
,,16/12/2025,TOKYO SANGYO SINGAPORE PTE. LTD.,TOKYO SANGYO,,TeleSales,,Offline Sources,Adhoc,,197700840E,,,,,,,,,,,,,,,,"B2C, Offline",,,,,,,,,,,,,,,,65 9007 0207,tokyosangyosin@singnet.com.sg,,,,,,,,,,,,,,Gov List,"ACRA, Google Searches",,
,,16/12/2025,KIAN CHUE HWA (INDUSTRIES) PTE. LTD.,KIAN CHUE HWA INDUSTRIES,,TeleSales,,Offline Sources,Adhoc,,200702148H,,,,,,,,,,,,,,,,"B2C, Offline",,,,,,,,,,,,,,,,65 9878 7987,gary.tim@keh-ind.com.sg,,,,,,,,,,,,,,Gov List,"ACRA, Google Searches",,
,,16/12/2025,NOVUS TECHNOLOGIES PTE. LTD.,NOVUS,,TeleSales,,Offline Sources,Adhoc,,201303876N,,,,,,,,,,,,,,,,"B2C, Offline",,,,,,,,,,,,,,,,65 9660 3656,ricardos.khoury@novususch.com.sg,,,,,,,,,,,,,,Gov List,"ACRA, Google Searches",,
,,16/12/2025,HEWLETT-PACKARD SINGAPORE (SALES) PTE. LTD.,HEWLETT-PACKARD SALES,,TeleSales,,Offline Sources,Adhoc,,198204256H,,,,,,,,,,,,,,,,"B2C, Offline",,,,,,,,,,,,,,,,65 6337 3461,anand.natarajan@hp.com,,,,,,,,,,,,,,Gov List,"ACRA, Google Searches",,
,,16/12/2025,MPH CRANES (FAR - EAST) PTE. LTD.,MPH CRANES FAREAST,,TeleSales,,Offline Sources,Adhoc,,200509231C,,,,,,,,,,,,,,,,"B2C, Offline",,,,,,,,,,,,,,,,65 6747 7276,,,,,,,,,,,,,,,Gov List,"ACRA, Google Searches",,
,,16/12/2025,ALCO ENGINEERING & TRADING PTE. LTD.,ALCO ENGINEERING,,TeleSales,,Offline Sources,Adhoc,,200205482H,,,,,,,,,,,,,,,,"B2C, Offline",,,,,,,,,,,,,,,,65 6863 4598,alcoetpl@singnet.com.sg,,,,,,,,,,,,,,Gov List,"ACRA, Google Searches",,
,,16/12/2025,TRIANGLE PRECISION INDUSTRY PTE. LTD.,TRIANGLE PRECISION INDUSTRY,,TeleSales,,Offline Sources,Adhoc,,198105012W,,,,,,,,,,,,,,,,"B2C, Offline",,,,,,,,,,,,,,,,65 6542 3711,accounts@triangle.com.sg,,,,,,,,,,,,,,Gov List,"ACRA, Google Searches",,
,,16/12/2025,STAR ARRAY PTE. LTD.,STAR ARRAY,,TeleSales,,Offline Sources,Adhoc,,200819478G,,,,,,,,,,,,,,,,"B2C, Offline",,,,,,,,,,,,,,,,65 9146 7372,,,,,,,,,,,,,,,Gov List,"ACRA, Google Searches",,
,,16/12/2025,CUBIT PTE. LTD.,CUBIT,,TeleSales,,Offline Sources,Adhoc,,200514993W,,,,,,,,,,,,,,,,"B2C, Offline",,,,,,,,,,,,,,,,65 9176 2064,selina@cubit.com.sg,,,,65 9012 5026,,,,,65 5552 3950,,,,,Gov List,"ACRA, Google Searches",,
,,16/12/2025,TUCK YUEN M&E PTE. LTD.,TUCK YUEN M&E,,TeleSales,,Offline Sources,Adhoc,,201500240C,,,,,,,,,,,,,,,,"B2C, Offline",,,,,,,,,,,,,,,,65 9747 2389,,,,,,,,,,,,,,,Gov List,"ACRA, Google Searches",,
,,16/12/2025,ATTAS FAR EAST PTE. LTD.,ATTAS FAR EAST,,TeleSales,,Offline Sources,Adhoc,,199601961Z,,,,,,,,,,,,,,,,"B2C, Offline",,,,,,,,,,,,,,,,65 9720 0172,,,,,65 9814 0908,,,,,,,,,,Gov List,"ACRA, Google Searches",,
,,16/12/2025,LOR ENGINEERING OILFIELD SERVICES PTE. LTD.,LOR ENGINEERING OILFIELD,,TeleSales,,Offline Sources,Adhoc,,200707965Z,,,,,,,,,,,,,,,,"B2C, Offline",,,,,,,,,,,,,,,,65 9876 4849,hafiz@lorengrg.com.sg,,,,65 6542 4578,,,,,,,,,,Gov List,"ACRA, Google Searches",,
,,16/12/2025,VALUTEMP PTE. LTD.,VALUTEMP,,TeleSales,,Offline Sources,Adhoc,,200602808R,,,,,,,,,,,,,,,,"B2C, Offline",,,,,,,,,,,,,,,,65 9835 0912,george@valutemp.com.sg,,,,65 6425 1635,,,,,,,,,,Gov List,"ACRA, Google Searches",,
,,16/12/2025,PERFECT CREATION PTE. LTD.,PERFECT CREATION PL,,TeleSales,,Offline Sources,Adhoc,,200411975C,,,,,,,,,,,,,,,,"B2C, Offline",,,,,,,,,,,,,,,,65 9816 2271,pcsale@perfectcreation.com.sg,,,,65 6570 1729,,,,,,,,,,Gov List,"ACRA, Google Searches",,
,,16/12/2025,EVERLINK INVESTMENT AND REALTY PTE LTD,EVERLINK INVESTMENT & REALTY,,TeleSales,,Offline Sources,Adhoc,,198300334N,,,,,,,,,,,,,,,,"B2C, Offline",,,,,,,,,,,,,,,,65 9781 8813,,,,,65 6534 0518,,,,,,,,,,Gov List,"ACRA, Google Searches",,
,,16/12/2025,UNIQUE PRECISION PTE. LTD.,UNIQUE PRECISION,,TeleSales,,Offline Sources,Adhoc,,201005990K,,,,,,,,,,,,,,,,"B2C, Offline",,,,,,,,,,,,,,,,65 6899 8832,admin@uppl.com.sg,,,,65 6749 0131,,,,,,,,,,Gov List,"ACRA, Google Searches",,
,,16/12/2025,ENERCOV (S) PTE. LTD.,ENERCOV S,,TeleSales,,Offline Sources,Adhoc,,199002990C,,,,,,,,,,,,,,,,"B2C, Offline",,,,,,,,,,,,,,,,65 9272 2086,johnson.ong@enercov.com.sg,,,,,,,,,,,,,,Gov List,"ACRA, Google Searches",,
,,16/12/2025,FOCUS DE LIGHTINGS PTE. LTD.,FOCUS DE LIGHTINGS,,TeleSales,,Offline Sources,Adhoc,,201600149H,,,,,,,,,,,,,,,,"B2C, Offline",,,,,,,,,,,,,,,,65 9682 6775,ronnie@focusdelightings.com.sg,,,,,,,,,,,,,,Gov List,"ACRA, Google Searches",,
,,16/12/2025,SERVICEWORKS PTE. LTD.,SERVICEWORKS,,TeleSales,,Offline Sources,Adhoc,,199707306M,,,,,,,,,,,,,,,,"B2C, Offline",,,,,,,,,,,,,,,,65 6284 4680,stephanielee@servicesworks.com.sg,,,,,,,,,,,,,,Gov List,"ACRA, Google Searches",,
,,16/12/2025,REVIVAL MEDICAL (SINGAPORE) PTE. LTD.,REVIVAL MEDICAL,,TeleSales,,Offline Sources,Adhoc,,201315048M,,,,,,,,,,,,,,,,"B2C, Offline",,,,,,,,,,,,,,,,65 9145 7909,,,,,65 6337 2707,,,,,,,,,,Gov List,"ACRA, Google Searches",,
,,16/12/2025,FLAME COMMUNICATIONS PTE. LTD.,FLAME COMMUNICATIONS,,TeleSales,,Offline Sources,Adhoc,,200507717C,,,,,,,,,,,,,,,,"B2C, Offline",,,,,,,,,,,,,,,,65 9768 8186,,,,,,,,,,,,,,,Gov List,"ACRA, Google Searches",,
,,16/12/2025,WAH CHAN CONSOLIDATED PTE. LTD.,WAH CHAN CONSOLIDATED,,TeleSales,,Offline Sources,Adhoc,,200006608K,,,,,,,,,,,,,,,,"B2C, Offline",,,,,,,,,,,,,,,,65 8201 1820,,,,,,,,,,,,,,,Gov List,"ACRA, Google Searches",,
,,16/12/2025,BMI TAX SERVICES PTE. LTD.,BMI TAX,,TeleSales,,Offline Sources,Adhoc,,200922556C,,,,,,,,,,,,,,,,"B2C, Offline",,,,,,,,,,,,,,,,65 6535 9595,,,,,,,,,,,,,,,Gov List,"ACRA, Google Searches",,
,,16/12/2025,OCEAN CONSULTANT & EMPLOYMENT PTE. LTD.,OCEAN CONSULTANT & EMPLOYMENT,,TeleSales,,Offline Sources,Adhoc,,201231429D,,,,,,,,,,,,,,,,"B2C, Offline",,,,,,,,,,,,,,,,65 8654 3053,,,,,,,,,,,,,,,Gov List,"ACRA, Google Searches",,
,,16/12/2025,ICONNECT SOLUTIONS PTE. LTD.,ICONNECT,,TeleSales,,Offline Sources,Adhoc,,200511464H,,,,,,,,,,,,,,,,"B2C, Offline",,,,,,,,,,,,,,,,65 6260 2466,lynn@iconnect-asia.com,,,,,,,,,,,,,,Gov List,"ACRA, Google Searches",,
,,16/12/2025,NGEE ANN POLYTECHNIC GLOBAL PTE. LTD.,NGEE ANN POLYTECHNIC,,TeleSales,,Offline Sources,Adhoc,,200613145G,,,,,,,,,,,,,,,,"B2C, Offline",,,,,,,,,,,,,,,,65 6468 0060,,,,,,,,,,,,,,,Gov List,"ACRA, Google Searches",,
,,16/12/2025,NRG ENGINEERING PTE. LTD.,NRG ENGINEERING,,TeleSales,,Offline Sources,Adhoc,,200515179W,,,,,,,,,,,,,,,,"B2C, Offline",,,,,,,,,,,,,,,,65 9665 6407,finance@nrgengineering.com,,,,65 6304 5312,,,,,,,,,,Gov List,"ACRA, Google Searches",,
,,16/12/2025,XN PROTEL SYSTEMS (ASIA) PTE. LTD.,XN PROTEL ASIA,,TeleSales,,Offline Sources,Adhoc,,200700603D,,,,,,,,,,,,,,,,"B2C, Offline",,,,,,,,,,,,,,,,65 9732 4397,,,,,,,,,,,,,,,Gov List,"ACRA, Google Searches",,
,,16/12/2025,CLS INTERNATIONAL (1993) PTE. LTD.,CLS 1993,,TeleSales,,Offline Sources,Adhoc,,200400265M,,,,,,,,,,,,,,,,"B2C, Offline",,,,,,,,,,,,,,,,65 8511 9985,eunice@clsintl.com,,,,,,,,,,,,,,Gov List,"ACRA, Google Searches",,
,,16/12/2025,S & S MANAGEMENT SERVICES PTE. LTD.,GL MANAGEMENT,,TeleSales,,Offline Sources,Adhoc,,201906723N,,,,,,,,,,,,,,,,"B2C, Offline",,,,,,,,,,,,,,,,65 9026 5640,,,,,65 6223 0081,,,,,,,,,,Gov List,"ACRA, Google Searches",,
,,16/12/2025,DEVOTE MANAGEMENT PTE. LTD.,DEVOTE MANAGEMENT,,TeleSales,,Offline Sources,Adhoc,,201324914D,,,,,,,,,,,,,,,,"B2C, Offline",,,,,,,,,,,,,,,,65 9723 8057,,,,,65 6336 0726,,,,,,,,,,Gov List,"ACRA, Google Searches",,
,,16/12/2025,CAPELLE CONSULTING PTE. LTD.,CAPELLE CONSULTING,,TeleSales,,Offline Sources,Adhoc,,199401442E,,,,,,,,,,,,,,,,"B2C, Offline",,,,,,,,,,,,,,,,65 8322 0379,,,,,65 6325 4982,,,,,,,,,,Gov List,"ACRA, Google Searches",,
,,16/12/2025,MUSTARD SEED CONSULTING GROUP PTE. LTD.,MUSTARD SEED,,TeleSales,,Offline Sources,Adhoc,,202333706K,,,,,,,,,,,,,,,,"B2C, Offline",,,,,,,,,,,,,,,,65 9855 4167,tarry@mustardseedgroup.com.sg,,,,,,,,,,,,,,Gov List,"ACRA, Google Searches",,
,,16/12/2025,JAS WORLDWIDE ASIA PTE. LTD.,JAS WORLDWIDE ASIA,,TeleSales,,Offline Sources,Adhoc,,200304671C,,,,,,,,,,,,,,,,"B2C, Offline",,,,,,,,,,,,,,,,65 9789 8376,teohchong.tan@jas.com,,,,,,,,,,,,,,Gov List,"ACRA, Google Searches",,
,,16/12/2025,BDP (ASIA PACIFIC) PTE. LTD.,BDP ASIA PACIFIC,,TeleSales,,Offline Sources,Adhoc,,199803934N,,,,,,,,,,,,,,,,"B2C, Offline",,,,,,,,,,,,,,,,65 9635 9534,kelvin.lee@bdpint.com,,,,,,,,,,,,,,Gov List,"ACRA, Google Searches",,
,,16/12/2025,NUCLEUS HOLDINGS ASIA PACIFIC PTE. LTD.,NUCLEUS ASIA PACIFIC,,TeleSales,,Offline Sources,Adhoc,,199801355K,,,,,,,,,,,,,,,,"B2C, Offline",,,,,,,,,,,,,,,,65 9722 0058,george.coladilla@nucleuscentral.xom,,,,,,,,,,,,,,Gov List,"ACRA, Google Searches",,
,,16/12/2025,DLD INTERNATIONAL PTE. LTD.,DLD,,TeleSales,,Offline Sources,Adhoc,,201305893Z,,,,,,,,,,,,,,,,"B2C, Offline",,,,,,,,,,,,,,,,65 8168 9057,david@freshpressed.sg,,,,,,,,,,,,,,Gov List,"ACRA, Google Searches",,
,,16/12/2025,THE NUANCE GROUP (SINGAPORE) PTE. LTD.,THE NUANCE,,TeleSales,,Offline Sources,Adhoc,,200002780N,,,,,,,,,,,,,,,,"B2C, Offline",,,,,,,,,,,,,,,,65 9384 0094,chris.yap@dufry.com,,,,65 8313 9449,,,,,,,,,,Gov List,"ACRA, Google Searches",,
,,16/12/2025,ANGLERS' HUT PTE. LTD.,ANGLERS HUT,,TeleSales,,Offline Sources,Adhoc,,200206793M,,,,,,,,,,,,,,,,"B2C, Offline",,,,,,,,,,,,,,,,65 9730 0492,anglershut@singnet.com.sg,,,,,,,,,,,,,,Gov List,"ACRA, Google Searches",,
,,16/12/2025,RED ARMY WATCHES PTE. LTD.,RED ARMY WATCHES,,TeleSales,,Offline Sources,Adhoc,,200411739E,,,,,,,,,,,,,,,,"B2C, Offline",,,,,,,,,,,,,,,,65 6732 6043,,,,,,,,,,,,,,,Gov List,"ACRA, Google Searches",,
,,16/12/2025,LOVISA GLOBAL PTE. LTD.,LOVISA,,TeleSales,,Offline Sources,Adhoc,,201323042M,,,,,,,,,,,,,,,,"B2C, Offline",,,,,,,,,,,,,,,,65 9170 4978,simonee@lovisa.com.au,,,,,,,,,,,,,,Gov List,"ACRA, Google Searches",,
,,16/12/2025,WATCHES OF SWITZERLAND PTE. LTD.,WATCHES OF SWITZERLAND,,TeleSales,,Offline Sources,Adhoc,,196400059D,,,,,,,,,,,,,,,,"B2C, Offline",,,,,,,,,,,,,,,,65 9030 2840,jason.tan@thehourglass.com,,,,,,,,,,,,,,Gov List,"ACRA, Google Searches",,
,,16/12/2025,J.S JEWELLER'S PTE. LTD.,JS JEWELLERS,,TeleSales,,Offline Sources,Adhoc,,200917670Z,,,,,,,,,,,,,,,,"B2C, Offline",,,,,,,,,,,,,,,,65 9793 4792,jstrumphant@gmail.com,,,,,,,,,,,,,,Gov List,"ACRA, Google Searches",,
,,16/12/2025,LUVENUS JEWELLERY PTE. LTD.,LUVENUS JEWELLERY,,TeleSales,,Offline Sources,Adhoc,,201213752E,,,,,,,,,,,,,,,,"B2C, Offline",,,,,,,,,,,,,,,,65 9062 4246,,,,,65 8167 3853,,,,,,,,,,Gov List,"ACRA, Google Searches",,
,,16/12/2025,HELEN ACCESSORIES PTE. LTD.,HELEN ACCESSORIES,,TeleSales,,Offline Sources,Adhoc,,200618115K,,,,,,,,,,,,,,,,"B2C, Offline",,,,,,,,,,,,,,,,65 6746 1363,accounts@helenaccessories.com,,,,,,,,,,,,,,Gov List,"ACRA, Google Searches",,
,,16/12/2025,FO GUANG HANG TRADING AND ENTERPRISE,FO GUANG HANG,,TeleSales,,Offline Sources,Adhoc,,53460658W,,,,,,,,,,,,,,,,"B2C, Offline",,,,,,,,,,,,,,,,65 6291 7244,,,,,,,,,,,,,,,Gov List,"ACRA, Google Searches",,
,,16/12/2025,SAYON PTE. LTD.,SAYON,,TeleSales,,Offline Sources,Adhoc,,200811278G,,,,,,,,,,,,,,,,"B2C, Offline",,,,,,,,,,,,,,,,65 9109 9345,,,,,,,,,,,,,,,Gov List,"ACRA, Google Searches",,
,,16/12/2025,ENDO LIGHTING SE ASIA PTE. LTD.,ENDO LIGHTING SE ASIA,,TeleSales,,Offline Sources,Adhoc,,201409352N,,,,,,,,,,,,,,,,"B2C, Offline",,,,,,,,,,,,,,,,65 6333 9051,patsy.sng@endo-lighting.com.sg,,,,65 9820 2749,,,,,,,,,,Gov List,"ACRA, Google Searches",,
,,16/12/2025,ONE OFFICE PTE. LTD.,OFFICE ONE,,TeleSales,,Offline Sources,Adhoc,,202336132G,,,,,,,,,,,,,,,,"B2C, Offline",,,,,,,,,,,,,,,,65 9455 5980,judy@officeone.sg,,,,65 9624 5185,,,,,,,,,,Gov List,"ACRA, Google Searches",,
,,16/12/2025,ABM INTERNATIONAL GROUP PTE. LTD.,ABM,,TeleSales,,Offline Sources,Adhoc,,200311941R,,,,,,,,,,,,,,,,"B2C, Offline",,,,,,,,,,,,,,,,65 9754 5262,abmever@singnet.com.sg,,,,,,,,,,,,,,Gov List,"ACRA, Google Searches",,
,,16/12/2025,ILEX STATIONERY AND PAPERS SUPPLIES,ILEX STATIONERY & PAPER SUPPLIES,,TeleSales,,Offline Sources,Adhoc,,40881300L,,,,,,,,,,,,,,,,"B2C, Offline",,,,,,,,,,,,,,,,65 9823 0987,tho@ilex.com.sg,,,,,,,,,,,,,,Gov List,"ACRA, Google Searches",,
,,16/12/2025,WALLAFFAIRS PTE. LTD.,WALLAFFAIRS,,TeleSales,,Offline Sources,Adhoc,,201327283H,,,,,,,,,,,,,,,,"B2C, Offline",,,,,,,,,,,,,,,,65 9010 1219,paul.lawrence@wallaffairs.com.sg,,,,,,,,,,,,,,Gov List,"ACRA, Google Searches",,
,,16/12/2025,CHANGI COVE PTE. LTD.,CHANGI COVE,,TeleSales,,Offline Sources,Adhoc,,200710569H,,,,,,,,,,,,,,,,"B2C, Offline",,,,,,,,,,,,,,,,65 9271 7009,robinxu@changicove.com,,,,65 6922 6122,,,,,,,,,,Gov List,"ACRA, Google Searches",,
,,16/12/2025,EIGHTEEN M PTE. LTD.,EIGHTEEN M,,TeleSales,,Offline Sources,Adhoc,,201503123D,,,,,,,,,,,,,,,,"B2C, Offline",,,,,,,,,,,,,,,,65 9108 1083,,,,,,,,,,,,,,,Gov List,"ACRA, Google Searches",,
,,16/12/2025,SOUTH EAST ASIA HOTEL (PRIVATE) LIMITED,SOUTH EAST ASIA HOTEL,,TeleSales,,Offline Sources,Adhoc,,197101072D,,,,,,,,,,,,,,,,"B2C, Offline",,,,,,,,,,,,,,,,65 8128 3058,seahotel@singnet.com.sg,,,,,,,,,,,,,,Gov List,"ACRA, Google Searches",,
,,16/12/2025,FARRER PARK HOSPITAL PTE. LTD.,FARRER PARK HOSPITAL,,TeleSales,,Offline Sources,Adhoc,,201118222M,,,,,,,,,,,,,,,,"B2C, Offline",,,,,,,,,,,,,,,,65 6705 2958,,,,,,,,,,,,,,,Gov List,"ACRA, Google Searches",,
,,16/12/2025,QUEST LIFESTYLE (PTE. LTD.),QUEST LIFESTYLE,,TeleSales,,Offline Sources,Adhoc,,201431716H,,,,,,,,,,,,,,,,"B2C, Offline",,,,,,,,,,,,,,,,65 9111 3633,,,,,,,,,,,,,,,Gov List,"ACRA, Google Searches",,
,,16/12/2025,MINICUTS STUDIO PTE. LTD.,MINICUTS STUDIO,,TeleSales,,Offline Sources,Adhoc,,201306822R,,,,,,,,,,,,,,,,"B2C, Offline",,,,,,,,,,,,,,,,65 9228 7833,,,,,,,,,,,,,,,Gov List,"ACRA, Google Searches",,
,,16/12/2025,EVOLVE SALON (PTE.) LTD.,EVOLVE SALON,,TeleSales,,Offline Sources,Adhoc,,201004860C,,,,,,,,,,,,,,,,"B2C, Offline",,,,,,,,,,,,,,,,65 6336 1358,,,,,,,,,,,,,,,Gov List,"ACRA, Google Searches",,
,,16/12/2025,HAIRPAGE UNDERGROUND PTE. LTD.,HAIRPAGE UNDERGROUND,,TeleSales,,Offline Sources,Adhoc,,201618889K,,,,,,,,,,,,,,,,"B2C, Offline",,,,,,,,,,,,,,,,65 9733 4227,,,,,65 9771 5993,,,,,,,,,,Gov List,"ACRA, Google Searches",,
,,16/12/2025,CHEZVOUS HAIR 3 PTE. LTD.,CHEZVOUS PLUS 3,,TeleSales,,Offline Sources,Adhoc,,202208916R,,,,,,,,,,,,,,,,"B2C, Offline",,,,,,,,,,,,,,,,65 9799 4554,,,,,,,,,,,,,,,Gov List,"ACRA, Google Searches",,
,,16/12/2025,REDMART PTE. LTD.,REDMART,,TeleSales,,Offline Sources,Adhoc,,201104957D,,,,,,,,,,,,,,,,"B2C, Offline",,,,,,,,,,,,,,,,65 9648 6428,keneth@redmart.com,,,,,,,,,,,,,,Gov List,"ACRA, Google Searches",,
,,16/12/2025,DAWN SUPERMARKET PTE. LTD.,DAWN SUPERMARKET,,TeleSales,,Offline Sources,Adhoc,,201023811H,,,,,,,,,,,,,,,,"B2C, Offline",,,,,,,,,,,,,,,,65 9855 8563,ansontay@hotmail.com,,,,,,,,,,,,,,Gov List,"ACRA, Google Searches",,
,,16/12/2025,SKYWING SERVICES PTE. LTD.,SKYWING,,TeleSales,,Offline Sources,Adhoc,,200503852G,,,,,,,,,,,,,,,,"B2C, Offline",,,,,,,,,,,,,,,,65 9271 6999,,,,,,,,,,,,,,,Gov List,"ACRA, Google Searches",,
,,16/12/2025,LINTAS SETIA PTE. LTD.,LINTAS SETIA,,TeleSales,,Offline Sources,Adhoc,,201135739C,,,,,,,,,,,,,,,,"B2C, Offline",,,,,,,,,,,,,,,,65 6545 0018,lintas@singnet.com.sg,,,,,,,,,,,,,,Gov List,"ACRA, Google Searches",,
,,16/12/2025,N.Y. EXPRESS,UNI EXPRESS S,,TeleSales,,Offline Sources,Adhoc,,37853800D,,,,,,,,,,,,,,,,"B2C, Offline",,,,,,,,,,,,,,,,65 6545 6322,uniexpress@singnet.com.sg,,,,,,,,,,,,,,Gov List,"ACRA, Google Searches",,
,,16/12/2025,MBS CONSULTANTS PTE. LTD.,MBS-CONSULTANTS,,TeleSales,,Offline Sources,Adhoc,,200615144H,,,,,,,,,,,,,,,,"B2C, Offline",,,,,,,,,,,,,,,,65 9137 6472,,,,,65 9669 7120,,,,,,,,,,Gov List,"ACRA, Google Searches",,
,,16/12/2025,MIDWEST AIR INTERNATIONAL PTE. LTD.,MIDWEST AIR,,TeleSales,,Offline Sources,Adhoc,,200203877R,,,,,,,,,,,,,,,,"B2C, Offline",,,,,,,,,,,,,,,,65 9101 9993,geokpeng.airport@midwest.com.sg,,,,,,,,,,,,,,Gov List,"ACRA, Google Searches",,
,,16/12/2025,VENUS MARITIME PTE. LTD.,VENUS MARITIME,,TeleSales,,Offline Sources,Adhoc,,201117519D,,,,,,,,,,,,,,,,"B2C, Offline",,,,,,,,,,,,,,,,65 9151 5111,finance@venusmaritime.org,,,,,,,,,,,,,,Gov List,"ACRA, Google Searches",,
,,16/12/2025,TRANS LOGISTICS PTE. LTD.,ASIA TRANS LOGISTICS,,TeleSales,,Offline Sources,Adhoc,,202418044G,,,,,,,,,,,,,,,,"B2C, Offline",,,,,,,,,,,,,,,,65 6542 3230,nora.md@asiatranslogistics.com,,,,,,,,,,,,,,Gov List,"ACRA, Google Searches",,
,,16/12/2025,DAN AIRFREIGHT PTE. LTD.,DAN AIRFREIGHT,,TeleSales,,Offline Sources,Adhoc,,198602712H,,,,,,,,,,,,,,,,"B2C, Offline",,,,,,,,,,,,,,,,65 9712 0029,lynn@danair.com,,,,,,,,,,,,,,Gov List,"ACRA, Google Searches",,
,,16/12/2025,ENC CARGO PTE. LTD.,ENC CARGO,,TeleSales,,Offline Sources,Adhoc,,201215077R,,,,,,,,,,,,,,,,"B2C, Offline",,,,,,,,,,,,,,,,65 9647 6060,kylie.yoon@enworld.net,,,,,,,,,,,,,,Gov List,"ACRA, Google Searches",,
,,16/12/2025,AVIATION SOLUTIONS GSA PTE. LTD.,AVIATION GSA,,TeleSales,,Offline Sources,Adhoc,,200908117E,,,,,,,,,,,,,,,,"B2C, Offline",,,,,,,,,,,,,,,,65 9753 5644,joan@avs-gsa.com,,,,,,,,,,,,,,Gov List,"ACRA, Google Searches",,
,,16/12/2025,ABSOLUTE CARGONET PTE. LTD.,ABSOLUTE CARGONET,,TeleSales,,Offline Sources,Adhoc,,200502793W,,,,,,,,,,,,,,,,"B2C, Offline",,,,,,,,,,,,,,,,65 9735 9498,doreen@absolutecn.com,,,,65 6542 1938,,,,,,,,,,Gov List,"ACRA, Google Searches",,
,,16/12/2025,ALLIANCE 21 PTE. LTD.,ALLIANCE 21,,TeleSales,,Offline Sources,Adhoc,,200201134W,,,,,,,,,,,,,,,,"B2C, Offline",,,,,,,,,,,,,,,,65 6572 4406,camille@a21.com.sg,,,,,,,,,,,,,,Gov List,"ACRA, Google Searches",,
,,16/12/2025,CMS LOGISTICS GROUP (S) PTE. LTD.,CMS LOGISTICS S,,TeleSales,,Offline Sources,Adhoc,,200814688G,,,,,,,,,,,,,,,,"B2C, Offline",,,,,,,,,,,,,,,,65 6238 5115,allison@cmsgroup.com.sg,,,,,,,,,,,,,,Gov List,"ACRA, Google Searches",,
,,16/12/2025,TRINITY CARGO LINK PTE. LTD.,TRINITY CARGO LINK,,TeleSales,,Offline Sources,Adhoc,,200917658C,,,,,,,,,,,,,,,,"B2C, Offline",,,,,,,,,,,,,,,,65 9787 1573,ailing@trinitycargolink.com,,,,65 6749 8117,,,,,,,,,,Gov List,"ACRA, Google Searches",,
,,16/12/2025,INTANK SERVICES PTE. LTD.,INTANK,,TeleSales,,Offline Sources,Adhoc,,200312759D,,,,,,,,,,,,,,,,"B2C, Offline",,,,,,,,,,,,,,,,65 9049 3083,khee.yu@intankservices.com,,,,,,,,,,,,,,Gov List,"ACRA, Google Searches",,
,,16/12/2025,OHC SHIPMANAGEMENT PTE. LTD.,OHC SHIPMANAGEMENT,,TeleSales,,Offline Sources,Adhoc,,201010871W,,,,,,,,,,,,,,,,"B2C, Offline",,,,,,,,,,,,,,,,65 9247 5092,neo@ohcgroup.com.sg,,,,,,,,,,,,,,Gov List,"ACRA, Google Searches",,
,,16/12/2025,ISHIMA PTE. LTD.,ISHIMA,,TeleSales,,Offline Sources,Adhoc,,200509539M,,,,,,,,,,,,,,,,"B2C, Offline",,,,,,,,,,,,,,,,65 9656 0557,valeri.m@damicoship.com,,,,65 6854 7649,,,,,,,,,,Gov List,"ACRA, Google Searches",,
,,16/12/2025,SATS AEROLOG EXPRESS PTE. LTD.,AEROLOG EXPRESS,,TeleSales,,Offline Sources,Adhoc,,200106625G,,,,,,,,,,,,,,,,"B2C, Offline",,,,,,,,,,,,,,,,65 9616 0284,chihcheng_wu@sats.com.sg,,,,65 6542 8635,,,,,,,,,,Gov List,"ACRA, Google Searches",,
,,16/12/2025,RIO LOGISTICS (S) PTE. LTD.,RIO LOGISTICS S,,TeleSales,,Offline Sources,Adhoc,,200603956H,,,,,,,,,,,,,,,,"B2C, Offline",,,,,,,,,,,,,,,,65 9025 0567,rao@riolog.com,,,,65 6863 4644,,,,,,,,,,Gov List,"ACRA, Google Searches",,
,,16/12/2025,RHENUS LOGISTICS PTE. LTD.,RHENUS LOGISTICS,,TeleSales,,Offline Sources,Adhoc,,200006582M,,,,,,,,,,,,,,,,"B2C, Offline",,,,,,,,,,,,,,,,65 9784 3827,louise.hogan@sg.rhenus.com,,,,65 6543 2305,,,,,,,,,,Gov List,"ACRA, Google Searches",,
,,16/12/2025,MK EMPIRE PTE. LTD.,MK EMPIRE,,TeleSales,,Offline Sources,Adhoc,,201539722M,,,,,,,,,,,,,,,,"B2C, Offline",,,,,,,,,,,,,,,,65 9326 1275,,,,,,,,,,,,,,,Gov List,"ACRA, Google Searches",,
,,16/12/2025,MEGARIG HEAVY LIFT SERVICES PTE. LTD.,MEGARIG HEAVY LIFT,,TeleSales,,Offline Sources,Adhoc,,201509298Z,,,,,,,,,,,,,,,,"B2C, Offline",,,,,,,,,,,,,,,,,,,,,,,,,,,,,,,Gov List,"ACRA, Google Searches",,
,,16/12/2025,AGILITY INTERNATIONAL LOGISTICS PTE. LTD.,AGILITY LOGISTICS,,TeleSales,,Offline Sources,Adhoc,,199400396C,,,,,,,,,,,,,,,,"B2C, Offline",,,,,,,,,,,,,,,,65 9664 7830,etan@relianceglobalcom.com,,,,,,,,,,,,,,Gov List,"ACRA, Google Searches",,
,,16/12/2025,ALLIED CONTAINER SERVICES PTE. LTD.,ALLIED CONTAINER,,TeleSales,,Offline Sources,Adhoc,,197502267E,,,,,,,,,,,,,,,,"B2C, Offline",,,,,,,,,,,,,,,,65 6316 2455,da@allied.com.sg,,,,,,,,,,,,,,Gov List,"ACRA, Google Searches",,
,,16/12/2025,N-BOX SHIPPING (S) PTE. LTD.,N-BOX SHIPPING S,,TeleSales,,Offline Sources,Adhoc,,201622744K,,,,,,,,,,,,,,,,"B2C, Offline",,,,,,,,,,,,,,,,65 9830 5770,nandaraye1@gmail.com,,,,,,,,,,,,,,Gov List,"ACRA, Google Searches",,
,,16/12/2025,CEVA LOGISTICS ASIA PTE. LTD.,CEVA LOGISTICS,,TeleSales,,Offline Sources,Adhoc,,199500276E,,,,,,,,,,,,,,,,"B2C, Offline",,,,,,,,,,,,,,,,65 8488 3220,,,,,65 6507 2880,,,,,,,,,,Gov List,"ACRA, Google Searches",,
,,16/12/2025,SKILL EXPRESS (S) PTE. LTD.,SKILL EXPRESS S,,TeleSales,,Offline Sources,Adhoc,,200308865G,,,,,,,,,,,,,,,,"B2C, Offline",,,,,,,,,,,,,,,,65 6542 9641,fadzuli@skill-ex.com,,,,,,,,,,,,,,Gov List,"ACRA, Google Searches",,
,,16/12/2025,HIAP WOON SHIPPING (SINGAPORE) PTE. LTD.,HIAP WOON SHIPPING S,,TeleSales,,Offline Sources,Adhoc,,198402221K,,,,,,,,,,,,,,,,"B2C, Offline",,,,,,,,,,,,,,,,65 9784 2082,,,,,,,,,,,,,,,Gov List,"ACRA, Google Searches",,
,,16/12/2025,SANKYU (SINGAPORE) PTE LTD,SANKYU SPORE,,TeleSales,,Offline Sources,Adhoc,,197101116E,,,,,,,,,,,,,,,,"B2C, Offline",,,,,,,,,,,,,,,,65 9782 5005,tecksoon.kuah@sankyu.com.sg,,,,65 6469 3911,,,,,,,,,,Gov List,"ACRA, Google Searches",,
,,16/12/2025,HANDLING SYSTEM CO. PTE. LTD.,HANDLING,,TeleSales,,Offline Sources,Adhoc,,197902951D,,,,,,,,,,,,,,,,"B2C, Offline",,,,,,,,,,,,,,,,65 8722 6053,dennis@handlingsystem.com.sg,,,,,,,,,,,,,,Gov List,"ACRA, Google Searches",,
,,16/12/2025,GLOMAX MAINTENANCE SERVICES PTE. LTD.,GLOMAX MAINTENANCE,,TeleSales,,Offline Sources,Adhoc,,200708858C,,,,,,,,,,,,,,,,"B2C, Offline",,,,,,,,,,,,,,,,65 9127 1977,glomax@singnet.com.sg,,,,,,,,,,,,,,Gov List,"ACRA, Google Searches",,
,,16/12/2025,P&Y MAINTENANCE SERVICES,A & P MAINTENANCE,,TeleSales,,Offline Sources,Adhoc,,47197900K,,,,,,,,,,,,,,,,"B2C, Offline",,,,,,,,,,,,,,,,65 6542 3475,,,,,65 9694 2196,,,,,,,,,,Gov List,"ACRA, Google Searches",,
,,16/12/2025,ABSOLUTE MAINTENANCE SERVICES PTE. LTD.,ABSOLUTE MAINTENANCE,,TeleSales,,Offline Sources,Adhoc,,200304458D,,,,,,,,,,,,,,,,"B2C, Offline",,,,,,,,,,,,,,,,65 9019 9755,abs@absolute-ms.com.sg,,,,65 6742 0308,,,,,,,,,,Gov List,"ACRA, Google Searches",,
,,16/12/2025,RIGHT SERVICE PTE. LTD.,RIGHT,,TeleSales,,Offline Sources,Adhoc,,201204421K,,,,,,,,,,,,,,,,"B2C, Offline",,,,,,,,,,,,,,,,65 6440 3929,,,,,,,,,,,,,,,Gov List,"ACRA, Google Searches",,
,,16/12/2025,CARPENTERS DESIGN GROUP PTE. LTD.,CARPENTERS DESIGN,,TeleSales,,Offline Sources,Adhoc,,201217181K,,,,,,,,,,,,,,,,"B2C, Offline",,,,,,,,,,,,,,,,65 8511 1835,,,,,,,,,,,,,,,Gov List,"ACRA, Google Searches",,
,,16/12/2025,AMLA PTE. LTD.,AMLA,,TeleSales,,Offline Sources,Adhoc,,201305274W,,,,,,,,,,,,,,,,"B2C, Offline",,,,,,,,,,,,,,,,65 9832 2218,,,,,65 9638 8681,,,,,,,,,,Gov List,"ACRA, Google Searches",,
,,16/12/2025,G & G UPHOLSTERY PTE. LTD.,G & G UPHOLSTERY,,TeleSales,,Offline Sources,Adhoc,,201318512K,,,,,,,,,,,,,,,,"B2C, Offline",,,,,,,,,,,,,,,,65 9827 0862,,,,,,,,,,,,,,,Gov List,"ACRA, Google Searches",,
,,16/12/2025,2010 LIFESTYLE PTE. LTD.,2010 LIFESTYLE,,TeleSales,,Offline Sources,Adhoc,,199901180H,,,,,,,,,,,,,,,,"B2C, Offline",,,,,,,,,,,,,,,,65 9234 4966,yuting@2010lifestyle.com.sg,,,,,,,,,,,,,,Gov List,"ACRA, Google Searches",,
,,16/12/2025,HOME & GIVING PARKWAY PTE. LTD.,HOME & GIVING PARKWAY,,TeleSales,,Offline Sources,Adhoc,,201607994H,,,,,,,,,,,,,,,,"B2C, Offline",,,,,,,,,,,,,,,,65 9677 3820,renalim.pc@gmail.com,,,,,,,,,,,,,,Gov List,"ACRA, Google Searches",,
,,16/12/2025,TEMBUSU (SG) PTE. LTD.,TEMBUSU TREE,,TeleSales,,Offline Sources,Adhoc,,201909889Z,,,,,,,,,,,,,,,,"B2C, Offline",,,,,,,,,,,,,,,,65 8118 8809,jdvchocolates@live.com,,,,65 6842 1868,,,,,,,,,,Gov List,"ACRA, Google Searches",,
,,16/12/2025,C & J CLARK (S) PTE. LTD.,C & J CLARK S,,TeleSales,,Offline Sources,Adhoc,,200312963Z,,,,,,,,,,,,,,,,"B2C, Offline",,,,,,,,,,,,,,,,65 9699 3031,,,,,65 9112 1229,,,,,,,,,,Gov List,"ACRA, Google Searches",,
,,16/12/2025,DC FASHION WEAR PTE. LTD.,DC FASHION WEAR,,TeleSales,,Offline Sources,Adhoc,,201226082H,,,,,,,,,,,,,,,,"B2C, Offline",,,,,,,,,,,,,,,,65 8118 9949,,,,,,,,,,,,,,,Gov List,"ACRA, Google Searches",,
,,16/12/2025,FORTUNE FOOD (S) PTE. LTD.,FORTUNE FOOD S,,TeleSales,,Offline Sources,Adhoc,,200414981Z,,,,,,,,,,,,,,,,"B2C, Offline",,,,,,,,,,,,,,,,65 9753 5525,weiling@fortunefood.sg,,,,,,,,,,,,,,Gov List,"ACRA, Google Searches",,
,,16/12/2025,JUMAIN SATAYSFACTION PTE. LTD.,JUMAIN SATAYSFACTIONS,,TeleSales,,Offline Sources,Adhoc,,200208271E,,,,,,,,,,,,,,,,"B2C, Offline",,,,,,,,,,,,,,,,65 9880 8882,norsiah@ash.asia,,,,65 6245 7885,,,,,,,,,,Gov List,"ACRA, Google Searches",,
,,16/12/2025,MANNA 360 PTE. LTD.,MANNA 360,,TeleSales,,Offline Sources,Adhoc,,201220834E,,,,,,,,,,,,,,,,"B2C, Offline",,,,,,,,,,,,,,,,65 9365 8060,rizal@manna360.com.sg,,,,,,,,,,,,,,Gov List,"ACRA, Google Searches",,
,,16/12/2025,DIMBULAH COFFEE (AUST) PTE. LTD.,DIMBULAH COFFEE S,,TeleSales,,Offline Sources,Adhoc,,201323350G,,,,,,,,,,,,,,,,"B2C, Offline",,,,,,,,,,,,,,,,65 9119 5158,david@dimbulah.com,,,,,,,,,,,,,,Gov List,"ACRA, Google Searches",,
,,16/12/2025,NECTARS & VINE (SINGAPORE) PTE LTD,NECTARS & VINE S,,TeleSales,,Offline Sources,Adhoc,,199806411M,,,,,,,,,,,,,,,,"B2C, Offline",,,,,,,,,,,,,,,,65 9060 4687,peter@nectarsvine.com,,,,65 6372 1125,,,,,,,,,,Gov List,"ACRA, Google Searches",,
,,16/12/2025,KAI YOUNG HUAT EGGS PTE. LTD.,KAI YOUNG HUAT EGGS,,TeleSales,,Offline Sources,Adhoc,,201434312R,,,,,,,,,,,,,,,,"B2C, Offline",,,,,,,,,,,,,,,,65 9139 9061,,,,,65 6316 7287,,,,,,,,,,Gov List,"ACRA, Google Searches",,
,,16/12/2025,ECB FOOD SUPPLIER PTE. LTD.,ECB FOOD SUPPLIER,,TeleSales,,Offline Sources,Adhoc,,200714327M,,,,,,,,,,,,,,,,"B2C, Offline",,,,,,,,,,,,,,,,65 9436 3621,kelvin@ecbfood.com.sg,,,,65 6245 0588,,,,,65 9616 3129,,,,,Gov List,"ACRA, Google Searches",,
,,16/12/2025,N.Y. MANHATTAN INC. PTE LTD,EAST MANHATTAN,,TeleSales,,Offline Sources,Adhoc,,199704453H,,,,,,,,,,,,,,,,"B2C, Offline",,,,,,,,,,,,,,,,65 9639 4179,,,,,,,,,,,,,,,Gov List,"ACRA, Google Searches",,
,,16/12/2025,MILLENIUM TRADING PTE. LTD.,MILLENIUM,,TeleSales,,Offline Sources,Adhoc,,200605441C,,,,,,,,,,,,,,,,"B2C, Offline",,,,,,,,,,,,,,,,65 9757 8803,,,,,,,,,,,,,,,Gov List,"ACRA, Google Searches",,
,,16/12/2025,CHAI HUAT TRADING PTE. LTD.,CHAI HUAT,,TeleSales,,Offline Sources,Adhoc,,200919263N,,,,,,,,,,,,,,,,"B2C, Offline",,,,,,,,,,,,,,,,65 6264 6977,,,,,65 9832 8456,,,,,,,,,,Gov List,"ACRA, Google Searches",,
,,16/12/2025,CHILLI API CATERING PTE. LTD.,CHILLI API CATERING,,TeleSales,,Offline Sources,Adhoc,,200208964G,,,,,,,,,,,,,,,,"B2C, Offline",,,,,,,,,,,,,,,,65 6247 9531,judy@chillipadi.com.sg,,,,,,,,,,,,,,Gov List,"ACRA, Google Searches",,
,,16/12/2025,TINGE GROUP PTE. LTD.,TINGE,,TeleSales,,Offline Sources,Adhoc,,201022345C,,,,,,,,,,,,,,,,"B2C, Offline",,,,,,,,,,,,,,,,65 9191 0940,stevegsj@ministryofsteak.com,,,,,,,,,,,,,,Gov List,"ACRA, Google Searches",,
,,16/12/2025,XWS PTE. LTD.,XWS,,TeleSales,,Offline Sources,Adhoc,,200711630D,,,,,,,,,,,,,,,,"B2C, Offline",,,,,,,,,,,,,,,,65 6440 3929,,,,,65 9853 0191,,,,,,,,,,Gov List,"ACRA, Google Searches",,
,,16/12/2025,KHOONG INVESTMENT PTE. LTD.,KHOONG INVESTMENT,,TeleSales,,Offline Sources,Adhoc,,201533460Z,,,,,,,,,,,,,,,,"B2C, Offline",,,,,,,,,,,,,,,,65 9730 2801,,,,,65 8606 2913,,,,,,,,,,Gov List,"ACRA, Google Searches",,
,,16/12/2025,THE LOCO GROUP PTE. LTD.,THE LOCO,,TeleSales,,Offline Sources,Adhoc,,201409341K,,,,,,,,,,,,,,,,"B2C, Offline",,,,,,,,,,,,,,,,65 8163 1299,nisperos@8build.com.sg,,,,65 9696 4749,,,,,,,,,,Gov List,"ACRA, Google Searches",,
,,16/12/2025,PARK 10 PTE. LTD.,PARK 10,,TeleSales,,Offline Sources,Adhoc,,200611124W,,,,,,,,,,,,,,,,"B2C, Offline",,,,,,,,,,,,,,,,65 8455 8397,,,,,65 8100 6365,,,,,,,,,,Gov List,"ACRA, Google Searches",,
,,16/12/2025,DE-PROSPERO PTE. LTD.,DE-PROSPERO,,TeleSales,,Offline Sources,Adhoc,,201118375D,,,,,,,,,,,,,,,,"B2C, Offline",,,,,,,,,,,,,,,,65 9747 0454,spencer@de-prospero.com.sg,,,,,,,,,,,,,,Gov List,"ACRA, Google Searches",,
,,16/12/2025,1 TYRWHITT BISTRO BAR PTE. LTD.,1 TYRWHITT BISTRO BAR,,TeleSales,,Offline Sources,Adhoc,,201502900E,,,,,,,,,,,,,,,,"B2C, Offline",,,,,,,,,,,,,,,,65 9766 9483,,,,,,,,,,,,,,,Gov List,"ACRA, Google Searches",,
,,16/12/2025,TIAN TIAN HOLDINGS (CRM) PTE. LTD.,TIAN TIAN CRM,,TeleSales,,Offline Sources,Adhoc,,200920344E,,,,,,,,,,,,,,,,"B2C, Offline",,,,,,,,,,,,,,,,65 9322 4344,nick.yeong@tiantiangroup.com,,,,65 6449 6008,,,,,,,,,,Gov List,"ACRA, Google Searches",,
,,16/12/2025,DISTRICT 20 PTE. LTD.,DISTRICT 20,,TeleSales,,Offline Sources,Adhoc,,201532334N,,,,,,,,,,,,,,,,"B2C, Offline",,,,,,,,,,,,,,,,65 8833 3838,crawford_dev@singnet.co,,,,,,,,,,,,,,Gov List,"ACRA, Google Searches",,
,,16/12/2025,KONTIKI INC. PTE. LTD.,KONTIKI,,TeleSales,,Offline Sources,Adhoc,,200909797K,,,,,,,,,,,,,,,,"B2C, Offline",,,,,,,,,,,,,,,,65 9739 2005,,,,,,,,,,,,,,,Gov List,"ACRA, Google Searches",,
,,16/12/2025,REAL YOGA PTE. LTD.,REAL YOGA,,TeleSales,,Offline Sources,Adhoc,,200813691G,,,,,,,,,,,,,,,,"B2C, Offline",,,,,,,,,,,,,,,,65 6836 0721,michelle@realyoga.com.sg,,,,,,,,,,,,,,Gov List,"ACRA, Google Searches",,
,,16/12/2025,FLY SPORTS (TRAMPOLINE) PTE. LTD.,FLY SPORTS TRAMPOLINE,,TeleSales,,Offline Sources,Adhoc,,201427123C,,,,,,,,,,,,,,,,"B2C, Offline",,,,,,,,,,,,,,,,65 9746 2346,joanna@zoomparkasia.com,,,,,,,,,,,,,,Gov List,"ACRA, Google Searches",,
,,16/12/2025,KERISVALE PTE. LTD.,KERISVALE,,TeleSales,,Offline Sources,Adhoc,,201102063H,,,,,,,,,,,,,,,,"B2C, Offline",,,,,,,,,,,,,,,,65 9766 9970,samson.cheong@cbre.com.sg,,,,65 6536 0826,,,,,,,,,,Gov List,"ACRA, Google Searches",,
,,16/12/2025,GOLDEN CREDIT (S) PTE. LTD.,GOLDEN CREDIT S,,TeleSales,,Offline Sources,Adhoc,,201003296C,,,,,,,,,,,,,,,,"B2C, Offline",,,,,,,,,,,,,,,,65 9796 6887,goldencredit@singnet.com.sg,,,,,,,,,,,,,,Gov List,"ACRA, Google Searches",,
,,16/12/2025,CAPITOL RESIDENTIAL DEVELOPMENT PTE. LTD.,CAPITOL RESIDENTIAL DEVELOPMENT,,TeleSales,,Offline Sources,Adhoc,,201017290Z,,,,,,,,,,,,,,,,"B2C, Offline",,,,,,,,,,,,,,,,65 9456 1573,,,,,65 9663 5674,,,,,,,,,,Gov List,"ACRA, Google Searches",,
,,16/12/2025,OM MANAGEMENT PTE. LTD.,OM MANAGEMENT,,TeleSales,,Offline Sources,Adhoc,,200801224C,,,,,,,,,,,,,,,,"B2C, Offline",,,,,,,,,,,,,,,,65 9029 1314,norwenohcc@gmail.com,,,,,,,,,,,,,,Gov List,"ACRA, Google Searches",,
,,16/12/2025,TRILLION CREDIT SOLUTIONS PTE. LTD.,TRILLION CREDIT,,TeleSales,,Offline Sources,Adhoc,,201020251D,,,,,,,,,,,,,,,,"B2C, Offline",,,,,,,,,,,,,,,,65 9654 9199,michelleliew@trillioncredit.com.sg,,,,,,,,,,,,,,Gov List,"ACRA, Google Searches",,
,,16/12/2025,CHANGI AIRPORTS INTERNATIONAL PTE. LTD.,CHANGI AIRPORTS,,TeleSales,,Offline Sources,Adhoc,,200404385W,,,,,,,,,,,,,,,,"B2C, Offline",,,,,,,,,,,,,,,,65 6541 1922,cynthia.ong@cai.sg,,,,,,,,,,,,,,Gov List,"ACRA, Google Searches",,
,,16/12/2025,WADDELL HOLDINGS PTE. LTD.,WADDELL,,TeleSales,,Offline Sources,Adhoc,,201528701C,,,,,,,,,,,,,,,,"B2C, Offline",,,,,,,,,,,,,,,,65 8125 7919,cyngani@hotmail.com,,,,,,,,,,,,,,Gov List,"ACRA, Google Searches",,
,,16/12/2025,SINGAPORE INSTITUTE OF ARCHITECTS HOLDINGS PTE LTD,INSTITUTE OF ARCHITECTS,,TeleSales,,Offline Sources,Adhoc,,199905033H,,,,,,,,,,,,,,,,"B2C, Offline",,,,,,,,,,,,,,,,65 6226 2668,,,,,,,,,,,,,,,Gov List,"ACRA, Google Searches",,
,,16/12/2025,M CAPITAL MANAGEMENT PTE. LTD.,MB CAPITAL MANAGEMENT,,TeleSales,,Offline Sources,Adhoc,,202013402R,,,,,,,,,,,,,,,,"B2C, Offline",,,,,,,,,,,,,,,,65 6223 2765,,,,,65 9185 8197,,,,,,,,,,Gov List,"ACRA, Google Searches",,
,,16/12/2025,LEONTEQ SECURITIES (SINGAPORE) PTE. LTD.,LEONTEQ SECURITIES,,TeleSales,,Offline Sources,Adhoc,,201134784N,,,,,,,,,,,,,,,,"B2C, Offline",,,,,,,,,,,,,,,,65 8182 1488,anand.sonar@leonteq.com,,,,65 6690 5290,,,,,,,,,,Gov List,"ACRA, Google Searches",,
,,16/12/2025,KOIPY GLOBAL PTE. LTD.,KOIPY,,TeleSales,,Offline Sources,Adhoc,,201605630M,,,,,,,,,,,,,,,,"B2C, Offline",,,,,,,,,,,,,,,,65 9730 9995,,,,,,,,,,,,,,,Gov List,"ACRA, Google Searches",,
,,16/12/2025,MONEYMAX GROUP PTE. LTD.,MONEYMAX,,TeleSales,,Offline Sources,Adhoc,,200806399C,,,,,,,,,,,,,,,,"B2C, Offline",,,,,,,,,,,,,,,,65 8268 5015,,,,,,,,,,,,,,,Gov List,"ACRA, Google Searches",,
,,16/12/2025,KITCHEN LANGUAGE PTE. LTD.,KITCHEN LANGUAGE,,TeleSales,,Offline Sources,Adhoc,,200817973M,,,,,,,,,,,,,,,,"B2C, Offline",,,,,,,,,,,,,,,,65 9115 5674,,,,,65 9761 5395,,,,,,,,,,Gov List,"ACRA, Google Searches",,
,,16/12/2025,KINGSMEN CREATIVES LTD.,KINGSMEN CREATIVES,,TeleSales,,Offline Sources,Adhoc,,200210790Z,,,,,,,,,,,,,,,,"B2C, Offline",,,,,,,,,,,,,,,,65 9369 1244,phuakianyong@kingsmen-int.com,,,,65 6880 4237,,,,,65 6880 0088,,,,,Gov List,"ACRA, Google Searches",,
,,16/12/2025,SATS LTD.,SATS,,TeleSales,,Offline Sources,Adhoc,,197201770G,,,,,,,,,,,,,,,,"B2C, Offline",,,,,,,,,,,,,,,,65 9106 0065,kamarudin_kimat@sats.com.sg,,,,65 6541 1299,,,,,,,,,,Gov List,"ACRA, Google Searches",,
,,16/12/2025,G31 PLATINUM HOLDINGS PTE. LTD.,G31 PLATINUM,,TeleSales,,Offline Sources,Adhoc,,201018509D,,,,,,,,,,,,,,,,"B2C, Offline",,,,,,,,,,,,,,,,65 9101 1157,jeremytancs@gmail.com,,,,,,,,,,,,,,Gov List,"ACRA, Google Searches",,
,,16/12/2025,KAIYI INVESTMENT PTE. LTD.,KAIYI INVESTMENT,,TeleSales,,Offline Sources,Adhoc,,201019483C,,,,,,,,,,,,,,,,"B2C, Offline",,,,,,,,,,,,,,,,65 6532 2338,donald@energyresource.sg,,,,65 9191 9617,,,,,,,,,,Gov List,"ACRA, Google Searches",,
,,16/12/2025,UNITED CREDIT PTE. LTD.,UNITED CREDIT,,TeleSales,,Offline Sources,Adhoc,,201003759R,,,,,,,,,,,,,,,,"B2C, Offline",,,,,,,,,,,,,,,,65 8333 4444,unitedcredit2525@yahoo.com.sg,,,,,,,,,,,,,,Gov List,"ACRA, Google Searches",,
,,16/12/2025,PRIME PACIFIC PTE. LTD.,PRIME PACIFIC,,TeleSales,,Offline Sources,Adhoc,,201013748K,,,,,,,,,,,,,,,,"B2C, Offline",,,,,,,,,,,,,,,,65 9757 4204,awen.asuncion@hotmail.com,,,,,,,,,,,,,,Gov List,"ACRA, Google Searches",,
,,16/12/2025,JT PREMIER BTP PTE. LTD.,JT PREMIER BTP,,TeleSales,,Offline Sources,Adhoc,,201009024Z,,,,,,,,,,,,,,,,"B2C, Offline",,,,,,,,,,,,,,,,65 9757 4204,,,,,,,,,,,,,,,Gov List,"ACRA, Google Searches",,
,,16/12/2025,M VISION PTE. LTD.,K VISION,,TeleSales,,Offline Sources,Adhoc,,202036853N,,,,,,,,,,,,,,,,"B2C, Offline",,,,,,,,,,,,,,,,65 9644 4956,,,,,,,,,,,,,,,Gov List,"ACRA, Google Searches",,
,,16/12/2025,ELITA & CO. PTE. LTD.,ELITA,,TeleSales,,Offline Sources,Adhoc,,200416862D,,,,,,,,,,,,,,,,"B2C, Offline",,,,,,,,,,,,,,,,65 9105 6568,tan91056568brendan@thestation.com.sg,,,,,,,,,,,,,,Gov List,"ACRA, Google Searches",,
,,16/12/2025,SONG & SONG FASHION PTE. LTD.,SONG & SONG FASHION,,TeleSales,,Offline Sources,Adhoc,,201003419C,,,,,,,,,,,,,,,,"B2C, Offline",,,,,,,,,,,,,,,,65 8223 8500,,,,,,,,,,,,,,,Gov List,"ACRA, Google Searches",,
,,16/12/2025,MEETING MATTERS INTERNATIONAL PTE. LTD.,MEETING MATTERS,,TeleSales,,Offline Sources,Adhoc,,200210443E,,,,,,,,,,,,,,,,"B2C, Offline",,,,,,,,,,,,,,,,65 9125 9292,wilson@meetmatt.net,,,,65 8181 3415,,,,,,,,,,Gov List,"ACRA, Google Searches",,
,,16/12/2025,NEURO TECH SOLUTIONS PTE. LTD.,NEURO,,TeleSales,,Offline Sources,Adhoc,,201703456E,,,,,,,,,,,,,,,,"B2C, Offline",,,,,,,,,,,,,,,,65 9699 3448,vince@bigjasia.com,,,,,,,,,,,,,,Gov List,"ACRA, Google Searches",,
,,16/12/2025,PINK APPLE PTE. LTD.,PINK APPLE,,TeleSales,,Offline Sources,Adhoc,,200813681N,,,,,,,,,,,,,,,,"B2C, Offline",,,,,,,,,,,,,,,,65 8127 3222,alan@pinkapple.com.sg,,,,,,,,,,,,,,Gov List,"ACRA, Google Searches",,
,,16/12/2025,BERMUDA TRIANGLE PTE. LTD.,BERMUDA TRIANGLE,,TeleSales,,Offline Sources,Adhoc,,201532607M,,,,,,,,,,,,,,,,"B2C, Offline",,,,,,,,,,,,,,,,65 8222 8890,kelvin8270@gmail.com,,,,,,,,,,,,,,Gov List,"ACRA, Google Searches",,
,,16/12/2025,HOMEKEEPER INTERNATIONAL PTE. LTD.,HOMEKEEPER,,TeleSales,,Offline Sources,Adhoc,,200900861N,,,,,,,,,,,,,,,,"B2C, Offline",,,,,,,,,,,,,,,,65 6292 0126,,,,,65 9125 4225,,,,,,,,,,Gov List,"ACRA, Google Searches",,
,,16/12/2025,EMPLOYMENT AGENCY,JAS EMPLOYMENT AGENCY,,TeleSales,,Offline Sources,Adhoc,,53463387X,,,,,,,,,,,,,,,,"B2C, Offline",,,,,,,,,,,,,,,,65 6282 8747,jasac_lee@yahoo.com.sg,,,,,,,,,,,,,,Gov List,"ACRA, Google Searches",,
,,16/12/2025,HANDPHONESHOP PTE. LTD.,HANDPHONESHOP,,TeleSales,,Offline Sources,Adhoc,,200403899K,,,,,,,,,,,,,,,,"B2C, Offline",,,,,,,,,,,,,,,,65 9326 3001,,,,,,,,,,,,,,,Gov List,"ACRA, Google Searches",,
,,16/12/2025,SHRI TECHNOLOGIES PTE. LTD.,SHRI,,TeleSales,,Offline Sources,Adhoc,,201221065N,,,,,,,,,,,,,,,,"B2C, Offline",,,,,,,,,,,,,,,,65 8459 5101,,,,,,,,,,,,,,,Gov List,"ACRA, Google Searches",,
,,16/12/2025,FUNZ CENTRE PTE. LTD.,FUNZ CENTRE,,TeleSales,,Offline Sources,Adhoc,,200609621K,,,,,,,,,,,,,,,,"B2C, Offline",,,,,,,,,,,,,,,,65 9847 8889,chris@funzcentre.com,,,,,,,,,,,,,,Gov List,"ACRA, Google Searches",,
,,16/12/2025,CRISTOFORI MUSIC SCHOOL,CRISTOFORI MUSIC,,TeleSales,,Offline Sources,Adhoc,,53088160L,,,,,,,,,,,,,,,,"B2C, Offline",,,,,,,,,,,,,,,,65 9795 7508,ii-goh@cms.edu.sg,,,,65 6243 9555,,,,,,,,,,Gov List,"ACRA, Google Searches",,
,,16/12/2025,BEST DENKI (SINGAPORE) PTE. LTD.,BEST DENKI,,TeleSales,,Offline Sources,Adhoc,,198202199E,,,,,,,,,,,,,,,,"B2C, Offline",,,,,,,,,,,,,,,,65 9833 1899,,,,,,,,,,,,,,,Gov List,"ACRA, Google Searches",,
,,16/12/2025,KIM HONG SOON ELECTRICAL PTE LTD,KIM HONG ELECTRICAL,,TeleSales,,Offline Sources,Adhoc,,199604172R,,,,,,,,,,,,,,,,"B2C, Offline",,,,,,,,,,,,,,,,65 8323 0627,,,,,,,,,,,,,,,Gov List,"ACRA, Google Searches",,
,,16/12/2025,FRONTLINE ENGINEERING & TRADING PTE. LTD.,FRONTLINE ENGINEERING,,TeleSales,,Offline Sources,Adhoc,,201437011K,,,,,,,,,,,,,,,,"B2C, Offline",,,,,,,,,,,,,,,,65 9092 9518,christine.ee@megawatts.com.sg,,,,,,,,,,,,,,Gov List,"ACRA, Google Searches",,
,,16/12/2025,STARGAZER LINK TECHNOLOGY (ASIA) PTE. LTD.,STARGAZER LINK TECHNOLOGY ASIA,,TeleSales,,Offline Sources,Adhoc,,201117513W,,,,,,,,,,,,,,,,"B2C, Offline",,,,,,,,,,,,,,,,65 6252 8566,chris.teo@strangazerlink.com,,,,65 9720 9548,,,,,,,,,,Gov List,"ACRA, Google Searches",,
,,16/12/2025,COIN WASH PTE. LTD.,COIN WASH,,TeleSales,,Offline Sources,Adhoc,,201219643G,,,,,,,,,,,,,,,,"B2C, Offline",,,,,,,,,,,,,,,,65 9672 5468,rufus_200788@hotmail.com,,,,,,,,,,,,,,Gov List,"ACRA, Google Searches",,
,,16/12/2025,DUAL ENERGI PTE. LTD.,DUAL ENERGI,,TeleSales,,Offline Sources,Adhoc,,201525427Z,,,,,,,,,,,,,,,,"B2C, Offline",,,,,,,,,,,,,,,,65 9107 5216,daryl@skylinevisual.com,,,,,,,,,,,,,,Gov List,"ACRA, Google Searches",,
,,16/12/2025,CK88 WHOLESALE CENTRE PTE. LTD.,CK88 WHOLESALE CENTRE,,TeleSales,,Offline Sources,Adhoc,,201318973R,,,,,,,,,,,,,,,,"B2C, Offline",,,,,,,,,,,,,,,,65 9829 5583,,,,,,,,,,,,,,,Gov List,"ACRA, Google Searches",,
,,16/12/2025,THE LIFECYCLE CONCEPTS PTE. LTD.,THE LIFECYCLE CONCEPTS,,TeleSales,,Offline Sources,Adhoc,,201218016W,,,,,,,,,,,,,,,,"B2C, Offline",,,,,,,,,,,,,,,,65 9111 2829,,,,,65 6465 4466,,,,,,,,,,Gov List,"ACRA, Google Searches",,
,,16/12/2025,SUNRISE ADVISORS PTE. LTD.,SUNRISE ADVISORS,,TeleSales,,Offline Sources,Adhoc,,200801748D,,,,,,,,,,,,,,,,"B2C, Offline",,,,,,,,,,,,,,,,65 9880 1666,,,,,65 6738 1121,,,,,,,,,,Gov List,"ACRA, Google Searches",,
,,16/12/2025,OGAWA HEALTH-CARE PTE. LTD.,OGAWA HEALTH-CARE,,TeleSales,,Offline Sources,Adhoc,,200208302C,,,,,,,,,,,,,,,,"B2C, Offline",,,,,,,,,,,,,,,,65 9182 0666,colin.goh@ogawaworld.net,,,,,,,,,,,,,,Gov List,"ACRA, Google Searches",,
,,16/12/2025,X-KIMI PTE. LTD.,X-KIMI,,TeleSales,,Offline Sources,Adhoc,,201428995E,,,,,,,,,,,,,,,,"B2C, Offline",,,,,,,,,,,,,,,,65 9001 9082,,,,,,,,,,,,,,,Gov List,"ACRA, Google Searches",,
,,16/12/2025,LYJ INTERNATIONAL PTE. LTD.,LYJ,,TeleSales,,Offline Sources,Adhoc,,200703789N,,,,,,,,,,,,,,,,"B2C, Offline",,,,,,,,,,,,,,,,65 9222 8862,adam@skapglobal.com,,,,,,,,,,,,,,Gov List,"ACRA, Google Searches",,
,,16/12/2025,R&C DENTAL PTE. LTD.,R&C DENTAL,,TeleSales,,Offline Sources,Adhoc,,201221938Z,,,,,,,,,,,,,,,,"B2C, Offline",,,,,,,,,,,,,,,,65 9386 8973,lylccc@aol.com,,,,,,,,,,,,,,Gov List,"ACRA, Google Searches",,
,,16/12/2025,DE DENTAL PRACTICE PTE. LTD.,DE DENTAL PRACTICE,,TeleSales,,Offline Sources,Adhoc,,200606388K,,,,,,,,,,,,,,,,"B2C, Offline",,,,,,,,,,,,,,,,65 9785 0632,,,,,,,,,,,,,,,Gov List,"ACRA, Google Searches",,
,,16/12/2025,KILLINEY DENTAL CENTRE PTE. LTD.,KILLINEY DENTAL CENTRE,,TeleSales,,Offline Sources,Adhoc,,200723600R,,,,,,,,,,,,,,,,"B2C, Offline",,,,,,,,,,,,,,,,65 6705 9888,,,,,,,,,,,,,,,Gov List,"ACRA, Google Searches",,
,,16/12/2025,ELITE DENTAL GROUP PTE. LTD.,ELITE DENTAL,,TeleSales,,Offline Sources,Adhoc,,201408606C,,,,,,,,,,,,,,,,"B2C, Offline",,,,,,,,,,,,,,,,65 9723 9791,,,,,,,,,,,,,,,Gov List,"ACRA, Google Searches",,
,,16/12/2025,T32 DENTAL PEARL AT BEDOK PTE. LTD.,T32 DENTAL PEARL AT BEDOK,,TeleSales,,Offline Sources,Adhoc,,201404941R,,,,,,,,,,,,,,,,"B2C, Offline",,,,,,,,,,,,,,,,65 9666 0100,vincent.tan@etechit.net,,,,,,,,,,,,,,Gov List,"ACRA, Google Searches",,
,,16/12/2025,TOOFDOCTOR (PINNACLE) PTE. LTD.,TOOFDOCTOR PINNACLE,,TeleSales,,Offline Sources,Adhoc,,201003768W,,,,,,,,,,,,,,,,"B2C, Offline",,,,,,,,,,,,,,,,65 6634 1811,dr.raymondpoh@toofdoctor.com.sg,,,,,,,,,,,,,,Gov List,"ACRA, Google Searches",,
,,16/12/2025,LUMINOUS DENTAL CLINIC @ BEDOK MALL PTE. LTD.,LUMINOUS DENTAL CLINIC @ BEDOK POINT,,TeleSales,,Offline Sources,Adhoc,,201438349R,,,,,,,,,,,,,,,,"B2C, Offline",,,,,,,,,,,,,,,,65 9792 4534,kevinlee_78@hotmail.com,,,,,,,,,,,,,,Gov List,"ACRA, Google Searches",,
,,16/12/2025,DENTAL DESIGNS CLINIC PTE. LTD.,DENTAL DESIGNS CLINIC,,TeleSales,,Offline Sources,Adhoc,,201419928G,,,,,,,,,,,,,,,,"B2C, Offline",,,,,,,,,,,,,,,,65 9663 2916,jonathan@questek.com.sg,,,,,,,,,,,,,,Gov List,"ACRA, Google Searches",,
,,16/12/2025,T32 DENTAL PEARL AT JURONG PTE. LTD.,T32 DENTAL PEARL AT JURONG,,TeleSales,,Offline Sources,Adhoc,,201129495W,,,,,,,,,,,,,,,,"B2C, Offline",,,,,,,,,,,,,,,,65 6684 3833,jcube@t32dental.com,,,,,,,,,,,,,,Gov List,"ACRA, Google Searches",,
,,16/12/2025,PYSEA PTE. LTD.,PYSEA,,TeleSales,,Offline Sources,Adhoc,,201221690E,,,,,,,,,,,,,,,,"B2C, Offline",,,,,,,,,,,,,,,,65 9435 9651,eileen@princessyachtssea.com,,,,,,,,,,,,,,Gov List,"ACRA, Google Searches",,
,,16/12/2025,MEGA INDAH CARGO PTE. LTD.,MEGA INDAH CARGO,,TeleSales,,Offline Sources,Adhoc,,197802628N,,,,,,,,,,,,,,,,"B2C, Offline",,,,,,,,,,,,,,,,65 6546 2246,aza@megaindah.com.sg,,,,,,,,,,,,,,Gov List,"ACRA, Google Searches",,
,,16/12/2025,DOTS 'N' TOTS INTERIOR PTE. LTD.,DOTS N TOTS INTERIOR,,TeleSales,,Offline Sources,Adhoc,,201305864M,,,,,,,,,,,,,,,,"B2C, Offline",,,,,,,,,,,,,,,,65 8338 9292,waynechuan@dotsntots.com.sg,,,,,,,,,,,,,,Gov List,"ACRA, Google Searches",,
,,16/12/2025,ASIT TECHNICAL SERVICES PTE. LTD.,ASIT TECHNICAL,,TeleSales,,Offline Sources,Adhoc,,201609467D,,,,,,,,,,,,,,,,"B2C, Offline",,,,,,,,,,,,,,,,65 9816 9693,asittech@yahoo.com,,,,,,,,,,,,,,Gov List,"ACRA, Google Searches",,
,,16/12/2025,ONE CONCEPT DESIGN PTE. LTD.,ONE DESIGN CONCEPT,,TeleSales,,Offline Sources,Adhoc,,201411774G,,,,,,,,,,,,,,,,"B2C, Offline",,,,,,,,,,,,,,,,,stephanye@onedesignconcept.com.sg,,,,,,,,,,,,,,Gov List,"ACRA, Google Searches",,
,,16/12/2025,SKY CREATION DESIGN PTE. LTD.,SKY CREATION DESIGN,,TeleSales,,Offline Sources,Adhoc,,200822735K,,,,,,,,,,,,,,,,"B2C, Offline",,,,,,,,,,,,,,,,65 9025 1711,sky@skycreation.com.sg,,,,,,,,,,,,,,Gov List,"ACRA, Google Searches",,
,,16/12/2025,ZHONG JIANG (SINGAPORE) INTERNATIONAL PTE LTD,ZHONG JIANG S,,TeleSales,,Offline Sources,Adhoc,,199307625R,,,,,,,,,,,,,,,,"B2C, Offline",,,,,,,,,,,,,,,,65 6223 6225,sim@zhongjiang.com.sg,,,,,,,,,,,,,,Gov List,"ACRA, Google Searches",,
,,16/12/2025,KELINGTON ENGINEERING (S) PTE. LTD.,KELINGTON ENGINEERING S,,TeleSales,,Offline Sources,Adhoc,,200608338Z,,,,,,,,,,,,,,,,"B2C, Offline",,,,,,,,,,,,,,,,65 9838 1460,reymond.yeap@kelington-group.com,,,,,,,,,,,,,,Gov List,"ACRA, Google Searches",,
,,16/12/2025,SAS M & E PTE. LTD.,SAS M & E,,TeleSales,,Offline Sources,Adhoc,,201019107Z,,,,,,,,,,,,,,,,"B2C, Offline",,,,,,,,,,,,,,,,65 6763 9981,,,,,65 9670 3626,,,,,,,,,,Gov List,"ACRA, Google Searches",,
,,16/12/2025,COOLMAX SERVICES PTE. LTD.,COOLMAX,,TeleSales,,Offline Sources,Adhoc,,201718730W,,,,,,,,,,,,,,,,"B2C, Offline",,,,,,,,,,,,,,,,65 9299 0033,a_santacool@singnet.com.sg,,,,65 6487 5751,,,,,,,,,,Gov List,"ACRA, Google Searches",,
,,16/12/2025,D & D INDUSTRIES PTE. LTD.,D & D INDUSTRIES,,TeleSales,,Offline Sources,Adhoc,,200720047G,,,,,,,,,,,,,,,,"B2C, Offline",,,,,,,,,,,,,,,,65 9448 8864,,,,,,,,,,,,,,,Gov List,"ACRA, Google Searches",,
,,16/12/2025,I-CONCEPT PTE. LTD.,I-CONCEPT,,TeleSales,,Offline Sources,Adhoc,,200500246C,,,,,,,,,,,,,,,,"B2C, Offline",,,,,,,,,,,,,,,,65 9642 3626,,,,,,,,,,,,,,,Gov List,"ACRA, Google Searches",,
,,16/12/2025,ZIP SECURITY SERVICE PTE. LTD.,ZIP SECURITY PTD,,TeleSales,,Offline Sources,Adhoc,,201006821N,,,,,,,,,,,,,,,,"B2C, Offline",,,,,,,,,,,,,,,,,,,,,,,,,,,,,,,Gov List,"ACRA, Google Searches",,
,,16/12/2025,EAST ASIA ENGINEERING & CONSTRUCTION PTE. LTD.,EAST ASIA ENGINEERING & CONSTRUCTION,,TeleSales,,Offline Sources,Adhoc,,201002118K,,,,,,,,,,,,,,,,"B2C, Offline",,,,,,,,,,,,,,,,65 9181 9745,peichun@eastasiaconstruction.com.sg,,,,65 6392 4905,,,,,,,,,,Gov List,"ACRA, Google Searches",,
,,16/12/2025,MULTI SCAFF ENGINEERING PTE. LTD.,MULTI SCAFF ENGINEERING,,TeleSales,,Offline Sources,Adhoc,,201026906N,,,,,,,,,,,,,,,,"B2C, Offline",,,,,,,,,,,,,,,,65 9388 5030,accounts@multi-scaff.com,,,,,,,,,,,,,,Gov List,"ACRA, Google Searches",,
,,16/12/2025,KONG GENERAL CONTRACTOR PTE. LTD.,KONG GENERAL CONTRACTOR,,TeleSales,,Offline Sources,Adhoc,,201017658N,,,,,,,,,,,,,,,,"B2C, Offline",,,,,,,,,,,,,,,,65 9829 0080,michelleyyk@yahoo.com.sg,,,,,,,,,,,,,,Gov List,"ACRA, Google Searches",,
,,16/12/2025,SUN JIN HONG CONSTRUCTION PTE. LTD.,SUN JIN HONG CONSTRUCTION,,TeleSales,,Offline Sources,Adhoc,,200307116R,,,,,,,,,,,,,,,,"B2C, Offline",,,,,,,,,,,,,,,,65 6358 2181,sunjinhong@live.com,,,,,,,,,,,,,,Gov List,"ACRA, Google Searches",,
,,16/12/2025,EARTHSCAPE CONCEPTS PTE. LTD.,EARTHSCAPE CONCEPTS,,TeleSales,,Offline Sources,Adhoc,,200807603C,,,,,,,,,,,,,,,,"B2C, Offline",,,,,,,,,,,,,,,,65 9672 9766,guatyan.koh@earthscape.com.sg,,,,65 6848 9449,,,,,,,,,,Gov List,"ACRA, Google Searches",,
,,16/12/2025,BRIGHTLINK ELECTRICAL PTE. LTD.,BRIGHTLINK ELECTRICAL,,TeleSales,,Offline Sources,Adhoc,,201226294M,,,,,,,,,,,,,,,,"B2C, Offline",,,,,,,,,,,,,,,,65 9295 1166,helen-2525@hotmail.com,,,,65 6265 5725,,,,,,,,,,Gov List,"ACRA, Google Searches",,
,,16/12/2025,TS LANDSCAPE & CE PTE. LTD.,TS LANDSCAPE & CE,,TeleSales,,Offline Sources,Adhoc,,200200673N,,,,,,,,,,,,,,,,"B2C, Offline",,,,,,,,,,,,,,,,65 6543 0281,ts_landscape_ce@singnet.com.sg,,,,,,,,,,,,,,Gov List,"ACRA, Google Searches",,
,,16/12/2025,GOODLAND GROUP CONSTRUCTION PTE. LTD.,MS GOODLAND CONSTRUCTION,,TeleSales,,Offline Sources,Adhoc,,200802567E,,,,,,,,,,,,,,,,"B2C, Offline",,,,,,,,,,,,,,,,65 6570 0002,amie@goodlandgroup.com.sg,,,,,,,,,,,,,,Gov List,"ACRA, Google Searches",,
,,16/12/2025,E-TECH ENGINEERING,ENGINEERING,,TeleSales,,Offline Sources,Adhoc,,52938478K,,,,,,,,,,,,,,,,"B2C, Offline",,,,,,,,,,,,,,,,65 9691 8867,,,,,,,,,,,,,,,Gov List,"ACRA, Google Searches",,
,,16/12/2025,HOCK ANN METAL SCAFFOLDING PTE. LTD.,HOCK ANN METAL SCAFFOLDING,,TeleSales,,Offline Sources,Adhoc,,200802121K,,,,,,,,,,,,,,,,"B2C, Offline",,,,,,,,,,,,,,,,65 6862 0348,,,,,65 9734 6255,,,,,,,,,,Gov List,"ACRA, Google Searches",,
,,16/12/2025,WONG CONSTRUCTION,W W WONG CONSTRUCTION,,TeleSales,,Offline Sources,Adhoc,,53059554X,,,,,,,,,,,,,,,,"B2C, Offline",,,,,,,,,,,,,,,,65 9619 3762,wwwong8@hotmail.com,,,,65 6282 2170,,,,,65 6282 2172,,,,,Gov List,"ACRA, Google Searches",,
,,16/12/2025,HI-TEK CONSTRUCTION PTE. LTD.,HI-TEK CONSTRUCTION,,TeleSales,,Offline Sources,Adhoc,,198300486N,,,,,,,,,,,,,,,,"B2C, Offline",,,,,,,,,,,,,,,,65 9877 8044,vincent@hi-tek.com.sg,,,,,,,,,,,,,,Gov List,"ACRA, Google Searches",,
,,16/12/2025,MCWYN ENGINEERING PTE. LTD.,MCWYN ENGINEERING,,TeleSales,,Offline Sources,Adhoc,,200812775D,,,,,,,,,,,,,,,,"B2C, Offline",,,,,,,,,,,,,,,,65 9635 8466,mcwyn@singnet.com.sg,,,,65 6555 6556,,,,,,,,,,Gov List,"ACRA, Google Searches",,
,,16/12/2025,C K PLUMBING CONTRACTOR,ABLE PLUMBING CONTRACTOR,,TeleSales,,Offline Sources,Adhoc,,53201450B,,,,,,,,,,,,,,,,"B2C, Offline",,,,,,,,,,,,,,,,65 9009 8890,ableplumbing@singnet.com.sg,,,,65 6785 2893,,,,,65 6785 3382,,,,,Gov List,"ACRA, Google Searches",,
,,16/12/2025,AUTO SYSTEM PTE. LTD.,AUTO,,TeleSales,,Offline Sources,Adhoc,,200609775M,,,,,,,,,,,,,,,,"B2C, Offline",,,,,,,,,,,,,,,,65 9746 8900,,,,,,,,,,,,,,,Gov List,"ACRA, Google Searches",,
,,16/12/2025,ASAHI KOKUSAI TECHNEION SINGAPORE PTE. LTD.,ASAHI KOKUSAI TECHNEION,,TeleSales,,Offline Sources,Adhoc,,199101610D,,,,,,,,,,,,,,,,"B2C, Offline",,,,,,,,,,,,,,,,65 9376 6487,,,,,,,,,,,,,,,Gov List,"ACRA, Google Searches",,
,,16/12/2025,MORNINGSIDE EAST PTE. LTD.,MORNINGSIDE,,TeleSales,,Offline Sources,Adhoc,,202216088C,,,,,,,,,,,,,,,,"B2C, Offline",,,,,,,,,,,,,,,,65 8468 7775,rogeroh@morningside-id.com,,,,65 6746 1198,,,,,,,,,,Gov List,"ACRA, Google Searches",,
,,16/12/2025,WAH LOON ENGINEERING PTE. LTD.,WAH LOON ENGINEERING,,TeleSales,,Offline Sources,Adhoc,,199004859G,,,,,,,,,,,,,,,,"B2C, Offline",,,,,,,,,,,,,,,,65 6420 0164,itsupport@wahloon.com.sg,,,,,,,,,,,,,,Gov List,"ACRA, Google Searches",,
,,16/12/2025,RICH AIRE PTE. LTD.,RICH AIRE,,TeleSales,,Offline Sources,Adhoc,,200704646M,,,,,,,,,,,,,,,,"B2C, Offline",,,,,,,,,,,,,,,,65 8188 4948,bok@richaire.com.sg,,,,65 6844 7389,,,,,,,,,,Gov List,"ACRA, Google Searches",,
,,16/12/2025,LIANHE CONSTRUCTION PTE. LTD.,LIANHE CONSTRUCTION,,TeleSales,,Offline Sources,Adhoc,,201013835Z,,,,,,,,,,,,,,,,"B2C, Offline",,,,,,,,,,,,,,,,65 9170 1781,lianheconstruction@gmail.com,,,,65 6456 1626,,,,,,,,,,Gov List,"ACRA, Google Searches",,
,,16/12/2025,HO ENGINEERING,SAN HO ENGINEERING,,TeleSales,,Offline Sources,Adhoc,,53253334L,,,,,,,,,,,,,,,,"B2C, Offline",,,,,,,,,,,,,,,,65 9271 2798,gary@sanhoengrg.com.sg,,,,,,,,,,,,,,Gov List,"ACRA, Google Searches",,
,,16/12/2025,S*STAR ENGINEERING,STAR ENGINEERING,,TeleSales,,Offline Sources,Adhoc,,53312247C,,,,,,,,,,,,,,,,"B2C, Offline",,,,,,,,,,,,,,,,65 9469 8818,,,,,65 9075 7698,,,,,65 8403 4603,,,,,Gov List,"ACRA, Google Searches",,
,,16/12/2025,U-HOME INTERIOR DESIGN PTE. LTD.,U-HOME INTERIOR DESIGN,,TeleSales,,Offline Sources,Adhoc,,200207072K,,,,,,,,,,,,,,,,"B2C, Offline",,,,,,,,,,,,,,,,65 9487 9178,,,,,,,,,,,,,,,Gov List,"ACRA, Google Searches",,
,,16/12/2025,AUMADA PTE. LTD.,AUMADA,,TeleSales,,Offline Sources,Adhoc,,200508079N,,,,,,,,,,,,,,,,"B2C, Offline",,,,,,,,,,,,,,,,65 6846 4774,cci.ashley@gmail.com,,,,,,,,,,,,,,Gov List,"ACRA, Google Searches",,
,,16/12/2025,GUARDFIRE SINGAPORE PTE. LTD.,GUARDFIRE,,TeleSales,,Offline Sources,Adhoc,,199308009D,,,,,,,,,,,,,,,,"B2C, Offline",,,,,,,,,,,,,,,,65 8288 7073,alfred.koh@guardfire.com,,,,,,,,,,,,,,Gov List,"ACRA, Google Searches",,
,,16/12/2025,VEI FONG BUILDER PTE. LTD.,VEI FONG BUILDER,,TeleSales,,Offline Sources,Adhoc,,201835745R,,,,,,,,,,,,,,,,"B2C, Offline",,,,,,,,,,,,,,,,65 9636 1578,vfbuilder@yahoo.com.sg,,,,65 6547 4998,,,,,,,,,,Gov List,"ACRA, Google Searches",,
,,16/12/2025,SH ENGINEERING & CONSTRUCTION PTE. LTD.,SH ENGINEERING & CONSTRUCTION,,TeleSales,,Offline Sources,Adhoc,,200923252K,,,,,,,,,,,,,,,,"B2C, Offline",,,,,,,,,,,,,,,,65 9126 5164,samyckm@yahoo.com,,,,65 6784 1024,,,,,,,,,,Gov List,"ACRA, Google Searches",,
,,16/12/2025,K J INTERNATIONAL PTE. LTD.,Y J,,TeleSales,,Offline Sources,Adhoc,,202042241E,,,,,,,,,,,,,,,,"B2C, Offline",,,,,,,,,,,,,,,,65 9006 5869,kmy@yj.com.sg,,,,65 6450 0314,,,,,,,,,,Gov List,"ACRA, Google Searches",,
,,16/12/2025,TEH ENGINEERING PTE. LTD.,TEH ENGINEERING,,TeleSales,,Offline Sources,Adhoc,,200311143C,,,,,,,,,,,,,,,,"B2C, Offline",,,,,,,,,,,,,,,,,,,,,,,,,,,,,,,Gov List,"ACRA, Google Searches",,
,,16/12/2025,ESPRO GLOBAL (S) PTE. LTD.,ESPRO S,,TeleSales,,Offline Sources,Adhoc,,200913573M,,,,,,,,,,,,,,,,"B2C, Offline",,,,,,,,,,,,,,,,65 9889 0044,elaine.chng@esproglobal.com,,,,65 6746 6927,,,,,,,,,,Gov List,"ACRA, Google Searches",,
,,16/12/2025,SYSTEMS INTEGRATORS PTE. LTD.,INTEGRATORS,,TeleSales,,Offline Sources,Adhoc,,200804425K,,,,,,,,,,,,,,,,"B2C, Offline",,,,,,,,,,,,,,,,65 9009 7111,dereklim@systems-integrators.com.sg,,,,,,,,,,,,,,Gov List,"ACRA, Google Searches",,
,,16/12/2025,JOE GREEN PTE. LTD.,JOE GREEN,,TeleSales,,Offline Sources,Adhoc,,200613764H,,,,,,,,,,,,,,,,"B2C, Offline",,,,,,,,,,,,,,,,65 6283 8813,david@johndav.com.sg,,,,,,,,,,,,,,Gov List,"ACRA, Google Searches",,
,,16/12/2025,YDL CONSTRUCTION PTE. LTD.,YDL CONSTRUCTION,,TeleSales,,Offline Sources,Adhoc,,200409601W,,,,,,,,,,,,,,,,"B2C, Offline",,,,,,,,,,,,,,,,65 6886 9091,cindy.chai@ydl.com.sg,,,,65 6481 9585,,,,,,,,,,Gov List,"ACRA, Google Searches",,
,,16/12/2025,CHIU TENG CONSTRUCTION CO. PTE. LTD.,CHIU TENG CONSTRUCTION,,TeleSales,,Offline Sources,Adhoc,,198302269E,,,,,,,,,,,,,,,,"B2C, Offline",,,,,,,,,,,,,,,,65 6250 9000,,,,,,,,,,,,,,,Gov List,"ACRA, Google Searches",,
,,16/12/2025,RICH DIMENSION PTE. LTD.,RICH DIMENSION,,TeleSales,,Offline Sources,Adhoc,,200914362R,,,,,,,,,,,,,,,,"B2C, Offline",,,,,,,,,,,,,,,,65 6570 8378,carineho@richbuilt.com.sg,,,,,,,,,,,,,,Gov List,"ACRA, Google Searches",,
,,16/12/2025,LEE AND LEONG FIRE SYSTEMS AND ENGINEERING PTE. LTD.,LEE AND LEONG FIRE AND ENGINEERING,,TeleSales,,Offline Sources,Adhoc,,200819360M,,,,,,,,,,,,,,,,"B2C, Offline",,,,,,,,,,,,,,,,65 6747 3769,asrinmd@ii-firesystems.com.sg,,,,65 9829 2744,,,,,,,,,,Gov List,"ACRA, Google Searches",,
,,16/12/2025,GIKEN SEISAKUSHO ASIA PTE. LTD.,GIKEN SEISAKUSHO ASIA,,TeleSales,,Offline Sources,Adhoc,,199600436G,,,,,,,,,,,,,,,,"B2C, Offline",,,,,,,,,,,,,,,,65 9748 0350,ace@okamura.com.sg,,,,,,,,,,,,,,Gov List,"ACRA, Google Searches",,
,,16/12/2025,PRACTICAL ANSWER SERVICES,PRACTICAL ANSWER,,TeleSales,,Offline Sources,Adhoc,,52935250L,,,,,,,,,,,,,,,,"B2C, Offline",,,,,,,,,,,,,,,,65 9002 7475,tanas@practical-answer.com,,,,,,,,,,,,,,Gov List,"ACRA, Google Searches",,
,,16/12/2025,EDACPOWER ELECTRONICS PTE. LTD.,EDACPOWER ELECTRONICS,,TeleSales,,Offline Sources,Adhoc,,200815622C,,,,,,,,,,,,,,,,"B2C, Offline",,,,,,,,,,,,,,,,65 6457 7877,frisca@edac.com.sg,,,,,,,,,,,,,,Gov List,"ACRA, Google Searches",,
,,16/12/2025,SAMSUNG ASIA PTE. LTD.,SAMSUNG ASIA,,TeleSales,,Offline Sources,Adhoc,,200610380D,,,,,,,,,,,,,,,,"B2C, Offline",,,,,,,,,,,,,,,,65 9146 6151,,,,,,,,,,,,,,,Gov List,"ACRA, Google Searches",,
,,16/12/2025,LINXENS SINGAPORE PTE. LTD.,LINXENS,,TeleSales,,Offline Sources,Adhoc,,200312306H,,,,,,,,,,,,,,,,"B2C, Offline",,,,,,,,,,,,,,,,65 9296 1386,frederick.nicolas@linxens.com,,,,,,,,,,,,,,Gov List,"ACRA, Google Searches",,
,,16/12/2025,TUNITY TECHNOLOGIES PTE. LTD.,TUNITY,,TeleSales,,Offline Sources,Adhoc,,200300277D,,,,,,,,,,,,,,,,"B2C, Offline",,,,,,,,,,,,,,,,65 9660 4222,,,,,65 9697 1021,,,,,,,,,,Gov List,"ACRA, Google Searches",,
,,16/12/2025,KOWAYO BY E MEDI PTE. LTD.,KOWAYO BY E MEDI,,TeleSales,,Offline Sources,Adhoc,,200810572H,,,,,,,,,,,,,,,,"B2C, Offline",,,,,,,,,,,,,,,,65 9728 2087,,,,,65 6884 4280,,,,,,,,,,Gov List,"ACRA, Google Searches",,
,,16/12/2025,HK FAMILY CLINIC & SURGERY PTE. LTD.,HK FAMILY CLINIC & SURGERY,,TeleSales,,Offline Sources,Adhoc,,200902578M,,,,,,,,,,,,,,,,"B2C, Offline",,,,,,,,,,,,,,,,65 9777 1483,hl_clinic@yahoo.com.sg,,,,,,,,,,,,,,Gov List,"ACRA, Google Searches",,
,,16/12/2025,THE ENT PRACTICE PTE. LTD.,THE ENT PRACTICE,,TeleSales,,Offline Sources,Adhoc,,202435055W,,,,,,,,,,,,,,,,"B2C, Offline",,,,,,,,,,,,,,,,65 9648 0600,vivteo@singnet.com.sg,,,,,,,,,,,,,,Gov List,"ACRA, Google Searches",,
,,16/12/2025,BEIJING TONG REN TANG SCIENCE ARTS (SINGAPORE) CO PTE. LTD.,BEIJING TONG REN TANG SCIENCE ARTS S,,TeleSales,,Offline Sources,Adhoc,,200312193C,,,,,,,,,,,,,,,,"B2C, Offline",,,,,,,,,,,,,,,,65 9732 8273,,,,,,,,,,,,,,,Gov List,"ACRA, Google Searches",,
,,16/12/2025,ACACIA PYT PTE. LTD.,ACACIA PYT,,TeleSales,,Offline Sources,Adhoc,,200506807G,,,,,,,,,,,,,,,,"B2C, Offline",,,,,,,,,,,,,,,,65 9856 5020,,,,,,,,,,,,,,,Gov List,"ACRA, Google Searches",,
,,16/12/2025,DR NATASHA LIM EYE CENTRE PTE. LTD.,DR NATASHA LIM EYE CENTRE,,TeleSales,,Offline Sources,Adhoc,,201226530R,,,,,,,,,,,,,,,,"B2C, Offline",,,,,,,,,,,,,,,,65 8163 8970,design_revelation@hotmail.com,,,,65 6552 5975,,,,,,,,,,Gov List,"ACRA, Google Searches",,
,,16/12/2025,PROHEALTH MEDICAL GROUP @TAMAN JURONG PTE. LTD.,PROHEALTH MEDICAL @JURONG WEST,,TeleSales,,Offline Sources,Adhoc,,201006994K,,,,,,,,,,,,,,,,"B2C, Offline",,,,,,,,,,,,,,,,65 9845 5308,matthewwong@phmgpl.com,,,,,,,,,,,,,,Gov List,"ACRA, Google Searches",,
,,16/12/2025,KINDER CLINIC PTE. LTD.,KINDER CLINIC,,TeleSales,,Offline Sources,Adhoc,,200305142W,,,,,,,,,,,,,,,,"B2C, Offline",,,,,,,,,,,,,,,,65 9003 1035,augustine@kinderclinic.com.sg,,,,,,,,,,,,,,Gov List,"ACRA, Google Searches",,
,,16/12/2025,LEE RESPIRATORY AND SLEEP CLINIC PTE. LTD.,LEE RESPIRATORY AND SLEEP CLINIC,,TeleSales,,Offline Sources,Adhoc,,201219566K,,,,,,,,,,,,,,,,"B2C, Offline",,,,,,,,,,,,,,,,65 8230 1916,alvin@liquidspacegroup.com,,,,,,,,,,,,,,Gov List,"ACRA, Google Searches",,
,,16/12/2025,MEMSTAR PTE. LTD.,MEMSTAR,,TeleSales,,Offline Sources,Adhoc,,200506193R,,,,,,,,,,,,,,,,"B2C, Offline",,,,,,,,,,,,,,,,,yanto@memstar.com.sg,,,,,,,,,,,,,,Gov List,"ACRA, Google Searches",,
,,16/12/2025,SINGGAS (LPG) PTE. LTD.,SINGGAS LPG,,TeleSales,,Offline Sources,Adhoc,,200506341Z,,,,,,,,,,,,,,,,"B2C, Offline",,,,,,,,,,,,,,,,65 6863 4290,wendy.phay@singgas.com.sg,,,,,,,,,,,,,,Gov List,"ACRA, Google Searches",,
,,16/12/2025,CERPLAS CHEMICALS PTE. LTD.,CERPLAS CHEMICALS,,TeleSales,,Offline Sources,Adhoc,,200207005N,,,,,,,,,,,,,,,,"B2C, Offline",,,,,,,,,,,,,,,,65 6287 3677,geline@cerplaschemicals.com,,,,,,,,,,,,,,Gov List,"ACRA, Google Searches",,
,,16/12/2025,SODEXO SINGAPORE PTE. LTD.,SODEXO,,TeleSales,,Offline Sources,Adhoc,,198200257N,,,,,,,,,,,,,,,,"B2C, Offline",,,,,,,,,,,,,,,,65 9768 2145,chris.ho@sodexo.com,,,,65 9678 4924,,,,,,,,,,Gov List,"ACRA, Google Searches",,
,,16/12/2025,AUTOPRESTIGE GALLERY PTE. LTD.,AUTOPRESTIGE GALLERY,,TeleSales,,Offline Sources,Adhoc,,201604336W,,,,,,,,,,,,,,,,"B2C, Offline",,,,,,,,,,,,,,,,65 9424 4651,jeffphuaca@hotmail.com,,,,,,,,,,,,,,Gov List,"ACRA, Google Searches",,
,,16/12/2025,JOE & DOUGH PTE. LTD.,JOE & DOUGH,,TeleSales,,Offline Sources,Adhoc,,200901094E,,,,,,,,,,,,,,,,"B2C, Offline",,,,,,,,,,,,,,,,65 9730 1408,,,,,,,,,,,,,,,Gov List,"ACRA, Google Searches",,
,,16/12/2025,VONS DESSERT PTE. LTD.,VONS DESSERT,,TeleSales,,Offline Sources,Adhoc,,200719798M,,,,,,,,,,,,,,,,"B2C, Offline",,,,,,,,,,,,,,,,65 9791 0410,,,,,65 6779 1156,,,,,,,,,,Gov List,"ACRA, Google Searches",,
,,16/12/2025,SCOOP,SCOOP & SCOOP,,TeleSales,,Offline Sources,Adhoc,,53421855E,,,,,,,,,,,,,,,,"B2C, Offline",,,,,,,,,,,,,,,,65 9787 0031,,,,,65 6338 2931,,,,,,,,,,Gov List,"ACRA, Google Searches",,
,,16/12/2025,GOLDEN DONUTS PTE. LTD.,GOLDEN DONUTS,,TeleSales,,Offline Sources,Adhoc,,200703146D,,,,,,,,,,,,,,,,"B2C, Offline",,,,,,,,,,,,,,,,65 9631 5554,benedict@dunkindonuts.com.my,,,,,,,,,,,,,,Gov List,"ACRA, Google Searches",,
,,16/12/2025,XI DE LI (ION) PTE. LTD.,XI DE LI ION,,TeleSales,,Offline Sources,Adhoc,,200814911E,,,,,,,,,,,,,,,,"B2C, Offline",,,,,,,,,,,,,,,,65 9639 6418,pathomkoh@xideli.com.sg,,,,,,,,,,,,,,Gov List,"ACRA, Google Searches",,
,,16/12/2025,D' COFFEESHOP PTE. LTD.,D COFFEESHOP,,TeleSales,,Offline Sources,Adhoc,,200516387N,,,,,,,,,,,,,,,,"B2C, Offline",,,,,,,,,,,,,,,,65 9115 2385,,,,,,,,,,,,,,,Gov List,"ACRA, Google Searches",,
,,16/12/2025,SF (BEDOK) PTE. LTD.,SF BEDOK,,TeleSales,,Offline Sources,Adhoc,,201511964G,,,,,,,,,,,,,,,,"B2C, Offline",,,,,,,,,,,,,,,,65 9835 8857,bdeco@singnet.com.sg,,,,,,,,,,,,,,Gov List,"ACRA, Google Searches",,
,,16/12/2025,YA KUN CAFE PTE. LTD.,YA KUN CAFE,,TeleSales,,Offline Sources,Adhoc,,200208213K,,,,,,,,,,,,,,,,"B2C, Offline",,,,,,,,,,,,,,,,65 8425 9171,,,,,,,,,,,,,,,Gov List,"ACRA, Google Searches",,
,,16/12/2025,MINOR FOOD GROUP (SINGAPORE) PTE. LTD.,MINOR FOOD,,TeleSales,,Offline Sources,Adhoc,,200002490D,,,,,,,,,,,,,,,,"B2C, Offline",,,,,,,,,,,,,,,,65 9363 2274,,,,,,,,,,,,,,,Gov List,"ACRA, Google Searches",,
,,16/12/2025,SF (CHANGI CITY PT) PTE. LTD.,SF CHANGI CITY PT,,TeleSales,,Offline Sources,Adhoc,,201100799C,,,,,,,,,,,,,,,,"B2C, Offline",,,,,,,,,,,,,,,,65 9152 6688,steveflo@starhub.net.sg,,,,,,,,,,,,,,Gov List,"ACRA, Google Searches",,
,,16/12/2025,MIN HWA ENVELOPE MANUFACTURERS PTE. LTD.,MIN HWA ENVELOPE MANUFACTURERS,,TeleSales,,Offline Sources,Adhoc,,197301402Z,,,,,,,,,,,,,,,,"B2C, Offline",,,,,,,,,,,,,,,,65 6861 9911,jasmine@anchorenvelope.com,,,,,,,,,,,,,,Gov List,"ACRA, Google Searches",,
,,16/12/2025,SCENTUARY LIFESTYLE PTE. LTD.,SCENTUARY LIFESTYLE,,TeleSales,,Offline Sources,Adhoc,,201118026G,,,,,,,,,,,,,,,,"B2C, Offline",,,,,,,,,,,,,,,,65 9852 9297,scentuary77@yahoo.com.sg,,,,,,,,,,,,,,Gov List,"ACRA, Google Searches",,
,,16/12/2025,ELEGANCE BEAUTY & SLIMMING CENTRE PTE. LTD.,ELEGANCE BEAUTY & SLIMMING CENTRE,,TeleSales,,Offline Sources,Adhoc,,201333799M,,,,,,,,,,,,,,,,"B2C, Offline",,,,,,,,,,,,,,,,65 6221 8058,,,,,65 8235 2067,,,,,,,,,,Gov List,"ACRA, Google Searches",,
,,16/12/2025,PAMPERLOFT HEAD SPA PTE. LTD.,PAMPERLOFT,,TeleSales,,Offline Sources,Adhoc,,202505354Z,,,,,,,,,,,,,,,,"B2C, Offline",,,,,,,,,,,,,,,,65 9336 0180,,,,,,,,,,,,,,,Gov List,"ACRA, Google Searches",,
,,16/12/2025,TIFF.F PTE. LTD.,TIFFS,,TeleSales,,Offline Sources,Adhoc,,202232641M,,,,,,,,,,,,,,,,"B2C, Offline",,,,,,,,,,,,,,,,65 9693 7797,,,,,,,,,,,,,,,Gov List,"ACRA, Google Searches",,
,,16/12/2025,TANG DYNASTY FOOT SPA PTE. LTD.,TANG DYNASTY FOOT SPA,,TeleSales,,Offline Sources,Adhoc,,201416374K,,,,,,,,,,,,,,,,"B2C, Offline",,,,,,,,,,,,,,,,65 9662 8781,,,,,,,,,,,,,,,Gov List,"ACRA, Google Searches",,
,,16/12/2025,U SPA & WELLNESS,A & A WELLNESS SPA,,TeleSales,,Offline Sources,Adhoc,,53444173D,,,,,,,,,,,,,,,,"B2C, Offline",,,,,,,,,,,,,,,,65 9099 7659,angiel233b@gmail.com,,,,,,,,,,,,,,Gov List,"ACRA, Google Searches",,
,,16/12/2025,WAN YANG HEALTH PRODUCT AND FOOT REFLEXOLOGY CENTRE PTE. LTD.,WAN YANG HEALTH PRODUCT & FOOT-REFLEXOLOGY CENTRE,,TeleSales,,Offline Sources,Adhoc,,202418059N,,,,,,,,,,,,,,,,"B2C, Offline",,,,,,,,,,,,,,,,65 9690 2406,,,,,,,,,,,,,,,Gov List,"ACRA, Google Searches",,
,,16/12/2025,RABBIT FOOT MASSAGE AND THERAPY PTE. LTD.,RABBIT FOOT MASSAGE AND THERAPY,,TeleSales,,Offline Sources,Adhoc,,201502396W,,,,,,,,,,,,,,,,"B2C, Offline",,,,,,,,,,,,,,,,65 9828 5008,,,,,,,,,,,,,,,Gov List,"ACRA, Google Searches",,
,,16/12/2025,ASTERSPRING INTERNATIONAL (S) PTE. LTD.,ASTERSPRING S,,TeleSales,,Offline Sources,Adhoc,,199608369N,,,,,,,,,,,,,,,,"B2C, Offline",,,,,,,,,,,,,,,,65 9759 3177,patrick.jong@estheticsgroup.com,,,,,,,,,,,,,,Gov List,"ACRA, Google Searches",,
,,16/12/2025,KALO BEAUTY PTE. LTD.,KALO BEAUTY,,TeleSales,,Offline Sources,Adhoc,,201311504E,,,,,,,,,,,,,,,,"B2C, Offline",,,,,,,,,,,,,,,,65 9876 5211,kalobeauty@yahoo.com.sg,,,,,,,,,,,,,,Gov List,"ACRA, Google Searches",,
,,16/12/2025,DOUBLE R PTE. LTD.,DOUBLE R,,TeleSales,,Offline Sources,Adhoc,,201604642K,,,,,,,,,,,,,,,,"B2C, Offline",,,,,,,,,,,,,,,,65 8726 2116,,,,,65 9681 6101,,,,,,,,,,Gov List,"ACRA, Google Searches",,
,,16/12/2025,VIOLET WELLNESS,VIOLET SPA & WELLNESS,,TeleSales,,Offline Sources,Adhoc,,53403082C,,,,,,,,,,,,,,,,"B2C, Offline",,,,,,,,,,,,,,,,65 9113 8971,michael@sporebranch.com,,,,,,,,,,,,,,Gov List,"ACRA, Google Searches",,
,,16/12/2025,EC HOUSE PTE. LTD.,EC HOUSE,,TeleSales,,Offline Sources,Adhoc,,201107189R,,,,,,,,,,,,,,,,"B2C, Offline",,,,,,,,,,,,,,,,65 9617 7167,henry.lim@netpluz.asia,,,,65 6805 8986,,,,,,,,,,Gov List,"ACRA, Google Searches",,
,,16/12/2025,FAYE BEAUTY PTE. LTD.,FAYE BEAUTY,,TeleSales,,Offline Sources,Adhoc,,200909438C,,,,,,,,,,,,,,,,"B2C, Offline",,,,,,,,,,,,,,,,65 9735 1270,fayebeauty@gmail.com,,,,,,,,,,,,,,Gov List,"ACRA, Google Searches",,
,,16/12/2025,CLS INTERNATIONAL MARKETING PTE. LTD.,CLS MARKETING,,TeleSales,,Offline Sources,Adhoc,,200203954M,,,,,,,,,,,,,,,,"B2C, Offline",,,,,,,,,,,,,,,,65 6222 5279,kristychang@cls-touche.com,,,,,,,,,,,,,,Gov List,"ACRA, Google Searches",,
,,16/12/2025,SHILLA TRAVEL RETAIL PTE. LTD.,SHILLA TRAVEL RETAIL,,TeleSales,,Offline Sources,Adhoc,,201217415H,,,,,,,,,,,,,,,,"B2C, Offline",,,,,,,,,,,,,,,,65 8611 1522,adel@new4u.com.sg,,,,,,,,,,,,,,Gov List,"ACRA, Google Searches",,
,,16/12/2025,AMOREPACIFIC SINGAPORE PTE. LTD.,AMOREPACIFIC,,TeleSales,,Offline Sources,Adhoc,,200107846H,,,,,,,,,,,,,,,,"B2C, Offline",,,,,,,,,,,,,,,,65 9830 1211,,,,,,,,,,,,,,,Gov List,"ACRA, Google Searches",,
,,16/12/2025,BEYONLAB PTE. LTD.,BEYONLAB,,TeleSales,,Offline Sources,Adhoc,,201223847Z,,,,,,,,,,,,,,,,"B2C, Offline",,,,,,,,,,,,,,,,65 9875 2299,pehpehang@beyonlab.net,,,,,,,,,,,,,,Gov List,"ACRA, Google Searches",,
,,16/12/2025,BAGZX (PTE. LTD.),BAGZX,,TeleSales,,Offline Sources,Adhoc,,201218638M,,,,,,,,,,,,,,,,"B2C, Offline",,,,,,,,,,,,,,,,65 9691 9801,,,,,65 6749 8131,,,,,,,,,,Gov List,"ACRA, Google Searches",,
,,16/12/2025,BLUEBELL (ASIA) PTE LTD,BLUEBELL,,TeleSales,,Offline Sources,Adhoc,,198002737G,,,,,,,,,,,,,,,,"B2C, Offline",,,,,,,,,,,,,,,,65 9736 5829,,,,,,,,,,,,,,,Gov List,"ACRA, Google Searches",,
,,16/12/2025,DOLCE & GABBANA BEAUTY SINGAPORE PTE. LTD.,DOLCE & GABBANA,,TeleSales,,Offline Sources,Adhoc,,202240567N,,,,,,,,,,,,,,,,"B2C, Offline",,,,,,,,,,,,,,,,65 9754 4189,,,,,,,,,,,,,,,Gov List,"ACRA, Google Searches",,
,,16/12/2025,ACTUALLY TRADING PTE. LTD.,ACTUALLY,,TeleSales,,Offline Sources,Adhoc,,200808463E,,,,,,,,,,,,,,,,"B2C, Offline",,,,,,,,,,,,,,,,65 9760 5157,shop@actually.sg,,,,65 6735 3118,,,,,65 6748 0721,,,,,Gov List,"ACRA, Google Searches",,
,,16/12/2025,STYLE & STYLE PTE. LTD.,HI STYLE,,TeleSales,,Offline Sources,Adhoc,,200714820H,,,,,,,,,,,,,,,,"B2C, Offline",,,,,,,,,,,,,,,,65 9327 7610,derrick.pwa8@gamil.com,,,,,,,,,,,,,,Gov List,"ACRA, Google Searches",,
,,16/12/2025,TACHYON MOTOR PTE. LTD.,TACHYON MOTOR,,TeleSales,,Offline Sources,Adhoc,,200704431R,,,,,,,,,,,,,,,,"B2C, Offline",,,,,,,,,,,,,,,,65 8113 9137,tyt_tak@hotmail.com,,,,65 6783 1948,,,,,,,,,,Gov List,"ACRA, Google Searches",,
,,16/12/2025,HORIZON AUTO TUNERS PTE. LTD.,HORIZON AUTO TUNERS,,TeleSales,,Offline Sources,Adhoc,,200915883C,,,,,,,,,,,,,,,,"B2C, Offline",,,,,,,,,,,,,,,,65 9681 6469,julian@horizonautotuners.com,,,,,,,,,,,,,,Gov List,"ACRA, Google Searches",,
,,16/12/2025,AXWERKZ GARAGE PTE. LTD.,AXWERKZ GARAGE,,TeleSales,,Offline Sources,Adhoc,,201401306D,,,,,,,,,,,,,,,,"B2C, Offline",,,,,,,,,,,,,,,,65 9753 5445,,,,,,,,,,,,,,,Gov List,"ACRA, Google Searches",,
,,16/12/2025,DIESEL INJECTRONIC PTE. LTD.,DIESEL INJECTRONIC,,TeleSales,,Offline Sources,Adhoc,,200206731N,,,,,,,,,,,,,,,,"B2C, Offline",,,,,,,,,,,,,,,,65 6339 1155,pioneer@euro5diesel.com.sg,,,,,,,,,,,,,,Gov List,"ACRA, Google Searches",,
,,16/12/2025,SHAO FOOK ENGINEERING PTE. LTD.,SHAO FOOK ENGINEERING,,TeleSales,,Offline Sources,Adhoc,,200713227C,,,,,,,,,,,,,,,,"B2C, Offline",,,,,,,,,,,,,,,,65 9117 1680,,,,,65 6861 1918,,,,,,,,,,Gov List,"ACRA, Google Searches",,
,,16/12/2025,ATLANTIC ENGINEERS PTE. LTD.,ATLANTIC ENGINEERS,,TeleSales,,Offline Sources,Adhoc,,201023286E,,,,,,,,,,,,,,,,"B2C, Offline",,,,,,,,,,,,,,,,65 9886 3442,atlanticengineer@gmail.com,,,,,,,,,,,,,,Gov List,"ACRA, Google Searches",,
,,16/12/2025,TANABE ENGINEERING SINGAPORE PTE. LTD.,TANABE ENGINEERING,,TeleSales,,Offline Sources,Adhoc,,201024771G,,,,,,,,,,,,,,,,"B2C, Offline",,,,,,,,,,,,,,,,65 9766 9178,karenyew@tanabe.com.sg,,,,,,,,,,,,,,Gov List,"ACRA, Google Searches",,
,,16/12/2025,PERCEPTIVE ENGINEERING PTE. LTD.,PERCEPTIVE ENGINEERING,,TeleSales,,Offline Sources,Adhoc,,201323033K,,,,,,,,,,,,,,,,"B2C, Offline",,,,,,,,,,,,,,,,65 9660 0831,tliu@perceptiveapc.com,,,,,,,,,,,,,,Gov List,"ACRA, Google Searches",,
,,16/12/2025,MALKEN ENGINEERING PTE. LTD.,MALKEN ENGINEERING,,TeleSales,,Offline Sources,Adhoc,,200912217Z,,,,,,,,,,,,,,,,"B2C, Offline",,,,,,,,,,,,,,,,65 9002 2222,malken_engrg@live.com,,,,,,,,,,,,,,Gov List,"ACRA, Google Searches",,
,,16/12/2025,TML ENGINEERING PTE. LTD.,TML ENGINEERING,,TeleSales,,Offline Sources,Adhoc,,201401950H,,,,,,,,,,,,,,,,"B2C, Offline",,,,,,,,,,,,,,,,65 9816 7125,,,,,,,,,,,,,,,Gov List,"ACRA, Google Searches",,
,,16/12/2025,FUGRO HOLDING SINGAPORE PTE LTD,FUGRO,,TeleSales,,Offline Sources,Adhoc,,199806037E,,,,,,,,,,,,,,,,"B2C, Offline",,,,,,,,,,,,,,,,65 9651 9794,s.balachandaram@fugro.com,,,,,,,,,,,,,,Gov List,"ACRA, Google Searches",,
,,16/12/2025,EZ SEMICONDUCTOR SERVICE PTE. LTD.,EZ SEMICONDUCTOR,,TeleSales,,Offline Sources,Adhoc,,200923372K,,,,,,,,,,,,,,,,"B2C, Offline",,,,,,,,,,,,,,,,65 8188 2035,jasmine_phua@ez-tech.com.tw,,,,,,,,,,,,,,Gov List,"ACRA, Google Searches",,
,,16/12/2025,SEA2SEA INTERNATIONAL PTE. LTD.,SEA2SEA,,TeleSales,,Offline Sources,Adhoc,,200501918D,,,,,,,,,,,,,,,,"B2C, Offline",,,,,,,,,,,,,,,,65 6299 1377,,,,,65 9848 5282,,,,,,,,,,Gov List,"ACRA, Google Searches",,
,,16/12/2025,NAVA 1872 PTE. LTD.,NAVA 1872,,TeleSales,,Offline Sources,Adhoc,,198804128Z,,,,,,,,,,,,,,,,"B2C, Offline",,,,,,,,,,,,,,,,65 9694 5655,,,,,,,,,,,,,,,Gov List,"ACRA, Google Searches",,
,,16/12/2025,ABUNDANT PRODUCTIONS PTE. LTD.,ABUNDANT PRODUCTIONS,,TeleSales,,Offline Sources,Adhoc,,201419096D,,,,,,,,,,,,,,,,"B2C, Offline",,,,,,,,,,,,,,,,65 8318 9716,ammie@abundantproductions.com,,,,,,,,,,,,,,Gov List,"ACRA, Google Searches",,
,,16/12/2025,DATA COMMUNICATIONS TECHNOLOGY PTE. LTD.,DATA COMMUNICATIONS TECHNOLOGY,,TeleSales,,Offline Sources,Adhoc,,201100288E,,,,,,,,,,,,,,,,"B2C, Offline",,,,,,,,,,,,,,,,65 9831 8200,,,,,,,,,,,,,,,Gov List,"ACRA, Google Searches",,
,,16/12/2025,ADFORM TECHNOLOGIES PTE. LTD.,ADFORM,,TeleSales,,Offline Sources,Adhoc,,201616793K,,,,,,,,,,,,,,,,"B2C, Offline",,,,,,,,,,,,,,,,65 9665 5264,sukesh.singh@adform.com,,,,,,,,,,,,,,Gov List,"ACRA, Google Searches",,
,,16/12/2025,APPIER PTE. LTD.,APPIER,,TeleSales,,Offline Sources,Adhoc,,201327569M,,,,,,,,,,,,,,,,"B2C, Offline",,,,,,,,,,,,,,,,65 6327 9489,,,,,65 9363 6159,,,,,65 8869 9636,,,,,Gov List,"ACRA, Google Searches",,
,,16/12/2025,CALVARY ASSEMBLY OF GOD LTD.,CALVARY ASSEMBLY OF GOD,,TeleSales,,Offline Sources,Adhoc,,197901543W,,,,,,,,,,,,,,,,"B2C, Offline",,,,,,,,,,,,,,,,65 9183 4066,amylee@calvaryag.com.sg,,,,65 6439 3172,,,,,,,,,,Gov List,"ACRA, Google Searches",,
,,16/12/2025,DISCIPLESHIP TRAINING CENTRE LTD,DISCIPLESHIP TRAINING CTR,,TeleSales,,Offline Sources,Adhoc,,197100578E,,,,,,,,,,,,,,,,"B2C, Offline",,,,,,,,,,,,,,,,65 6256 3208,,,,,,,,,,,,,,,Gov List,"ACRA, Google Searches",,
,,16/12/2025,FEDERAL EXPRESS (SINGAPORE) PTE LTD,FEDERAL EXPRESS S,,TeleSales,,Offline Sources,Adhoc,,198402740W,,,,,,,,,,,,,,,,"B2C, Offline",,,,,,,,,,,,,,,,65 9627 2306,zeus.villafuerte@fedex.com,,,,,,,,,,,,,,Gov List,"ACRA, Google Searches",,
,,16/12/2025,CLICK.COM PTE. LTD.,CLICK COM,,TeleSales,,Offline Sources,Adhoc,,201012362R,,,,,,,,,,,,,,,,"B2C, Offline",,,,,,,,,,,,,,,,65 9061 6365,,,,,,,,,,,,,,,Gov List,"ACRA, Google Searches",,
,,16/12/2025,PACIFIC INTERNET (S) PTE. LTD.,PACIFIC INTERNET S,,TeleSales,,Offline Sources,Adhoc,,201000298N,,,,,,,,,,,,,,,,"B2C, Offline",,,,,,,,,,,,,,,,65 9634 8089,,,,,,,,,,,,,,,Gov List,"ACRA, Google Searches",,
,,16/12/2025,J B CHUA & CO.,J B CHUA,,TeleSales,,Offline Sources,Adhoc,,S86PF0380G,,,,,,,,,,,,,,,,"B2C, Offline",,,,,,,,,,,,,,,,65 6345 6631,siokfieng@jbchua.com.sg,,,,,,,,,,,,,,Gov List,"ACRA, Google Searches",,
,,16/12/2025,VANCO (ASIA PACIFIC) PTE. LTD.,VANCO ASIA PACIFIC,,TeleSales,,Offline Sources,Adhoc,,200201077G,,,,,,,,,,,,,,,,"B2C, Offline",,,,,,,,,,,,,,,,65 6835 7449,,,,,,,,,,,,,,,Gov List,"ACRA, Google Searches",,
,,16/12/2025,SINGTEL MOBILE SINGAPORE PTE. LTD.,SINGTEL MOBILE,,TeleSales,,Offline Sources,Adhoc,,201012456C,,,,,,,,,,,,,,,,"B2C, Offline",,,,,,,,,,,,,,,,65 9100 4982,sstephan@ncs.com.sg,,,,,,,,,,,,,,Gov List,"ACRA, Google Searches",,
,,16/12/2025,SINGTEL LAND PTE. LTD.,SINGTEL,,TeleSales,,Offline Sources,Adhoc,,202216422W,,,,,,,,,,,,,,,,"B2C, Offline",,,,,,,,,,,,,,,,65 8189 9577,shirin.woo@ruckuswireless.com,,,,,,,,,,,,,,Gov List,"ACRA, Google Searches",,
,,16/12/2025,ASPIRE HUB EDUCATION CENTRE @ BEDOK MALL PTE. LTD.,ASPIRE HUB EDUCATION CENTRE @ BEDOK MALL,,TeleSales,,Offline Sources,Adhoc,,201318806E,,,,,,,,,,,,,,,,"B2C, Offline",,,,,,,,,,,,,,,,65 8222 3260,samuelseah@ahecgroup.com,,,,,,,,,,,,,,Gov List,"ACRA, Google Searches",,
,,16/12/2025,PERFECT FIT PTE. LTD.,PERFECT FIT,,TeleSales,,Offline Sources,Adhoc,,202434860R,,,,,,,,,,,,,,,,"B2C, Offline",,,,,,,,,,,,,,,,65 9424 5673,info@perfectfit.sg,,,,,,,,,,,,,,Gov List,"ACRA, Google Searches",,
,,16/12/2025,THE DRAWING MINT PTE. LTD.,THE DRAWING MINT,,TeleSales,,Offline Sources,Adhoc,,202310562H,,,,,,,,,,,,,,,,"B2C, Offline",,,,,,,,,,,,,,,,65 9745 1575,,,,,,,,,,,,,,,Gov List,"ACRA, Google Searches",,
,,16/12/2025,SENTOSA DEVELOPMENT PTE. LTD.,SENTOSA DEVELOPMENT,,TeleSales,,Offline Sources,Adhoc,,201327900R,,,,,,,,,,,,,,,,"B2C, Offline",,,,,,,,,,,,,,,,65 9479 0210,,,,,,,,,,,,,,,Gov List,"ACRA, Google Searches",,
,,16/12/2025,ENG HO BEE AND COMPANY,ENG HO BEE,,TeleSales,,Offline Sources,Adhoc,,26233600J,,,,,,,,,,,,,,,,"B2C, Offline",,,,,,,,,,,,,,,,65 9850 2229,enghobee@yahoo.com.sg,,,,65 6294 8429,,,,,,,,,,Gov List,"ACRA, Google Searches",,
,,16/12/2025,RELIANZ ENGINEERING (PTE.) LTD.,RELIANZ ENGINEERING,,TeleSales,,Offline Sources,Adhoc,,200910421D,,,,,,,,,,,,,,,,"B2C, Offline",,,,,,,,,,,,,,,,65 9451 0111,jennywee@relianz.net,,,,,,,,,,,,,,Gov List,"ACRA, Google Searches",,
,,16/12/2025,SCS GLOBAL PAC,SCS,,TeleSales,,Offline Sources,Adhoc,,200917183M,,,,,,,,,,,,,,,,"B2C, Offline",,,,,,,,,,,,,,,,65 6223 8382,jenny@scsglobalaudit.com,,,,65 9752 8223,,,,,,,,,,Gov List,"ACRA, Google Searches",,
,,16/12/2025,ASIA PETROLEUM TECHNOLOGY PTE. LTD.,ASIA PETROLEUM TECHNOLOGY PL,,TeleSales,,Offline Sources,Adhoc,,201211015M,,,,,,,,,,,,,,,,"B2C, Offline",,,,,,,,,,,,,,,,65 9650 9911,hoailee9@gmail.com,,,,65 6583 0813,,,,,,,,,,Gov List,"ACRA, Google Searches",,
,,16/12/2025,NOVO NOVO PTE. LTD.,NOVO,,TeleSales,,Offline Sources,Adhoc,,202516440M,,,,,,,,,,,,,,,,"B2C, Offline",,,,,,,,,,,,,,,,65 9125 6622,,,,,65 9182 5977,,,,,,,,,,Gov List,"ACRA, Google Searches",,
,,16/12/2025,TRANSACTION NETWORK SERVICES SG PTE. LTD.,TRANSACTION NETWORK,,TeleSales,,Offline Sources,Adhoc,,200805459H,,,,,,,,,,,,,,,,"B2C, Offline",,,,,,,,,,,,,,,,65 9829 7455,eileen.hl.pang@exxonmobil.com,,,,,,,,,,,,,,Gov List,"ACRA, Google Searches",,
,,16/12/2025,A S CONSULTING GROUP PTE. LTD.,EA CONSULTING,,TeleSales,,Offline Sources,Adhoc,,201312357H,,,,,,,,,,,,,,,,"B2C, Offline",,,,,,,,,,,,,,,,65 9776 7721,alison.loh@eaconsultinggroup.com,,,,,,,,,,,,,,Gov List,"ACRA, Google Searches",,
,,16/12/2025,THINKEL LEARNING LAB PTE. LTD.,THINKEL LEARNING LAB,,TeleSales,,Offline Sources,Adhoc,,200709333E,,,,,,,,,,,,,,,,"B2C, Offline",,,,,,,,,,,,,,,,65 9069 2869,,,,,,,,,,,,,,,Gov List,"ACRA, Google Searches",,
,,16/12/2025,EAST ASIA INSTITUTE OF MANAGEMENT PTE. LTD.,EAST ASIA INSTITUTE OF MANAGEMENT,,TeleSales,,Offline Sources,Adhoc,,200101029C,,,,,,,,,,,,,,,,"B2C, Offline",,,,,,,,,,,,,,,,65 9019 1337,thanika_krishnasamy@easb.edu.sg,,,,,,,,,,,,,,Gov List,"ACRA, Google Searches",,
,,16/12/2025,G.S. CLINIC & SURGERY PTE LTD,TONG CLINIC & SURGERY,,TeleSales,,Offline Sources,Adhoc,,199501022E,,,,,,,,,,,,,,,,"B2C, Offline",,,,,,,,,,,,,,,,65 6452 8311,thtong72@hotmail.com,,,,,,,,,,,,,,Gov List,"ACRA, Google Searches",,
,,16/12/2025,PIONEER TRAINING CENTRE PTE. LTD.,PIONEER TRAINING CENTRE,,TeleSales,,Offline Sources,Adhoc,,201000583K,,,,,,,,,,,,,,,,"B2C, Offline",,,,,,,,,,,,,,,,65 6316 3290,tan@pioneertrainingcentre.com,,,,,,,,,,,,,,Gov List,"ACRA, Google Searches",,
,,16/12/2025,A'S M & E PTE. LTD.,AS M&E,,TeleSales,,Offline Sources,Adhoc,,200606757Z,,,,,,,,,,,,,,,,"B2C, Offline",,,,,,,,,,,,,,,,65 9244 5017,sakthi@asmecheng.com,,,,,,,,,,,,,,Gov List,"ACRA, Google Searches",,
,,16/12/2025,SAVITAR PTE. LTD.,SAVITAR,,TeleSales,,Offline Sources,Adhoc,,199900512D,,,,,,,,,,,,,,,,"B2C, Offline",,,,,,,,,,,,,,,,65 9646 7130,rizal@savitar.sg,,,,65 6100 8367,,,,,,,,,,Gov List,"ACRA, Google Searches",,
,,16/12/2025,INTEC TRAINING AND CERTIFICATION PTE. LTD.,INTEC TRAINING AND CERTIFICATION,,TeleSales,,Offline Sources,Adhoc,,200505050C,,,,,,,,,,,,,,,,"B2C, Offline",,,,,,,,,,,,,,,,65 9062 8683,raja@renu.com.sg,,,,,,,,,,,,,,Gov List,"ACRA, Google Searches",,
,,16/12/2025,DAVID PHEE ENTERPRISE PTE. LTD.,DAVID PHEE,,TeleSales,,Offline Sources,Adhoc,,201836188H,,,,,,,,,,,,,,,,"B2C, Offline",,,,,,,,,,,,,,,,65 9672 8852,davidphee@gmail.com,,,,,,,,,,,,,,Gov List,"ACRA, Google Searches",,
,,16/12/2025,LEARNERS' LODGE PTE. LTD.,LEARNERS LODGE,,TeleSales,,Offline Sources,Adhoc,,201012189H,,,,,,,,,,,,,,,,"B2C, Offline",,,,,,,,,,,,,,,,65 6567 3007,junjia@learnerslodge.com.sg,,,,65 9451 3022,,,,,,,,,,Gov List,"ACRA, Google Searches",,
,,16/12/2025,V-NEXGEN,NEXGEN F&B,,TeleSales,,Offline Sources,Adhoc,,53457627C,,,,,,,,,,,,,,,,"B2C, Offline",,,,,,,,,,,,,,,,65 9756 5476,mamunraja@madpoet.com.sg,,,,,,,,,,,,,,Gov List,"ACRA, Google Searches",,
,,16/12/2025,BRIDGE MOBILE PTE. LTD.,BRIDGE MOBILE,,TeleSales,,Offline Sources,Adhoc,,200413856E,,,,,,,,,,,,,,,,"B2C, Offline",,,,,,,,,,,,,,,,65 9185 6314,ghimhui@bridgealliance.com,,,,,,,,,,,,,,Gov List,"ACRA, Google Searches",,
,,16/12/2025,SINGTEL MOBILE SINGAPORE PTE. LTD.,SINGTEL MOBILE,,TeleSales,,Offline Sources,Adhoc,,201012456C,,,,,,,,,,,,,,,,"B2C, Offline",,,,,,,,,,,,,,,,65 9641 8999,johnyeo@singtel.com,,,,65 9457 5467,,,,,,,,,,Gov List,"ACRA, Google Searches",,
,,16/12/2025,SINGTEL MOBILE SINGAPORE PTE. LTD.,SINGTEL MOBILE S,,TeleSales,,Offline Sources,Adhoc,,201012456C,,,,,,,,,,,,,,,,"B2C, Offline",,,,,,,,,,,,,,,,65 9641 8999,johnyeo@singtel.com,,,,,,,,,,,,,,Gov List,"ACRA, Google Searches",,
,,16/12/2025,INGRAM MICRO ASIA PTE. LTD.,INGRAM MICRO ASIA,,TeleSales,,Offline Sources,Adhoc,,198302829C,,,,,,,,,,,,,,,,"B2C, Offline",,,,,,,,,,,,,,,,65 9172 5659,,,,,,,,,,,,,,,Gov List,"ACRA, Google Searches",,
,,16/12/2025,SF JURONG EAST PTE. LTD.,SF JURONG,,TeleSales,,Offline Sources,Adhoc,,200103313Z,,,,,,,,,,,,,,,,"B2C, Offline",,,,,,,,,,,,,,,,65 9835 8857,bdeco@singnet.com.sg,,,,65 6752 3983,,,,,,,,,,Gov List,"ACRA, Google Searches",,
,,16/12/2025,A PERFORMANCE PTE. LTD.,SA PERFORMANCE,,TeleSales,,Offline Sources,Adhoc,,202336206G,,,,,,,,,,,,,,,,"B2C, Offline",,,,,,,,,,,,,,,,65 9170 1900,samang89@live.com.sg,,,,,,,,,,,,,,Gov List,"ACRA, Google Searches",,
,,16/12/2025,G ARCHITECTS,R G ARCHITECTS,,TeleSales,,Offline Sources,Adhoc,,53048781X,,,,,,,,,,,,,,,,"B2C, Offline",,,,,,,,,,,,,,,,,,,,,,,,,,,,,,,Gov List,"ACRA, Google Searches",,
,,16/12/2025,JO GLOBAL EMPIRE PTE. LTD.,EMPIRE,,TeleSales,,Offline Sources,Adhoc,,202505564C,,,,,,,,,,,,,,,,"B2C, Offline",,,,,,,,,,,,,,,,65 9855 5509,,,,,65 9117 2202,,,,,,,,,,Gov List,"ACRA, Google Searches",,
,,16/12/2025,STANDARD PHOTO (PRIVATE) LIMITED,STANDARD PHOTO,,TeleSales,,Offline Sources,Adhoc,,196900654N,,,,,,,,,,,,,,,,"B2C, Offline",,,,,,,,,,,,,,,,65 8112 7490,,,,,,,,,,,,,,,Gov List,"ACRA, Google Searches",,
,,16/12/2025,E+A RECRUITMENT SERVICES,REED RECRUITMENT,,TeleSales,,Offline Sources,Adhoc,,53377471C,,,,,,,,,,,,,,,,"B2C, Offline",,,,,,,,,,,,,,,,65 8533 6810,,,,,,,,,,,,,,,Gov List,"ACRA, Google Searches",,
,,16/12/2025,MID-AMERICA OVERSEAS (S) PTE. LTD.,MID-AMERICA OVERSEAS S,,TeleSales,,Offline Sources,Adhoc,,199804111R,,,,,,,,,,,,,,,,"B2C, Offline",,,,,,,,,,,,,,,,65 6543 4424,michelletan@mao.com.sg,,,,65 9792 4484,,,,,,,,,,Gov List,"ACRA, Google Searches",,
,,16/12/2025,SINGTEL MOBILE SINGAPORE PTE. LTD.,SINGTEL MOBILE,,TeleSales,,Offline Sources,Adhoc,,201012456C,,,,,,,,,,,,,,,,"B2C, Offline",,,,,,,,,,,,,,,,65 9640 9599,chyeheng@singtel.com,,,,,,,,,,,,,,Gov List,"ACRA, Google Searches",,
,,16/12/2025,JULIE BAKES PTE. LTD.,JULIE BAKES,,TeleSales,,Offline Sources,Adhoc,,201905242Z,,,,,,,,,,,,,,,,"B2C, Offline",,,,,,,,,,,,,,,,65 9647 9027,,,,,,,,,,,,,,,Gov List,"ACRA, Google Searches",,
,,16/12/2025,HARMONY LODGE PTE. LTD.,APEX HARMONY LODGE,,TeleSales,,Offline Sources,Adhoc,,202328958H,,,,,,,,,,,,,,,,"B2C, Offline",,,,,,,,,,,,,,,,65 9677 3471,,,,,,,,,,,,,,,Gov List,"ACRA, Google Searches",,
,,16/12/2025,RHENUS LOGISTICS PTE. LTD.,RHENUS PROLOG LOGISTICS,,TeleSales,,Offline Sources,Adhoc,,200006582M,,,,,,,,,,,,,,,,"B2C, Offline",,,,,,,,,,,,,,,,65 9722 2562,herman.yau@sgrhenus.com,,,,65 6346 7277,,,,,,,,,,Gov List,"ACRA, Google Searches",,
,,16/12/2025,C&A PRINTING PTE. LTD.,C&A PRINTING,,TeleSales,,Offline Sources,Adhoc,,201800211E,,,,,,,,,,,,,,,,"B2C, Offline",,,,,,,,,,,,,,,,65 9099 2060,wailoong@cna-printing.com.sg,,,,65 6741 2363,,,,,,,,,,Gov List,"ACRA, Google Searches",,
,,16/12/2025,SEKOLAH INDONESIA(SINGAPURA) LTD.,SEKOLAH INDONESIA SINGAPURA,,TeleSales,,Offline Sources,Adhoc,,201608023N,,,,,,,,,,,,,,,,"B2C, Offline",,,,,,,,,,,,,,,,65 6448 0722,agustry_pbg@yahoo.co.id,,,,,,,,,,,,,,Gov List,"ACRA, Google Searches",,
,,16/12/2025,MINISTRY OF PRINT PTE. LTD.,MINISTRY OF PRINT,,TeleSales,,Offline Sources,Adhoc,,201702403M,,,,,,,,,,,,,,,,"B2C, Offline",,,,,,,,,,,,,,,,65 6742 3223,ben@fivebar.sg,,,,,,,,,,,,,,Gov List,"ACRA, Google Searches",,
,,16/12/2025,COMBIND SUPPLIES PTE. LTD.,COMBIND SUPPLIES,,TeleSales,,Offline Sources,Adhoc,,201218262G,,,,,,,,,,,,,,,,"B2C, Offline",,,,,,,,,,,,,,,,65 9154 1319,alec@combinesupplies.com,,,,,,,,,,,,,,Gov List,"ACRA, Google Searches",,
,,16/12/2025,3A COFFEEHOUSE PTE. LTD.,3A COFFEEHOUSE INQUIRY,,TeleSales,,Offline Sources,Adhoc,,201318507M,,,,,,,,,,,,,,,,"B2C, Offline",,,,,,,,,,,,,,,,65 9770 6148,3acoffeehouse@gmail.com,,,,,,,,,,,,,,Gov List,"ACRA, Google Searches",,
,,16/12/2025,WINGS RIVERSIDE PTE. LTD.,WINGS BAR,,TeleSales,,Offline Sources,Adhoc,,202306677K,,,,,,,,,,,,,,,,"B2C, Offline",,,,,,,,,,,,,,,,65 8298 7008,karen@verve.sg,,,,,,,,,,,,,,Gov List,"ACRA, Google Searches",,
,,16/12/2025,,HOPII MUNG BEAN SMOOTHIE,,TeleSales,,Offline Sources,Adhoc,,,,,,,,,,,,,,,,,,"B2C, Offline",,,,,,,,,,,,,,,,65 6784 2421,hopiisg@gmail.com,,,,,,,,,,,,,,Gov List,"ACRA, Google Searches",,
,,16/12/2025,MEN ICHI,MEN-ICHI @ NEX,,TeleSales,,Offline Sources,Adhoc,,53113387K,,,,,,,,,,,,,,,,"B2C, Offline",,,,,,,,,,,,,,,,65 6634 4638,contactus@res.com.sg,,,,,ooisiewsin@gmail.com,,,,,,,,,Gov List,"ACRA, Google Searches",,
,,16/12/2025,4POINTX PTE. LTD.,4POINT3 CAFE,,TeleSales,,Offline Sources,Adhoc,,201928984Z,,,,,,,,,,,,,,,,"B2C, Offline",,,,,,,,,,,,,,,,65 6227 0331,kian@deliinthepark.com.sg,,,,65 6532 9006,marinabaysteamboat@yahoo.com.sg,,,,,,,,,Gov List,"ACRA, Google Searches",,
,,16/12/2025,,LIN YU MEI,,TeleSales,,Offline Sources,Adhoc,,,,,,,,,,,,,,,,,,"B2C, Offline",,,,,,,,,,,,,,,,65 9865 9743,andrea.ngo.ey@gmail.com,,,,,,,,,,,,,,Gov List,"ACRA, Google Searches",,
,,16/12/2025,LONG PHUNG,LONG PHUNG CANVASSING - JOO CHIAT,,TeleSales,,Offline Sources,Adhoc,,53148928X,,,,,,,,,,,,,,,,"B2C, Offline",,,,,,,,,,,,,,,,65 9105 8519,longphung09@gmail.com,,,,65 6440 6959,,,,,,,,,,Gov List,"ACRA, Google Searches",,
,,16/12/2025,MAHOTA FOOD PTE. LTD.,MAHOTA COMMUNE,,TeleSales,,Offline Sources,Adhoc,,201107504W,,,,,,,,,,,,,,,,"B2C, Offline",,,,,,,,,,,,,,,,65 6299 6809,hello@mahota.sg,,,,,,,,,,,,,,Gov List,"ACRA, Google Searches",,
,,16/12/2025,ITACHO PTE. LTD.,ITACHO SUSHI,,TeleSales,,Offline Sources,Adhoc,,200906024W,,,,,,,,,,,,,,,,"B2C, Offline",,,,,,,,,,,,,,,,65 6227 8911,office@itacho.com.sg,,,,,office@itacho.com.sg,,,,,,,,,Gov List,"ACRA, Google Searches",,
,,16/12/2025,SHA MEI PTE. LTD.,SHA MEI LTD66 MALA LUCK LUCK & 66 MALA MOOKATA,,TeleSales,,Offline Sources,Adhoc,,201724155D,,,,,,,,,,,,,,,,"B2C, Offline",,,,,,,,,,,,,,,,65 9188 6848,tweetychong83@gmail.com,,,,,,,,,,,,,,Gov List,"ACRA, Google Searches",,
,,16/12/2025,,DELCIES DESSERTA AND CAKES,,TeleSales,,Offline Sources,Adhoc,,,,,,,,,,,,,,,,,,"B2C, Offline",,,,,,,,,,,,,,,,65 6282 2951,order@delciesdesserts.com,,,,,,,,,,,,,,Gov List,"ACRA, Google Searches",,
,,16/12/2025,,GUSTOSO WESTERN CUISINE,,TeleSales,,Offline Sources,Adhoc,,,,,,,,,,,,,,,,,,"B2C, Offline",,,,,,,,,,,,,,,,65 8766 6833,,,,,,,,,,,,,,,Gov List,"ACRA, Google Searches",,
,,16/12/2025,DALBAM PTE. LTD.,DAL BAM,,TeleSales,,Offline Sources,Adhoc,,202133960D,,,,,,,,,,,,,,,,"B2C, Offline",,,,,,,,,,,,,,,,65 9639 1506,mimi64487228@gmail.com,,,,,,,,,,,,,,Gov List,"ACRA, Google Searches",,
,,16/12/2025,THE CURRY WOK PTE. LTD.,CURRY WOK LEAD,,TeleSales,,Offline Sources,Adhoc,,200409165E,,,,,,,,,,,,,,,,"B2C, Offline",,,,,,,,,,,,,,,,65 8131 2813,,,,,,,,,,,,,,,Gov List,"ACRA, Google Searches",,
,,16/12/2025,BEST HAWA RESTAURANT CHICKEN RICE & SEAFOOD,BEST HAWA RESTAURANT @ --ONAN ROAD -- INCOMING ISH TO,,TeleSales,,Offline Sources,Adhoc,,52966167E,,,,,,,,,,,,,,,,"B2C, Offline",,,,,,,,,,,,,,,,65 9635 8322,,,,,,,,,,,,,,,Gov List,"ACRA, Google Searches",,
,,16/12/2025,SOI THAI PTE. LTD.,SOI THAI KITCHEN,,TeleSales,,Offline Sources,Adhoc,,201833682G,,,,,,,,,,,,,,,,"B2C, Offline",,,,,,,,,,,,,,,,65 6282 3788,soithaigardens@gmail.com,,,,65 6784 2421,,,,,,,,,,Gov List,"ACRA, Google Searches",,
,,16/12/2025,,BEES CAKE,,TeleSales,,Offline Sources,Adhoc,,,,,,,,,,,,,,,,,,"B2C, Offline",,,,,,,,,,,,,,,,65 9742 3872,bee@bees-cake.com,,,,65 9742 3872,bee@bees-cake.com,,,,,,,,,Gov List,"ACRA, Google Searches",,
,,16/12/2025,AYAM PENYET RIA PTE. LTD.,AYAM PENYET RIA - WOODLANDS,,TeleSales,,Offline Sources,Adhoc,,200920979E,,,,,,,,,,,,,,,,"B2C, Offline",,,,,,,,,,,,,,,,65 9639 9131,chryssa@ayampenyetria.com,,,,,,,,,,,,,,Gov List,"ACRA, Google Searches",,
,,16/12/2025,2SIX PTE. LTD.,2SIX CAFE COLD CALL,,TeleSales,,Offline Sources,Adhoc,,201607584W,,,,,,,,,,,,,,,,"B2C, Offline",,,,,,,,,,,,,,,,65 8107 6191,,,,,,,,,,,,,,,Gov List,"ACRA, Google Searches",,
,,16/12/2025,OTARU AI PTE. LTD.,OTARU SUISAN,,TeleSales,,Offline Sources,Adhoc,,202518591N,,,,,,,,,,,,,,,,"B2C, Offline",,,,,,,,,,,,,,,,65 6238 1011,mjgigante@yahoo.com,,,,,,,,,,,,,,Gov List,"ACRA, Google Searches",,
,,16/12/2025,MO'MOR IZAKAYA PTE. LTD.,MOMOR IZAKAYA,,TeleSales,,Offline Sources,Adhoc,,201620957M,,,,,,,,,,,,,,,,"B2C, Offline",,,,,,,,,,,,,,,,65 6463 8080,martin@momor.com.sg,,,,,,,,,,,,,,Gov List,"ACRA, Google Searches",,
,,16/12/2025,SG BBQ BAR,BAR @ --ON LEASE,,TeleSales,,Offline Sources,Adhoc,,53457747D,,,,,,,,,,,,,,,,"B2C, Offline",,,,,,,,,,,,,,,,65 9125 6369,,,,,,,,,,,,,,,Gov List,"ACRA, Google Searches",,
,,16/12/2025,JMS HOSPITALITY CONSULTANCY PTE. LTD.,JMS HOSPITALITY & MGMT,,TeleSales,,Offline Sources,Adhoc,,202140605G,,,,,,,,,,,,,,,,"B2C, Offline",,,,,,,,,,,,,,,,65 1758 5768,joseph.scerri@jmshospitality.com.au,,,,,,,,,,,,,,Gov List,"ACRA, Google Searches",,
,,16/12/2025,MIN JI PTE. LTD.,MIN JIANGAT DEMPSEY,,TeleSales,,Offline Sources,Adhoc,,201711983H,,,,,,,,,,,,,,,,"B2C, Offline",,,,,,,,,,,,,,,,65 6774 0122,mjdempsey@goodwoodparkhotel.com,,,,,,,,,,,,,,Gov List,"ACRA, Google Searches",,
,,16/12/2025,,RITZ APPLE STRUDEL,,TeleSales,,Offline Sources,Adhoc,,,,,,,,,,,,,,,,,,"B2C, Offline",,,,,,,,,,,,,,,,65 6469 3470,sales@ritzapplestrudel.com,,,,65 6702 4011,,,,,,,,,,Gov List,"ACRA, Google Searches",,
,,16/12/2025,CAFFE BEVIAMO PTE LTD,BEVIAMO COLD KNOCK,,TeleSales,,Offline Sources,Adhoc,,199804157M,,,,,,,,,,,,,,,,"B2C, Offline",,,,,,,,,,,,,,,,65 9825 4320,,,,,,,,,,,,,,,Gov List,"ACRA, Google Searches",,
,,16/12/2025,,COLONY BUFFET,,TeleSales,,Offline Sources,Adhoc,,,,,,,,,,,,,,,,,,"B2C, Offline",,,,,,,,,,,,,,,,65 6434 5288,rc.sinrz.restaurantreservations@ritzcarlton.com,,,,,,,,,,,,,,Gov List,"ACRA, Google Searches",,
,,16/12/2025,,HOLLA JUICE,,TeleSales,,Offline Sources,Adhoc,,,,,,,,,,,,,,,,,,"B2C, Offline",,,,,,,,,,,,,,,,65 9025 4700,qyueping@gmail.com,,,,,,,,,,,,,,Gov List,"ACRA, Google Searches",,
,,16/12/2025,YAYOI MARKETING,YAYOI JAPANESE RESTAURANT,,TeleSales,,Offline Sources,Adhoc,,53135256X,,,,,,,,,,,,,,,,"B2C, Offline",,,,,,,,,,,,,,,,65 6338 7170,maylim@yayoi.sg,,,,,,,,,,,,,,Gov List,"ACRA, Google Searches",,
,,16/12/2025,,FANSIDA WINE & DINE,,TeleSales,,Offline Sources,Adhoc,,,,,,,,,,,,,,,,,,"B2C, Offline",,,,,,,,,,,,,,,,65 6841 7770,,,,,,,,,,,,,,,Gov List,"ACRA, Google Searches",,
,,16/12/2025,THE CURRY CULTURE,THE CURRY CULTURE @ ROBERTSON QUAY,,TeleSales,,Offline Sources,Adhoc,,53381211M,,,,,,,,,,,,,,,,"B2C, Offline",,,,,,,,,,,,,,,,65 8268 9230,sandeep@thecurryculture.com.sg,,,,,,,,,,,,,,Gov List,"ACRA, Google Searches",,
,,16/12/2025,SASCO,SASCO @CHOA CHU KANG HQ,,TeleSales,,Offline Sources,Adhoc,,53400011L,,,,,,,,,,,,,,,,"B2C, Offline",,,,,,,,,,,,,,,,65 9782 8354,pa3@giventake.sg,,,,,,,,,,,,,,Gov List,"ACRA, Google Searches",,
,,16/12/2025,HPL (PADDINGTON) PTE. LTD.,PADDINGTON HOUSE OF PANCAKES,,TeleSales,,Offline Sources,Adhoc,,201430292W,,,,,,,,,,,,,,,,"B2C, Offline",,,,,,,,,,,,,,,,65 6612 9029,cs@delicepl.com,,,,65 9682 2596,charles@delicepl.com,,,,,,,,,Gov List,"ACRA, Google Searches",,
,,16/12/2025,THE FORAGE CAFE PTE. LTD.,THE FORAGE CAFE COLD CALL,,TeleSales,,Offline Sources,Adhoc,,201915251Z,,,,,,,,,,,,,,,,"B2C, Offline",,,,,,,,,,,,,,,,65 8123 9903,,,,,,,,,,,,,,,Gov List,"ACRA, Google Searches",,
,,16/12/2025,DONKY BY BEANSPARTY PTE. LTD.,BEANSPARTY KLADIATORS PAY LATER,,TeleSales,,Offline Sources,Adhoc,,202040457Z,,,,,,,,,,,,,,,,"B2C, Offline",,,,,,,,,,,,,,,,65 8223 9390,admin@beansparty.com,,,,,,,,,,,,,,Gov List,"ACRA, Google Searches",,
,,16/12/2025,THE PUBLIC HOUSE,THE HOUSE BAR & RESTAURANT,,TeleSales,,Offline Sources,Adhoc,,53162418L,,,,,,,,,,,,,,,,"B2C, Offline",,,,,,,,,,,,,,,,65 9005 3324,thepublichouse.sg@gmail.com,,,,,,,,,,,,,,Gov List,"ACRA, Google Searches",,
,,16/12/2025,,JUBILEE COFFEE HOUSE,,TeleSales,,Offline Sources,Adhoc,,,,,,,,,,,,,,,,,,"B2C, Offline",,,,,,,,,,,,,,,,65 6543 0060,enquiry@jubileecoffeehouse.com,,,,,,,,,,,,,,Gov List,"ACRA, Google Searches",,
,,16/12/2025,OMU PTE. LTD.,OMU NORTH POINT OUTLET,,TeleSales,,Offline Sources,Adhoc,,201722364C,,,,,,,,,,,,,,,,"B2C, Offline",,,,,,,,,,,,,,,,65 9789 3535,,,,,65 8719 6988,,,,,,,,,,Gov List,"ACRA, Google Searches",,
,,16/12/2025,MIZ APPARELS,MIZ JAPANESE RESTAURANT,,TeleSales,,Offline Sources,Adhoc,,51349600M,,,,,,,,,,,,,,,,"B2C, Offline",,,,,,,,,,,,,,,,65 6225 5761,marichan0143@hotmail.com,,,,,,,,,,,,,,Gov List,"ACRA, Google Searches",,
,,16/12/2025,AYAM PENYET CIK YAM,AYAM PENYET PRESIDENT- SMARTWEBKIOSK,,TeleSales,,Offline Sources,Adhoc,,53488656J,,,,,,,,,,,,,,,,"B2C, Offline",,,,,,,,,,,,,,,,65 9005 3215,bahar@ayampresident.com,,,,,,,,,,,,,,Gov List,"ACRA, Google Searches",,
,,16/12/2025,C. YUAN VEGETARIAN FOOD,VEGETARIAN EXPRESS CAFE,,TeleSales,,Offline Sources,Adhoc,,53132829E,,,,,,,,,,,,,,,,"B2C, Offline",,,,,,,,,,,,,,,,65 6383 5672,,,,,,,,,,,,,,,Gov List,"ACRA, Google Searches",,
,,16/12/2025,AWESOME!,AWESOME COFFEE,,TeleSales,,Offline Sources,Adhoc,,53334068C,,,,,,,,,,,,,,,,"B2C, Offline",,,,,,,,,,,,,,,,65 8123 0027,hello@awesomecoffee.sg,,,,,,,,,,,,,,Gov List,"ACRA, Google Searches",,
,,16/12/2025,YUMMY SG PTE. LTD.,YUMMY PUNJABY @ RAPTOR - WEBSITE,,TeleSales,,Offline Sources,Adhoc,,202432083E,,,,,,,,,,,,,,,,"B2C, Offline",,,,,,,,,,,,,,,,65 9176 6939,yummypunjaby@gmail.com,,,,,,,,,,,,,,Gov List,"ACRA, Google Searches",,
,,16/12/2025,ANNETTE PTE. LTD.,ANNETTE TUK TUK,,TeleSales,,Offline Sources,Adhoc,,201833465E,,,,,,,,,,,,,,,,"B2C, Offline",,,,,,,,,,,,,,,,65 9431 8838,nexusng3@gmail.com,,,,,,,,,,,,,,Gov List,"ACRA, Google Searches",,
,,16/12/2025,PINHOLE,PINHOLE COFFEE BAR,,TeleSales,,Offline Sources,Adhoc,,53425753D,,,,,,,,,,,,,,,,"B2C, Offline",,,,,,,,,,,,,,,,65 8161 3700,,,,,,,,,,,,,,,Gov List,"ACRA, Google Searches",,
,,16/12/2025,CULINA PTE. LTD.,CULINA DEMPSEY,,TeleSales,,Offline Sources,Adhoc,,199404977Z,,,,,,,,,,,,,,,,"B2C, Offline",,,,,,,,,,,,,,,,65 6474 7338,cynthia@culina.com.sg,,,,,bistro@culina.com.sg,,,,,,,,,Gov List,"ACRA, Google Searches",,
,,16/12/2025,KAI GARDEN PRIVATE LIMITED,KAI GARDEN SMARTTERMINAL,,TeleSales,,Offline Sources,Adhoc,,201531878E,,,,,,,,,,,,,,,,"B2C, Offline",,,,,,,,,,,,,,,,65 8786 9319,admin@kaiduck.com.sg,,,,,,,,,,,,,,Gov List,"ACRA, Google Searches",,
,,16/12/2025,SEOUL YUMMY PTE. LTD.,SEOUL ZIP,,TeleSales,,Offline Sources,Adhoc,,201634414Z,,,,,,,,,,,,,,,,"B2C, Offline",,,,,,,,,,,,,,,,65 8333 3483,contact@taskup.sg,,,,,,,,,,,,,,Gov List,"ACRA, Google Searches",,
,,16/12/2025,SG ASIAN COFFEE SHOP PTE. LTD.,COFFEE SHOPS,,TeleSales,,Offline Sources,Adhoc,,202028740H,,,,,,,,,,,,,,,,"B2C, Offline",,,,,,,,,,,,,,,,65 9384 2374,sean.yeam@gmail.com,,,,,,,,,,,,,,Gov List,"ACRA, Google Searches",,
,,16/12/2025,SPIZE CARTEL PRIVATE LIMITED,SPIZE SMARTTERMINAL,,TeleSales,,Offline Sources,Adhoc,,202313365C,,,,,,,,,,,,,,,,"B2C, Offline",,,,,,,,,,,,,,,,65 9733 1442,anil@spizesg.com,,,,,operations@spizesg.com,,,,,,,,,Gov List,"ACRA, Google Searches",,
,,16/12/2025,BABETTE PTE. LTD.,BABETTE - RESTAURANT & BAR,,TeleSales,,Offline Sources,Adhoc,,201319608N,,,,,,,,,,,,,,,,"B2C, Offline",,,,,,,,,,,,,,,,65 6341 7727,,,,,,,,,,,,,,,Gov List,"ACRA, Google Searches",,
,,16/12/2025,ELLIOTT ASSOCIATES PTE. LTD.,THE THAI SOCIETY,,TeleSales,,Offline Sources,Adhoc,,200601676W,,,,,,,,,,,,,,,,"B2C, Offline",,,,,,,,,,,,,,,,65 6252 5565,eat@imperiumgroup.asia,,,,,,,,,,,,,,Gov List,"ACRA, Google Searches",,
,,16/12/2025,HANS SOLUTIONS PRIVATE LIMITED,HANS IM GLÜCK TERMINALS,,TeleSales,,Offline Sources,Adhoc,,202025709G,,,,,,,,,,,,,,,,"B2C, Offline",,,,,,,,,,,,,,,,65 9750 1488,info@hig-burgergrill.sg,,,,,,,,,,,,,,Gov List,"ACRA, Google Searches",,
,,16/12/2025,GLAND PHARMA INTERNATIONAL PTE. LTD.,GLANDY WESTERN,,TeleSales,,Offline Sources,Adhoc,,202108434D,,,,,,,,,,,,,,,,"B2C, Offline",,,,,,,,,,,,,,,,65 9380 7764,andywph@gmail.com,,,,,,,,,,,,,,Gov List,"ACRA, Google Searches",,
,,16/12/2025,AI IMPLEMENTATION GROUP PTE. LTD.,IMPLEMENTATION CONFIRMATION QUOTE 908,,TeleSales,,Offline Sources,Adhoc,,202504057M,,,,,,,,,,,,,,,,"B2C, Offline",,,,,,,,,,,,,,,,65 9692 0596,mengyang00my@gmail.com,,,,,,,,,,,,,,Gov List,"ACRA, Google Searches",,
,,16/12/2025,XING LONG JAPANESE KOREAN CUISINE,XING XING KOREA RESTAURANT,,TeleSales,,Offline Sources,Adhoc,,53488299D,,,,,,,,,,,,,,,,"B2C, Offline",,,,,,,,,,,,,,,,65 9006 7074,,,,,,,,,,,,,,,Gov List,"ACRA, Google Searches",,
,,16/12/2025,SHAN CHENG (BPP) PTE. LTD.,SHAN CHENG,,TeleSales,,Offline Sources,Adhoc,,202414303D,,,,,,,,,,,,,,,,"B2C, Offline",,,,,,,,,,,,,,,,65 6386 4564,admin@shancheng.com.sg,,,,,,,,,,,,,,Gov List,"ACRA, Google Searches",,
,,16/12/2025,HONG SEAFOOD PTE LTD,TAI HONG SENG FOOD COLD KNOCKS,,TeleSales,,Offline Sources,Adhoc,,199203129W,,,,,,,,,,,,,,,,"B2C, Offline",,,,,,,,,,,,,,,,65 9861 3351,,,,,,,,,,,,,,,Gov List,"ACRA, Google Searches",,
,,16/12/2025,NAN YUAN FISHBALL NOODLE,NANYUAN NOODLE,,TeleSales,,Offline Sources,Adhoc,,53281606D,,,,,,,,,,,,,,,,"B2C, Offline",,,,,,,,,,,,,,,,65 3889 0788,pondkwang123@gmail.com,,,,,,,,,,,,,,Gov List,"ACRA, Google Searches",,
,,16/12/2025,I-INNOVA SOLUTIONS PTE. LTD.,I-INNOVA UENGST REG NO201618135C,,TeleSales,,Offline Sources,Adhoc,,201618135C,,,,,,,,,,,,,,,,"B2C, Offline",,,,,,,,,,,,,,,,65 6950 1828,james.ng@i-innova.com.sg,,,,65 9781 0935,,,,,,,,,,Gov List,"ACRA, Google Searches",,
,,16/12/2025,DENZY GELATO (BEDOK) PTE. LTD.,DENZY GELATO,,TeleSales,,Offline Sources,Adhoc,,202144805C,,,,,,,,,,,,,,,,"B2C, Offline",,,,,,,,,,,,,,,,65 9386 4782,,,,,,,,,,,,,,,Gov List,"ACRA, Google Searches",,
,,16/12/2025,IB HQ SINGAPORE PTE. LTD.,IB HQ,,TeleSales,,Offline Sources,Adhoc,,201815962C,,,,,,,,,,,,,,,,"B2C, Offline",,,,,,,,,,,,,,,,65 9152 4550,info@ibhqsingapore.com,,,,,,,,,,,,,,Gov List,"ACRA, Google Searches",,
,,16/12/2025,KIM'S PLACE SEAFOOD RESTAURANT PTE. LTD.,KIMS PLACE SEAFOOD,,TeleSales,,Offline Sources,Adhoc,,200709933M,,,,,,,,,,,,,,,,"B2C, Offline",,,,,,,,,,,,,,,,65 6348 9635,tanhongtect@gmail.com,,,,65 6742 1119,enquiry@kims.com.sg,,,,,,,,,Gov List,"ACRA, Google Searches",,
,,16/12/2025,MR. PRATA,MR PRATA5 OUTLETS,,TeleSales,,Offline Sources,Adhoc,,53010409A,,,,,,,,,,,,,,,,"B2C, Offline",,,,,,,,,,,,,,,,65 9759 9660,kamalnmn@yahoo.com,,,,,,,,,,,,,,Gov List,"ACRA, Google Searches",,
,,16/12/2025,DRINKS & CO PTE. LTD.,DRINKS & KITCHEN,,TeleSales,,Offline Sources,Adhoc,,201622361E,,,,,,,,,,,,,,,,"B2C, Offline",,,,,,,,,,,,,,,,65 8779 8295,cheryl@thegong.com.sg,,,,,,,,,,,,,,Gov List,"ACRA, Google Searches",,
,,16/12/2025,WIN HAN HOLDING PTE. LTD.,HAN,,TeleSales,,Offline Sources,Adhoc,,202130549H,,,,,,,,,,,,,,,,"B2C, Offline",,,,,,,,,,,,,,,,65 8188 1021,amy@rollieolie.com,,,,,,,,,,,,,,Gov List,"ACRA, Google Searches",,
,,16/12/2025,VICTORY THAI BOAT NOODLES PTE. LTD.,VICTORY THAI BOAT NOODLE CAFE COLD CALL,,TeleSales,,Offline Sources,Adhoc,,201715286E,,,,,,,,,,,,,,,,"B2C, Offline",,,,,,,,,,,,,,,,65 8900 7537,,,,,,,,,,,,,,,Gov List,"ACRA, Google Searches",,
,,16/12/2025,FOOD CANOPY PTE. LTD.,FOOD CANOPY @ - 10 OUTLETS - REQUEST OF,,TeleSales,,Offline Sources,Adhoc,,201119548D,,,,,,,,,,,,,,,,"B2C, Offline",,,,,,,,,,,,,,,,65 8111 0535,joey_tan@foodcanopy.com.sg,,,,,,,,,,,,,,Gov List,"ACRA, Google Searches",,
,,16/12/2025,BINU HAUS PTE. LTD.,BINU HALIMLLP CAFE3-4 OUTLETS,,TeleSales,,Offline Sources,Adhoc,,202522673E,,,,,,,,,,,,,,,,"B2C, Offline",,,,,,,,,,,,,,,,65 8812 7741,binuhalim@gmail.com,,,,,,,,,,,,,,Gov List,"ACRA, Google Searches",,
,,16/12/2025,PIXIE SOLUTION PTE. LTD.,IZMIR GRILL,,TeleSales,,Offline Sources,Adhoc,,201301799E,,,,,,,,,,,,,,,,"B2C, Offline",,,,,,,,,,,,,,,,65 9146 4735,izgarasg@gmail.com,,,,,,,,,,,,,,Gov List,"ACRA, Google Searches",,
,,16/12/2025,WAN PO HOLDINGS PTE LTD,WAN PO TEA SHOP,,TeleSales,,Offline Sources,Adhoc,,199505904W,,,,,,,,,,,,,,,,"B2C, Offline",,,,,,,,,,,,,,,,65 9232 3756,,,,,,,,,,,,,,,Gov List,"ACRA, Google Searches",,
,,16/12/2025,SALVO PTE. LTD.,SALVOS ITALIAN RESTAURANT AND BAR,,TeleSales,,Offline Sources,Adhoc,,200509318G,,,,,,,,,,,,,,,,"B2C, Offline",,,,,,,,,,,,,,,,65 6777 1466,sean@sossg.com,,,,,,,,,,,,,,Gov List,"ACRA, Google Searches",,
,,16/12/2025,MR.K PTE. LTD.,MR TAY LEAD,,TeleSales,,Offline Sources,Adhoc,,201904921H,,,,,,,,,,,,,,,,"B2C, Offline",,,,,,,,,,,,,,,,65 8703 6581,,,,,,,,,,,,,,,Gov List,"ACRA, Google Searches",,
,,16/12/2025,BARRIO PTE. LTD.,BARRIO CALIENTE,,TeleSales,,Offline Sources,Adhoc,,202308096K,,,,,,,,,,,,,,,,"B2C, Offline",,,,,,,,,,,,,,,,65 9005 3482,ali.zaouane@qualiency.com,,,,,,,,,,,,,,Gov List,"ACRA, Google Searches",,
,,16/12/2025,WOK HEY PTE. LTD.,WOKHEY,,TeleSales,,Offline Sources,Adhoc,,201617998K,,,,,,,,,,,,,,,,"B2C, Offline",,,,,,,,,,,,,,,,65 9827 0484,jason.tan@wokhey.sg,,,,65 6694 0088,liyana@wokhey.sg,,,,,jake@wokhey.sg,,,,Gov List,"ACRA, Google Searches",,
,,16/12/2025,COCOTTE BISTRO,COCOTTE,,TeleSales,,Offline Sources,Adhoc,,53509848X,,,,,,,,,,,,,,,,"B2C, Offline",,,,,,,,,,,,,,,,65 6298 1188,am@restaurantcocotte.com,,,,,,,,,,,,,,Gov List,"ACRA, Google Searches",,
,,16/12/2025,,MR ONIGIRI,,TeleSales,,Offline Sources,Adhoc,,,,,,,,,,,,,,,,,,"B2C, Offline",,,,,,,,,,,,,,,,65 9855 9630,,,,,,,,,,,,,,,Gov List,"ACRA, Google Searches",,
,,16/12/2025,QSR ASIA PTE. LTD.,QSR 2024-ABAAVO,,TeleSales,,Offline Sources,Adhoc,,201326985R,,,,,,,,,,,,,,,,"B2C, Offline",,,,,,,,,,,,,,,,65 9456 1955,nicole.tan@obaavo.com,,,,65 9732 4435,henny@abaavo.com,,,,65 6243 0108,joanne.tan@abaavo.com,,,,Gov List,"ACRA, Google Searches",,
,,16/12/2025,CHUCHEN GLOBAL PTE. LTD.,CHUNCHEON DAKGALBI,,TeleSales,,Offline Sources,Adhoc,,202425669D,,,,,,,,,,,,,,,,"B2C, Offline",,,,,,,,,,,,,,,,65 6324 3009,,,,,,,,,,,,,,,Gov List,"ACRA, Google Searches",,
,,16/12/2025,THE DEMPSEY COOKHOUSE & BAR PTE. LTD.,DEMPSEY HOUSE,,TeleSales,,Offline Sources,Adhoc,,201633067C,,,,,,,,,,,,,,,,"B2C, Offline",,,,,,,,,,,,,,,,65 6475 3250,hairmie.juhair@dempseyhouse.com,,,,,,,,,,,,,,Gov List,"ACRA, Google Searches",,
,,16/12/2025,EFG ISLAAMIC FOODS EXPRESS PTE. LTD.,EFG EXPRESS FOOD,,TeleSales,,Offline Sources,Adhoc,,202403582H,,,,,,,,,,,,,,,,"B2C, Offline",,,,,,,,,,,,,,,,65 9189 0201,martin.darby@expressfoodgroup.com,,,,65 7877 7809,,,,,,,,,,Gov List,"ACRA, Google Searches",,
,,16/12/2025,DAPUR PENYET,DAPUR PENYAT,,TeleSales,,Offline Sources,Adhoc,,53309315E,,,,,,,,,,,,,,,,"B2C, Offline",,,,,,,,,,,,,,,,65 9177 5394,dapurpenyet.sg@gmail.com,,,,65 6734 2840,,,,,,,,,,Gov List,"ACRA, Google Searches",,
,,16/12/2025,OKG EXPRESS (PTE.) LTD.,OKG EXPRESS OLD KIM GUAN,,TeleSales,,Offline Sources,Adhoc,,201317037C,,,,,,,,,,,,,,,,"B2C, Offline",,,,,,,,,,,,,,,,65 9850 3683,enquiries@oldkimguan.sg,,,,,,,,,,,,,,Gov List,"ACRA, Google Searches",,
,,16/12/2025,CENTRE FOR EVIDENCE AND IMPLEMENTATION SINGAPORE LTD.,IMPLEMENTATION CONFIRMATION - ROLLGAADI @ I12 CENTURY SQUARE QUOTE 809,,TeleSales,,Offline Sources,Adhoc,,201934244Z,,,,,,,,,,,,,,,,"B2C, Offline",,,,,,,,,,,,,,,,65 8200 3689,bhavani@inodei.co,,,,,,,,,,,,,,Gov List,"ACRA, Google Searches",,
,,16/12/2025,,DAILY GRIND BY SPINELLI,,TeleSales,,Offline Sources,Adhoc,,,,,,,,,,,,,,,,,,"B2C, Offline",,,,,,,,,,,,,,,,65 6702 1845,,,,,,,,,,,,,,,Gov List,"ACRA, Google Searches",,
,,16/12/2025,,ROCKY MASTER,,TeleSales,,Offline Sources,Adhoc,,,,,,,,,,,,,,,,,,"B2C, Offline",,,,,,,,,,,,,,,,65 9229 1606,meisiang.chiang@rockymaster.com.sg,,,,65 6904 3608,,,,,,,,,,Gov List,"ACRA, Google Searches",,
,,16/12/2025,LA SALA PTE. LTD.,LA SALSA SMARTWEB,,TeleSales,,Offline Sources,Adhoc,,202224308H,,,,,,,,,,,,,,,,"B2C, Offline",,,,,,,,,,,,,,,,65 8612 1412,lasalsa@singapore.com,,,,,,,,,,,,,,Gov List,"ACRA, Google Searches",,
,,16/12/2025,MAKAN CHAPTER PTE. LTD.,MAKAN CHAPTER COLD CALL,,TeleSales,,Offline Sources,Adhoc,,201930971C,,,,,,,,,,,,,,,,"B2C, Offline",,,,,,,,,,,,,,,,65 8522 5290,,,,,,,,,,,,,,,Gov List,"ACRA, Google Searches",,
,,16/12/2025,5 LITTLE BEAR TAIWAN FOOD PTE. LTD.,5 LITTLE BEARS TAIWAN FOOD & BEVERAGES RESTAURANT,,TeleSales,,Offline Sources,Adhoc,,201737245M,,,,,,,,,,,,,,,,"B2C, Offline",,,,,,,,,,,,,,,,65 9004 6525,,,,,,,,,,,,,,,Gov List,"ACRA, Google Searches",,
,,16/12/2025,J 5-SENSES,5 SENSES BISTRO,,TeleSales,,Offline Sources,Adhoc,,53422009J,,,,,,,,,,,,,,,,"B2C, Offline",,,,,,,,,,,,,,,,65 6339 1435,5sensesbistro@gmail.com,,,,,,,,,,,,,,Gov List,"ACRA, Google Searches",,
,,16/12/2025,,GONG CHA,,TeleSales,,Offline Sources,Adhoc,,,,,,,,,,,,,,,,,,"B2C, Offline",,,,,,,,,,,,,,,,65 9621 2139,,,,,,,,,,,,,,,Gov List,"ACRA, Google Searches",,
,,16/12/2025,CHINA CLASSIC PTE LTD,CHINA CLASSIC COLD KNOCK,,TeleSales,,Offline Sources,Adhoc,,199503375W,,,,,,,,,,,,,,,,"B2C, Offline",,,,,,,,,,,,,,,,65 9636 2215,,,,,,,,,,,,,,,Gov List,"ACRA, Google Searches",,
,,16/12/2025,HAO LAI WU BBQ,HAO LAI WU BBQ AND STEAMBOAT CHINATOWN BUGIS,,TeleSales,,Offline Sources,Adhoc,,53367880C,,,,,,,,,,,,,,,,"B2C, Offline",,,,,,,,,,,,,,,,65 6221 0065,geziwcq@163.com,,,,65 8339 8649,limrichstep@gmail.com,,,,,,,,,Gov List,"ACRA, Google Searches",,
,,16/12/2025,SQUARE PEG DESIGN ASIA PTE. LTD.,BOULEVARD ASIA SQUARE,,TeleSales,,Offline Sources,Adhoc,,200505308H,,,,,,,,,,,,,,,,"B2C, Offline",,,,,,,,,,,,,,,,65 6336 6855,info@blvd.sg,,,,,,,,,,,,,,Gov List,"ACRA, Google Searches",,
,,16/12/2025,INSPIRE HOUSE PTE. LTD.,INSPIRIT HOUSE,,TeleSales,,Offline Sources,Adhoc,,201540011W,,,,,,,,,,,,,,,,"B2C, Offline",,,,,,,,,,,,,,,,65 6920 6388,info@inspirithouse.com,,,,,excel@inspirithouse.com,,,,,,,,,Gov List,"ACRA, Google Searches",,
,,16/12/2025,SOONICE PTE. LTD.,SOONICE SMARTWEB,,TeleSales,,Offline Sources,Adhoc,,202339446R,,,,,,,,,,,,,,,,"B2C, Offline",,,,,,,,,,,,,,,,65 9387 7368,sjleow.associates@gmail.com,,,,,,,,,,,,,,Gov List,"ACRA, Google Searches",,
,,16/12/2025,INANIWA PTE. LTD.,INANIWA YOSUKE,,TeleSales,,Offline Sources,Adhoc,,201524128K,,,,,,,,,,,,,,,,"B2C, Offline",,,,,,,,,,,,,,,,65 6262 3279,,,,,,,,,,,,,,,Gov List,"ACRA, Google Searches",,
,,16/12/2025,,GUCCIO RISTORANTE,,TeleSales,,Offline Sources,Adhoc,,,,,,,,,,,,,,,,,,"B2C, Offline",,,,,,,,,,,,,,,,65 6224 1684,reservations@guccioristorante.com,,,,,,,,,65 8799 1538,,,,,Gov List,"ACRA, Google Searches",,
,,16/12/2025,SUSHI-TEI PTE LTD,SUSHI TEI @ JEM,,TeleSales,,Offline Sources,Adhoc,,199405285E,,,,,,,,,,,,,,,,"B2C, Offline",,,,,,,,,,,,,,,,65 6376 2221,danielong@sushitei.com,,,,,jingwen@sushitei.com,,,,,leejanice@sushitei.com,,,,Gov List,"ACRA, Google Searches",,
,,16/12/2025,DELIGHT CUISINE PTE. LTD.,DELIGHT CUISINE COLD CALL,,TeleSales,,Offline Sources,Adhoc,,200204372E,,,,,,,,,,,,,,,,"B2C, Offline",,,,,,,,,,,,,,,,65 9177 8931,,,,,,,,,,,,,,,Gov List,"ACRA, Google Searches",,
,,16/12/2025,LE CLOS PTE. LTD.,CLOS PASOH,,TeleSales,,Offline Sources,Adhoc,,202030689K,,,,,,,,,,,,,,,,"B2C, Offline",,,,,,,,,,,,,,,,65 8402 4615,geoffrey@clos.sg,,,,,,,,,,,,,,Gov List,"ACRA, Google Searches",,
,,16/12/2025,YI QI PIN LAO SICHUAN RESTAURANT PTE. LTD.,LAO SI CHUAN RESTAURANT,,TeleSales,,Offline Sources,Adhoc,,201615348G,,,,,,,,,,,,,,,,"B2C, Offline",,,,,,,,,,,,,,,,65 6226 3658,,,,,,,,,,,,,,,Gov List,"ACRA, Google Searches",,
,,16/12/2025,PAPA AYAM SINGAPORE PTE. LTD.,PAPA AYAM @ -- TO,,TeleSales,,Offline Sources,Adhoc,,202543083D,,,,,,,,,,,,,,,,"B2C, Offline",,,,,,,,,,,,,,,,65 8497 3714,,,,,,,,,,,,,,,Gov List,"ACRA, Google Searches",,
,,16/12/2025,SHINZO JAPANESE CUISINE PTE. LTD.,SHINKO JAPANESE COLD CALL,,TeleSales,,Offline Sources,Adhoc,,201317844W,,,,,,,,,,,,,,,,"B2C, Offline",,,,,,,,,,,,,,,,65 9461 3818,,,,,,,,,,,,,,,Gov List,"ACRA, Google Searches",,
,,16/12/2025,DON OYSTER BAR PTE. LTD.,DON BAR BISTRO,,TeleSales,,Offline Sources,Adhoc,,202224954R,,,,,,,,,,,,,,,,"B2C, Offline",,,,,,,,,,,,,,,,65 9050 5427,donbarbistro@gmail.com,,,,,,,,,,,,,,Gov List,"ACRA, Google Searches",,
,,16/12/2025,RELISH BURGER PTE. LTD.,RELISH BURGER BAR CONCEPT COPY,,TeleSales,,Offline Sources,Adhoc,,200717363H,,,,,,,,,,,,,,,,"B2C, Offline",,,,,,,,,,,,,,,,65 8222 1722,relishburger@gmail.com,,,,,,,,,,,,,,Gov List,"ACRA, Google Searches",,
,,16/12/2025,HUIZHE FAMILY OFFICE PTE. LTD.,GALLOP FAMILY RESTAURANT,,TeleSales,,Offline Sources,Adhoc,,202002832W,,,,,,,,,,,,,,,,"B2C, Offline",,,,,,,,,,,,,,,,65 9028 6151,,,,,,,,,,,,,,,Gov List,"ACRA, Google Searches",,
,,16/12/2025,JOOHZ PRESS,JOOHZ COLD PRESSED,,TeleSales,,Offline Sources,Adhoc,,53330362A,,,,,,,,,,,,,,,,"B2C, Offline",,,,,,,,,,,,,,,,65 9662 9632,,,,,,,,,,,,,,,Gov List,"ACRA, Google Searches",,
,,16/12/2025,THE COFFEE ACADEMICS PTE. LTD.,COFFEE ACADEMICS @ RAFFLES CITY,,TeleSales,,Offline Sources,Adhoc,,201537245E,,,,,,,,,,,,,,,,"B2C, Offline",,,,,,,,,,,,,,,,65 9116 0584,dinie.effandy@the-coffeeacademics.com,,,,,,,,,,,,,,Gov List,"ACRA, Google Searches",,
,,16/12/2025,LUKE'S OYSTER BAR AND CHOP HOUSE,LUKES OYSTER BAR CHOP HOUSE @ ROBINSONS ORCHARD ROAD,,TeleSales,,Offline Sources,Adhoc,,53194486K,,,,,,,,,,,,,,,,"B2C, Offline",,,,,,,,,,,,,,,,65 8125 5256,suban@lukes.com.sg,,,,,,,,,,,,,,Gov List,"ACRA, Google Searches",,
,,16/12/2025,OLD BIBIK KITCHEN,OLD BIBIK PERANAKAN CANVASSING - JOO CHIAT,,TeleSales,,Offline Sources,Adhoc,,53200025X,,,,,,,,,,,,,,,,"B2C, Offline",,,,,,,,,,,,,,,,65 9848 1140,clarachang13@gmail.com,,,,,,,,,,,,,,Gov List,"ACRA, Google Searches",,
,,16/12/2025,MM (BL) PTE. LTD.,MM SHN,,TeleSales,,Offline Sources,Adhoc,,201634859D,,,,,,,,,,,,,,,,"B2C, Offline",,,,,,,,,,,,,,,,65 2528 1288,maewong_88@hotmail.com,,,,,,,,,,,,,,Gov List,"ACRA, Google Searches",,
,,16/12/2025,HOTEL+ PTE. LTD.,HOTEL BANGI-PUTRAJAYA,,TeleSales,,Offline Sources,Adhoc,,201823980K,,,,,,,,,,,,,,,,"B2C, Offline",,,,,,,,,,,,,,,,65 8210 2222,tracychong@hotelbangi-putrajaya.com,,,,,,,,,,,,,,Gov List,"ACRA, Google Searches",,
,,16/12/2025,TRE 21 PTE LTD,TRE,,TeleSales,,Offline Sources,Adhoc,,200106173R,,,,,,,,,,,,,,,,"B2C, Offline",,,,,,,,,,,,,,,,65 6237 8439,watson@tre.com.sg,,,,,,,,,,,,,,Gov List,"ACRA, Google Searches",,
,,16/12/2025,BOK,BOK KITCHEN COLD CALL,,TeleSales,,Offline Sources,Adhoc,,53330778C,,,,,,,,,,,,,,,,"B2C, Offline",,,,,,,,,,,,,,,,65 9062 0528,,,,,,,,,,,,,,,Gov List,"ACRA, Google Searches",,
,,16/12/2025,NEW INDIAN CURRY HOUSE PTE. LTD.,NEW INDIAN CURRY HOUSE - ISH 85242144,,TeleSales,,Offline Sources,Adhoc,,201103019G,,,,,,,,,,,,,,,,"B2C, Offline",,,,,,,,,,,,,,,,65 8524 2144,,,,,,,,,,,,,,,Gov List,"ACRA, Google Searches",,
,,16/12/2025,GURKHA PALACE RESTAURANT PTE. LTD.,GURKHA PALACE,,TeleSales,,Offline Sources,Adhoc,,200201178M,,,,,,,,,,,,,,,,"B2C, Offline",,,,,,,,,,,,,,,,65 6292 4316,,,,,,,,,,,,,,,Gov List,"ACRA, Google Searches",,
,,16/12/2025,CHIX HOT CHICKEN PTE. LTD.,CHICKEN HOT POT,,TeleSales,,Offline Sources,Adhoc,,201736744W,,,,,,,,,,,,,,,,"B2C, Offline",,,,,,,,,,,,,,,,65 6636 9179,,,,,,,,,,,,,,,Gov List,"ACRA, Google Searches",,
,,16/12/2025,,YEN IZAKAYA SMARTTERMINNAL,,TeleSales,,Offline Sources,Adhoc,,,,,,,,,,,,,,,,,,"B2C, Offline",,,,,,,,,,,,,,,,65 9613 2615,yck@gmail.com,,,,,,,,,,,,,,Gov List,"ACRA, Google Searches",,
,,16/12/2025,,MOUNT FABER LEISURE - A K,,TeleSales,,Offline Sources,Adhoc,,,,,,,,,,,,,,,,,,"B2C, Offline",,,,,,,,,,,,,,,,65 9271 8283,ananthan@onefabergroup.com,,,,,,,,,,,,,,Gov List,"ACRA, Google Searches",,
,,16/12/2025,HOLEY MOLEY PTE. LTD.,HONEY MOLEY GOLF CLUB BARPUB IN,,TeleSales,,Offline Sources,Adhoc,,201815174Z,,,,,,,,,,,,,,,,"B2C, Offline",,,,,,,,,,,,,,,,65 9767 1255,jcarroll@holeymoley.com.sg,,,,,,,,,,,,,,Gov List,"ACRA, Google Searches",,
,,16/12/2025,ORCHID LIVE SEAFOOD,ORCHID LIVE SEAFOOD COLD CALL,,TeleSales,,Offline Sources,Adhoc,,53114345K,,,,,,,,,,,,,,,,"B2C, Offline",,,,,,,,,,,,,,,,65 9666 4483,,,,,,,,,,,,,,,Gov List,"ACRA, Google Searches",,
,,16/12/2025,FRIENDS THAI TABLE,THAI TABLE,,TeleSales,,Offline Sources,Adhoc,,53482958M,,,,,,,,,,,,,,,,"B2C, Offline",,,,,,,,,,,,,,,,65 6443 3533,,,,,,,,,,,,,,,Gov List,"ACRA, Google Searches",,
,,16/12/2025,KUCINA ITALIAN CATERING PTE. LTD.,KUCINA ITALIAN RESTAURANT,,TeleSales,,Offline Sources,Adhoc,,201735794E,,,,,,,,,,,,,,,,"B2C, Offline",,,,,,,,,,,,,,,,65 9172 9662,gero@kucinaitalian.com,,,,,,,,,,,,,,Gov List,"ACRA, Google Searches",,
,,16/12/2025,IPPIN PTE. LTD.,IPPIN CAFE BAR,,TeleSales,,Offline Sources,Adhoc,,201109460H,,,,,,,,,,,,,,,,"B2C, Offline",,,,,,,,,,,,,,,,65 6733 4794,ippin.cafebar@gmail.com,,,,,,,,,,,,,,Gov List,"ACRA, Google Searches",,
,,16/12/2025,M-RAMEN PTE. LTD.,M-RAMEN KAJIKEN,,TeleSales,,Offline Sources,Adhoc,,201108015E,,,,,,,,,,,,,,,,"B2C, Offline",,,,,,,,,,,,,,,,65 9125 3784,letchumy@m-ramen.com,,,,,,,,,,,,,,Gov List,"ACRA, Google Searches",,
,,16/12/2025,JLM RESTAURANT PTE. LTD.,JLM RESTAURANT LA BU LA @ YISHUN,,TeleSales,,Offline Sources,Adhoc,,202245653N,,,,,,,,,,,,,,,,"B2C, Offline",,,,,,,,,,,,,,,,65 8901 1608,jlmfinance.ad@gmail.com,,,,,jlmplsoa@gmail.com,,,,,,,,,Gov List,"ACRA, Google Searches",,
,,16/12/2025,CAFE FRIENZIE PTE. LTD.,FRIENZIE BAR & BISTRO,,TeleSales,,Offline Sources,Adhoc,,201013938G,,,,,,,,,,,,,,,,"B2C, Offline",,,,,,,,,,,,,,,,65 8318 8850,,,,,,,,,,,,,,,Gov List,"ACRA, Google Searches",,
,,16/12/2025,JK MARRIOTT INTERNATIONAL HOLDINGS PTE. LTD.,MARRIOT,,TeleSales,,Offline Sources,Adhoc,,202315753W,,,,,,,,,,,,,,,,"B2C, Offline",,,,,,,,,,,,,,,,65 9009 0769,budi.aryono@marriott.com,,,,,,,,,,,,,,Gov List,"ACRA, Google Searches",,
,,16/12/2025,,MEET CASUAL DINING,,TeleSales,,Offline Sources,Adhoc,,,,,,,,,,,,,,,,,,"B2C, Offline",,,,,,,,,,,,,,,,65 6909 0568,will@meetdining.com,,,,,,,,,,,,,,Gov List,"ACRA, Google Searches",,
,,16/12/2025,SANKAI (S) PTE. LTD.,SANKAI JAPANESE RESTAURANT,,TeleSales,,Offline Sources,Adhoc,,201227411D,,,,,,,,,,,,,,,,"B2C, Offline",,,,,,,,,,,,,,,,65 6336 0384,sankai0304@hotmail.com,,,,,,,,,,,,,,Gov List,"ACRA, Google Searches",,
,,16/12/2025,COBA COBA,COBACOBA,,TeleSales,,Offline Sources,Adhoc,,53289006W,,,,,,,,,,,,,,,,"B2C, Offline",,,,,,,,,,,,,,,,65 6382 2622,hello@cobacoba.sg,,,,,,,,,,,,,,Gov List,"ACRA, Google Searches",,
,,16/12/2025,FORESTA RESTAURANT PTE. LTD.,FOREST RESTAURANT RWS,,TeleSales,,Offline Sources,Adhoc,,201919680K,,,,,,,,,,,,,,,,"B2C, Offline",,,,,,,,,,,,,,,,65 6577 7788,forest@rwsentosa.com,,,,,,,,,,,,,,Gov List,"ACRA, Google Searches",,
,,16/12/2025,HAN'S UNION PTE. LTD.,HAN &APOS S F & B,,TeleSales,,Offline Sources,Adhoc,,201903831K,,,,,,,,,,,,,,,,"B2C, Offline",,,,,,,,,,,,,,,,65 6556 0089,bpang@hans.sg,,,,,,,,,,,,,,Gov List,"ACRA, Google Searches",,
,,16/12/2025,THE WINE COMPANY PTE. LTD.,THE WINE @ SENTOSA,,TeleSales,,Offline Sources,Adhoc,,200304879W,,,,,,,,,,,,,,,,"B2C, Offline",,,,,,,,,,,,,,,,65 6376 9029,,,,,,,,,,,,,,,Gov List,"ACRA, Google Searches",,
,,16/12/2025,YU CUN PTE. LTD.,YUCUN KITCHEN,,TeleSales,,Offline Sources,Adhoc,,201429335W,,,,,,,,,,,,,,,,"B2C, Offline",,,,,,,,,,,,,,,,65 6222 8128,yucunrenjia@gmail.com,,,,,,,,,,,,,,Gov List,"ACRA, Google Searches",,
,,16/12/2025,CANVAS & SPACE PTE. LTD.,SHINRAI SMARTWEB,,TeleSales,,Offline Sources,Adhoc,,202418796N,,,,,,,,,,,,,,,,"B2C, Offline",,,,,,,,,,,,,,,,65 8868 8831,stephen@gamil.com,,,,,,,,,,,,,,Gov List,"ACRA, Google Searches",,
,,16/12/2025,,THE WHITE OMBRÉ,,TeleSales,,Offline Sources,Adhoc,,,,,,,,,,,,,,,,,,"B2C, Offline",,,,,,,,,,,,,,,,65 6254 6434,info@thewhiteombre.com,,,,,,,,,,,,,,Gov List,"ACRA, Google Searches",,
,,16/12/2025,YOUNGS GAME PTE. LTD.,YOUNGS BAR & RESTAURANT EPOINT,,TeleSales,,Offline Sources,Adhoc,,202228060Z,,,,,,,,,,,,,,,,"B2C, Offline",,,,,,,,,,,,,,,,65 8238 9246,jason_kong@teeinvestments.com,,,,,,,,,,,,,,Gov List,"ACRA, Google Searches",,
,,16/12/2025,TOCHA BISTRO PTE. LTD.,TOCHA BISTRO COLD KNOCK,,TeleSales,,Offline Sources,Adhoc,,201526138R,,,,,,,,,,,,,,,,"B2C, Offline",,,,,,,,,,,,,,,,,,,,,,,,,,,,,,,Gov List,"ACRA, Google Searches",,
,,16/12/2025,KING AND THE PAWN PTE. LTD.,KING AND PAWN COLD CALL,,TeleSales,,Offline Sources,Adhoc,,201808418C,,,,,,,,,,,,,,,,"B2C, Offline",,,,,,,,,,,,,,,,65 8394 5136,contact@hwatu.com.au,,,,,,,,,,,,,,Gov List,"ACRA, Google Searches",,
,,16/12/2025,QSR ASIA PTE. LTD.,QSR 2024-HANBAOBAO LICENSEE OF MCDONALDS,,TeleSales,,Offline Sources,Adhoc,,201326985R,,,,,,,,,,,,,,,,"B2C, Offline",,,,,,,,,,,,,,,,65 6462 0800,yenni.soh@sg.mcd.com,,,,,,,,,,,,,,Gov List,"ACRA, Google Searches",,
,,16/12/2025,MEATY WESTERN PTE. LTD.,MEATY WESTERN SMARTTERMINAL,,TeleSales,,Offline Sources,Adhoc,,202336599W,,,,,,,,,,,,,,,,"B2C, Offline",,,,,,,,,,,,,,,,65 9061 4956,,,,,,,,,,,,,,,Gov List,"ACRA, Google Searches",,
,,16/12/2025,,KAZO TAIWANESE BAKERY,,TeleSales,,Offline Sources,Adhoc,,,,,,,,,,,,,,,,,,"B2C, Offline",,,,,,,,,,,,,,,,65 8887 8782,hello@kazo.sg,,,,,,,,,,,,,,Gov List,"ACRA, Google Searches",,
,,16/12/2025,ALICE,ALICE YAP,,TeleSales,,Offline Sources,Adhoc,,53081206A,,,,,,,,,,,,,,,,"B2C, Offline",,,,,,,,,,,,,,,,65 9791 6703,alice@junhanggroup.com.sg,,,,,,,,,,,,,,Gov List,"ACRA, Google Searches",,
,,16/12/2025,SG BURGER PTE. LTD.,B3 - BURGER BEER BISTRO,,TeleSales,,Offline Sources,Adhoc,,202136237H,,,,,,,,,,,,,,,,"B2C, Offline",,,,,,,,,,,,,,,,65 9298 6129,c.edwin@b3smu.com,,,,,,,,,,,,,,Gov List,"ACRA, Google Searches",,
,,16/12/2025,KACY HOME SERVICES,KACYO,,TeleSales,,Offline Sources,Adhoc,,53075839C,,,,,,,,,,,,,,,,"B2C, Offline",,,,,,,,,,,,,,,,65 6327 8414,sg-reservations@kacyo.com,,,,,,,,,,,,,,Gov List,"ACRA, Google Searches",,
,,16/12/2025,BLUE OCEAN SYSTEM TECHNOLOGIES PTE. LTD.,BLUE OCEN,,TeleSales,,Offline Sources,Adhoc,,201803657H,,,,,,,,,,,,,,,,"B2C, Offline",,,,,,,,,,,,,,,,65 8382 8653,yjham@blueoceansys.com.sg,,,,,,,,,,,,,,Gov List,"ACRA, Google Searches",,
,,16/12/2025,COFFEE EAST OCEAN (CEO) CAFE PTE. LTD.,CREO CAFE,,TeleSales,,Offline Sources,Adhoc,,201301924K,,,,,,,,,,,,,,,,"B2C, Offline",,,,,,,,,,,,,,,,65 9022 1840,creo.cafe@yahoo.com,,,,,,,,,,,,,,Gov List,"ACRA, Google Searches",,
,,16/12/2025,,YOKOWA JAPANESE RESTAURANT,,TeleSales,,Offline Sources,Adhoc,,,,,,,,,,,,,,,,,,"B2C, Offline",,,,,,,,,,,,,,,,65 8341 3304,suhyunbae@atozholdings.sg,,,,,,,,,,,,,,Gov List,"ACRA, Google Searches",,
,,16/12/2025,HAI DI LAO HOLDINGS PTE. LTD.,HAI DI LAO,,TeleSales,,Offline Sources,Adhoc,,201305315G,,,,,,,,,,,,,,,,"B2C, Offline",,,,,,,,,,,,,,,,65 6733 4985,xjphdl@haidilao.com,,,,,,,,,,,,,,Gov List,"ACRA, Google Searches",,
,,16/12/2025,TULASI AURUM PTE. LTD.,TULASI VEGETARIAN RESTAURANT,,TeleSales,,Offline Sources,Adhoc,,202003217R,,,,,,,,,,,,,,,,"B2C, Offline",,,,,,,,,,,,,,,,65 9864 3232,,,,,65 6299 3809,,,,,,,,,,Gov List,"ACRA, Google Searches",,
,,16/12/2025,BAR CICHETI,CICHETI 4X OUTLETS,,TeleSales,,Offline Sources,Adhoc,,53381462J,,,,,,,,,,,,,,,,"B2C, Offline",,,,,,,,,,,,,,,,65 9785 9641,ronald@cicheti.com,,,,,,,,,,,,,,Gov List,"ACRA, Google Searches",,
,,16/12/2025,SHI SHANG WEI PTE. LTD.,SHI SHANG CHUAN WEI HOT POT,,TeleSales,,Offline Sources,Adhoc,,202324980N,,,,,,,,,,,,,,,,"B2C, Offline",,,,,,,,,,,,,,,,65 9687 0482,,,,,,,,,,,,,,,Gov List,"ACRA, Google Searches",,
,,16/12/2025,WINE & KITCHEN PTE. LTD.,WINE & KITCHEN @ -- TO,,TeleSales,,Offline Sources,Adhoc,,202033387N,,,,,,,,,,,,,,,,"B2C, Offline",,,,,,,,,,,,,,,,65 8613 4949,jonathan.ng@winekitchensg.com,,,,,,,,,,,,,,Gov List,"ACRA, Google Searches",,
,,16/12/2025,THE BLACK HOLE PRIVATE LIMITED,THE BLACK HOLE 9X OUTLETS REVEL,,TeleSales,,Offline Sources,Adhoc,,202107740Z,,,,,,,,,,,,,,,,"B2C, Offline",,,,,,,,,,,,,,,,65 9060 1284,calvin@theblackhole.sg,,,,,,,,,,,,,,Gov List,"ACRA, Google Searches",,
,,16/12/2025,KOREAN FUSION BBQ,KOREAN FUSHION BBQ,,TeleSales,,Offline Sources,Adhoc,,53259614E,,,,,,,,,,,,,,,,"B2C, Offline",,,,,,,,,,,,,,,,65 9232 2367,cv.kfbbq@gmail.com,,,,,,,,,,,,,,Gov List,"ACRA, Google Searches",,
,,16/12/2025,RED HOT BAR & GRILL PTE. LTD.,HOT GRILL COLD CALL,,TeleSales,,Offline Sources,Adhoc,,202210870Z,,,,,,,,,,,,,,,,"B2C, Offline",,,,,,,,,,,,,,,,65 9716 3378,,,,,,,,,,,,,,,Gov List,"ACRA, Google Searches",,
,,16/12/2025,PAIK'S NOODLE (S) PTE. LTD.,PAIKS BIBIM BIBIMBAP,,TeleSales,,Offline Sources,Adhoc,,202319672D,,,,,,,,,,,,,,,,"B2C, Offline",,,,,,,,,,,,,,,,65 6694 4696,jamesols@yahoo.com.sg,,,,,,,,,,,,,,Gov List,"ACRA, Google Searches",,
,,16/12/2025,BBQ STATION PTE. LTD.,BBQ GENERATION,,TeleSales,,Offline Sources,Adhoc,,201202750H,,,,,,,,,,,,,,,,"B2C, Offline",,,,,,,,,,,,,,,,65 6547 1567,,,,,,,,,,,,,,,Gov List,"ACRA, Google Searches",,
,,16/12/2025,JUST THE PLACE,JUST THE PLACE EUROPEAN BISTRO,,TeleSales,,Offline Sources,Adhoc,,52801542K,,,,,,,,,,,,,,,,"B2C, Offline",,,,,,,,,,,,,,,,65 6702 7370,,,,,,,,,,,,,,,Gov List,"ACRA, Google Searches",,
,,16/12/2025,EPIC EATS SG PTE. LTD.,EATS,,TeleSales,,Offline Sources,Adhoc,,202328849M,,,,,,,,,,,,,,,,"B2C, Offline",,,,,,,,,,,,,,,,65 9696 5137,,,,,,,,,,,,,,,Gov List,"ACRA, Google Searches",,
,,16/12/2025,TAMAKO MEAL PTE LTD,TAMAKO DINING,,TeleSales,,Offline Sources,Adhoc,,200007239W,,,,,,,,,,,,,,,,"B2C, Offline",,,,,,,,,,,,,,,,65 6553 4128,sanpachiro@gmail.com,,,,,,,,,,,,,,Gov List,"ACRA, Google Searches",,
,,16/12/2025,UMI-NAMI PTE. LTD.,UMI SUSHI NEO,,TeleSales,,Offline Sources,Adhoc,,201708511R,,,,,,,,,,,,,,,,"B2C, Offline",,,,,,,,,,,,,,,,65 6833 7966,timothy.leong@neogroup.com.sg,,,,,,,,,,,,,,Gov List,"ACRA, Google Searches",,
,,16/12/2025,NIKU IKU PTE. LTD.,NIKU KAPPO,,TeleSales,,Offline Sources,Adhoc,,202135570K,,,,,,,,,,,,,,,,"B2C, Offline",,,,,,,,,,,,,,,,65 6509 9366,enquiries@watami.com.sg,,,,,,,,,,,,,,Gov List,"ACRA, Google Searches",,
,,16/12/2025,MENYA KOJI (S) PTE. LTD.,MENYA MUSASHI @ WESTGATE,,TeleSales,,Offline Sources,Adhoc,,201216329N,,,,,,,,,,,,,,,,"B2C, Offline",,,,,,,,,,,,,,,,65 6465 9381,feedback@jfh.com.sg,,,,,,,,,,,,,,Gov List,"ACRA, Google Searches",,
,,16/12/2025,OOPEN PTE. LTD.,OOPEN PASTA & GRILL,,TeleSales,,Offline Sources,Adhoc,,201701017N,,,,,,,,,,,,,,,,"B2C, Offline",,,,,,,,,,,,,,,,65 6808 9815,emm.goh@thefoodexplorer.com.sg,,,,,,,,,,,,,,Gov List,"ACRA, Google Searches",,
,,16/12/2025,AIRPAK EXPRESS PTE LTD,HONZEN EXPRESS,,TeleSales,,Offline Sources,Adhoc,,199002369N,,,,,,,,,,,,,,,,"B2C, Offline",,,,,,,,,,,,,,,,65 9622 2983,honzen@ymail.com,,,,,,,,,,,,,,Gov List,"ACRA, Google Searches",,
,,16/12/2025,SYUN TRADING PTE. LTD.,SYUN,,TeleSales,,Offline Sources,Adhoc,,202000495R,,,,,,,,,,,,,,,,"B2C, Offline",,,,,,,,,,,,,,,,65 6577 8888,irene.altan@rwsentosa.com,,,,,,,,,,,,,,Gov List,"ACRA, Google Searches",,
,,16/12/2025,VENUE BY SEBASTIAN,VENUE BY SABASTIAN,,TeleSales,,Offline Sources,Adhoc,,53357642C,,,,,,,,,,,,,,,,"B2C, Offline",,,,,,,,,,,,,,,,65 6904 9688,info@venuebysebastian.com,,,,,,,,,,,,,,Gov List,"ACRA, Google Searches",,
,,16/12/2025,,LONG JIANG CHINOS RESTAURANT & BAR,,TeleSales,,Offline Sources,Adhoc,,,,,,,,,,,,,,,,,,"B2C, Offline",,,,,,,,,,,,,,,,65 8571 8592,sales@longjiang.sg,,,,,,,,,,,,,,Gov List,"ACRA, Google Searches",,
,,16/12/2025,SHIOK PARADISE GROUP PTE. LTD.,PARADISE @ JEWEL,,TeleSales,,Offline Sources,Adhoc,,202448381D,,,,,,,,,,,,,,,,"B2C, Offline",,,,,,,,,,,,,,,,65 9060 8744,kuanloung@paradisegroup.com.sg,,,,65 9060 8744,it@paradisegroup.com.sg,,,,,,,,,Gov List,"ACRA, Google Searches",,
,,16/12/2025,UPIN DINING PRIVATE LIMITED,UPIN HOT POT,,TeleSales,,Offline Sources,Adhoc,,201612999Z,,,,,,,,,,,,,,,,"B2C, Offline",,,,,,,,,,,,,,,,65 6221 5550,enquiry@upindining.com,,,,,,,,,,,,,,Gov List,"ACRA, Google Searches",,
,,16/12/2025,,THE GOODBURGER,,TeleSales,,Offline Sources,Adhoc,,,,,,,,,,,,,,,,,,"B2C, Offline",,,,,,,,,,,,,,,,65 9855 0412,ken@thegoodburger.sg,,,,65 8484 9984,hi@thegoodburger.sg,,,,,,,,,Gov List,"ACRA, Google Searches",,
,,16/12/2025,FIRST FRONTIER FOOD PTE. LTD.,FRONTIER RESTAURANT,,TeleSales,,Offline Sources,Adhoc,,202422114D,,,,,,,,,,,,,,,,"B2C, Offline",,,,,,,,,,,,,,,,65 6258 3366,charissa.leung667@gmail.com,,,,,,,,,,,,,,Gov List,"ACRA, Google Searches",,
,,16/12/2025,LI BAI RESTAURANT,LI BAI CANTONESE RESTAURANT,,TeleSales,,Offline Sources,Adhoc,,34252500W,,,,,,,,,,,,,,,,"B2C, Offline",,,,,,,,,,,,,,,,65 6839 5623,libai@sheratonsingapore.com,,,,,,,,,,,,,,Gov List,"ACRA, Google Searches",,
,,16/12/2025,GARANG GRILL PTE. LTD.,GARANG GRILL BY NEW UBIN SEAFOOD,,TeleSales,,Offline Sources,Adhoc,,201720978M,,,,,,,,,,,,,,,,"B2C, Offline",,,,,,,,,,,,,,,,65 9245 0184,garanggrill@slake.sg,,,,,,,,,,,,,,Gov List,"ACRA, Google Searches",,
,,16/12/2025,TOBY'S ESTATE COFFEE (ASIA) PTE. LTD.,TOBYS ESTATE,,TeleSales,,Offline Sources,Adhoc,,201025319R,,,,,,,,,,,,,,,,"B2C, Offline",,,,,,,,,,,,,,,,65 9022 2880,,,,,,,,,,,,,,,Gov List,"ACRA, Google Searches",,
,,16/12/2025,TIE SG LIMITED,TIE BAN SHAO,,TeleSales,,Offline Sources,Adhoc,,200104582D,,,,,,,,,,,,,,,,"B2C, Offline",,,,,,,,,,,,,,,,65 9122 3002,rikki-js@hotmail.com,,,,,,,,,,,,,,Gov List,"ACRA, Google Searches",,
,,16/12/2025,RALOVS PTE. LTD.,RALOVS CAFE ACADEMY,,TeleSales,,Offline Sources,Adhoc,,202419776E,,,,,,,,,,,,,,,,"B2C, Offline",,,,,,,,,,,,,,,,65 8388 2856,ralovs.cafe.academy@gmail.com,,,,,,,,,,,,,,Gov List,"ACRA, Google Searches",,
,,16/12/2025,WEROC GROUP PTE. LTD.,WEROC VENTURES,,TeleSales,,Offline Sources,Adhoc,,201735737C,,,,,,,,,,,,,,,,"B2C, Offline",,,,,,,,,,,,,,,,65 6284 8860,,,,,,,,,,,,,,,Gov List,"ACRA, Google Searches",,
,,16/12/2025,,FAT BOSS FOODSTUFF,,TeleSales,,Offline Sources,Adhoc,,,,,,,,,,,,,,,,,,"B2C, Offline",,,,,,,,,,,,,,,,65 8111 4855,fatboss_icecream@hotmail.com,,,,,,,,,,,,,,Gov List,"ACRA, Google Searches",,
,,16/12/2025,THE OCTO CONSULTING PTE LTD,THE REFECTORY,,TeleSales,,Offline Sources,Adhoc,,200000508W,,,,,,,,,,,,,,,,"B2C, Offline",,,,,,,,,,,,,,,,65 9628 5180,claudio@mojitocollective.group,,,,,,,,,,,,,,Gov List,"ACRA, Google Searches",,
,,16/12/2025,BAR.TER HDGS PTE. LTD.,HOGS BAR & RESTAURANT,,TeleSales,,Offline Sources,Adhoc,,202416153K,,,,,,,,,,,,,,,,"B2C, Offline",,,,,,,,,,,,,,,,65 6342 0382,rajj@hogsbar.com,,,,,,,,,,,,,,Gov List,"ACRA, Google Searches",,
,,16/12/2025,,BETHEL CONFECTIONERY,,TeleSales,,Offline Sources,Adhoc,,,,,,,,,,,,,,,,,,"B2C, Offline",,,,,,,,,,,,,,,,65 9012 2972,elaine_dolce@hotmail.com,,,,,,,,,,,,,,Gov List,"ACRA, Google Searches",,
,,16/12/2025,,DOUGH CULTURE,,TeleSales,,Offline Sources,Adhoc,,,,,,,,,,,,,,,,,,"B2C, Offline",,,,,,,,,,,,,,,,65 6757 7219,inquiry@doughculture.com.sg,,,,,,,,,,,,,,Gov List,"ACRA, Google Searches",,
,,16/12/2025,HAKATA GENYO-SHA PTE. LTD.,HAKATA IKKOUSHA,,TeleSales,,Offline Sources,Adhoc,,201111821N,,,,,,,,,,,,,,,,"B2C, Offline",,,,,,,,,,,,,,,,65 6538 1880,izumistyle1229@gmail.com,,,,,izumi@ikkousha.com,,,,,,,,,Gov List,"ACRA, Google Searches",,
,,16/12/2025,BEAR BITES PTE. LTD.,BEARBITES CAFE,,TeleSales,,Offline Sources,Adhoc,,201303388R,,,,,,,,,,,,,,,,"B2C, Offline",,,,,,,,,,,,,,,,65 9025 5121,,,,,,,,,,,,,,,Gov List,"ACRA, Google Searches",,
,,16/12/2025,IMARATU CAPITAL PTE. LTD.,IMAKATSU,,TeleSales,,Offline Sources,Adhoc,,202009430M,,,,,,,,,,,,,,,,"B2C, Offline",,,,,,,,,,,,,,,,65 6694 6148,tajitsu@ophd.com.sg,,,,,,,,,,,,,,Gov List,"ACRA, Google Searches",,
,,16/12/2025,KEBUKE PTE. LTD.,KABUKE,,TeleSales,,Offline Sources,Adhoc,,202210874D,,,,,,,,,,,,,,,,"B2C, Offline",,,,,,,,,,,,,,,,65 8822 5525,connect@kabuke.sg,,,,,connect@kabuke.sg,,,,,,,,,Gov List,"ACRA, Google Searches",,
,,16/12/2025,,ALADDINS CASTLE PEACE CENTRE,,TeleSales,,Offline Sources,Adhoc,,,,,,,,,,,,,,,,,,"B2C, Offline",,,,,,,,,,,,,,,,65 9652 1742,abdul@khemfert.com,,,,,,,,,,,,,,Gov List,"ACRA, Google Searches",,
,,16/12/2025,SHAKE SHAKE PTE. LTD.,SHAKE SHAKE LOK LOK LEAD,,TeleSales,,Offline Sources,Adhoc,,201842987G,,,,,,,,,,,,,,,,"B2C, Offline",,,,,,,,,,,,,,,,65 8111 7477,,,,,,,,,,,,,,,Gov List,"ACRA, Google Searches",,
,,16/12/2025,TALKING FOOD PTE. LTD.,TALKING FOOD @ -- MARKET RESEARCH 2022,,TeleSales,,Offline Sources,Adhoc,,201612132K,,,,,,,,,,,,,,,,"B2C, Offline",,,,,,,,,,,,,,,,65 9173 9696,talking_food@yahoo.com,,,,,,,,,,,,,,Gov List,"ACRA, Google Searches",,
,,16/12/2025,SICHUAN CHEF PTE. LTD.,SICHUAN CHEF NORTHPOINT,,TeleSales,,Offline Sources,Adhoc,,201423039Z,,,,,,,,,,,,,,,,"B2C, Offline",,,,,,,,,,,,,,,,65 8575 2555,aiyongsheng123@gmail.com,,,,,,,,,,,,,,Gov List,"ACRA, Google Searches",,
,,16/12/2025,THE OUTPOST HOTEL SENTOSA,THE OUTPOST HOTEL,,TeleSales,,Offline Sources,Adhoc,,53274913L,,,,,,,,,,,,,,,,"B2C, Offline",,,,,,,,,,,,,,,,65 8776 2114,,,,,,,,,,,,,,,Gov List,"ACRA, Google Searches",,
,,16/12/2025,OSTERIA ITALIA PTE. LTD.,OSTERIA LOPERETTA PIZZERIA,,TeleSales,,Offline Sources,Adhoc,,201015918N,,,,,,,,,,,,,,,,"B2C, Offline",,,,,,,,,,,,,,,,65 6438 4792,info@operetta.sg,,,,,,,,,,,,,,Gov List,"ACRA, Google Searches",,
,,16/12/2025,,GONG CHA,,TeleSales,,Offline Sources,Adhoc,,,,,,,,,,,,,,,,,,"B2C, Offline",,,,,,,,,,,,,,,,65 9689 2360,mikelim@gong-cha-sg.com,,,,,,,,,,,,,,Gov List,"ACRA, Google Searches",,
,,16/12/2025,THE PUBLIC IZAKAYA,THE IZAKAYA BY HACHI,,TeleSales,,Offline Sources,Adhoc,,53278177E,,,,,,,,,,,,,,,,"B2C, Offline",,,,,,,,,,,,,,,,65 6333 9622,melissa@fkdunamis.com,,,,,,,,,,,,,,Gov List,"ACRA, Google Searches",,
,,16/12/2025,CAJUN ON WHEELS PS PTE. LTD.,CAJUN ON WHEELS PLAZA SINGAPURA,,TeleSales,,Offline Sources,Adhoc,,201617501C,,,,,,,,,,,,,,,,"B2C, Offline",,,,,,,,,,,,,,,,65 9179 7674,kristantb@gmail.com,,,,,,,,,,,,,,Gov List,"ACRA, Google Searches",,
,,16/12/2025,8 PLUS SEAFOOD PTE. LTD.,8PLUS SEAFOOD,,TeleSales,,Offline Sources,Adhoc,,201704859M,,,,,,,,,,,,,,,,"B2C, Offline",,,,,,,,,,,,,,,,65 7382 3939,,,,,,,,,,,,,,,Gov List,"ACRA, Google Searches",,
,,16/12/2025,,CSM GOURMET,,TeleSales,,Offline Sources,Adhoc,,,,,,,,,,,,,,,,,,"B2C, Offline",,,,,,,,,,,,,,,,65 9834 6543,stanley@muyoo.com.sg,,,,,,,,,,,,,,Gov List,"ACRA, Google Searches",,
,,16/12/2025,DINING INNOVATION ASIA-PACIFIC PTE. LTD.,DINNING INNOVATION ASIA-PACIFIC,,TeleSales,,Offline Sources,Adhoc,,201305138R,,,,,,,,,,,,,,,,"B2C, Offline",,,,,,,,,,,,,,,,65 9677 1674,angelatan@dinsg.com,,,,,,,,,,,,,,Gov List,"ACRA, Google Searches",,
,,16/12/2025,EN JAPANESE DINING BAR,EN DINING PAY ONLY - RAPTOR,,TeleSales,,Offline Sources,Adhoc,,52926074C,,,,,,,,,,,,,,,,"B2C, Offline",,,,,,,,,,,,,,,,65 6423 0110,,,,,,,,,,,,,,,Gov List,"ACRA, Google Searches",,
,,16/12/2025,ARV TRADERS PTE. LTD.,ARV COFFEE ROASTERS,,TeleSales,,Offline Sources,Adhoc,,201918217D,,,,,,,,,,,,,,,,"B2C, Offline",,,,,,,,,,,,,,,,65 1195 7300,adrianto@arvcoffee.com,,,,,,,,,,,,,,Gov List,"ACRA, Google Searches",,
,,16/12/2025,NOTI ELEPHANT,NOTI,,TeleSales,,Offline Sources,Adhoc,,53463147M,,,,,,,,,,,,,,,,"B2C, Offline",,,,,,,,,,,,,,,,65 6222 0089,toni@noti.asia,,,,,,,,,,,,,,Gov List,"ACRA, Google Searches",,
,,16/12/2025,YUMEYA,YUMEYA JAPANESE RESTAURANT,,TeleSales,,Offline Sources,Adhoc,,53020330L,,,,,,,,,,,,,,,,"B2C, Offline",,,,,,,,,,,,,,,,65 6887 0282,info@yumeya.com.sg,,,,,,,,,,,,,,Gov List,"ACRA, Google Searches",,
,,16/12/2025,TIARA WATERFRONT PTE. LTD.,TIARA WATERFRONT1 OUTLET,,TeleSales,,Offline Sources,Adhoc,,201941978M,,,,,,,,,,,,,,,,"B2C, Offline",,,,,,,,,,,,,,,,65 9106 7779,,,,,,,,,,,,,,,Gov List,"ACRA, Google Searches",,
,,16/12/2025,JNM DINING CONCEPTS PTE. LTD.,JNM DINING CONCEPT WING ZONE,,TeleSales,,Offline Sources,Adhoc,,201309355D,,,,,,,,,,,,,,,,"B2C, Offline",,,,,,,,,,,,,,,,65 9067 9504,johnny.mayani@wingzone.com.sg,,,,65 6679 5631,contact@jnmcorporation.com,,,,,mmayani@jnmcorporation.com,,,,Gov List,"ACRA, Google Searches",,
,,16/12/2025,SUPER CITY PTE LTD,SUPER LOCO,,TeleSales,,Offline Sources,Adhoc,,200008383G,,,,,,,,,,,,,,,,"B2C, Offline",,,,,,,,,,,,,,,,65 6532 2090,hola.ch@super-loco.com,,,,,,,,,,,,,,Gov List,"ACRA, Google Searches",,
,,16/12/2025,KEZ CLEANING SERVICES,KEZS BAKERY & RESTAURANTS,,TeleSales,,Offline Sources,Adhoc,,53414570A,,,,,,,,,,,,,,,,"B2C, Offline",,,,,,,,,,,,,,,,65 0000 0253,vivifebriany@yahoo.com,,,,,,,,,,,,,,Gov List,"ACRA, Google Searches",,
,,16/12/2025,ECO-HARMONY GLOBAL NETWORK LTD.,ECO-HARMONY CAFE,,TeleSales,,Offline Sources,Adhoc,,200717330W,,,,,,,,,,,,,,,,"B2C, Offline",,,,,,,,,,,,,,,,65 6749 8509,erns@eco-harmony.net,,,,,,,,,,,,,,Gov List,"ACRA, Google Searches",,
,,16/12/2025,SI CHUAN DOU HUA RESTAURANT TOP OF UOB PLAZA,SI CHUAN DOU HUA RESTAURANT,,TeleSales,,Offline Sources,Adhoc,,52974821E,,,,,,,,,,,,,,,,"B2C, Offline",,,,,,,,,,,,,,,,65 6505 5722,,,,,,,,,,,,,,,Gov List,"ACRA, Google Searches",,
,,16/12/2025,RAW KITCHEN BAR PTE. LTD.,RAWR KITCHEN,,TeleSales,,Offline Sources,Adhoc,,201937504C,,,,,,,,,,,,,,,,"B2C, Offline",,,,,,,,,,,,,,,,65 9026 0249,,,,,,,,,,,,,,,Gov List,"ACRA, Google Searches",,
,,16/12/2025,ROYZ ET VOUS PTE. LTD.,ROYZ ET VOUS SPECIALITY COFFEE,,TeleSales,,Offline Sources,Adhoc,,201420558W,,,,,,,,,,,,,,,,"B2C, Offline",,,,,,,,,,,,,,,,65 6293 0270,rizuan@royzetvous.com.sg,,,,,,,,,,,,,,Gov List,"ACRA, Google Searches",,
,,16/12/2025,BREWERKZ GROUP PTE. LTD.,BREWERKS EASY & LIGHT,,TeleSales,,Offline Sources,Adhoc,,201621937D,,,,,,,,,,,,,,,,"B2C, Offline",,,,,,,,,,,,,,,,65 9665 1336,weehan@easylight.com.sg,,,,,,,,,,,,,,Gov List,"ACRA, Google Searches",,
,,16/12/2025,,HOCK KEE BIRDS NEST DRINK,,TeleSales,,Offline Sources,Adhoc,,,,,,,,,,,,,,,,,,"B2C, Offline",,,,,,,,,,,,,,,,65 9757 3256,hockkee50s@gmail.com,,,,,,,,,,,,,,Gov List,"ACRA, Google Searches",,
,,16/12/2025,DA LUCA PTE. LTD.,DA LUCA ITALIAN RESTAURANT,,TeleSales,,Offline Sources,Adhoc,,201016177Z,,,,,,,,,,,,,,,,"B2C, Offline",,,,,,,,,,,,,,,,65 6258 4846,,,,,,,,,,,,,,,Gov List,"ACRA, Google Searches",,
,,16/12/2025,SAFE WITH SHILA,SUN WITH MOON JAPANESE DINING & CAFE,,TeleSales,,Offline Sources,Adhoc,,53498375L,,,,,,,,,,,,,,,,"B2C, Offline",,,,,,,,,,,,,,,,65 6733 6636,info@sfbi.com.sg,,,,65 6336 2901,,,,,,,,,,Gov List,"ACRA, Google Searches",,
,,16/12/2025,CLUB HERITAGE ONE,HERITAGEONE,,TeleSales,,Offline Sources,Adhoc,,52907409E,,,,,,,,,,,,,,,,"B2C, Offline",,,,,,,,,,,,,,,,65 6554 4174,contactus@heritageone.com.sg,,,,,,,,,,,,,,Gov List,"ACRA, Google Searches",,
,,16/12/2025,COSMIC DINER SINGAPORE PTE. LTD.,COSMIC DINER - YOASOBI,,TeleSales,,Offline Sources,Adhoc,,201411562D,,,,,,,,,,,,,,,,"B2C, Offline",,,,,,,,,,,,,,,,65 9071 1339,boon@cosmicdiner.sg,,,,,,,,,,,,,,Gov List,"ACRA, Google Searches",,
,,16/12/2025,IKI CONCEPTS PTE. LTD.,IKI CONCEPTS COLD KNOCK,,TeleSales,,Offline Sources,Adhoc,,201135741G,,,,,,,,,,,,,,,,"B2C, Offline",,,,,,,,,,,,,,,,65 9111 8238,junguang.guo@ikiconcepts.com,,,,,,,,,,,,,,Gov List,"ACRA, Google Searches",,
,,16/12/2025,COMIDA MEXICANA PTE LTD,COMIDA MAXICANA,,TeleSales,,Offline Sources,Adhoc,,198800761R,,,,,,,,,,,,,,,,"B2C, Offline",,,,,,,,,,,,,,,,65 6440 8030,comidamexsg@gmail.com,,,,,,,,,,,,,,Gov List,"ACRA, Google Searches",,
,,16/12/2025,ORCHID-TENYA PTE. LTD.,TENYA,,TeleSales,,Offline Sources,Adhoc,,201526120R,,,,,,,,,,,,,,,,"B2C, Offline",,,,,,,,,,,,,,,,65 9066 1443,chrissim@tenya.com.sg,,,,,,,,,,,,,,Gov List,"ACRA, Google Searches",,
,,16/12/2025,MEN MEN DON DON,MEN MEN DON DON SUPER DINING,,TeleSales,,Offline Sources,Adhoc,,53250517D,,,,,,,,,,,,,,,,"B2C, Offline",,,,,,,,,,,,,,,,65 6794 5472,,,,,,,,,,,,,,,Gov List,"ACRA, Google Searches",,
,,16/12/2025,PROJECT BURGS PTE. LTD.,BURGS BY PROJECT WARUNG,,TeleSales,,Offline Sources,Adhoc,,202100301G,,,,,,,,,,,,,,,,"B2C, Offline",,,,,,,,,,,,,,,,65 9023 0584,enquire@projectwarung.com,,,,,,,,,,,,,,Gov List,"ACRA, Google Searches",,
,,16/12/2025,CACIO E PEPE PRIVATE LIMITED,CACIO E PEPE ITALIAN RESTAURANT,,TeleSales,,Offline Sources,Adhoc,,200917556E,,,,,,,,,,,,,,,,"B2C, Offline",,,,,,,,,,,,,,,,65 6760 3534,askme@cacioepepe.com.sg,,,,,,,,,,,,,,Gov List,"ACRA, Google Searches",,
,,16/12/2025,,GOMGOM,,TeleSales,,Offline Sources,Adhoc,,,,,,,,,,,,,,,,,,"B2C, Offline",,,,,,,,,,,,,,,,65 9451 4349,gomgom.sg@gmail.com,,,,,,,,,,,,,,Gov List,"ACRA, Google Searches",,
,,16/12/2025,AH LIM MEE POK (JALAN TUA KONG) PTE. LTD.,,,TeleSales,,Offline Sources,Adhoc,,201900578E,,,,,,,,,,,,,,,,"B2C, Offline",,,,,,,,,,,,,,,,65 9644 4298,,,,,,,,,,,,,,,Gov List,"ACRA, Google Searches",,
,,16/12/2025,BURGER KING SINGAPORE PTE. LTD.,BURGER KING FRANCHISEE FOR MALAYSIA,,TeleSales,,Offline Sources,Adhoc,,200900741N,,,,,,,,,,,,,,,,"B2C, Offline",,,,,,,,,,,,,,,,65 2326 8311,leetieng.ng@burgerking.com.my,,,,,,,,,,,,,,Gov List,"ACRA, Google Searches",,
,,16/12/2025,,MRPIGLET,,TeleSales,,Offline Sources,Adhoc,,,,,,,,,,,,,,,,,,"B2C, Offline",,,,,,,,,,,,,,,,65 8481 6938,jennylawngieyu@yahoo.com.sg,,,,,,,,,,,,,,Gov List,"ACRA, Google Searches",,
,,16/12/2025,KWEE INC. PRIVATE LIMITED,KWEE ZEEN,,TeleSales,,Offline Sources,Adhoc,,200610943M,,,,,,,,,,,,,,,,"B2C, Offline",,,,,,,,,,,,,,,,65 6708 8310,h9474-fb@sofitel.com,,,,,,,,,,,,,,Gov List,"ACRA, Google Searches",,
,,16/12/2025,THE ANIMAL DOCTORS (TIONG BAHRU) PTE. LTD.,THE TIONG BAHRU CLUB,,TeleSales,,Offline Sources,Adhoc,,201538447M,,,,,,,,,,,,,,,,"B2C, Offline",,,,,,,,,,,,,,,,65 9720 1068,jerry@wow-holdings.com,,,,,,,,,,,,,,Gov List,"ACRA, Google Searches",,
,,16/12/2025,YOI,YOI SAKE BAR,,TeleSales,,Offline Sources,Adhoc,,53173793D,,,,,,,,,,,,,,,,"B2C, Offline",,,,,,,,,,,,,,,,65 6358 3565,info@murasaki.sg,,,,,,,,,,,,,,Gov List,"ACRA, Google Searches",,
,,16/12/2025,THE VIET ROTI,THE RÖSTI FARM,,TeleSales,,Offline Sources,Adhoc,,53463273D,,,,,,,,,,,,,,,,"B2C, Offline",,,,,,,,,,,,,,,,65 9389 4900,,,,,,,,,,,,,,,Gov List,"ACRA, Google Searches",,
,,16/12/2025,ECON BEE HOON,BEE HOON,,TeleSales,,Offline Sources,Adhoc,,53392019A,,,,,,,,,,,,,,,,"B2C, Offline",,,,,,,,,,,,,,,,65 6352 1227,fjmniga@gmail.com,,,,,,,,,,,,,,Gov List,"ACRA, Google Searches",,
,,16/12/2025,QSR ASIA PTE. LTD.,QSR 2024-AMPERSAND 7,,TeleSales,,Offline Sources,Adhoc,,201326985R,,,,,,,,,,,,,,,,"B2C, Offline",,,,,,,,,,,,,,,,65 8399 7675,sean@amps7.com,,,,,,,,,,,,,,Gov List,"ACRA, Google Searches",,
,,16/12/2025,KAILASH PARBAT HOLDINGS PTE. LTD.,KAILASH PARBAT @ SYED ALWI,,TeleSales,,Offline Sources,Adhoc,,201508344K,,,,,,,,,,,,,,,,"B2C, Offline",,,,,,,,,,,,,,,,65 6836 5545,admin@kailashparbat.com.sg,,,,,,,,,,,,,,Gov List,"ACRA, Google Searches",,
,,16/12/2025,SEA SCENT RESTAURANT PTE. LTD.,SEASCENT RESTAURANT,,TeleSales,,Offline Sources,Adhoc,,201510463G,,,,,,,,,,,,,,,,"B2C, Offline",,,,,,,,,,,,,,,,65 9662 5930,sebastian@cjscatering.com.sg,,,,,,,,,,,,,,Gov List,"ACRA, Google Searches",,
,,16/12/2025,ARASHI YAKINIKU PTE. LTD.,ARASHI YAKINIKU CHARCOAL GRILL RESTAURANT,,TeleSales,,Offline Sources,Adhoc,,201120841C,,,,,,,,,,,,,,,,"B2C, Offline",,,,,,,,,,,,,,,,65 6265 1004,shiuyakiniku@gmail.com,,,,,,,,,,,,,,Gov List,"ACRA, Google Searches",,
,,16/12/2025,SKY VIEW PTE. LTD.,SKY VIEW PAVILION,,TeleSales,,Offline Sources,Adhoc,,200706666K,,,,,,,,,,,,,,,,"B2C, Offline",,,,,,,,,,,,,,,,65 6854 5245,skyview@singaporeflyer.com,,,,,,,,,,,,,,Gov List,"ACRA, Google Searches",,
,,16/12/2025,GUO JIAN ENGINEERING PTE. LTD.,GUO SE TIAN XIANG,,TeleSales,,Offline Sources,Adhoc,,201631621Z,,,,,,,,,,,,,,,,"B2C, Offline",,,,,,,,,,,,,,,,65 6538 3371,,,,,,,,,,,,,,,Gov List,"ACRA, Google Searches",,
,,16/12/2025,AZABU PTE. LTD.,AZABU SABO,,TeleSales,,Offline Sources,Adhoc,,201540175M,,,,,,,,,,,,,,,,"B2C, Offline",,,,,,,,,,,,,,,,65 9423 5594,,,,,,,,,,,,,,,Gov List,"ACRA, Google Searches",,
,,16/12/2025,SHISEN HANTEN,SHISEN HANTEN BY CHEN KENTARO,,TeleSales,,Offline Sources,Adhoc,,39997500D,,,,,,,,,,,,,,,,"B2C, Offline",,,,,,,,,,,,,,,,65 6831 6262,shisenhanten.orchard@meritushotels.com,,,,,,,,,,,,,,Gov List,"ACRA, Google Searches",,
,,16/12/2025,NALATI SG PTE. LTD.,NALATI RESTAURANT & EVENTS,,TeleSales,,Offline Sources,Adhoc,,202212001W,,,,,,,,,,,,,,,,"B2C, Offline",,,,,,,,,,,,,,,,65 9710 6471,enquiry@nalati.com.sg,,,,,,,,,,,,,,Gov List,"ACRA, Google Searches",,
,,16/12/2025,RR CHINESE RESTAURANT PTE. LTD.,CHINESE RESTAURANT HOT POT,,TeleSales,,Offline Sources,Adhoc,,202540673H,,,,,,,,,,,,,,,,"B2C, Offline",,,,,,,,,,,,,,,,65 9647 3930,,,,,,,,,,,,,,,Gov List,"ACRA, Google Searches",,
,,16/12/2025,HAI DI LAO HOLDINGS PTE. LTD.,HAI DI LAO-SMARTKIOSK,,TeleSales,,Offline Sources,Adhoc,,201305315G,,,,,,,,,,,,,,,,"B2C, Offline",,,,,,,,,,,,,,,,65 9469 1335,xjp1d@haidilao.com,,,,,,,,,,,,,,Gov List,"ACRA, Google Searches",,
,,16/12/2025,,PPIH,,TeleSales,,Offline Sources,Adhoc,,,,,,,,,,,,,,,,,,"B2C, Offline",,,,,,,,,,,,,,,,65 9152 5007,hanafi.razali@dondodonki.com,,,,,,,,,,,,,,Gov List,"ACRA, Google Searches",,
,,16/12/2025,HAAKON PTE. LTD.,HAAKON SUPERFOOD,,TeleSales,,Offline Sources,Adhoc,,201536707M,,,,,,,,,,,,,,,,"B2C, Offline",,,,,,,,,,,,,,,,65 8399 2450,dale@haakon.com.sg,,,,,,,,,,,,,,Gov List,"ACRA, Google Searches",,
,,16/12/2025,OSTERIA ITALIA PTE. LTD.,OSTERIA ART,,TeleSales,,Offline Sources,Adhoc,,201015918N,,,,,,,,,,,,,,,,"B2C, Offline",,,,,,,,,,,,,,,,65 6877 6933,marco@osteriaart.com,,,,,,,,,,,,,,Gov List,"ACRA, Google Searches",,
,,16/12/2025,COBA COBA,COBA COBA HALAL 2 RESTAURANTS @ -- TO,,TeleSales,,Offline Sources,Adhoc,,53289006W,,,,,,,,,,,,,,,,"B2C, Offline",,,,,,,,,,,,,,,,65 9630 2292,,,,,,,,,,,,,,,Gov List,"ACRA, Google Searches",,
,,16/12/2025,GURNEY DRIVE PTE. LTD.,GURNEY DRIVE @ COMPASS ONE,,TeleSales,,Offline Sources,Adhoc,,200911897M,,,,,,,,,,,,,,,,"B2C, Offline",,,,,,,,,,,,,,,,65 6848 1225,ricky.lim@gdgroup.com.sg,,,,,,,,,,,,,,Gov List,"ACRA, Google Searches",,
,,16/12/2025,UPIN DINING PRIVATE LIMITED,UPIN HOT POT - ASHLEY LIM,,TeleSales,,Offline Sources,Adhoc,,201612999Z,,,,,,,,,,,,,,,,"B2C, Offline",,,,,,,,,,,,,,,,65 9133 3513,ashley_w.shan@hotmail.com,,,,,,,,,,,,,,Gov List,"ACRA, Google Searches",,
,,16/12/2025,HATTER STREET PTE. LTD.,HATTER STREET - BAKEHOUSE & CAFÉ,,TeleSales,,Offline Sources,Adhoc,,201320592Z,,,,,,,,,,,,,,,,"B2C, Offline",,,,,,,,,,,,,,,,65 6988 4591,,,,,,,,,,,,,,,Gov List,"ACRA, Google Searches",,
,,16/12/2025,SPRG SINGAPORE,SPRGSINGAPORE--NON CHAIN,,TeleSales,,Offline Sources,Adhoc,,53200541D,,,,,,,,,,,,,,,,"B2C, Offline",,,,,,,,,,,,,,,,65 9769 7704,videl.ng@sprg.com.sg,,,,,,,,,,,,,,Gov List,"ACRA, Google Searches",,
,,16/12/2025,WHARF PTE. LTD.,WHARF OYSTER BAR & SEAFOOD @ CHIJMES,,TeleSales,,Offline Sources,Adhoc,,201108384G,,,,,,,,,,,,,,,,"B2C, Offline",,,,,,,,,,,,,,,,65 6332 6789,sophie@dinelike.sg,,,,65 6235 2466,,,,,,,,,,Gov List,"ACRA, Google Searches",,
,,16/12/2025,PARK VISTA PRIVATE LIMITED,PARK HV,,TeleSales,,Offline Sources,Adhoc,,201807962R,,,,,,,,,,,,,,,,"B2C, Offline",,,,,,,,,,,,,,,,65 9721 3815,,,,,,,,,,,,,,,Gov List,"ACRA, Google Searches",,
,,16/12/2025,SUN SPRING FOODSTUFFS PTE. LTD.,SUN SPRING FOODSTUFFS RIGHTEOUS TEPPAN,,TeleSales,,Offline Sources,Adhoc,,202019384D,,,,,,,,,,,,,,,,"B2C, Offline",,,,,,,,,,,,,,,,65 9085 2255,jasminechiasunspring@gmail.com,,,,,,,,,,,,,,Gov List,"ACRA, Google Searches",,
,,16/12/2025,TUAN YUAN PORK RIBS SOUP PTE. LTD.,TUAN YUAN PORK RIBS SOUP BAK KUT TEH,,TeleSales,,Offline Sources,Adhoc,,201221273N,,,,,,,,,,,,,,,,"B2C, Offline",,,,,,,,,,,,,,,,65 9018 3560,fiona@tuanyuan.sg,,,,,,,,,,,,,,Gov List,"ACRA, Google Searches",,
,,16/12/2025,OUR HAPPY COMPANY PTE. LTD.,OUR TAPROOM - OT,,TeleSales,,Offline Sources,Adhoc,,201824372H,,,,,,,,,,,,,,,,"B2C, Offline",,,,,,,,,,,,,,,,65 6291 8001,,,,,,,,,,,,,,,Gov List,"ACRA, Google Searches",,
,,16/12/2025,MYO RESTOBAR PTE. LTD.,MYO RESTROBAR,,TeleSales,,Offline Sources,Adhoc,,201721958D,,,,,,,,,,,,,,,,"B2C, Offline",,,,,,,,,,,,,,,,65 6931 1247,angchongngan@gmail.com,,,,,hello@myo.sg,,,,,,,,,Gov List,"ACRA, Google Searches",,
,,16/12/2025,SYNC PTE. LTD.,SYNC KOREAN FUSION BISTRO,,TeleSales,,Offline Sources,Adhoc,,201327871C,,,,,,,,,,,,,,,,"B2C, Offline",,,,,,,,,,,,,,,,65 6369 9913,sync_wg@galaxybistro.sg,,,,,,,,,,,,,,Gov List,"ACRA, Google Searches",,
,,16/12/2025,THE LOCO GROUP PTE. LTD.,THE LOCO - CHRISTIAN TAN,,TeleSales,,Offline Sources,Adhoc,,201409341K,,,,,,,,,,,,,,,,"B2C, Offline",,,,,,,,,,,,,,,,65 9187 8893,christian@super-loco.com,,,,,,,,,,,,,,Gov List,"ACRA, Google Searches",,
,,16/12/2025,THE NAUGHTY KIDS,THE NAUGHTY CORNER,,TeleSales,,Offline Sources,Adhoc,,53198150M,,,,,,,,,,,,,,,,"B2C, Offline",,,,,,,,,,,,,,,,65 8836 1574,tncgelato@gmail.com,,,,,,,,,,,,,,Gov List,"ACRA, Google Searches",,
,,16/12/2025,THE BETTER CRAFT PRIVATE LIMITED,THE BETTER CRAFT INQUIRY,,TeleSales,,Offline Sources,Adhoc,,201700696R,,,,,,,,,,,,,,,,"B2C, Offline",,,,,,,,,,,,,,,,65 9018 2832,meijia@bettercraft.com.sg,,,,,,,,,,,,,,Gov List,"ACRA, Google Searches",,
,,16/12/2025,LONG PHUNG,LONG PHUNG VIETNAMESE RESTAURANT,,TeleSales,,Offline Sources,Adhoc,,53148928X,,,,,,,,,,,,,,,,"B2C, Offline",,,,,,,,,,,,,,,,65 6440 6959,longphung09@gmail.com,,,,,,,,,,,,,,Gov List,"ACRA, Google Searches",,
,,16/12/2025,DAYAN,DAYAN CLAYPOT & HERBAL SOUP,,TeleSales,,Offline Sources,Adhoc,,53309015J,,,,,,,,,,,,,,,,"B2C, Offline",,,,,,,,,,,,,,,,65 9722 9857,dayan@gmail.com,,,,,,,,,,,,,,Gov List,"ACRA, Google Searches",,
,,16/12/2025,SEASONS&CO PTE. LTD.,SEASONS BISTRO,,TeleSales,,Offline Sources,Adhoc,,201803963C,,,,,,,,,,,,,,,,"B2C, Offline",,,,,,,,,,,,,,,,65 9351 8242,info@seasonsbistro.com.sg,,,,,,,,,,,,,,Gov List,"ACRA, Google Searches",,
,,16/12/2025,YTC CORPORATION LTD,YTC SPINELLI,,TeleSales,,Offline Sources,Adhoc,,196400136Z,,,,,,,,,,,,,,,,"B2C, Offline",,,,,,,,,,,,,,,,65 6416 2200,eileen.yap@ytc.com.sg,,,,,,,,,,,,,,Gov List,"ACRA, Google Searches",,
,,16/12/2025,REDDOT@SG PTE. LTD.,REDDO SUSHI,,TeleSales,,Offline Sources,Adhoc,,201736423W,,,,,,,,,,,,,,,,"B2C, Offline",,,,,,,,,,,,,,,,65 6834 3693,nancynguyenquan@gmail.com,,,,,,,,,,,,,,Gov List,"ACRA, Google Searches",,
,,16/12/2025,MENZO GLOBAL PTE. LTD.,MENZO BUTAO,,TeleSales,,Offline Sources,Adhoc,,201623499C,,,,,,,,,,,,,,,,"B2C, Offline",,,,,,,,,,,,,,,,65 6338 0840,,,,,,,,,,,,,,,Gov List,"ACRA, Google Searches",,
,,16/12/2025,NOSTALGIC SPIRITS PTE. LTD.,JUMIKO AUTHENTIC THAI,,TeleSales,,Offline Sources,Adhoc,,202444751W,,,,,,,,,,,,,,,,"B2C, Offline",,,,,,,,,,,,,,,,65 9642 4623,,,,,,,,,,,,,,,Gov List,"ACRA, Google Searches",,
,,16/12/2025,ZORBA THE GREEK PTE. LTD.,ZORBA THE GREEK TAVERNA,,TeleSales,,Offline Sources,Adhoc,,201916792K,,,,,,,,,,,,,,,,"B2C, Offline",,,,,,,,,,,,,,,,65 8558 1704,reservation@zorba.sg,,,,,,,,,,,,,,Gov List,"ACRA, Google Searches",,
,,16/12/2025,DAPUR PENYET,DAPUR PENYET 3 OUTLETS,,TeleSales,,Offline Sources,Adhoc,,53309315E,,,,,,,,,,,,,,,,"B2C, Offline",,,,,,,,,,,,,,,,65 9817 5571,ruben@dapurpenyet.com.sg,,,,,,,,,,,,,,Gov List,"ACRA, Google Searches",,
,,16/12/2025,YOLE SINGAPORE PTE. LTD.,YOLE YOGURT,,TeleSales,,Offline Sources,Adhoc,,201501430N,,,,,,,,,,,,,,,,"B2C, Offline",,,,,,,,,,,,,,,,65 8858 1231,rcarmona@dplus1.com,,,,,,,,,,,,,,Gov List,"ACRA, Google Searches",,
,,16/12/2025,,BEST BAKES,,TeleSales,,Offline Sources,Adhoc,,,,,,,,,,,,,,,,,,"B2C, Offline",,,,,,,,,,,,,,,,65 9387 1097,alexhong97@yahoo.com,,,,,,,,,,,,,,Gov List,"ACRA, Google Searches",,
,,16/12/2025,JIMMY MONKEY PTE. LTD.,JIMMY MONKEY CAFÉ & BAR @ PLQ ST,,TeleSales,,Offline Sources,Adhoc,,201106133K,,,,,,,,,,,,,,,,"B2C, Offline",,,,,,,,,,,,,,,,65 9749 3200,mavis@jimmymonkey.com,,,,,,,,,,,,,,Gov List,"ACRA, Google Searches",,
,,16/12/2025,,GEYLANG LOR 9 FROG PORRIDGE,,TeleSales,,Offline Sources,Adhoc,,,,,,,,,,,,,,,,,,"B2C, Offline",,,,,,,,,,,,,,,,65 8828 4888,,,,,,,,,,,,,,,Gov List,"ACRA, Google Searches",,
,,16/12/2025,VIETSEA WHOLESALE PRIVATE LIMITED,VIETSEA,,TeleSales,,Offline Sources,Adhoc,,202100171G,,,,,,,,,,,,,,,,"B2C, Offline",,,,,,,,,,,,,,,,65 8366 8886,ellie.vietsea@gmail.com,,,,,,,,,,,,,,Gov List,"ACRA, Google Searches",,
,,16/12/2025,PHO 4A PTE. LTD.,PHO 4 ALL,,TeleSales,,Offline Sources,Adhoc,,201304873W,,,,,,,,,,,,,,,,"B2C, Offline",,,,,,,,,,,,,,,,65 6294 0703,pho4a@outlook.sg,,,,,,,,,,,,,,Gov List,"ACRA, Google Searches",,
,,16/12/2025,THE HOT GATHERING PTE. LTD.,HOT GATHERING LEAD,,TeleSales,,Offline Sources,Adhoc,,201819219W,,,,,,,,,,,,,,,,"B2C, Offline",,,,,,,,,,,,,,,,65 9833 1891,,,,,,,,,,,,,,,Gov List,"ACRA, Google Searches",,
,,16/12/2025,HELPMAN PTE. LTD.,HELPMANS PASTAS - GEORGE ARAKEL,,TeleSales,,Offline Sources,Adhoc,,202400435N,,,,,,,,,,,,,,,,"B2C, Offline",,,,,,,,,,,,,,,,65 5798 7538,georgearakel@me.com,,,,,,,,,,,,,,Gov List,"ACRA, Google Searches",,
,,16/12/2025,THE CHEF'S PLACE PTE. LTD.,THE CHEFS PLACE,,TeleSales,,Offline Sources,Adhoc,,201832867H,,,,,,,,,,,,,,,,"B2C, Offline",,,,,,,,,,,,,,,,65 9473 6013,,,,,,,,,,,,,,,Gov List,"ACRA, Google Searches",,
,,16/12/2025,UMI-NAMI PTE. LTD.,UMI SUSHI NEO,,TeleSales,,Offline Sources,Adhoc,,201708511R,,,,,,,,,,,,,,,,"B2C, Offline",,,,,,,,,,,,,,,,65 6833 7922,agnes.ting@neogroup.com.sg,,,,,,,,,,,,,,Gov List,"ACRA, Google Searches",,
,,16/12/2025,WUHAN BBQ STEAMBOAT PTE. LTD.,STEAM BOX,,TeleSales,,Offline Sources,Adhoc,,201225686D,,,,,,,,,,,,,,,,"B2C, Offline",,,,,,,,,,,,,,,,65 6281 6939,,,,,,,,,,,,,,,Gov List,"ACRA, Google Searches",,
,,16/12/2025,KUMOYO PTE. LTD.,KUMOYA,,TeleSales,,Offline Sources,Adhoc,,202425997D,,,,,,,,,,,,,,,,"B2C, Offline",,,,,,,,,,,,,,,,65 6297 3727,hello@kumoya.sg,,,,,hello@kumoya.sg,,,,,,,,,Gov List,"ACRA, Google Searches",,
,,16/12/2025,HOTTOH DESIGN PTE. LTD.,HOTTO MOTTO PLENUS,,TeleSales,,Offline Sources,Adhoc,,201507347G,,,,,,,,,,,,,,,,"B2C, Offline",,,,,,,,,,,,,,,,65 6224 9422,limhuili@plenusmk.com.sg,,,,,,,,,,,,,,Gov List,"ACRA, Google Searches",,
,,16/12/2025,HOUSE OF ANLI PTE. LTD.,HOUSE OF ANLI BISTRO,,TeleSales,,Offline Sources,Adhoc,,201120632K,,,,,,,,,,,,,,,,"B2C, Offline",,,,,,,,,,,,,,,,65 6235 3851,mail@houseofanli.com,,,,,,,,,,,,,,Gov List,"ACRA, Google Searches",,
,,16/12/2025,MODASIA PTE. LTD.,MOD ASIA,,TeleSales,,Offline Sources,Adhoc,,202123029C,,,,,,,,,,,,,,,,"B2C, Offline",,,,,,,,,,,,,,,,65 9680 8014,,,,,,,,,,,,,,,Gov List,"ACRA, Google Searches",,
,,16/12/2025,GC BOMBAY PTE. LTD.,GC - SEAN TEY TEY GC,,TeleSales,,Offline Sources,Adhoc,,201229990Z,,,,,,,,,,,,,,,,"B2C, Offline",,,,,,,,,,,,,,,,65 9799 1231,seantey@gaincity.com,,,,,,,,,,,,,,Gov List,"ACRA, Google Searches",,
,,16/12/2025,TANG KAY KEE EATING STALL,TANG KAY KEEP FISH HEAD BEE HOON,,TeleSales,,Offline Sources,Adhoc,,42899000B,,,,,,,,,,,,,,,,"B2C, Offline",,,,,,,,,,,,,,,,65 8157 2641,debbieywg@gmail.com,,,,,,,,,,,,,,Gov List,"ACRA, Google Searches",,
,,16/12/2025,SAHARA BAR AND RESTAURANT PTE. LTD.,SAHARA BAR LEAD,,TeleSales,,Offline Sources,Adhoc,,200502110R,,,,,,,,,,,,,,,,"B2C, Offline",,,,,,,,,,,,,,,,65 9635 7568,,,,,,,,,,,,,,,Gov List,"ACRA, Google Searches",,
,,16/12/2025,ASPEN & CO PTE. LTD.,ASPEN & -FRUCE,,TeleSales,,Offline Sources,Adhoc,,201910880M,,,,,,,,,,,,,,,,"B2C, Offline",,,,,,,,,,,,,,,,65 8299 6250,darren.tan@frucesg.com,,,,,,,,,,,,,,Gov List,"ACRA, Google Searches",,
,,16/12/2025,BBA GARAGE,BBA KOREAN RESTAURANT @ -- MARKET RESEARCH 2022,,TeleSales,,Offline Sources,Adhoc,,53233947M,,,,,,,,,,,,,,,,"B2C, Offline",,,,,,,,,,,,,,,,65 8869 6979,,,,,,,,,,,,,,,Gov List,"ACRA, Google Searches",,
,,16/12/2025,OH CHIN HING HOLDINGS PTE. LTD.,OH SOME BOWL COLD CALL,,TeleSales,,Offline Sources,Adhoc,,200500018R,,,,,,,,,,,,,,,,"B2C, Offline",,,,,,,,,,,,,,,,65 8399 0945,,,,,,,,,,,,,,,Gov List,"ACRA, Google Searches",,
,,16/12/2025,XI YAN SHAW PTE. LTD.,XI YAN @ SHAW CENTRE,,TeleSales,,Offline Sources,Adhoc,,201415432R,,,,,,,,,,,,,,,,"B2C, Offline",,,,,,,,,,,,,,,,65 6733 3476,shaw@xiyan.com.sg,,,,,,,,,,,,,,Gov List,"ACRA, Google Searches",,
,,16/12/2025,SUPER SIMPLE,SUPER SIMPLE 3 OUTLETS,,TeleSales,,Offline Sources,Adhoc,,53324632J,,,,,,,,,,,,,,,,"B2C, Offline",,,,,,,,,,,,,,,,65 9631 0288,gohchaiseng@hotmail.com,,,,,,,,,,,,,,Gov List,"ACRA, Google Searches",,
,,16/12/2025,IN THE BRAVERY PTE. LTD.,THE BRAVERY SMARTTERMINAL,,TeleSales,,Offline Sources,Adhoc,,201313941N,,,,,,,,,,,,,,,,"B2C, Offline",,,,,,,,,,,,,,,,65 9248 4391,inthebravery@gmail.com,,,,,,,,,,,,,,Gov List,"ACRA, Google Searches",,
,,16/12/2025,COMEDIA PTE. LTD.,COD MEDIA - DONNA HOOD,,TeleSales,,Offline Sources,Adhoc,,202421060M,,,,,,,,,,,,,,,,"B2C, Offline",,,,,,,,,,,,,,,,65 1686 2141,donnashood7@gmail.com,,,,,,,,,,,,,,Gov List,"ACRA, Google Searches",,
,,16/12/2025,YOUNGS GAME PTE. LTD.,YOUNGS BAR & RESTAURANT,,TeleSales,,Offline Sources,Adhoc,,202228060Z,,,,,,,,,,,,,,,,"B2C, Offline",,,,,,,,,,,,,,,,65 8799 7685,,,,,,,,,,,,,,,Gov List,"ACRA, Google Searches",,
,,16/12/2025,TCC INTERNATIONAL HOTEL SCHOOL PTE. LTD.,TCC @ANCHORPOINT,,TeleSales,,Offline Sources,Adhoc,,200716025Z,,,,,,,,,,,,,,,,"B2C, Offline",,,,,,,,,,,,,,,,65 6475 6233,,,,,,,,,,,,,,,Gov List,"ACRA, Google Searches",,
,,16/12/2025,WIZ JOINT PTE. LTD.,WIZJOINT,,TeleSales,,Offline Sources,Adhoc,,201826636W,,,,,,,,,,,,,,,,"B2C, Offline",,,,,,,,,,,,,,,,65 9824 5630,wizjoint.ogata@gmail.com,,,,,,,,,,,,,,Gov List,"ACRA, Google Searches",,
,,16/12/2025,BLUE LABEL PTE. LTD.,BLUE LABEL PIZZA AND WINE,,TeleSales,,Offline Sources,Adhoc,,201717000C,,,,,,,,,,,,,,,,"B2C, Offline",,,,,,,,,,,,,,,,65 9821 9362,info@bluelabelpizza.com,,,,,,,,,,,,,,Gov List,"ACRA, Google Searches",,
,,16/12/2025,ROAST & TOAST PTE. LTD.,TOAST & ROAST FOOD,,TeleSales,,Offline Sources,Adhoc,,201821012Z,,,,,,,,,,,,,,,,"B2C, Offline",,,,,,,,,,,,,,,,65 2784 3366,tlong_assc@yahoo.co.uk,,,,,,,,,,,,,,Gov List,"ACRA, Google Searches",,
,,16/12/2025,THE FLAME CENTRE PTE. LTD.,THE FLAME CAFE,,TeleSales,,Offline Sources,Adhoc,,200407624D,,,,,,,,,,,,,,,,"B2C, Offline",,,,,,,,,,,,,,,,65 6282 0251,events@flamecafe.com.sg,,,,,,,,,,,,,,Gov List,"ACRA, Google Searches",,
,,16/12/2025,BEST ACE,ACER BEST PROJECTS,,TeleSales,,Offline Sources,Adhoc,,53470428W,,,,,,,,,,,,,,,,"B2C, Offline",,,,,,,,,,,,,,,,65 8380 7416,acerbest1995@gmail.com,,,,,,,,,,,,,,Gov List,"ACRA, Google Searches",,
,,16/12/2025,EURASIA GLOBAL FOOD (S) PTE. LTD.,EURASIA FOOD GOCHISO - TAMPINES,,TeleSales,,Offline Sources,Adhoc,,201133366R,,,,,,,,,,,,,,,,"B2C, Offline",,,,,,,,,,,,,,,,65 6536 5336,account@eurasiaglobalfood.com,,,,,,,,,,,,,,Gov List,"ACRA, Google Searches",,
,,16/12/2025,WO PENG CUISINE PRIVATE LIMITED,WO PENG CANTONESE CUISINE,,TeleSales,,Offline Sources,Adhoc,,201018298D,,,,,,,,,,,,,,,,"B2C, Offline",,,,,,,,,,,,,,,,65 6634 7666,wopeng08@gmail.com,,,,65 6534 2282,,,,,,,,,,Gov List,"ACRA, Google Searches",,
,,16/12/2025,,ROCK MASTER,,TeleSales,,Offline Sources,Adhoc,,,,,,,,,,,,,,,,,,"B2C, Offline",,,,,,,,,,,,,,,,65 9824 0751,shiyan.poh@rockymaster.com.sg,,,,,,,,,,,,,,Gov List,"ACRA, Google Searches",,
,,16/12/2025,THE GRILL,5 GRILL KITCHEN,,TeleSales,,Offline Sources,Adhoc,,53472046C,,,,,,,,,,,,,,,,"B2C, Offline",,,,,,,,,,,,,,,,65 6295 0017,,,,,,,,,,,,,,,Gov List,"ACRA, Google Searches",,
,,16/12/2025,NELSON BAR AND RESTAURANT,NELSON BAR & RESYAURANT,,TeleSales,,Offline Sources,Adhoc,,05410800D,,,,,,,,,,,,,,,,"B2C, Offline",,,,,,,,,,,,,,,,65 6752 6093,contact@nelsonbar.com,,,,,,,,,,,,,,Gov List,"ACRA, Google Searches",,
,,16/12/2025,THE ASIA COLLECTIVE PTE. LTD.,THE ASIA,,TeleSales,,Offline Sources,Adhoc,,201608519Z,,,,,,,,,,,,,,,,"B2C, Offline",,,,,,,,,,,,,,,,65 9181 0244,,,,,,,,,,,,,,,Gov List,"ACRA, Google Searches",,
,,16/12/2025,JOHNKEN PTE. LTD.,JOHN KEN,,TeleSales,,Offline Sources,Adhoc,,201201814Z,,,,,,,,,,,,,,,,"B2C, Offline",,,,,,,,,,,,,,,,65 9812 9582,jj.com.fishmart@gmail.com,,,,,,,,,,,,,,Gov List,"ACRA, Google Searches",,
,,16/12/2025,GABBA VENDING PTE. LTD.,GABBAR BISTRO & BAR,,TeleSales,,Offline Sources,Adhoc,,202536195D,,,,,,,,,,,,,,,,"B2C, Offline",,,,,,,,,,,,,,,,65 6539 3419,mitul@eclectiqueconcepts.com,,,,,,,,,,,,,,Gov List,"ACRA, Google Searches",,
,,16/12/2025,OASIS PTE. LTD.,OASIS TAIWAN PORRIDGE,,TeleSales,,Offline Sources,Adhoc,,200302011E,,,,,,,,,,,,,,,,"B2C, Offline",,,,,,,,,,,,,,,,65 6346 4418,,,,,,,,,,,,,,,Gov List,"ACRA, Google Searches",,
,,16/12/2025,QINDE,QINDE EGG TARTS & PASTRIES,,TeleSales,,Offline Sources,Adhoc,,53379986D,,,,,,,,,,,,,,,,"B2C, Offline",,,,,,,,,,,,,,,,65 9058 7398,dpcreations.sg@gmail.com,,,,,,,,,,,,,,Gov List,"ACRA, Google Searches",,
,,16/12/2025,GLYPH SUPPLY CO PTE. LTD.,GLYPH SUPPLY - SMART WEB & SMART TERMINALS,,TeleSales,,Offline Sources,Adhoc,,201837294H,,,,,,,,,,,,,,,,"B2C, Offline",,,,,,,,,,,,,,,,65 9171 7981,ben@glyphsupply.co,,,,,,,,,,,,,,Gov List,"ACRA, Google Searches",,
,,16/12/2025,PIZZA HUT ASIA PACIFIC FRANCHISE PTE. LTD.,PIZZA HUT ASIA PACIFIC,,TeleSales,,Offline Sources,Adhoc,,201724351H,,,,,,,,,,,,,,,,"B2C, Offline",,,,,,,,,,,,,,,,65 6430 2852,,,,,,,,,,,,,,,Gov List,"ACRA, Google Searches",,
,,16/12/2025,QI XIANG METAL WORKS,QI XIANG SMARTTERMINAL 2X OUTLETS,,TeleSales,,Offline Sources,Adhoc,,53054602K,,,,,,,,,,,,,,,,"B2C, Offline",,,,,,,,,,,,,,,,65 9633 1563,zenith@qixiang.com,,,,,,,,,,,,,,Gov List,"ACRA, Google Searches",,
,,16/12/2025,KER PTE. LTD.,TAI KER SONG COLD KNOCK,,TeleSales,,Offline Sources,Adhoc,,201926208G,,,,,,,,,,,,,,,,"B2C, Offline",,,,,,,,,,,,,,,,65 9138 8031,,,,,,,,,,,,,,,Gov List,"ACRA, Google Searches",,
,,16/12/2025,X-ORDINARY FOOD,FOOD ORDIE,,TeleSales,,Offline Sources,Adhoc,,53383765X,,,,,,,,,,,,,,,,"B2C, Offline",,,,,,,,,,,,,,,,65 9449 7176,hello@foodordie.sg,,,,,,,,,,,,,,Gov List,"ACRA, Google Searches",,
,,16/12/2025,CALIDO HOLDING PTE. LTD.,CALIDO ASSET,,TeleSales,,Offline Sources,Adhoc,,201708208R,,,,,,,,,,,,,,,,"B2C, Offline",,,,,,,,,,,,,,,,,fleex@hotmail.com,,,,,,,,,,,,,,Gov List,"ACRA, Google Searches",,
,,16/12/2025,BQ BAR,BQ BAR + DHARMAS KEBABS,,TeleSales,,Offline Sources,Adhoc,,52972361A,,,,,,,,,,,,,,,,"B2C, Offline",,,,,,,,,,,,,,,,65 8250 0323,party@bqbar.com,,,,,,,,,,,,,,Gov List,"ACRA, Google Searches",,
,,16/12/2025,HECS CYCLES,HECS,,TeleSales,,Offline Sources,Adhoc,,53437665K,,,,,,,,,,,,,,,,"B2C, Offline",,,,,,,,,,,,,,,,65 9749 5817,anders.tay@hecs.com.sg,,,,,,,,,,,,,,Gov List,"ACRA, Google Searches",,
,,16/12/2025,TAIWAN C.Y.L PTE. LTD.,TAIWAN RAILWAY BENTO,,TeleSales,,Offline Sources,Adhoc,,201737203Z,,,,,,,,,,,,,,,,"B2C, Offline",,,,,,,,,,,,,,,,65 3800 1990,glen.chua@foodconceptasia.com,,,,,mymitfood@gmail.com,,,,,,,,,Gov List,"ACRA, Google Searches",,
,,16/12/2025,STOVVE FOODS (S) PTE. LTD.,STOVVE - SW,,TeleSales,,Offline Sources,Adhoc,,201939691K,,,,,,,,,,,,,,,,"B2C, Offline",,,,,,,,,,,,,,,,65 8150 5518,utso@stovve.com.sg,,,,,,,,,,,,,,Gov List,"ACRA, Google Searches",,
,,16/12/2025,KUROKI,KUROKIN,,TeleSales,,Offline Sources,Adhoc,,53452468X,,,,,,,,,,,,,,,,"B2C, Offline",,,,,,,,,,,,,,,,65 6462 1213,josonchew77@hotmail.com,,,,,,,,,,,,,,Gov List,"ACRA, Google Searches",,
,,16/12/2025,MASALAA BAR,MASALAA BAR INQUIRY,,TeleSales,,Offline Sources,Adhoc,,53411406K,,,,,,,,,,,,,,,,"B2C, Offline",,,,,,,,,,,,,,,,65 8314 0926,,,,,,,,,,,,,,,Gov List,"ACRA, Google Searches",,
,,16/12/2025,ENO-OKA JAPANESE RESTAURANT PTE. LTD.,ORKA RESTAURANT,,TeleSales,,Offline Sources,Adhoc,,200808622M,,,,,,,,,,,,,,,,"B2C, Offline",,,,,,,,,,,,,,,,65 9038 2771,,,,,,,,,,,,,,,Gov List,"ACRA, Google Searches",,
,,16/12/2025,MYO RESTOBAR PTE. LTD.,MYO RESTO BAR,,TeleSales,,Offline Sources,Adhoc,,201721958D,,,,,,,,,,,,,,,,"B2C, Offline",,,,,,,,,,,,,,,,65 9794 1979,angchongngan@gmail.com,,,,,,,,,,,,,,Gov List,"ACRA, Google Searches",,
,,16/12/2025,PING KANG GENERAL CONTRACTOR PTE. LTD.,PIND BALLUCHI BAR & GRILL,,TeleSales,,Offline Sources,Adhoc,,201801270G,,,,,,,,,,,,,,,,"B2C, Offline",,,,,,,,,,,,,,,,65 9667 4307,feedback@pindballuchi.com,,,,,,,,,,,,,,Gov List,"ACRA, Google Searches",,
,,16/12/2025,,AWFULLY CHOCOLATE INCOMING CALL TO,,TeleSales,,Offline Sources,Adhoc,,,,,,,,,,,,,,,,,,"B2C, Offline",,,,,,,,,,,,,,,,65 9645 7291,,,,,,,,,,,,,,,Gov List,"ACRA, Google Searches",,
,,16/12/2025,ONE VIBES RETAIL PTE. LTD.,VIBES CAFE,,TeleSales,,Offline Sources,Adhoc,,202300331M,,,,,,,,,,,,,,,,"B2C, Offline",,,,,,,,,,,,,,,,65 8868 3339,vibes@stylebystylevibes.com,,,,,,,,,,,,,,Gov List,"ACRA, Google Searches",,
,,16/12/2025,YANTI NASI PADANG RESTAURANT PTE. LTD.,YANJI RESTAURANT,,TeleSales,,Offline Sources,Adhoc,,200312603Z,,,,,,,,,,,,,,,,"B2C, Offline",,,,,,,,,,,,,,,,65 8346 8399,goodearthseafoodsoup@gmail.com,,,,,,,,,,,,,,Gov List,"ACRA, Google Searches",,
,,16/12/2025,YES HARDWARE AND TRADING PTE. LTD.,HARDWARE REPLACEMENT FOR SUKIYA 313 AND SUKIYA MARINA SQUARE QUOTE 924,,TeleSales,,Offline Sources,Adhoc,,201737268K,,,,,,,,,,,,,,,,"B2C, Offline",,,,,,,,,,,,,,,,65 9359 4534,kenichirou.hirose@zensho.com,,,,,,,,,,,,,,Gov List,"ACRA, Google Searches",,
,,16/12/2025,SIXTY SIX PTE. LTD.,2 SIX,,TeleSales,,Offline Sources,Adhoc,,201727216G,,,,,,,,,,,,,,,,"B2C, Offline",,,,,,,,,,,,,,,,65 6746 2112,anneelai@2six.com.sg,,,,,,,,,,,,,,Gov List,"ACRA, Google Searches",,
,,16/12/2025,ARQ CAP PTE. LTD.,ARQ+ - GARY CHAGLASYAN,,TeleSales,,Offline Sources,Adhoc,,201825989C,,,,,,,,,,,,,,,,"B2C, Offline",,,,,,,,,,,,,,,,65 3589 2288,g@arq.plus,,,,,,,,,,,,,,Gov List,"ACRA, Google Searches",,
,,16/12/2025,,SODAM,,TeleSales,,Offline Sources,Adhoc,,,,,,,,,,,,,,,,,,"B2C, Offline",,,,,,,,,,,,,,,,65 6444 0090,iamckhong@naver.com,,,,,,,,,,,,,,Gov List,"ACRA, Google Searches",,
,,16/12/2025,,SCALLOP-Q,,TeleSales,,Offline Sources,Adhoc,,,,,,,,,,,,,,,,,,"B2C, Offline",,,,,,,,,,,,,,,,65 8168 3653,scallopqsg@gmail.com,,,,,,,,,,,,,,Gov List,"ACRA, Google Searches",,
,,16/12/2025,THE WHITE,THE WHITE ROCKET,,TeleSales,,Offline Sources,Adhoc,,53105623J,,,,,,,,,,,,,,,,"B2C, Offline",,,,,,,,,,,,,,,,65 6221 0108,thewhiterocketsg@gmail.com,,,,,,,,,,,,,,Gov List,"ACRA, Google Searches",,
,,16/12/2025,,J2BK VENTURES,,TeleSales,,Offline Sources,Adhoc,,,,,,,,,,,,,,,,,,"B2C, Offline",,,,,,,,,,,,,,,,65 9009 7712,j2bkventures@gmail.com,,,,,,,,,,,,,,Gov List,"ACRA, Google Searches",,
,,16/12/2025,AS-SUFI FOOD INDUSTRIES PTE. LTD.,SUFI @ ARAB STREET,,TeleSales,,Offline Sources,Adhoc,,200700005W,,,,,,,,,,,,,,,,"B2C, Offline",,,,,,,,,,,,,,,,65 6396 5302,aaliakbar786@gmail.com,,,,65 6298 1196,,,,,,,,,,Gov List,"ACRA, Google Searches",,
,,16/12/2025,MIZZIMA PTE. LTD.,MASIZZIM,,TeleSales,,Offline Sources,Adhoc,,201834304Z,,,,,,,,,,,,,,,,"B2C, Offline",,,,,,,,,,,,,,,,65 6509 5808,,,,,,,,,,,,,,,Gov List,"ACRA, Google Searches",,
,,16/12/2025,FOUR LEAVE CLOVER,LEAVE CORNER,,TeleSales,,Offline Sources,Adhoc,,53225482A,,,,,,,,,,,,,,,,"B2C, Offline",,,,,,,,,,,,,,,,65 9773 4873,admin@camprojects.com.sg,,,,,,,,,,,,,,Gov List,"ACRA, Google Searches",,
,,16/12/2025,GOOD THYME,GOOD THYME BISTRO,,TeleSales,,Offline Sources,Adhoc,,53307385E,,,,,,,,,,,,,,,,"B2C, Offline",,,,,,,,,,,,,,,,65 6452 9741,,,,,,,,,,,,,,,Gov List,"ACRA, Google Searches",,
,,16/12/2025,THE AULD ALLIANCE PTE. LTD.,THE ALUD ALLIANCE,,TeleSales,,Offline Sources,Adhoc,,201009311W,,,,,,,,,,,,,,,,"B2C, Offline",,,,,,,,,,,,,,,,65 9127 4677,,,,,,,,,,,,,,,Gov List,"ACRA, Google Searches",,
,,16/12/2025,YOLE GLOBAL PTE. LTD.,YOLE,,TeleSales,,Offline Sources,Adhoc,,201733639R,,,,,,,,,,,,,,,,"B2C, Offline",,,,,,,,,,,,,,,,65 6733 2500,info@dplus1.com,,,,,,,,,,,,,,Gov List,"ACRA, Google Searches",,
,,16/12/2025,FANG DONG,DONG FANG HONG KOREAN CHINESE RESTAURANT,,TeleSales,,Offline Sources,Adhoc,,53207429K,,,,,,,,,,,,,,,,"B2C, Offline",,,,,,,,,,,,,,,,65 6327 9036,mrbento3334@yahoo.com,,,,,,,,,,,,,,Gov List,"ACRA, Google Searches",,
,,16/12/2025,THUS COFFEE PTE. LTD.,THUS COFFEE COLD CALL,,TeleSales,,Offline Sources,Adhoc,,201700115K,,,,,,,,,,,,,,,,"B2C, Offline",,,,,,,,,,,,,,,,65 8411 7565,,,,,,,,,,,,,,,Gov List,"ACRA, Google Searches",,
,,16/12/2025,FOUR SQUARED PTE. LTD.,FOUR SQUARE,,TeleSales,,Offline Sources,Adhoc,,202242439R,,,,,,,,,,,,,,,,"B2C, Offline",,,,,,,,,,,,,,,,65 9636 3886,929zhangying@gmail.com,,,,,,,,,,,,,,Gov List,"ACRA, Google Searches",,
,,16/12/2025,LAGNAA,LAGNAA BAREFOOT DINING,,TeleSales,,Offline Sources,Adhoc,,53035184J,,,,,,,,,,,,,,,,"B2C, Offline",,,,,,,,,,,,,,,,65 9239 9702,barefootdining@lagnaa.com,,,,,,,,,,,,,,Gov List,"ACRA, Google Searches",,
,,16/12/2025,SABAR SINGAPORE PTE. LTD.,SABAR,,TeleSales,,Offline Sources,Adhoc,,201523977D,,,,,,,,,,,,,,,,"B2C, Offline",,,,,,,,,,,,,,,,65 6262 3453,,,,,,,,,,,,,,,Gov List,"ACRA, Google Searches",,
,,16/12/2025,THE CHUPITOS BAR,CHUPITOS BAR COLD CALL,,TeleSales,,Offline Sources,Adhoc,,53168095M,,,,,,,,,,,,,,,,"B2C, Offline",,,,,,,,,,,,,,,,65 9635 9565,,,,,,,,,,,,,,,Gov List,"ACRA, Google Searches",,
,,16/12/2025,,4 FINGERS,,TeleSales,,Offline Sources,Adhoc,,,,,,,,,,,,,,,,,,"B2C, Offline",,,,,,,,,,,,,,,,65 6338 7668,jean.loke@4fingers.com,,,,,,,,,,,,,,Gov List,"ACRA, Google Searches",,
,,16/12/2025,,MO-II,,TeleSales,,Offline Sources,Adhoc,,,,,,,,,,,,,,,,,,"B2C, Offline",,,,,,,,,,,,,,,,65 8251 4776,hr@mo-ii.com,,,,,,,,,,,,,,Gov List,"ACRA, Google Searches",,
,,16/12/2025,DURIANMAN (1998) PTE. LTD.,1998 - KENANDU596 AYDOGAN,,TeleSales,,Offline Sources,Adhoc,,201812215Z,,,,,,,,,,,,,,,,"B2C, Offline",,,,,,,,,,,,,,,,65 0998 7163,kenandu594@gmail.com,,,,,,,,,,,,,,Gov List,"ACRA, Google Searches",,
,,16/12/2025,,DOSIRAK CHILLAX SEAFOOD IN,,TeleSales,,Offline Sources,Adhoc,,,,,,,,,,,,,,,,,,"B2C, Offline",,,,,,,,,,,,,,,,65 8777 0305,,,,,,,,,,,,,,,Gov List,"ACRA, Google Searches",,
,,16/12/2025,TIONG LIAN FOOD PTE. LTD.,TIONG LIAN,,TeleSales,,Offline Sources,Adhoc,,200600109M,,,,,,,,,,,,,,,,"B2C, Offline",,,,,,,,,,,,,,,,65 9625 5055,raymond@tlfood.com.sg,,,,,,,,,,,,,,Gov List,"ACRA, Google Searches",,
,,16/12/2025,GLIFE DIGITAL PTE. LTD.,NOVITEE,,TeleSales,,Offline Sources,Adhoc,,201432173C,,,,,,,,,,,,,,,,"B2C, Offline",,,,,,,,,,,,,,,,65 9848 9994,owen.lu@koomi.com.sg,,,,,,,,,,,,,,Gov List,"ACRA, Google Searches",,
,,16/12/2025,TZE CHAR PTE. LTD.,TZE CHAR EATERY,,TeleSales,,Offline Sources,Adhoc,,202126536D,,,,,,,,,,,,,,,,"B2C, Offline",,,,,,,,,,,,,,,,65 9836 5926,sspgeraldine@gmail.com,,,,,,,,,,,,,,Gov List,"ACRA, Google Searches",,
,,16/12/2025,MENYA KOJI (S) PTE. LTD.,MENYA MUSASHI WATERWAY POINT,,TeleSales,,Offline Sources,Adhoc,,201216329N,,,,,,,,,,,,,,,,"B2C, Offline",,,,,,,,,,,,,,,,65 6385 8195,feedback@jfh.com.sg,,,,,,,,,,,,,,Gov List,"ACRA, Google Searches",,
,,16/12/2025,THE DURIAN LAB,DURIAN LAB COLD KNOCK,,TeleSales,,Offline Sources,Adhoc,,53400384B,,,,,,,,,,,,,,,,"B2C, Offline",,,,,,,,,,,,,,,,65 9811 2830,,,,,,,,,,,,,,,Gov List,"ACRA, Google Searches",,
,,16/12/2025,PACBEV,PACBEV ONLINE WAREHOUSE SALES,,TeleSales,,Offline Sources,Adhoc,,53118240A,,,,,,,,,,,,,,,,"B2C, Offline",,,,,,,,,,,,,,,,65 8518 6486,sallyteo@pacbev.sg,,,,,,,,,,,,,,Gov List,"ACRA, Google Searches",,
,,16/12/2025,DOCSG PTE. LTD.,DOCOSG,,TeleSales,,Offline Sources,Adhoc,,202226581R,,,,,,,,,,,,,,,,"B2C, Offline",,,,,,,,,,,,,,,,65 9049 9926,,,,,,,,,,,,,,,Gov List,"ACRA, Google Searches",,
,,16/12/2025,AHCAI FOOD PTE. LTD.,AHCATS KITCHEN,,TeleSales,,Offline Sources,Adhoc,,202429342D,,,,,,,,,,,,,,,,"B2C, Offline",,,,,,,,,,,,,,,,65 8814 2018,regineliewjn@gmail.com,,,,,,,,,,,,,,Gov List,"ACRA, Google Searches",,
,,16/12/2025,SAPORI ITALIANI PTE. LTD.,SAPORE ITALIAN RESTUARANT,,TeleSales,,Offline Sources,Adhoc,,201403400E,,,,,,,,,,,,,,,,"B2C, Offline",,,,,,,,,,,,,,,,65 9127 1128,mtham.sapore@gmail.com,,,,,,,,,,,,,,Gov List,"ACRA, Google Searches",,
,,16/12/2025,TWG TEA COMPANY PTE. LTD.,TWG TWG TEA,,TeleSales,,Offline Sources,Adhoc,,200108022Z,,,,,,,,,,,,,,,,"B2C, Offline",,,,,,,,,,,,,,,,65 9106 8413,,,,,,,,,,,,,,,Gov List,"ACRA, Google Searches",,
,,16/12/2025,,TIONG BAHRU BAKERY,,TeleSales,,Offline Sources,Adhoc,,,,,,,,,,,,,,,,,,"B2C, Offline",,,,,,,,,,,,,,,,65 8287 8148,kristine@tiongbahrubakery.com,,,,,,,,,,,,,,Gov List,"ACRA, Google Searches",,
,,16/12/2025,INDULGE MALL GROUP PTE. LTD.,INDULGE TEPPANYAKI & GRILL HOUSE,,TeleSales,,Offline Sources,Adhoc,,201621178H,,,,,,,,,,,,,,,,"B2C, Offline",,,,,,,,,,,,,,,,65 8525 2525,martin@gmail.com,,,,,,,,,,,,,,Gov List,"ACRA, Google Searches",,
,,16/12/2025,LIVE NATION SINGAPORE VENUES PTE. LTD.,CURRY NATIONS,,TeleSales,,Offline Sources,Adhoc,,202039337H,,,,,,,,,,,,,,,,"B2C, Offline",,,,,,,,,,,,,,,,65 8755 3929,dt@dishahotels.com,,,,,,,,,,,,,,Gov List,"ACRA, Google Searches",,
,,16/12/2025,KEONG SAIK BAKERY PTE. LTD.,KEONG SAIK BAKERY COLD CALL,,TeleSales,,Offline Sources,Adhoc,,201707912H,,,,,,,,,,,,,,,,"B2C, Offline",,,,,,,,,,,,,,,,65 8537 8901,,,,,,,,,,,,,,,Gov List,"ACRA, Google Searches",,
,,16/12/2025,TRIBE HOUSE SQUAD PTE. LTD.,TRIBE AT THE ARTS HOUSE,,TeleSales,,Offline Sources,Adhoc,,200723326D,,,,,,,,,,,,,,,,"B2C, Offline",,,,,,,,,,,,,,,,65 9223 1252,hello@tribe.com.sg,,,,,,,,,,,,,,Gov List,"ACRA, Google Searches",,
,,16/12/2025,VANDA TONG CONSULTANCY,VANDA TERRACE - ORCHID COUNTRY CLUB,,TeleSales,,Offline Sources,Adhoc,,53401121K,,,,,,,,,,,,,,,,"B2C, Offline",,,,,,,,,,,,,,,,65 6750 2200,,,,,,,,,,,,,,,Gov List,"ACRA, Google Searches",,
,,16/12/2025,EXOTIC LIVING,NEO EXOTIC,,TeleSales,,Offline Sources,Adhoc,,53031055D,,,,,,,,,,,,,,,,"B2C, Offline",,,,,,,,,,,,,,,,65 2412 5251,muimui_chia@hotmail.com,,,,,,,,,,,,,,Gov List,"ACRA, Google Searches",,
,,16/12/2025,JIMMY MONKEY PTE. LTD.,JIMMYMONKEY,,TeleSales,,Offline Sources,Adhoc,,201106133K,,,,,,,,,,,,,,,,"B2C, Offline",,,,,,,,,,,,,,,,65 9111 5579,mavis@jimmymonkey.com,,,,,alfred@ciy.sg,,,,,accounts@ciy.sg,,,,Gov List,"ACRA, Google Searches",,
,,16/12/2025,"FOUR POINTS BY SHERATON SINGAPORE, RIVERVIEW",RIVERVIEW HOTEL,,TeleSales,,Offline Sources,Adhoc,,28293900L,,,,,,,,,,,,,,,,"B2C, Offline",,,,,,,,,,,,,,,,65 6349 4897,eileen.tan@riverview.com.sg,,,,,,,,,,,,,,Gov List,"ACRA, Google Searches",,
,,16/12/2025,PAIK'S NOODLE (S) PTE. LTD.,PAIKS BIBIM @ TBP,,TeleSales,,Offline Sources,Adhoc,,202319672D,,,,,,,,,,,,,,,,"B2C, Offline",,,,,,,,,,,,,,,,65 9876 8992,,,,,,,,,,,,,,,Gov List,"ACRA, Google Searches",,
,,16/12/2025,THE SILK CHAMBER,THE CHAMBER THE OPEN GRILL AUNTY ROSIE COLD KNOCK,,TeleSales,,Offline Sources,Adhoc,,53342160L,,,,,,,,,,,,,,,,"B2C, Offline",,,,,,,,,,,,,,,,65 9661 9960,,,,,,,,,,,,,,,Gov List,"ACRA, Google Searches",,
,,16/12/2025,ANAM MM PTE. LTD.,JIN FINE DINING,,TeleSales,,Offline Sources,Adhoc,,201410853H,,,,,,,,,,,,,,,,"B2C, Offline",,,,,,,,,,,,,,,,65 6536 6258,jindining@singnet.com.sg,,,,,,,,,,,,,,Gov List,"ACRA, Google Searches",,
,,16/12/2025,YAM'S KITCHEN PTE. LTD.,YAMS KITCHEN COLD CALL,,TeleSales,,Offline Sources,Adhoc,,201106088N,,,,,,,,,,,,,,,,"B2C, Offline",,,,,,,,,,,,,,,,65 9833 6719,,,,,,,,,,,,,,,Gov List,"ACRA, Google Searches",,
,,16/12/2025,DA PAOLO PIZZA BAR PTE. LTD.,PIZZA BAR DA DONATO,,TeleSales,,Offline Sources,Adhoc,,200402569M,,,,,,,,,,,,,,,,"B2C, Offline",,,,,,,,,,,,,,,,65 6219 7562,,,,,,,,,,,,,,,Gov List,"ACRA, Google Searches",,
,,16/12/2025,SUSHI JIRO KEPPEL BAY PTE. LTD.,BAY SUSHI,,TeleSales,,Offline Sources,Adhoc,,201834710G,,,,,,,,,,,,,,,,"B2C, Offline",,,,,,,,,,,,,,,,65 6688 7707,,,,,,,,,,,,,,,Gov List,"ACRA, Google Searches",,
,,16/12/2025,IN THE BRAVERY PTE. LTD.,THE BRAVERY COLD KNOCK,,TeleSales,,Offline Sources,Adhoc,,201313941N,,,,,,,,,,,,,,,,"B2C, Offline",,,,,,,,,,,,,,,,65 9388 2973,,,,,,,,,,,,,,,Gov List,"ACRA, Google Searches",,
,,16/12/2025,TACO,TACO MANTRA,,TeleSales,,Offline Sources,Adhoc,,53474644J,,,,,,,,,,,,,,,,"B2C, Offline",,,,,,,,,,,,,,,,65 8749 3698,tacomantra@gmail.com,,,,,,,,,,,,,,Gov List,"ACRA, Google Searches",,
,,16/12/2025,,FOREST DART CAFE,,TeleSales,,Offline Sources,Adhoc,,,,,,,,,,,,,,,,,,"B2C, Offline",,,,,,,,,,,,,,,,65 8484 2606,forestdartscafe@gmail.com,,,,,,,,,,,,,,Gov List,"ACRA, Google Searches",,
,,16/12/2025,ZODIAC MILPRO ASIA PTE. LTD.,ZODIAC WINE BISTRO COLD KNOCK,,TeleSales,,Offline Sources,Adhoc,,201707780G,,,,,,,,,,,,,,,,"B2C, Offline",,,,,,,,,,,,,,,,65 8688 8217,,,,,,,,,,,,,,,Gov List,"ACRA, Google Searches",,
,,16/12/2025,GENTING MZW PTE. LTD.,GENTING MALAYSIA BERHAD,,TeleSales,,Offline Sources,Adhoc,,201414329H,,,,,,,,,,,,,,,,"B2C, Offline",,,,,,,,,,,,,,,,65 6101 0515,danny.teo@rwgenting.com,,,,,,,,,,,,,,Gov List,"ACRA, Google Searches",,
,,16/12/2025,TSUTA GLOBAL PTE. LTD.,TSUTA SOBA,,TeleSales,,Offline Sources,Adhoc,,201603141K,,,,,,,,,,,,,,,,"B2C, Offline",,,,,,,,,,,,,,,,65 6272 2000,brianchua@hersing.com.sg,,,,,,,,,,,,,,Gov List,"ACRA, Google Searches",,
,,16/12/2025,,NIVEKEN,,TeleSales,,Offline Sources,Adhoc,,,,,,,,,,,,,,,,,,"B2C, Offline",,,,,,,,,,,,,,,,65 9689 1318,kevin@niveken.com,,,,,,,,,,,,,,Gov List,"ACRA, Google Searches",,
,,16/12/2025,,SISIG SOCIETY,,TeleSales,,Offline Sources,Adhoc,,,,,,,,,,,,,,,,,,"B2C, Offline",,,,,,,,,,,,,,,,65 8868 2916,,,,,,,,,,,,,,,Gov List,"ACRA, Google Searches",,
,,16/12/2025,HOTEL+ PTE. LTD.,HOTEL BANGI PUTRAJAYA,,TeleSales,,Offline Sources,Adhoc,,201823980K,,,,,,,,,,,,,,,,"B2C, Offline",,,,,,,,,,,,,,,,65 2218 8810,jessie@hotelbangi-putrajaya.com,,,,,,,,,,,,,,Gov List,"ACRA, Google Searches",,
,,16/12/2025,BUMBU (KANDAHAR) PTE. LTD.,BUMBU @ 44 KANDAHAR ST WEB & TAB - MARKET RESEARCH 2022,,TeleSales,,Offline Sources,Adhoc,,201605984D,,,,,,,,,,,,,,,,"B2C, Offline",,,,,,,,,,,,,,,,65 9231 7579,bumbusg@gmail.com,,,,,,,,,,,,,,Gov List,"ACRA, Google Searches",,
,,16/12/2025,LTT COASTAL AND MARINE MANAGEMENT PTE. LTD.,THE COASTAL SETTLEMENT,,TeleSales,,Offline Sources,Adhoc,,202318304R,,,,,,,,,,,,,,,,"B2C, Offline",,,,,,,,,,,,,,,,65 9230 2020,enquiry@tcsmailbox.com,,,,,,,,,,,,,,Gov List,"ACRA, Google Searches",,
,,16/12/2025,AL HAMRA LEBANESE AND MIDDLE EASTERN CUISINE,AL HAMRA LEBANESE & MIDDLE EASTERN RESTAURANT,,TeleSales,,Offline Sources,Adhoc,,52936718A,,,,,,,,,,,,,,,,"B2C, Offline",,,,,,,,,,,,,,,,65 6464 8488,alhamraaz@gmail.com,,,,,,,,,,,,,,Gov List,"ACRA, Google Searches",,
,,16/12/2025,TOP UP FOOD SUPPLY,DRY FOOD POP UP STALLS,,TeleSales,,Offline Sources,Adhoc,,53097030M,,,,,,,,,,,,,,,,"B2C, Offline",,,,,,,,,,,,,,,,65 8802 1918,,,,,,,,,,,,,,,Gov List,"ACRA, Google Searches",,
,,16/12/2025,HWANG KOREAN CUISINE PTE. LTD.,HWANGS KOREAN,,TeleSales,,Offline Sources,Adhoc,,202317231K,,,,,,,,,,,,,,,,"B2C, Offline",,,,,,,,,,,,,,,,65 9753 0781,,,,,65 9833 0603,,,,,,,,,,Gov List,"ACRA, Google Searches",,
,,16/12/2025,,SINPOPO BRAND,,TeleSales,,Offline Sources,Adhoc,,,,,,,,,,,,,,,,,,"B2C, Offline",,,,,,,,,,,,,,,,65 8345 8218,,,,,,,,,,,,,,,Gov List,"ACRA, Google Searches",,
,,16/12/2025,566 SEAFOOD PTE. LTD.,566 SEAFOOD & BEER GARDEN,,TeleSales,,Offline Sources,Adhoc,,201801003C,,,,,,,,,,,,,,,,"B2C, Offline",,,,,,,,,,,,,,,,65 6365 6566,enquiry@566seafood.sg,,,,,,,,,,,,,,Gov List,"ACRA, Google Searches",,
,,16/12/2025,TOKYO,TOKYO CHOPPED SALAD,,TeleSales,,Offline Sources,Adhoc,,06577500K,,,,,,,,,,,,,,,,"B2C, Offline",,,,,,,,,,,,,,,,65 6266 0152,tokyochoppedsalad@ycp-dining.com,,,,,,,,,,,,,,Gov List,"ACRA, Google Searches",,
,,16/12/2025,LE PIN WINE BAR PTE. LTD.,BAR A VIN,,TeleSales,,Offline Sources,Adhoc,,200304497D,,,,,,,,,,,,,,,,"B2C, Offline",,,,,,,,,,,,,,,,65 6438 9982,julia@vinegroup.com.sg,,,,,,,,,,,,,,Gov List,"ACRA, Google Searches",,
,,16/12/2025,BBQ STATION PTE. LTD.,BBQ GENERATION,,TeleSales,,Offline Sources,Adhoc,,201202750H,,,,,,,,,,,,,,,,"B2C, Offline",,,,,,,,,,,,,,,,65 9185 5524,wenting8888@gmail.com,,,,,,,,,,,,,,Gov List,"ACRA, Google Searches",,
,,16/12/2025,BINCHO BREWS,BINCHO,,TeleSales,,Offline Sources,Adhoc,,53468910L,,,,,,,,,,,,,,,,"B2C, Offline",,,,,,,,,,,,,,,,65 6438 4567,joe.chan@bincho.com.sg,,,,65 9049 9388,info@bincho.com.sg,,,,,,,,,Gov List,"ACRA, Google Searches",,
,,16/12/2025,TSUI WAH APAC PTE. LTD.,TSUI WAH,,TeleSales,,Offline Sources,Adhoc,,202231435W,,,,,,,,,,,,,,,,"B2C, Offline",,,,,,,,,,,,,,,,65 6250 9270,cssg@tsuiwah.com,,,,,,,,,,,,,,Gov List,"ACRA, Google Searches",,
,,16/12/2025,THE MANHATTAN BAR,THE MANHATTAN FISH MARKET,,TeleSales,,Offline Sources,Adhoc,,53242401L,,,,,,,,,,,,,,,,"B2C, Offline",,,,,,,,,,,,,,,,65 6684 4208,info@manhattanfishmarket.com,,,,65 6853 4744,,,,,,,,,,Gov List,"ACRA, Google Searches",,
,,16/12/2025,RED HOUSE AT CLARKE QUAY PTE. LTD.,QUAY HOUSE,,TeleSales,,Offline Sources,Adhoc,,201623792H,,,,,,,,,,,,,,,,"B2C, Offline",,,,,,,,,,,,,,,,65 8223 0925,dianah@quayhouse.com.sg,,,,,,,,,,,,,,Gov List,"ACRA, Google Searches",,
,,16/12/2025,,WEN DAO SHI,,TeleSales,,Offline Sources,Adhoc,,,,,,,,,,,,,,,,,,"B2C, Offline",,,,,,,,,,,,,,,,65 6746 4757,,,,,,,,,,,,,,,Gov List,"ACRA, Google Searches",,
,,16/12/2025,XIAN DE LAI DELICACIES PTE. LTD.,XIAN DE LAI COLD CALL,,TeleSales,,Offline Sources,Adhoc,,200812001H,,,,,,,,,,,,,,,,"B2C, Offline",,,,,,,,,,,,,,,,65 9297 5725,,,,,,,,,,,,,,,Gov List,"ACRA, Google Searches",,
,,16/12/2025,,BEER MARKET,,TeleSales,,Offline Sources,Adhoc,,,,,,,,,,,,,,,,,,"B2C, Offline",,,,,,,,,,,,,,,,65 9661 8283,,,,,,,,,,,,,,,Gov List,"ACRA, Google Searches",,
,,16/12/2025,HAPPY MOOKATA PTE. LTD.,HAPPY MOOKATA THAI STEAMBOAT,,TeleSales,,Offline Sources,Adhoc,,201224410D,,,,,,,,,,,,,,,,"B2C, Offline",,,,,,,,,,,,,,,,65 9380 9028,happymookata@gmail.com,,,,65 8138 7654,,,,,,,,,,Gov List,"ACRA, Google Searches",,
,,16/12/2025,CASTEL PTE. LTD.,CASTEL PIZZA,,TeleSales,,Offline Sources,Adhoc,,200718128Z,,,,,,,,,,,,,,,,"B2C, Offline",,,,,,,,,,,,,,,,65 9228 1818,castel.italiano@gmail.com,,,,,,,,,,,,,,Gov List,"ACRA, Google Searches",,
,,16/12/2025,LAWRY'S THE PRIME RIB SINGAPORE PTE LTD,LAWRYS THE PRIME RIB STEAK HOUSE,,TeleSales,,Offline Sources,Adhoc,,199805156W,,,,,,,,,,,,,,,,"B2C, Offline",,,,,,,,,,,,,,,,65 9277 7792,mktg@lawrys.com.sg,,,,65 8188 6406,reservations@lawrys.com.sg,,,,,executivechef@lawrys.com.sg,,,,Gov List,"ACRA, Google Searches",,
,,16/12/2025,THE PUBLIC HOUSE,THE HOUSE BAR & RESTAURANT,,TeleSales,,Offline Sources,Adhoc,,53162418L,,,,,,,,,,,,,,,,"B2C, Offline",,,,,,,,,,,,,,,,65 6533 3545,thepublichouse.sg@gmail.com,,,,65 9090 7512,,,,,,,,,,Gov List,"ACRA, Google Searches",,
,,16/12/2025,QUEEN OF VIRGO,QUEEN OF FORK,,TeleSales,,Offline Sources,Adhoc,,53398196D,,,,,,,,,,,,,,,,"B2C, Offline",,,,,,,,,,,,,,,,65 8792 8891,,,,,,,,,,,,,,,Gov List,"ACRA, Google Searches",,
,,16/12/2025,DINETAP SG PTE. LTD.,EAT ME @ -- PARTNERSHIP,,TeleSales,,Offline Sources,Adhoc,,202227107W,,,,,,,,,,,,,,,,"B2C, Offline",,,,,,,,,,,,,,,,65 6012 9591,naveed.w@eatmeglobal.com,,,,,,,,,,,,,,Gov List,"ACRA, Google Searches",,
,,16/12/2025,,VIETNAM FOODS & BEV FRANCHISEE FOR VIETNAM,,TeleSales,,Offline Sources,Adhoc,,,,,,,,,,,,,,,,,,"B2C, Offline",,,,,,,,,,,,,,,,65 0966 7182,tue.nguyen@vfbs.vn,,,,,,,,,,,,,,Gov List,"ACRA, Google Searches",,
,,16/12/2025,TEN DOLLAR CLUB PTE. LTD.,TEN DOLLAR CLUB KTV,,TeleSales,,Offline Sources,Adhoc,,200401144W,,,,,,,,,,,,,,,,"B2C, Offline",,,,,,,,,,,,,,,,65 6225 1231,shaunlau301190@gmail.com,,,,,,,,,,,,,,Gov List,"ACRA, Google Searches",,
,,16/12/2025,KIN LI CONTRACTOR PTE. LTD.,KIN MOO RE-CONTRACT,,TeleSales,,Offline Sources,Adhoc,,201609024C,,,,,,,,,,,,,,,,"B2C, Offline",,,,,,,,,,,,,,,,65 9792 1188,jamie@kin-moo.com,,,,,,,,,,,,,,Gov List,"ACRA, Google Searches",,
,,16/12/2025,ROCK AND ROLL RICHIE PTE. LTD.,ROLL UP,,TeleSales,,Offline Sources,Adhoc,,201413550C,,,,,,,,,,,,,,,,"B2C, Offline",,,,,,,,,,,,,,,,65 9006 6337,management@rollup.sg,,,,,,,,,,,,,,Gov List,"ACRA, Google Searches",,
,,16/12/2025,BLUE POTATO,BLUE POTATO RESTAURANT,,TeleSales,,Offline Sources,Adhoc,,53031157K,,,,,,,,,,,,,,,,"B2C, Offline",,,,,,,,,,,,,,,,65 6239 1899,,,,,,,,,,,,,,,Gov List,"ACRA, Google Searches",,
,,16/12/2025,THE TIARA SOCIETY PRIVATE LIMITED,THE SOCIETY BISTRO,,TeleSales,,Offline Sources,Adhoc,,201302089G,,,,,,,,,,,,,,,,"B2C, Offline",,,,,,,,,,,,,,,,65 6733 6635,mg_info@thesociety.com.sg,,,,,,,,,,,,,,Gov List,"ACRA, Google Searches",,
,,16/12/2025,LEQUINZ,LE QUINZE VINS,,TeleSales,,Offline Sources,Adhoc,,53248188K,,,,,,,,,,,,,,,,"B2C, Offline",,,,,,,,,,,,,,,,65 6222 8266,garino.victor@gmail.com,,,,,,,,,,,,,,Gov List,"ACRA, Google Searches",,
,,16/12/2025,AGRN PTE. LTD.,HAWKER STALL @ -- NEEDS IMMEDIATE SIGN UP,,TeleSales,,Offline Sources,Adhoc,,201308982Z,,,,,,,,,,,,,,,,"B2C, Offline",,,,,,,,,,,,,,,,65 9060 5534,,,,,,,,,,,,,,,Gov List,"ACRA, Google Searches",,
,,16/12/2025,KIN SEN THAI NOODLE,NOODLE THAI THAI KITCHEN @ BEACH ROAD,,TeleSales,,Offline Sources,Adhoc,,53451317D,,,,,,,,,,,,,,,,"B2C, Offline",,,,,,,,,,,,,,,,65 6909 0759,thainoodlesbar@gmail.com,,,,,,,,,,,,,,Gov List,"ACRA, Google Searches",,
,,16/12/2025,SOI THAI PTE. LTD.,SOI 60 THAI,,TeleSales,,Offline Sources,Adhoc,,201833682G,,,,,,,,,,,,,,,,"B2C, Offline",,,,,,,,,,,,,,,,65 6635 6675,megan@reddoor.com.sg,,,,,,,,,,,,,,Gov List,"ACRA, Google Searches",,
,,16/12/2025,SUPER THAI PTE. LTD.,SUPER THAI BY SOI AROY SMARTWEB,,TeleSales,,Offline Sources,Adhoc,,202019033E,,,,,,,,,,,,,,,,"B2C, Offline",,,,,,,,,,,,,,,,65 9725 7730,georgeseah@thelightanalyticscompany.com,,,,,,,,,,,,,,Gov List,"ACRA, Google Searches",,
,,16/12/2025,NOVOTEL CLEANING PTE. LTD.,NOVOTEL MANILA,,TeleSales,,Offline Sources,Adhoc,,201333649N,,,,,,,,,,,,,,,,"B2C, Offline",,,,,,,,,,,,,,,,65 8967 5075,ex.novotel.manila.ac@gmail.com,,,,,,,,,,,,,,Gov List,"ACRA, Google Searches",,
,,16/12/2025,,DOSIRAK,,TeleSales,,Offline Sources,Adhoc,,,,,,,,,,,,,,,,,,"B2C, Offline",,,,,,,,,,,,,,,,65 6536 6034,info@dosirak.com.sg,,,,,,,,,,,,,,Gov List,"ACRA, Google Searches",,
,,16/12/2025,QSR RENO SERVICES,QSR 2023ZENSHO,,TeleSales,,Offline Sources,Adhoc,,53471674A,,,,,,,,,,,,,,,,"B2C, Offline",,,,,,,,,,,,,,,,65 8123 8876,t-hasegawa@zensho.com,,,,,,,,,,,,,,Gov List,"ACRA, Google Searches",,
,,16/12/2025,CHAPTER3 PTE. LTD.,CHAPTER3 RESTAURANT,,TeleSales,,Offline Sources,Adhoc,,201839209C,,,,,,,,,,,,,,,,"B2C, Offline",,,,,,,,,,,,,,,,65 8112 9794,,,,,,,,,,,,,,,Gov List,"ACRA, Google Searches",,
,,16/12/2025,JUNE COFFEE PTE. LTD.,COSTA COFFEE,,TeleSales,,Offline Sources,Adhoc,,202401109M,,,,,,,,,,,,,,,,"B2C, Offline",,,,,,,,,,,,,,,,65 6636 9774,talktocosta@costacoffee.com,,,,,,,,,,,,,,Gov List,"ACRA, Google Searches",,
,,16/12/2025,ESCAPE RESTAURANT,ESCAPE RESTAURANT AND LOUNGE,,TeleSales,,Offline Sources,Adhoc,,53241055J,,,,,,,,,,,,,,,,"B2C, Offline",,,,,,,,,,,,,,,,65 8698 6625,escape@onefarrer.com,,,,65 6705 7828,,,,,,,,,,Gov List,"ACRA, Google Searches",,
,,16/12/2025,HAI DI LAO HOLDINGS PTE. LTD.,HAI DI LAO,,TeleSales,,Offline Sources,Adhoc,,201305315G,,,,,,,,,,,,,,,,"B2C, Offline",,,,,,,,,,,,,,,,65 8668 1011,xjp8dwm@haidilao.com,,,,,,,,,,,,,,Gov List,"ACRA, Google Searches",,
,,16/12/2025,BEST ACE,ACER BEST PROJECTS,,TeleSales,,Offline Sources,Adhoc,,53470428W,,,,,,,,,,,,,,,,"B2C, Offline",,,,,,,,,,,,,,,,65 6388 1379,acerbest1995@gmail.com,,,,,esales@acerbest.sg,,,,,,,,,Gov List,"ACRA, Google Searches",,
,,16/12/2025,SAN REN HOT AND COLD DESSERT,DESERT DESSERT COLD CALL,,TeleSales,,Offline Sources,Adhoc,,53460510M,,,,,,,,,,,,,,,,"B2C, Offline",,,,,,,,,,,,,,,,65 9696 8992,,,,,,,,,,,,,,,Gov List,"ACRA, Google Searches",,
,,16/12/2025,,THE NAKED BELLY,,TeleSales,,Offline Sources,Adhoc,,,,,,,,,,,,,,,,,,"B2C, Offline",,,,,,,,,,,,,,,,65 8569 0949,jianbo.sixthavenue@gmail.com,,,,,,,,,,,,,,Gov List,"ACRA, Google Searches",,
,,16/12/2025,BOON KENG PTE. LTD.,BOON KENG CHICKEN POT,,TeleSales,,Offline Sources,Adhoc,,201227439R,,,,,,,,,,,,,,,,"B2C, Offline",,,,,,,,,,,,,,,,65 6635 5799,komaqhy@gmail.com,,,,,,,,,,,,,,Gov List,"ACRA, Google Searches",,
,,16/12/2025,,LOTUS THAI,,TeleSales,,Offline Sources,Adhoc,,,,,,,,,,,,,,,,,,"B2C, Offline",,,,,,,,,,,,,,,,65 6702 3308,lotusthai.cherylho@gmail.com,,,,,lotusthai.ops@gmail.com,,,,,,,,,Gov List,"ACRA, Google Searches",,
,,16/12/2025,GOOD IDEA CONCEPTS PTE. LTD.,GOOD IDEA CONCEPTS XW WESTERN GRILL XW WESTERN GRILL - JEM,,TeleSales,,Offline Sources,Adhoc,,201607153K,,,,,,,,,,,,,,,,"B2C, Offline",,,,,,,,,,,,,,,,65 9737 4063,finance@minorfoodsingapore.com,,,,,,,,,,,,,,Gov List,"ACRA, Google Searches",,
,,16/12/2025,HANA K PTE. LTD.,HANA K-FOOD,,TeleSales,,Offline Sources,Adhoc,,202207259C,,,,,,,,,,,,,,,,"B2C, Offline",,,,,,,,,,,,,,,,65 6635 6077,,,,,,,,,,,,,,,Gov List,"ACRA, Google Searches",,
,,16/12/2025,MY OPPA,OPPA BBQ,,TeleSales,,Offline Sources,Adhoc,,53507471M,,,,,,,,,,,,,,,,"B2C, Offline",,,,,,,,,,,,,,,,65 9755 8546,,,,,,,,,,,,,,,Gov List,"ACRA, Google Searches",,
,,16/12/2025,THE LOFT,THE LOFT CAFE,,TeleSales,,Offline Sources,Adhoc,,51373600W,,,,,,,,,,,,,,,,"B2C, Offline",,,,,,,,,,,,,,,,65 6221 2103,info@theloft.com.sg,,,,,,,,,,,,,,Gov List,"ACRA, Google Searches",,
,,16/12/2025,AI IMPLEMENTATION GROUP PTE. LTD.,IMPLEMENTATION CONFIRMATION QUOTE 961,,TeleSales,,Offline Sources,Adhoc,,202504057M,,,,,,,,,,,,,,,,"B2C, Offline",,,,,,,,,,,,,,,,65 8904 0014,radyah60@gmail.com,,,,,,,,,,,,,,Gov List,"ACRA, Google Searches",,
,,16/12/2025,LITTLE ELEPHANT PTE. LTD.,LITTLE ELEPHANT THAI BISTRO,,TeleSales,,Offline Sources,Adhoc,,201806877M,,,,,,,,,,,,,,,,"B2C, Offline",,,,,,,,,,,,,,,,65 6224 1646,,,,,,,,,,,,,,,Gov List,"ACRA, Google Searches",,
,,16/12/2025,DIM SUM HAUS PTE. LTD.,DIM SUM HAUS JALAN BESAR,,TeleSales,,Offline Sources,Adhoc,,201624537N,,,,,,,,,,,,,,,,"B2C, Offline",,,,,,,,,,,,,,,,65 9180 9836,yvonne.qss@gmail.com,,,,,,,,,,,,,,Gov List,"ACRA, Google Searches",,
,,16/12/2025,WAN PO HOLDINGS PTE LTD,WAN PO COLD LEAD,,TeleSales,,Offline Sources,Adhoc,,199505904W,,,,,,,,,,,,,,,,"B2C, Offline",,,,,,,,,,,,,,,,65 9797 4758,,,,,,,,,,,,,,,Gov List,"ACRA, Google Searches",,
,,16/12/2025,GUITAR CONNECTION PTE. LTD.,GUIGA,,TeleSales,,Offline Sources,Adhoc,,200407005C,,,,,,,,,,,,,,,,"B2C, Offline",,,,,,,,,,,,,,,,65 9113 6611,,,,,,,,,,,,,,,Gov List,"ACRA, Google Searches",,
,,16/12/2025,ESSEN PRIVATE LIMITED,ESSEN - COLIN KOH,,TeleSales,,Offline Sources,Adhoc,,197602130Z,,,,,,,,,,,,,,,,"B2C, Offline",,,,,,,,,,,,,,,,65 8787 9998,colinkoh@pivotal-international.com,,,,,,,,,,,,,,Gov List,"ACRA, Google Searches",,
,,16/12/2025,,THREE FIFTEEN,,TeleSales,,Offline Sources,Adhoc,,,,,,,,,,,,,,,,,,"B2C, Offline",,,,,,,,,,,,,,,,65 8857 6925,,,,,,,,,,,,,,,Gov List,"ACRA, Google Searches",,
,,16/12/2025,OLD WORLD BAK KUT TEH PTE. LTD.,OLD WORLD BAKHUTEH,,TeleSales,,Offline Sources,Adhoc,,202510888K,,,,,,,,,,,,,,,,"B2C, Offline",,,,,,,,,,,,,,,,65 9388 5288,jemmyyeo@yahoo.com,,,,,,,,,,,,,,Gov List,"ACRA, Google Searches",,
,,16/12/2025,EAST BISTRO PTE. LTD.,EAST BISTRO PAY LATER- EPOINT,,TeleSales,,Offline Sources,Adhoc,,201403243Z,,,,,,,,,,,,,,,,"B2C, Offline",,,,,,,,,,,,,,,,65 8338 7752,,,,,,,,,,,,,,,Gov List,"ACRA, Google Searches",,
,,16/12/2025,CRYSTAL JADE PTE. LTD.,CRYSTAL JADE - SMARTWEB +SMARTCONNECT,,TeleSales,,Offline Sources,Adhoc,,201837864W,,,,,,,,,,,,,,,,"B2C, Offline",,,,,,,,,,,,,,,,65 9005 5588,christopher.toh@crystaljade.com,,,,,,,,,,,,,,Gov List,"ACRA, Google Searches",,
,,16/12/2025,,A2B VEG RESTAURANT,,TeleSales,,Offline Sources,Adhoc,,,,,,,,,,,,,,,,,,"B2C, Offline",,,,,,,,,,,,,,,,65 8147 7767,,,,,,,,,,,,,,,Gov List,"ACRA, Google Searches",,
,,16/12/2025,RAMEN KING PTE. LTD.,SELECT RAMEN KING,,TeleSales,,Offline Sources,Adhoc,,202137287H,,,,,,,,,,,,,,,,"B2C, Offline",,,,,,,,,,,,,,,,65 9388 3951,veery_souw@select.com.sg,,,,,,,,,,,,,,Gov List,"ACRA, Google Searches",,
,,16/12/2025,JINJJA GROUP PTE. LTD.,JINJJA CHICKEN,,TeleSales,,Offline Sources,Adhoc,,201504569N,,,,,,,,,,,,,,,,"B2C, Offline",,,,,,,,,,,,,,,,65 6837 0937,bernard@jinjjachicken.com,,,,,,,,,,,,,,Gov List,"ACRA, Google Searches",,
,,16/12/2025,,POLAR PUFF #OUTLET31,,TeleSales,,Offline Sources,Adhoc,,,,,,,,,,,,,,,,,,"B2C, Offline",,,,,,,,,,,,,,,,65 9232 3277,apple.wou@polarpuffs.com.sg,,,,,,,,,,,,,,Gov List,"ACRA, Google Searches",,
,,16/12/2025,,LEUPHORIZ AUTHENTIC VIETNAMESE CUISINE,,TeleSales,,Offline Sources,Adhoc,,,,,,,,,,,,,,,,,,"B2C, Offline",,,,,,,,,,,,,,,,65 6221 8785,info@leuphoriz.com,,,,,,,,,,,,,,Gov List,"ACRA, Google Searches",,
,,16/12/2025,HANS SCHICK GLASS SYSTEM PTE. LTD.,HANS IM GLUCK H2,,TeleSales,,Offline Sources,Adhoc,,201709044K,,,,,,,,,,,,,,,,"B2C, Offline",,,,,,,,,,,,,,,,,m.basile@hig-burgergrill.sg,,,,,,,,,,,,,,Gov List,"ACRA, Google Searches",,
,,16/12/2025,SELA HOLDINGS PTE. LTD.,SELA,,TeleSales,,Offline Sources,Adhoc,,202305868C,,,,,,,,,,,,,,,,"B2C, Offline",,,,,,,,,,,,,,,,65 6337 6358,enquiry@restaurantsela.com.sg,,,,,,,,,,,,,,Gov List,"ACRA, Google Searches",,
,,16/12/2025,GEM BAR & LOUNGE PTE. LTD.,GEM BAR & KITCHEN,,TeleSales,,Offline Sources,Adhoc,,200715868D,,,,,,,,,,,,,,,,"B2C, Offline",,,,,,,,,,,,,,,,65 6224 7762,info@gemsingapore.com,,,,,,,,,,,,,,Gov List,"ACRA, Google Searches",,
,,16/12/2025,HA HAHA PTE. LTD.,NEW - HA NGUYEN,,TeleSales,,Offline Sources,Adhoc,,202115107D,,,,,,,,,,,,,,,,"B2C, Offline",,,,,,,,,,,,,,,,65 2086 9044,ha.vinh.nguyen@gmail.com,,,,,,,,,,,,,,Gov List,"ACRA, Google Searches",,
,,16/12/2025,OBA SG PTE. LTD.,OBAR,,TeleSales,,Offline Sources,Adhoc,,201900599C,,,,,,,,,,,,,,,,"B2C, Offline",,,,,,,,,,,,,,,,65 9050 0973,obarpub@gmail.com,,,,,,,,,,,,,,Gov List,"ACRA, Google Searches",,
,,16/12/2025,GRAND HYATT SINGAPORE,GRAND HYATT @ -- TO,,TeleSales,,Offline Sources,Adhoc,,24672300M,,,,,,,,,,,,,,,,"B2C, Offline",,,,,,,,,,,,,,,,65 9321 4373,lorraine.garrido@hyatt.com,,,,,,,,,,,,,,Gov List,"ACRA, Google Searches",,
,,16/12/2025,PRETTY EASY GLOBAL PRIVATE LIMITED,PRETTY EASY CAFE,,TeleSales,,Offline Sources,Adhoc,,201829073W,,,,,,,,,,,,,,,,"B2C, Offline",,,,,,,,,,,,,,,,65 6337 7790,prettyeasycafe@gmail.com,,,,,,,,,,,,,,Gov List,"ACRA, Google Searches",,
,,16/12/2025,UYA UNAGI,UNAGI VS SALMON,,TeleSales,,Offline Sources,Adhoc,,53495246A,,,,,,,,,,,,,,,,"B2C, Offline",,,,,,,,,,,,,,,,65 9112 6929,unagivssalmon@gmail.com,,,,65 8812 4884,,,,,,,,,,Gov List,"ACRA, Google Searches",,
,,16/12/2025,G&B BISTRO PTE. LTD.,G&B BISTRO -- ON INVOICE,,TeleSales,,Offline Sources,Adhoc,,201808774W,,,,,,,,,,,,,,,,"B2C, Offline",,,,,,,,,,,,,,,,65 9827 6887,,,,,,,,,,,,,,,Gov List,"ACRA, Google Searches",,
,,16/12/2025,THE 2ND POST,THE 2ND FLOOR,,TeleSales,,Offline Sources,Adhoc,,47488000A,,,,,,,,,,,,,,,,"B2C, Offline",,,,,,,,,,,,,,,,65 6739 4329,,,,,,,,,,,,,,,Gov List,"ACRA, Google Searches",,
,,16/12/2025,,CREME MAISON BAKERY,,TeleSales,,Offline Sources,Adhoc,,,,,,,,,,,,,,,,,,"B2C, Offline",,,,,,,,,,,,,,,,65 8181 3689,hello@crememaison.com,,,,,,,,,,,,,,Gov List,"ACRA, Google Searches",,
,,16/12/2025,,CHAI MING CHIN,,TeleSales,,Offline Sources,Adhoc,,,,,,,,,,,,,,,,,,"B2C, Offline",,,,,,,,,,,,,,,,65 3832 0820,ming3431@gmail.com,,,,,,,,,,,,,,Gov List,"ACRA, Google Searches",,
,,16/12/2025,WAN CHAI (WS) TEA ROOM PTE. LTD.,WAN CHAI HONG KONG TEA ROOM,,TeleSales,,Offline Sources,Adhoc,,200610274Z,,,,,,,,,,,,,,,,"B2C, Offline",,,,,,,,,,,,,,,,65 6569 1633,office@wanchai.sg,,,,65 9634 2039,,,,,,,,,,Gov List,"ACRA, Google Searches",,
,,16/12/2025,MADLY GOOD PTE. LTD.,MADLY GOOD COLD CALL,,TeleSales,,Offline Sources,Adhoc,,201909227N,,,,,,,,,,,,,,,,"B2C, Offline",,,,,,,,,,,,,,,,65 9144 7470,,,,,,,,,,,,,,,Gov List,"ACRA, Google Searches",,
,,16/12/2025,COCA-COLA SINGAPORE HOLDINGS PTE. LTD.,SOZA,,TeleSales,,Offline Sources,Adhoc,,199201657N,,,,,,,,,,,,,,,,"B2C, Offline",,,,,,,,,,,,,,,,65 9662 9401,phuatikekee@hotmail.com,,,,,,,,,,,,,,Gov List,"ACRA, Google Searches",,
,,16/12/2025,SI CHUAN DOU HUA RESTAURANT TOP OF UOB PLAZA,SI CHUAN DOU HUA,,TeleSales,,Offline Sources,Adhoc,,52974821E,,,,,,,,,,,,,,,,"B2C, Offline",,,,,,,,,,,,,,,,65 6535 6006,linda.loke@sichuandouhua.com,,,,,top@sichuandouhua.com,,,,,,,,,Gov List,"ACRA, Google Searches",,
,,16/12/2025,DAI-ICHI FISHMART PTE. LTD.,DAI-ICHI FISHMART - JAPANESE DINING IZAKAYA 第一居酒屋,,TeleSales,,Offline Sources,Adhoc,,202030882D,,,,,,,,,,,,,,,,"B2C, Offline",,,,,,,,,,,,,,,,65 9438 1415,daiichii0104@gmail.com,,,,,,,,,,,,,,Gov List,"ACRA, Google Searches",,
,,16/12/2025,RAS PHARMA & BIOCHEM PTE. LTD.,RAS BITES,,TeleSales,,Offline Sources,Adhoc,,201023059K,,,,,,,,,,,,,,,,"B2C, Offline",,,,,,,,,,,,,,,,65 6783 5330,rasbites@palatevine.com.sg,,,,,,,,,,,,,,Gov List,"ACRA, Google Searches",,
,,16/12/2025,PERFECT TREATS PTE. LTD.,PREFECT TREATS,,TeleSales,,Offline Sources,Adhoc,,201024391N,,,,,,,,,,,,,,,,"B2C, Offline",,,,,,,,,,,,,,,,65 2381 2160,jeffrey_goh@morganfields.com,,,,,,,,,,,,,,Gov List,"ACRA, Google Searches",,
,,16/12/2025,CHILLI MANIS CATERING PTE. LTD.,CHILLI @ 2 CAFE,,TeleSales,,Offline Sources,Adhoc,,201819539G,,,,,,,,,,,,,,,,"B2C, Offline",,,,,,,,,,,,,,,,65 9820 6613,samme@chilli.com.sg,,,,,,,,,,,,,,Gov List,"ACRA, Google Searches",,
,,16/12/2025,ACQUA E FARINA PTE. LTD.,AQUA E FARINA,,TeleSales,,Offline Sources,Adhoc,,201612657D,,,,,,,,,,,,,,,,"B2C, Offline",,,,,,,,,,,,,,,,65 6462 0926,acquaefarinasg@gmail.com,,,,,,,,,,,,,,Gov List,"ACRA, Google Searches",,
,,16/12/2025,LOLA FAYE CAFE,LOLA CAFE ENQUIRY,,TeleSales,,Offline Sources,Adhoc,,53430166E,,,,,,,,,,,,,,,,"B2C, Offline",,,,,,,,,,,,,,,,65 9666 8772,weiming@bettercraft.com.sg,,,,,,,,,,,,,,Gov List,"ACRA, Google Searches",,
,,16/12/2025,BBW FOOD INVESTMENTS PTE. LTD.,BBW FOOD INVESTMENTS KOREAN FOOD TAKEAWAY KIOSK,,TeleSales,,Offline Sources,Adhoc,,201821692H,,,,,,,,,,,,,,,,"B2C, Offline",,,,,,,,,,,,,,,,65 9648 8636,eugenetin78@gmail.com,,,,,,,,,,,,,,Gov List,"ACRA, Google Searches",,
,,16/12/2025,GOLDEN CHARCOAL PTE. LTD.,GOLDEN CHARCOAL -- ON QUOTATION SIGNING,,TeleSales,,Offline Sources,Adhoc,,202040750G,,,,,,,,,,,,,,,,"B2C, Offline",,,,,,,,,,,,,,,,65 9191 8843,justinchewky89@gmail.com,,,,,,,,,,,,,,Gov List,"ACRA, Google Searches",,
,,16/12/2025,NESUTO ATELIER PTE. LTD.,NESUTO,,TeleSales,,Offline Sources,Adhoc,,201935147N,,,,,,,,,,,,,,,,"B2C, Offline",,,,,,,,,,,,,,,,65 6920 2922,dear.nesuto@gmail.com,,,,,,,,,,,,,,Gov List,"ACRA, Google Searches",,
,,16/12/2025,YI PIN XIANG DINING PTE. LTD.,PINK DINING & BAR,,TeleSales,,Offline Sources,Adhoc,,202134898K,,,,,,,,,,,,,,,,"B2C, Offline",,,,,,,,,,,,,,,,65 6222 5007,,,,,,,,,,,,,,,Gov List,"ACRA, Google Searches",,
,,16/12/2025,SHOWA HAKATA RAMEN & IZAKAYA PTE. LTD.,HAKATA IKKOUSHA RAMEN,,TeleSales,,Offline Sources,Adhoc,,201635165G,,,,,,,,,,,,,,,,"B2C, Offline",,,,,,,,,,,,,,,,65 9471 0237,,,,,,,,,,,,,,,Gov List,"ACRA, Google Searches",,
,,16/12/2025,ROOTS,ROOTS ONE NORTH,,TeleSales,,Offline Sources,Adhoc,,53346400E,,,,,,,,,,,,,,,,"B2C, Offline",,,,,,,,,,,,,,,,65 6463 4206,info@therootsrestaurants.com,,,,,,,,,,,,,,Gov List,"ACRA, Google Searches",,
,,16/12/2025,,DUBAI SHAWARMA,,TeleSales,,Offline Sources,Adhoc,,,,,,,,,,,,,,,,,,"B2C, Offline",,,,,,,,,,,,,,,,65 8542 7219,,,,,,,,,,,,,,,Gov List,"ACRA, Google Searches",,
,,16/12/2025,BEE CHENG HIANG PTE. LTD.,BEE CHENG HIANG GRILLERY,,TeleSales,,Offline Sources,Adhoc,,201007220M,,,,,,,,,,,,,,,,"B2C, Offline",,,,,,,,,,,,,,,,65 6500 0888,bch@bch.com.sg,,,,,,,,,,,,,,Gov List,"ACRA, Google Searches",,
,,16/12/2025,OVAL CANAL PTE. LTD.,OVAL,,TeleSales,,Offline Sources,Adhoc,,202222738M,,,,,,,,,,,,,,,,"B2C, Offline",,,,,,,,,,,,,,,,65 6275 2298,kelvin@shinkushiya.com,,,,,,,,,,,,,,Gov List,"ACRA, Google Searches",,
,,16/12/2025,,FOOD SCIENTIST,,TeleSales,,Offline Sources,Adhoc,,,,,,,,,,,,,,,,,,"B2C, Offline",,,,,,,,,,,,,,,,65 6293 0329,jessica.chin@two-bakers.com,,,,,,,,,,,,,,Gov List,"ACRA, Google Searches",,
,,16/12/2025,OLD TEA HUT PTE. LTD.,OLD TEA HUT COLD CALL,,TeleSales,,Offline Sources,Adhoc,,201412090D,,,,,,,,,,,,,,,,"B2C, Offline",,,,,,,,,,,,,,,,65 9388 4645,,,,,,,,,,,,,,,Gov List,"ACRA, Google Searches",,
,,16/12/2025,PIG N WHISTLE PTE. LTD.,PIG N WHISTLE SMARTWEB,,TeleSales,,Offline Sources,Adhoc,,201716476W,,,,,,,,,,,,,,,,"B2C, Offline",,,,,,,,,,,,,,,,65 5747 4367,pignwhistle.singapore@gmail.com,,,,,,,,,,,,,,Gov List,"ACRA, Google Searches",,
,,16/12/2025,THE COLD CUP,THE CUP,,TeleSales,,Offline Sources,Adhoc,,53486905W,,,,,,,,,,,,,,,,"B2C, Offline",,,,,,,,,,,,,,,,65 9835 9288,thecup_singapore@yahoo.com,,,,,,,,,,,,,,Gov List,"ACRA, Google Searches",,
,,16/12/2025,SF JURONG EAST PTE. LTD.,SF JUICES,,TeleSales,,Offline Sources,Adhoc,,200103313Z,,,,,,,,,,,,,,,,"B2C, Offline",,,,,,,,,,,,,,,,65 6266 1502,,,,,,,,,,,,,,,Gov List,"ACRA, Google Searches",,
,,16/12/2025,,BUSHIDO,,TeleSales,,Offline Sources,Adhoc,,,,,,,,,,,,,,,,,,"B2C, Offline",,,,,,,,,,,,,,,,65 9710 6528,steffen@bushidoasia.com,,,,,,,,,,,,,,Gov List,"ACRA, Google Searches",,
,,16/12/2025,OLD YANG KEE & SISTERS PTE. LTD.,OLD YANG KEE,,TeleSales,,Offline Sources,Adhoc,,201019074C,,,,,,,,,,,,,,,,"B2C, Offline",,,,,,,,,,,,,,,,65 6222 4802,,,,,,,,,,,,,,,Gov List,"ACRA, Google Searches",,
,,16/12/2025,TAPAS CLUB PTE. LTD.,TAPAS 39CLUB 39,,TeleSales,,Offline Sources,Adhoc,,201702044R,,,,,,,,,,,,,,,,"B2C, Offline",,,,,,,,,,,,,,,,65 6221 4235,info@tapas39.com,,,,,,,,,,,,,,Gov List,"ACRA, Google Searches",,
,,16/12/2025,WONDER JUICE PTE. LTD.,WONDER JUICE BAR @ APERIA & NOVENA 2 OUTLETS,,TeleSales,,Offline Sources,Adhoc,,201833593R,,,,,,,,,,,,,,,,"B2C, Offline",,,,,,,,,,,,,,,,65 9457 1132,,,,,,,,,,,,,,,Gov List,"ACRA, Google Searches",,
,,16/12/2025,,GREEN PUMPKIN CAFE,,TeleSales,,Offline Sources,Adhoc,,,,,,,,,,,,,,,,,,"B2C, Offline",,,,,,,,,,,,,,,,65 6303 9267,contactus@res.com.sg,,,,,,,,,,,,,,Gov List,"ACRA, Google Searches",,
,,16/12/2025,XI YAN PTE. LTD.,XI YAN @ CRAIG ROAD,,TeleSales,,Offline Sources,Adhoc,,200505815C,,,,,,,,,,,,,,,,"B2C, Offline",,,,,,,,,,,,,,,,65 6220 3546,admin@xiyanseafood.com,,,,,,,,,,,,,,Gov List,"ACRA, Google Searches",,
,,16/12/2025,WHARF PTE. LTD.,WHARF GRILL & BAR @ ROBERTSON QUAY,,TeleSales,,Offline Sources,Adhoc,,201108384G,,,,,,,,,,,,,,,,"B2C, Offline",,,,,,,,,,,,,,,,65 6235 2466,tohekura@dinelike.sg,,,,65 6332 6789,,,,,,,,,,Gov List,"ACRA, Google Searches",,
,,16/12/2025,,PETIT BOWL,,TeleSales,,Offline Sources,Adhoc,,,,,,,,,,,,,,,,,,"B2C, Offline",,,,,,,,,,,,,,,,65 9106 3559,josephine_koh@petitbowl.com,,,,,,,,,,,,,,Gov List,"ACRA, Google Searches",,
,,16/12/2025,TSUKADA GLOBAL ASIA PTE. LTD.,TAUKADA NOJO,,TeleSales,,Offline Sources,Adhoc,,201833586R,,,,,,,,,,,,,,,,"B2C, Offline",,,,,,,,,,,,,,,,65 8137 8564,,,,,,,,,,,,,,,Gov List,"ACRA, Google Searches",,
,,16/12/2025,WHEELER'S YARD PTE. LTD.,WHEELERS YARD - AMANDA ONG,,TeleSales,,Offline Sources,Adhoc,,201301921W,,,,,,,,,,,,,,,,"B2C, Offline",,,,,,,,,,,,,,,,65 9798 7400,amanda@wheelersyard.com,,,,,,,,,,,,,,Gov List,"ACRA, Google Searches",,
,,16/12/2025,FISH SOUP PARADISE PTE. LTD.,FISH SOUP PARADISE KITCHENER RD,,TeleSales,,Offline Sources,Adhoc,,202018574D,,,,,,,,,,,,,,,,"B2C, Offline",,,,,,,,,,,,,,,,65 9146 9284,fei@fishsoupparadise.com,,,,,,,,,,,,,,Gov List,"ACRA, Google Searches",,
,,16/12/2025,THE BRIDGE BETWEEN PTE. LTD.,THE BRIDGE BISTRO & BEACON BAR,,TeleSales,,Offline Sources,Adhoc,,202433948R,,,,,,,,,,,,,,,,"B2C, Offline",,,,,,,,,,,,,,,,65 9856 0079,melvin.kok@bridgebistrobeaconbar.sg,,,,,,,,,,,,,,Gov List,"ACRA, Google Searches",,
,,16/12/2025,KANDA SG,KANDA WADATSUMI,,TeleSales,,Offline Sources,Adhoc,,53487751J,,,,,,,,,,,,,,,,"B2C, Offline",,,,,,,,,,,,,,,,65 6221 6264,hara.tokio0141@gmail.com,,,,,,,,,,,,,,Gov List,"ACRA, Google Searches",,
,,16/12/2025,PAPA AYAM SINGAPORE PTE. LTD.,PAPA AYAM @ -- TO,,TeleSales,,Offline Sources,Adhoc,,202543083D,,,,,,,,,,,,,,,,"B2C, Offline",,,,,,,,,,,,,,,,65 8698 3921,,,,,,,,,,,,,,,Gov List,"ACRA, Google Searches",,
,,16/12/2025,MENYA KOJI (S) PTE. LTD.,MENYA SANJI,,TeleSales,,Offline Sources,Adhoc,,201216329N,,,,,,,,,,,,,,,,"B2C, Offline",,,,,,,,,,,,,,,,65 8386 6813,sanjiboatquay@gmail.com,,,,,,,,,,,,,,Gov List,"ACRA, Google Searches",,
,,16/12/2025,WATAMI TRADING PTE. LTD.,WATAMI JAPANESE CASUAL RESTAURANT,,TeleSales,,Offline Sources,Adhoc,,201527607R,,,,,,,,,,,,,,,,"B2C, Offline",,,,,,,,,,,,,,,,65 6336 7686,regina@watami.com.sg,,,,,,,,,,,,,,Gov List,"ACRA, Google Searches",,
,,16/12/2025,AH GU KAKA WA PTE. LTD.,WA ISH - KOKORO JAPANESE IZAKAYA+65 8891 6593 9 58 AM 22ND AUG,,TeleSales,,Offline Sources,Adhoc,,201714903R,,,,,,,,,,,,,,,,"B2C, Offline",,,,,,,,,,,,,,,,65 8891 6593,,,,,,,,,,,,,,,Gov List,"ACRA, Google Searches",,
,,16/12/2025,RED EYE SMOKED MEATS PTE. LTD.,RED EYE SMOKEHOUSE,,TeleSales,,Offline Sources,Adhoc,,201527535W,,,,,,,,,,,,,,,,"B2C, Offline",,,,,,,,,,,,,,,,65 6291 0218,enquire@redeyesmoke.sg,,,,,,,,,,,,,,Gov List,"ACRA, Google Searches",,
,,16/12/2025,SOI THAI PTE. LTD.,SOI 55,,TeleSales,,Offline Sources,Adhoc,,201833682G,,,,,,,,,,,,,,,,"B2C, Offline",,,,,,,,,,,,,,,,65 8795 8787,soififtyfive@gmail.com,,,,65 8795 8787,soififtyfive@gmail.com,,,,,,,,,Gov List,"ACRA, Google Searches",,
,,16/12/2025,BUN TWO THREE,THREE BUNS QUAYSIDE ROBERTSON QUAY,,TeleSales,,Offline Sources,Adhoc,,53493980E,,,,,,,,,,,,,,,,"B2C, Offline",,,,,,,,,,,,,,,,65 9027 7067,,,,,,,,,,,,,,,Gov List,"ACRA, Google Searches",,
,,16/12/2025,ERWIN PTE. LTD.,ERWINS GASTROBAR,,TeleSales,,Offline Sources,Adhoc,,201218351W,,,,,,,,,,,,,,,,"B2C, Offline",,,,,,,,,,,,,,,,65 8533 1006,accounts@erwins.com.sg,,,,,,,,,,,,,,Gov List,"ACRA, Google Searches",,
,,16/12/2025,DERTIEN MOOKATA PTE. LTD.,DERTIEN SEMBAWANG - LOYVERSEPOS,,TeleSales,,Offline Sources,Adhoc,,202314242E,,,,,,,,,,,,,,,,"B2C, Offline",,,,,,,,,,,,,,,,65 9223 5040,limhuiching97@gmail.com,,,,,,,,,,,,,,Gov List,"ACRA, Google Searches",,
,,16/12/2025,SOUTH EAST TRAVEL PTE LTD,SOUTH BRONX,,TeleSales,,Offline Sources,Adhoc,,200010004Z,,,,,,,,,,,,,,,,"B2C, Offline",,,,,,,,,,,,,,,,65 9833 1790,holla@southbronxburger.com,,,,,,,,,,,,,,Gov List,"ACRA, Google Searches",,
,,16/12/2025,,SUPER DREAM BUGIS STREET CHINATOWNDJITSUN MALL,,TeleSales,,Offline Sources,Adhoc,,,,,,,,,,,,,,,,,,"B2C, Offline",,,,,,,,,,,,,,,,65 9698 9512,huatengshan@gmail.com,,,,,,,,,,,,,,Gov List,"ACRA, Google Searches",,
,,16/12/2025,ABURI @VIVO PTE. LTD.,AFURI - VIVO CITY,,TeleSales,,Offline Sources,Adhoc,,201827155R,,,,,,,,,,,,,,,,"B2C, Offline",,,,,,,,,,,,,,,,65 6333 9781,ap.invoices@jfh.com.sg,,,,,accountpayable@jfh.com.sg,,,,,samwan@jfh.com.sg,,,,Gov List,"ACRA, Google Searches",,
,,16/12/2025,TSUKADA GLOBAL ASIA PTE. LTD.,TSUKADA NOJO,,TeleSales,,Offline Sources,Adhoc,,201833586R,,,,,,,,,,,,,,,,"B2C, Offline",,,,,,,,,,,,,,,,65 8268 4469,tsukada_sgp@apcompany.jp,,,,,,,,,,,,,,Gov List,"ACRA, Google Searches",,
,,16/12/2025,GOCHISO SHOKUDO PTE. LTD.,GOCHI-SO SHOKUDOWESTGATESELETAR MALL,,TeleSales,,Offline Sources,Adhoc,,202025776D,,,,,,,,,,,,,,,,"B2C, Offline",,,,,,,,,,,,,,,,65 9336 5960,raymond.teo@eurasiaglobalfood.com,,,,,,,,,,,,,,Gov List,"ACRA, Google Searches",,
,,16/12/2025,,99 FOOD BAZAAR,,TeleSales,,Offline Sources,Adhoc,,,,,,,,,,,,,,,,,,"B2C, Offline",,,,,,,,,,,,,,,,65 8499 7151,rafiq@99foodbazaar.com,,,,,,,,,,,,,,Gov List,"ACRA, Google Searches",,
,,16/12/2025,CHUAN WEI XUAN,CHUAN WEI XUAN 川味軒,,TeleSales,,Offline Sources,Adhoc,,53199820K,,,,,,,,,,,,,,,,"B2C, Offline",,,,,,,,,,,,,,,,65 8858 8554,,,,,,,,,,,,,,,Gov List,"ACRA, Google Searches",,
,,16/12/2025,CLUCK CLUCK,CLUCK CLUCK @ TANJONG PAGAR,,TeleSales,,Offline Sources,Adhoc,,53169692L,,,,,,,,,,,,,,,,"B2C, Offline",,,,,,,,,,,,,,,,65 9018 9236,cluck-cluck@hotmail.com,,,,65 9198 2673,heythere@theheyco.com,,,,,,,,,Gov List,"ACRA, Google Searches",,
,,16/12/2025,FRUCE PTE. LTD.,FRUCE OF F&B,,TeleSales,,Offline Sources,Adhoc,,202140946M,,,,,,,,,,,,,,,,"B2C, Offline",,,,,,,,,,,,,,,,65 9456 0046,shiya.lim@frucesg.com,,,,,,,,,,,,,,Gov List,"ACRA, Google Searches",,
,,16/12/2025,JI DE LAI HAINANESE CHICKEN RICE,JI DE CHI DESSERT,,TeleSales,,Offline Sources,Adhoc,,53237274C,,,,,,,,,,,,,,,,"B2C, Offline",,,,,,,,,,,,,,,,65 6339 9928,info@jidechi-dessert.com,,,,65 6484 6522,,,,,,,,,,Gov List,"ACRA, Google Searches",,
,,16/12/2025,AL CAPONE'S PTE. LTD.,AL CAPONES RISTORANTE & BAR,,TeleSales,,Offline Sources,Adhoc,,201538832D,,,,,,,,,,,,,,,,"B2C, Offline",,,,,,,,,,,,,,,,65 6509 5097,alcaponesingapore.hr@gmail.com,,,,,,,,,,,,,,Gov List,"ACRA, Google Searches",,
,,16/12/2025,UYA UNAGI,UNAGI SALMON,,TeleSales,,Offline Sources,Adhoc,,53495246A,,,,,,,,,,,,,,,,"B2C, Offline",,,,,,,,,,,,,,,,65 8100 6006,erinar88@gmail.com,,,,,,,,,,,,,,Gov List,"ACRA, Google Searches",,
,,16/12/2025,LITTLE ISLAND BREWING CO. PTE. LTD.,LITTLE ISLAND BREWERY @ -- MARKET RESEARCH 2022,,TeleSales,,Offline Sources,Adhoc,,201402278R,,,,,,,,,,,,,,,,"B2C, Offline",,,,,,,,,,,,,,,,65 9762 2736,it.system.guy@gmail.com,,,,,,,,,,,,,,Gov List,"ACRA, Google Searches",,
,,16/12/2025,PIN XIANG HUNAN PTE. LTD.,PIN XIANG HUNAN CUISINE SMARTWEB,,TeleSales,,Offline Sources,Adhoc,,202449433M,,,,,,,,,,,,,,,,"B2C, Offline",,,,,,,,,,,,,,,,65 8499 5908,weihuamb@hotmail.com,,,,,,,,,,,,,,Gov List,"ACRA, Google Searches",,
,,16/12/2025,WEE NAM KEE HAINANESE CHICKEN RICE RESTAURANT,WEE NAM KEE CHICKEN RICE,,TeleSales,,Offline Sources,Adhoc,,40629200X,,,,,,,,,,,,,,,,"B2C, Offline",,,,,,,,,,,,,,,,65 9655 1411,albert.tan@wnk.com.sg,,,,,,,,,,,,,,Gov List,"ACRA, Google Searches",,
,,16/12/2025,BUTTER LIVEHOUSE PTE. LTD.,ALIVEHOUSE SMARTTERMINAL,,TeleSales,,Offline Sources,Adhoc,,202442369G,,,,,,,,,,,,,,,,"B2C, Offline",,,,,,,,,,,,,,,,,,,,,,,,,,,,,,,Gov List,"ACRA, Google Searches",,
,,16/12/2025,HOUSE OF NB PTE. LTD.,HOUSE OF DIMPAS,,TeleSales,,Offline Sources,Adhoc,,201805838R,,,,,,,,,,,,,,,,"B2C, Offline",,,,,,,,,,,,,,,,65 9337 3383,desmond.tay@asianuc.com,,,,,,,,,,,,,,Gov List,"ACRA, Google Searches",,
,,16/12/2025,HSG PTE. LTD.,HSG 5 TO 9 OUTLETS,,TeleSales,,Offline Sources,Adhoc,,201131704D,,,,,,,,,,,,,,,,"B2C, Offline",,,,,,,,,,,,,,,,65 9880 9819,tracy_chin@hsg.com.sg,,,,,,,,,,,,,,Gov List,"ACRA, Google Searches",,
,,16/12/2025,,OLLELLA,,TeleSales,,Offline Sources,Adhoc,,,,,,,,,,,,,,,,,,"B2C, Offline",,,,,,,,,,,,,,,,65 6917 7273,hello@ollella.com,,,,65 8833 9938,,,,,,,,,,Gov List,"ACRA, Google Searches",,
,,16/12/2025,,PRIMA FOOD,,TeleSales,,Offline Sources,Adhoc,,,,,,,,,,,,,,,,,,"B2C, Offline",,,,,,,,,,,,,,,,65 9879 1233,chuachinleong@prima.com.sg,,,,,,,,,,,,,,Gov List,"ACRA, Google Searches",,
,,16/12/2025,PRASAN PTE. LTD.,PRASAN HOTEL AND HOSPITALITY AND SANGEETHA,,TeleSales,,Offline Sources,Adhoc,,200611021K,,,,,,,,,,,,,,,,"B2C, Offline",,,,,,,,,,,,,,,,65 8419 0000,praveen.phhs@gmail.com,,,,,,,,,,,,,,Gov List,"ACRA, Google Searches",,
,,16/12/2025,,SMILE MARTABAK,,TeleSales,,Offline Sources,Adhoc,,,,,,,,,,,,,,,,,,"B2C, Offline",,,,,,,,,,,,,,,,65 9755 8257,,,,,,,,,,,,,,,Gov List,"ACRA, Google Searches",,
,,16/12/2025,EN GROUP PTE. LTD.,EN CHURA SUSHI - RENEWAL - SMARTWEB + SMART CONNECT QUOTE 945,,TeleSales,,Offline Sources,Adhoc,,200406512W,,,,,,,,,,,,,,,,"B2C, Offline",,,,,,,,,,,,,,,,65 9699 9974,cindy@endiningbars.com,,,,,,,,,,,,,,Gov List,"ACRA, Google Searches",,
,,16/12/2025,KOPI VENTURES PTE. LTD.,KOPI VENTURES GLORIA JEANS COFFEES- SMARTCONNECT + SMARTWEB,,TeleSales,,Offline Sources,Adhoc,,201828295W,,,,,,,,,,,,,,,,"B2C, Offline",,,,,,,,,,,,,,,,65 9187 4028,kevin@kopiventures.com,,,,,,,,,,,,,,Gov List,"ACRA, Google Searches",,
,,16/12/2025,YOLE GLOBAL PTE. LTD.,YOLE,,TeleSales,,Offline Sources,Adhoc,,201733639R,,,,,,,,,,,,,,,,"B2C, Offline",,,,,,,,,,,,,,,,65 8692 1898,joeywong501@gmail.com,,,,,,,,,,,,,,Gov List,"ACRA, Google Searches",,
,,16/12/2025,BTL ENTERPRISES PTE. LTD.,BTL - LILYS RESTAURANT @ -- MARKET RESEARCH 2022,,TeleSales,,Offline Sources,Adhoc,,201915960D,,,,,,,,,,,,,,,,"B2C, Offline",,,,,,,,,,,,,,,,65 0000 0000,lleekuok@gmail.com,,,,,,,,,,,,,,Gov List,"ACRA, Google Searches",,
,,16/12/2025,THE PEAR TREE CENTRE FOR EDUCATION,THE STRATHMORE,,TeleSales,,Offline Sources,Adhoc,,53174819K,,,,,,,,,,,,,,,,"B2C, Offline",,,,,,,,,,,,,,,,65 0488 5886,david@strath.com.au,,,,,,,,,,,,,,Gov List,"ACRA, Google Searches",,
,,16/12/2025,SHISH MAHAL RESTAURANT & PUB PTE LTD,SHISH MAHAI RESTAURANT,,TeleSales,,Offline Sources,Adhoc,,199605988G,,,,,,,,,,,,,,,,"B2C, Offline",,,,,,,,,,,,,,,,65 6837 3480,enquiry@shishmahal.com.sg,,,,,,,,,,,,,,Gov List,"ACRA, Google Searches",,
,,16/12/2025,NUDE FOODS PTE. LTD.,NUDE FOOD INQUIRY,,TeleSales,,Offline Sources,Adhoc,,202006162Z,,,,,,,,,,,,,,,,"B2C, Offline",,,,,,,,,,,,,,,,65 9847 4985,in@getnudefoods.com,,,,,,,,,,,,,,Gov List,"ACRA, Google Searches",,
,,16/12/2025,J65,J65 @ JEN TANGLIN,,TeleSales,,Offline Sources,Adhoc,,51399800D,,,,,,,,,,,,,,,,"B2C, Offline",,,,,,,,,,,,,,,,65 6831 4374,,,,,,,,,,,,,,,Gov List,"ACRA, Google Searches",,
,,16/12/2025,SUKI-YA HOLDINGS PTE. LTD.,SUKI-YA @ BUGIS,,TeleSales,,Offline Sources,Adhoc,,199906748N,,,,,,,,,,,,,,,,"B2C, Offline",,,,,,,,,,,,,,,,65 9667 0996,araccts@createries.com,,,,,,,,,,,,,,Gov List,"ACRA, Google Searches",,
,,16/12/2025,POTATO HEAD SINGAPORE PTE. LTD.,POTATO HEAD FOLK,,TeleSales,,Offline Sources,Adhoc,,201320688G,,,,,,,,,,,,,,,,"B2C, Offline",,,,,,,,,,,,,,,,65 6327 1939,nura.jamil@pttfamily.com,,,,,,,,,,,,,,Gov List,"ACRA, Google Searches",,
,,16/12/2025,HANS SCHICK GLASS SYSTEM PTE. LTD.,HANS IM GLUCK @ -- 5 OUTLETS -- MARKET RESEARCH 2022,,TeleSales,,Offline Sources,Adhoc,,201709044K,,,,,,,,,,,,,,,,"B2C, Offline",,,,,,,,,,,,,,,,65 8686 9985,m.basile@hig-burgergrill.sg,,,,,,,,,,,,,,Gov List,"ACRA, Google Searches",,
,,16/12/2025,,AWFULLY CHOCOLATE,,TeleSales,,Offline Sources,Adhoc,,,,,,,,,,,,,,,,,,"B2C, Offline",,,,,,,,,,,,,,,,65 6338 3527,chris@awfullychocolate.com,,,,65 6345 8212,,,,,,,,,,Gov List,"ACRA, Google Searches",,
,,16/12/2025,,GOURMET PLUS - AHSHIDA RAZALI,,TeleSales,,Offline Sources,Adhoc,,,,,,,,,,,,,,,,,,"B2C, Offline",,,,,,,,,,,,,,,,65 9776 0087,ahshida.razali@gourmetplus.com,,,,,,,,,,,,,,Gov List,"ACRA, Google Searches",,
,,16/12/2025,FOLK COLLECTIVE PTE. LTD.,FOLKS COLLECTIVE - THE ECLECTIC EMPORIUM,,TeleSales,,Offline Sources,Adhoc,,202202047R,,,,,,,,,,,,,,,,"B2C, Offline",,,,,,,,,,,,,,,,65 6536 6739,hello@folkscollective.com,,,,,,,,,,,,,,Gov List,"ACRA, Google Searches",,
,,16/12/2025,BLESSED GEISHA COFFEE PTE. LTD.,GEISHA SPECIALITY COFFEE,,TeleSales,,Offline Sources,Adhoc,,202527525K,,,,,,,,,,,,,,,,"B2C, Offline",,,,,,,,,,,,,,,,65 9062 5726,service@geishaspeciality.com.sg,,,,,,,,,,,,,,Gov List,"ACRA, Google Searches",,
,,16/12/2025,EDEN FAR EAST PTE. LTD.,EAST OF EDEN,,TeleSales,,Offline Sources,Adhoc,,200414085M,,,,,,,,,,,,,,,,"B2C, Offline",,,,,,,,,,,,,,,,65 9423 3734,,,,,,,,,,,,,,,Gov List,"ACRA, Google Searches",,
,,16/12/2025,,A2B VEG RESTAURANT,,TeleSales,,Offline Sources,Adhoc,,,,,,,,,,,,,,,,,,"B2C, Offline",,,,,,,,,,,,,,,,65 9880 4089,najeeba2b@gmail.com,,,,,,,,,,,,,,Gov List,"ACRA, Google Searches",,
,,16/12/2025,NO 5 COCKTAIL BAR,NO 5 EMERALD HILL COCKTAIL BAR,,TeleSales,,Offline Sources,Adhoc,,46292900X,,,,,,,,,,,,,,,,"B2C, Offline",,,,,,,,,,,,,,,,65 6732 0818,info@emerald-hill.com,,,,,,,,,,,,,,Gov List,"ACRA, Google Searches",,
,,16/12/2025,1929 @ KEONG SAIK PTE. LTD.,1929 @ KEONG SAIK RESTAURANT & BAR,,TeleSales,,Offline Sources,Adhoc,,201831106D,,,,,,,,,,,,,,,,"B2C, Offline",,,,,,,,,,,,,,,,65 9720 2848,,,,,,,,,,,,,,,Gov List,"ACRA, Google Searches",,
,,16/12/2025,JAM PTE. LTD.,JAM AT SIRI HOUSE,,TeleSales,,Offline Sources,Adhoc,,201619853D,,,,,,,,,,,,,,,,"B2C, Offline",,,,,,,,,,,,,,,,65 9667 0533,contact.sg@sirihouse.com,,,,,,,,,,,,,,Gov List,"ACRA, Google Searches",,
,,16/12/2025,LIVE NATION SINGAPORE VENUES PTE. LTD.,CURRY NATIONS,,TeleSales,,Offline Sources,Adhoc,,202039337H,,,,,,,,,,,,,,,,"B2C, Offline",,,,,,,,,,,,,,,,65 9374 1967,,,,,,,,,,,,,,,Gov List,"ACRA, Google Searches",,
,,16/12/2025,,FOREST DARTS BAR,,TeleSales,,Offline Sources,Adhoc,,,,,,,,,,,,,,,,,,"B2C, Offline",,,,,,,,,,,,,,,,65 9229 8779,forestdartscafe@gmail.com,,,,,,,,,,,,,,Gov List,"ACRA, Google Searches",,
,,16/12/2025,WAN (SGX TRADER) PTE LTD,WAN POT TEA @ -- TO,,TeleSales,,Offline Sources,Adhoc,,200005720G,,,,,,,,,,,,,,,,"B2C, Offline",,,,,,,,,,,,,,,,65 8847 1557,andrewtham@wanpotea.sg,,,,,,,,,,,,,,Gov List,"ACRA, Google Searches",,
,,16/12/2025,CHOWON GARDEN KOREAN RESTAURANT PTE. LTD.,CHOWON GARDEN,,TeleSales,,Offline Sources,Adhoc,,199201352R,,,,,,,,,,,,,,,,"B2C, Offline",,,,,,,,,,,,,,,,65 6225 1317,khs12121277@gmail.com,,,,,,,,,,,,,,Gov List,"ACRA, Google Searches",,
,,16/12/2025,VOCO ORCHARD SINGAPORE,VOCO ORCHARD AN IHG HOTEL,,TeleSales,,Offline Sources,Adhoc,,07479300D,,,,,,,,,,,,,,,,"B2C, Offline",,,,,,,,,,,,,,,,65 8201 2295,anne.kasztura1@ihg.com,,,,,,,,,,,,,,Gov List,"ACRA, Google Searches",,
,,16/12/2025,NOEY NOM CHA THAI,CHA THAI,,TeleSales,,Offline Sources,Adhoc,,53502384K,,,,,,,,,,,,,,,,"B2C, Offline",,,,,,,,,,,,,,,,65 6636 3696,info@chathaisg.com,,,,,,,,,,,,,,Gov List,"ACRA, Google Searches",,
,,16/12/2025,FUN FUN RICE BOWL PTE. LTD.,FUN BOWL COLD CALL,,TeleSales,,Offline Sources,Adhoc,,202415448Z,,,,,,,,,,,,,,,,"B2C, Offline",,,,,,,,,,,,,,,,65 9180 7302,,,,,,,,,,,,,,,Gov List,"ACRA, Google Searches",,
,,16/12/2025,HABITAT COFFEE PTE. LTD.,HABITAT COFFEE @ LAVENDER -- MARKET RESEARCH 2022,,TeleSales,,Offline Sources,Adhoc,,201118802N,,,,,,,,,,,,,,,,"B2C, Offline",,,,,,,,,,,,,,,,65 9797 4407,chin_esther2002@yahoo.com,,,,,,,,,,,,,,Gov List,"ACRA, Google Searches",,
,,16/12/2025,OPEN FARM COMMUNITY PTE. LTD.,OPEN FARM COLD KNOCK,,TeleSales,,Offline Sources,Adhoc,,200706176K,,,,,,,,,,,,,,,,"B2C, Offline",,,,,,,,,,,,,,,,65 9731 6633,,,,,,,,,,,,,,,Gov List,"ACRA, Google Searches",,
,,16/12/2025,FISHOP PTE. LTD.,FISHOP @ -- TO,,TeleSales,,Offline Sources,Adhoc,,201811626E,,,,,,,,,,,,,,,,"B2C, Offline",,,,,,,,,,,,,,,,65 9111 2282,,,,,,,,,,,,,,,Gov List,"ACRA, Google Searches",,
,,16/12/2025,CEDELE,CEDELE - GREENWICH V,,TeleSales,,Offline Sources,Adhoc,,53032543L,,,,,,,,,,,,,,,,"B2C, Offline",,,,,,,,,,,,,,,,65 6753 9946,ap.finance@bakdepot.com,,,,,,,,,,,,,,Gov List,"ACRA, Google Searches",,
,,16/12/2025,THAI TANTRIC RESTAURANT PTE. LTD.,THAI TANTRIC AUTHENTIC,,TeleSales,,Offline Sources,Adhoc,,200617230Z,,,,,,,,,,,,,,,,"B2C, Offline",,,,,,,,,,,,,,,,65 9816 1872,,,,,,,,,,,,,,,Gov List,"ACRA, Google Searches",,
,,16/12/2025,YAKIZEN PTE. LTD.,YAKIZEN JP RESTAURAN,,TeleSales,,Offline Sources,Adhoc,,202029496K,,,,,,,,,,,,,,,,"B2C, Offline",,,,,,,,,,,,,,,,65 9800 0293,jonnycandra@yahoo.com,,,,,,,,,,,,,,Gov List,"ACRA, Google Searches",,
,,16/12/2025,,SIAM COCONUT,,TeleSales,,Offline Sources,Adhoc,,,,,,,,,,,,,,,,,,"B2C, Offline",,,,,,,,,,,,,,,,65 9699 7325,kelvin@siamco.co,,,,,,,,,,,,,,Gov List,"ACRA, Google Searches",,
,,16/12/2025,ORANGE GUM PTE LTD,GUM GANG WON,,TeleSales,,Offline Sources,Adhoc,,200007651N,,,,,,,,,,,,,,,,"B2C, Offline",,,,,,,,,,,,,,,,65 6222 2957,,,,,,,,,,,,,,,Gov List,"ACRA, Google Searches",,
,,16/12/2025,JWB FOOD PTE. LTD.,JWB FOOD LTDNON CHAIN,,TeleSales,,Offline Sources,Adhoc,,201833492K,,,,,,,,,,,,,,,,"B2C, Offline",,,,,,,,,,,,,,,,,,,,,,,,,,,,,,,Gov List,"ACRA, Google Searches",,
,,16/12/2025,,CHOA CHU KANG 216 BBQ CHICKEN WING,,TeleSales,,Offline Sources,Adhoc,,,,,,,,,,,,,,,,,,"B2C, Offline",,,,,,,,,,,,,,,,65 9728 4033,jasminepay@gmail.com,,,,,,,,,,,,,,Gov List,"ACRA, Google Searches",,
,,16/12/2025,2023 PTE. LTD.,2023 SLSC SWEELEE CAFE @ SQUARE UP,,TeleSales,,Offline Sources,Adhoc,,201938234M,,,,,,,,,,,,,,,,"B2C, Offline",,,,,,,,,,,,,,,,65 8220 2606,yeeling.lim@sweelee.com.sg,,,,,,,,,,,,,,Gov List,"ACRA, Google Searches",,
,,16/12/2025,HOME @ 435 PTE. LTD.,HOME @ 435 COLD CALL,,TeleSales,,Offline Sources,Adhoc,,201731952R,,,,,,,,,,,,,,,,"B2C, Offline",,,,,,,,,,,,,,,,65 9694 0740,,,,,,,,,,,,,,,Gov List,"ACRA, Google Searches",,
,,16/12/2025,SAPORI ITALIANI PTE. LTD.,SAPORE ITALIAN RESTAURANT,,TeleSales,,Offline Sources,Adhoc,,201403400E,,,,,,,,,,,,,,,,"B2C, Offline",,,,,,,,,,,,,,,,65 8315 8502,ace-associates@outlook.com,,,,,,,,,,,,,,Gov List,"ACRA, Google Searches",,
,,16/12/2025,MEZBAN BARI RESTAURANT & CATERING PTE. LTD.,BACI BACI RESTAURANT,,TeleSales,,Offline Sources,Adhoc,,201736400Z,,,,,,,,,,,,,,,,"B2C, Offline",,,,,,,,,,,,,,,,65 9751 5441,,,,,,,,,,,,,,,Gov List,"ACRA, Google Searches",,
,,16/12/2025,SHISH MAHAL RESTAURANT & PUB PTE LTD,SHISH MAHAL,,TeleSales,,Offline Sources,Adhoc,,199605988G,,,,,,,,,,,,,,,,"B2C, Offline",,,,,,,,,,,,,,,,65 8306 8341,shishmahalsingapore@gmail.com,,,,,,,,,,,,,,Gov List,"ACRA, Google Searches",,
,,16/12/2025,GRAND PRINCETON LAND PTE. LTD.,GRAND PRINCE,,TeleSales,,Offline Sources,Adhoc,,202426822C,,,,,,,,,,,,,,,,"B2C, Offline",,,,,,,,,,,,,,,,65 0000 0000,urinbolor@grandprince.mn,,,,,,,,,,,,,,Gov List,"ACRA, Google Searches",,
,,16/12/2025,SMITHS FISH & CHIPS (BP) PTE. LTD.,SMITH FISH N CHIPS,,TeleSales,,Offline Sources,Adhoc,,201110522E,,,,,,,,,,,,,,,,"B2C, Offline",,,,,,,,,,,,,,,,65 6737 9313,paul@smithsfishandchips.com,,,,,,,,,,,,,,Gov List,"ACRA, Google Searches",,
,,16/12/2025,,SO GOOD BAKERY COLD KNOCK,,TeleSales,,Offline Sources,Adhoc,,,,,,,,,,,,,,,,,,"B2C, Offline",,,,,,,,,,,,,,,,65 6909 5526,,,,,,,,,,,,,,,Gov List,"ACRA, Google Searches",,
,,16/12/2025,LITTLE VIETNAM,LITTLE VIETNAM RESTAURANT & CAFE,,TeleSales,,Offline Sources,Adhoc,,53099288D,,,,,,,,,,,,,,,,"B2C, Offline",,,,,,,,,,,,,,,,65 6547 8587,,,,,,,,,,,,,,,Gov List,"ACRA, Google Searches",,
,,16/12/2025,FIRST TASTE PTE. LTD.,SEASONAL TASTES,,TeleSales,,Offline Sources,Adhoc,,202331674K,,,,,,,,,,,,,,,,"B2C, Offline",,,,,,,,,,,,,,,,65 6922 6968,,,,,,,,,,,,,,,Gov List,"ACRA, Google Searches",,
,,16/12/2025,,CHOTTO MATTE,,TeleSales,,Offline Sources,Adhoc,,,,,,,,,,,,,,,,,,"B2C, Offline",,,,,,,,,,,,,,,,65 6222 8846,alikeholdings@gmail.com,,,,,,,,,,,,,,Gov List,"ACRA, Google Searches",,
,,16/12/2025,COMME ME DAS PTE. LTD.,COMME ME DAS NOUS UNIVERSE REFERRAL,,TeleSales,,Offline Sources,Adhoc,,202015467Z,,,,,,,,,,,,,,,,"B2C, Offline",,,,,,,,,,,,,,,,65 8200 4132,zaff@commemedas.sg,,,,,,,,,,,,,,Gov List,"ACRA, Google Searches",,
,,16/12/2025,ROBOT CHEF PTE. LTD.,ROBO CHEF FRIED RICE,,TeleSales,,Offline Sources,Adhoc,,202310546G,,,,,,,,,,,,,,,,"B2C, Offline",,,,,,,,,,,,,,,,65 9488 1911,,,,,,,,,,,,,,,Gov List,"ACRA, Google Searches",,
,,16/12/2025,CARRY ON PRIVATE LIMITED,CARRY ON CAFE,,TeleSales,,Offline Sources,Adhoc,,201224192D,,,,,,,,,,,,,,,,"B2C, Offline",,,,,,,,,,,,,,,,65 8499 9931,roystengoh18@gmail.com,,,,,,,,,,,,,,Gov List,"ACRA, Google Searches",,
,,16/12/2025,,GONG CHA,,TeleSales,,Offline Sources,Adhoc,,,,,,,,,,,,,,,,,,"B2C, Offline",,,,,,,,,,,,,,,,65 9234 0257,andy.oh@gong-cha-sg.com,,,,,,,,,,,,,,Gov List,"ACRA, Google Searches",,
,,16/12/2025,ASTREEM CONSULTING PTE. LTD.,ASTREEM,,TeleSales,,Offline Sources,Adhoc,,200512067Z,,,,,,,,,,,,,,,,"B2C, Offline",,,,,,,,,,,,,,,,65 9774 9501,abhishek@astreem.com,,,,,,,,,,,,,,Gov List,"ACRA, Google Searches",,
,,16/12/2025,PADIN TRANSPORTATION SERVICES,PADIN IITALIAN STREATS,,TeleSales,,Offline Sources,Adhoc,,52839174K,,,,,,,,,,,,,,,,"B2C, Offline",,,,,,,,,,,,,,,,65 8509 2131,piadiniitalianstreats@gmail.com,,,,,,,,,,,,,,Gov List,"ACRA, Google Searches",,
,,16/12/2025,OBRO INTERNATIONAL PTE. LTD.,OBRO,,TeleSales,,Offline Sources,Adhoc,,201601199H,,,,,,,,,,,,,,,,"B2C, Offline",,,,,,,,,,,,,,,,65 8138 1309,,,,,,,,,,,,,,,Gov List,"ACRA, Google Searches",,
,,16/12/2025,TIAN TIAN FISHERMAN'S PIER SEAFOOD RESTAURANT PTE. LTD.,TIAN TIAN FISHERMANS PIER,,TeleSales,,Offline Sources,Adhoc,,199500891D,,,,,,,,,,,,,,,,"B2C, Offline",,,,,,,,,,,,,,,,65 6536 8660,forum_v@singnet.com.sg,,,,,,,,,,,,,,Gov List,"ACRA, Google Searches",,
,,16/12/2025,,YU TANG CLAN GUOCO TOWER,,TeleSales,,Offline Sources,Adhoc,,,,,,,,,,,,,,,,,,"B2C, Offline",,,,,,,,,,,,,,,,65 6242 9980,general@yutang-clan.com,,,,,,,,,,,,,,Gov List,"ACRA, Google Searches",,
,,16/12/2025,YAN'S DINING PTE. LTD.,YANS DINING FINE SHANGHAI CUISINE,,TeleSales,,Offline Sources,Adhoc,,201829455M,,,,,,,,,,,,,,,,"B2C, Offline",,,,,,,,,,,,,,,,65 8815 3521,1647186985@qq.com,,,,,,,,,,,,,,Gov List,"ACRA, Google Searches",,
,,16/12/2025,AJUMMA'S PRIVATE LIMITED,AJUMMAS KOREAN RESTAURANT,,TeleSales,,Offline Sources,Adhoc,,201406241G,,,,,,,,,,,,,,,,"B2C, Offline",,,,,,,,,,,,,,,,65 8133 0760,,,,,,,,,,,,,,,Gov List,"ACRA, Google Searches",,
,,16/12/2025,QSR HOLDINGS PTE. LTD.,QSR 2023WOK HEY,,TeleSales,,Offline Sources,Adhoc,,201510884C,,,,,,,,,,,,,,,,"B2C, Offline",,,,,,,,,,,,,,,,65 9144 6336,jake@wokhey.sg,,,,,,,,,,,,,,Gov List,"ACRA, Google Searches",,
,,16/12/2025,CEDELE,CEDELE MAPLETREE BUSINESS CITY,,TeleSales,,Offline Sources,Adhoc,,53032543L,,,,,,,,,,,,,,,,"B2C, Offline",,,,,,,,,,,,,,,,65 9627 8228,cathy@bakdepot.com,,,,65 6922 9706,contactus@cedeledepot.com,,,,,carolwong@bakdepot.com,,,,Gov List,"ACRA, Google Searches",,
,,16/12/2025,,WERNERS OVEN,,TeleSales,,Offline Sources,Adhoc,,,,,,,,,,,,,,,,,,"B2C, Offline",,,,,,,,,,,,,,,,65 6442 3897,admin@wernersoven.com.sg,,,,,,,,,,,,,,Gov List,"ACRA, Google Searches",,
,,16/12/2025,PC HARBOUR,HARBOUR CITY DIMSUM HOUSE,,TeleSales,,Offline Sources,Adhoc,,53034854C,,,,,,,,,,,,,,,,"B2C, Offline",,,,,,,,,,,,,,,,65 7771 1184,,,,,65 7771 1182,,,,,,,,,,Gov List,"ACRA, Google Searches",,
,,16/12/2025,GV FOODS PRIVATE LIMITED,GV FOOD,,TeleSales,,Offline Sources,Adhoc,,202205697R,,,,,,,,,,,,,,,,"B2C, Offline",,,,,,,,,,,,,,,,65 9820 7882,belden.phang@gmail.com,,,,,,,,,,,,,,Gov List,"ACRA, Google Searches",,
,,16/12/2025,,FRAICHE,,TeleSales,,Offline Sources,Adhoc,,,,,,,,,,,,,,,,,,"B2C, Offline",,,,,,,,,,,,,,,,65 9631 0341,liacheong@gmail.com,,,,,,,,,,,,,,Gov List,"ACRA, Google Searches",,
,,16/12/2025,POPULUS INVESTMENT PTE. LTD.,THE POPULUS COFFEE & FOOD,,TeleSales,,Offline Sources,Adhoc,,201723941G,,,,,,,,,,,,,,,,"B2C, Offline",,,,,,,,,,,,,,,,65 6635 8420,hello@thepopuluscafe.com,,,,,2degreesnorthcoffee@gmail.com,,,,,,,,,Gov List,"ACRA, Google Searches",,
,,16/12/2025,SILVER TIGER ASSOCIATES PTE. LTD.,SILVER TIGER,,TeleSales,,Offline Sources,Adhoc,,201025245R,,,,,,,,,,,,,,,,"B2C, Offline",,,,,,,,,,,,,,,,65 8228 8838,sandy.monteiro@silvertiger.asia,,,,,,,,,,,,,,Gov List,"ACRA, Google Searches",,
,,16/12/2025,SG STUDENT CARE,PARK CAFE,,TeleSales,,Offline Sources,Adhoc,,53177809J,,,,,,,,,,,,,,,,"B2C, Offline",,,,,,,,,,,,,,,,65 9644 6645,,,,,,,,,,,,,,,Gov List,"ACRA, Google Searches",,
,,16/12/2025,QSR ASIA PTE. LTD.,QSRPASTA MANIA,,TeleSales,,Offline Sources,Adhoc,,201326985R,,,,,,,,,,,,,,,,"B2C, Offline",,,,,,,,,,,,,,,,65 9688 4840,eric.ang@pastamania.com,,,,,,,,,,,,,,Gov List,"ACRA, Google Searches",,
,,16/12/2025,LERIDA PTE LTD,LE RIDA,,TeleSales,,Offline Sources,Adhoc,,199906924N,,,,,,,,,,,,,,,,"B2C, Offline",,,,,,,,,,,,,,,,65 9134 2395,info@lerida.com.sg,,,,65 6463 4755,,,,,,,,,,Gov List,"ACRA, Google Searches",,
,,16/12/2025,AL AHAMED BRIYANI HOUSE PTE. LTD.,AL AHAMED BIRYANI HOUSE,,TeleSales,,Offline Sources,Adhoc,,200802361K,,,,,,,,,,,,,,,,"B2C, Offline",,,,,,,,,,,,,,,,65 9858 0037,al.ahamedbriyani@gmail.com,,,,,,,,,,,,,,Gov List,"ACRA, Google Searches",,
,,16/12/2025,ATNA.AI PTE. LTD.,ATNAF - AZARIA LULSEGED,,TeleSales,,Offline Sources,Adhoc,,202441023K,,,,,,,,,,,,,,,,"B2C, Offline",,,,,,,,,,,,,,,,65 8968 0295,azarialulseged96@gmail.com,,,,,,,,,,,,,,Gov List,"ACRA, Google Searches",,
,,16/12/2025,LICKERS,LICKERS HOUGANG AND TELOK BLANGAH,,TeleSales,,Offline Sources,Adhoc,,53285958L,,,,,,,,,,,,,,,,"B2C, Offline",,,,,,,,,,,,,,,,65 9099 5265,,,,,,,,,,,,,,,Gov List,"ACRA, Google Searches",,
,,16/12/2025,STBQ PTE. LTD.,STBQ NIKUSTAR,,TeleSales,,Offline Sources,Adhoc,,202402501Z,,,,,,,,,,,,,,,,"B2C, Offline",,,,,,,,,,,,,,,,65 9782 2661,phillip@bzbasia.com,,,,,,,,,,,,,,Gov List,"ACRA, Google Searches",,
,,16/12/2025,OSG CONTAINERS AND MODULAR PTE. LTD.,OSG BAR,,TeleSales,,Offline Sources,Adhoc,,200607657C,,,,,,,,,,,,,,,,"B2C, Offline",,,,,,,,,,,,,,,,65 6903 0329,,,,,,,,,,,,,,,Gov List,"ACRA, Google Searches",,
,,16/12/2025,TRI KING CAR ACCESSORIES,TORI KING,,TeleSales,,Offline Sources,Adhoc,,53214360D,,,,,,,,,,,,,,,,"B2C, Offline",,,,,,,,,,,,,,,,65 6225 2235,torikingtv@gmail.com,,,,,,,,,,,,,,Gov List,"ACRA, Google Searches",,
,,16/12/2025,VEG KITCHEN PTE. LTD.,SUPER KITCHEN,,TeleSales,,Offline Sources,Adhoc,,201538682W,,,,,,,,,,,,,,,,"B2C, Offline",,,,,,,,,,,,,,,,65 6638 7894,raja.superkitchin@gmail.com,,,,,,,,,,,,,,Gov List,"ACRA, Google Searches",,
,,16/12/2025,THE BOILER PTE. LTD.,THE BOILER SEAFOOD BEER & BAR,,TeleSales,,Offline Sources,Adhoc,,201327766H,,,,,,,,,,,,,,,,"B2C, Offline",,,,,,,,,,,,,,,,65 9237 8816,malcolm.hong@theboiler.com.sg,,,,,,,,,,,,,,Gov List,"ACRA, Google Searches",,
,,16/12/2025,,ADDA,,TeleSales,,Offline Sources,Adhoc,,,,,,,,,,,,,,,,,,"B2C, Offline",,,,,,,,,,,,,,,,65 8793 2103,haifa@geniecollective.sg,,,,,,,,,,,,,,Gov List,"ACRA, Google Searches",,
,,16/12/2025,DA PAOLO DEMPSEY PTE. LTD.,DA PAOLO DEMPSEY RESTAURANT & BAR,,TeleSales,,Offline Sources,Adhoc,,200603018H,,,,,,,,,,,,,,,,"B2C, Offline",,,,,,,,,,,,,,,,65 9017 5121,mauro@dapaolo.com.sg,,,,,,,,,,,,,,Gov List,"ACRA, Google Searches",,
,,16/12/2025,JB GARDEN SEAFOOD RESTAURANT,JB GARDEN SEAFOOD RESTAURANT COLD KNOCK,,TeleSales,,Offline Sources,Adhoc,,53182734L,,,,,,,,,,,,,,,,"B2C, Offline",,,,,,,,,,,,,,,,65 9835 7949,,,,,,,,,,,,,,,Gov List,"ACRA, Google Searches",,
,,16/12/2025,AVPVI KATSUSHIKA SG HOLDING PTE. LTD.,KAI SUSHI,,TeleSales,,Offline Sources,Adhoc,,202126986E,,,,,,,,,,,,,,,,"B2C, Offline",,,,,,,,,,,,,,,,65 8185 8093,enquiries@kaisushi.sg,,,,,,,,,,,,,,Gov List,"ACRA, Google Searches",,
,,16/12/2025,ROOTS,ROOTS KITCHEN BAR,,TeleSales,,Offline Sources,Adhoc,,53346400E,,,,,,,,,,,,,,,,"B2C, Offline",,,,,,,,,,,,,,,,65 6291 5679,derek@rootskitchen.bar,,,,,,,,,,,,,,Gov List,"ACRA, Google Searches",,
,,16/12/2025,ORANGE SOCKS PTE. LTD.,SOCKS & PANS,,TeleSales,,Offline Sources,Adhoc,,201403460C,,,,,,,,,,,,,,,,"B2C, Offline",,,,,,,,,,,,,,,,65 9793 9280,socksnpans@gmail.com,,,,,,,,,,,,,,Gov List,"ACRA, Google Searches",,
,,16/12/2025,MY OLD PLACE PTE. LTD.,MY - KAMPACHI 3 OLS,,TeleSales,,Offline Sources,Adhoc,,201903759H,,,,,,,,,,,,,,,,"B2C, Offline",,,,,,,,,,,,,,,,65 2275 7890,mm@hotmail.com,,,,,,,,,,,,,,Gov List,"ACRA, Google Searches",,
,,16/12/2025,ALNO PTE. LTD.,ALNO#PONG,,TeleSales,,Offline Sources,Adhoc,,202518285C,,,,,,,,,,,,,,,,"B2C, Offline",,,,,,,,,,,,,,,,65 6333 0292,thomas@flaslngapore.otg,,,,65 6333 3093,,,,,,,,,,Gov List,"ACRA, Google Searches",,
,,16/12/2025,,GONG CHA,,TeleSales,,Offline Sources,Adhoc,,,,,,,,,,,,,,,,,,"B2C, Offline",,,,,,,,,,,,,,,,65 9660 3085,sujata.quek@gong-cha-sg.com,,,,,,,,,,,,,,Gov List,"ACRA, Google Searches",,
,,16/12/2025,NICOLAS LE RESTAURANT PTE. LTD.,NICHOLAS LE RESTAURANT,,TeleSales,,Offline Sources,Adhoc,,202542712H,,,,,,,,,,,,,,,,"B2C, Offline",,,,,,,,,,,,,,,,65 6224 2404,,,,,,,,,,,,,,,Gov List,"ACRA, Google Searches",,
,,16/12/2025,ABCD TRADING SERVICES PTE. LTD.,ABCD - ASHU SINGH,,TeleSales,,Offline Sources,Adhoc,,201916334W,,,,,,,,,,,,,,,,"B2C, Offline",,,,,,,,,,,,,,,,65 1108 6292,ashu987665@gmail.com,,,,,,,,,,,,,,Gov List,"ACRA, Google Searches",,
,,16/12/2025,PARIS BAGUETTE SINGAPORE PTE. LTD.,PARIS BAGUETTE CAFÉ,,TeleSales,,Offline Sources,Adhoc,,201108952N,,,,,,,,,,,,,,,,"B2C, Offline",,,,,,,,,,,,,,,,65 6734 7765,erictan@spc.co.kr,,,,,,,,,,,,,,Gov List,"ACRA, Google Searches",,
,,16/12/2025,JIMOO PTE. LTD.,JIMOTO YA,,TeleSales,,Offline Sources,Adhoc,,202525465N,,,,,,,,,,,,,,,,"B2C, Offline",,,,,,,,,,,,,,,,65 6223 3397,info@jimotoyasingapore.com,,,,,,,,,,,,,,Gov List,"ACRA, Google Searches",,
,,16/12/2025,,OVEN & FRIED CHICKEN,,TeleSales,,Offline Sources,Adhoc,,,,,,,,,,,,,,,,,,"B2C, Offline",,,,,,,,,,,,,,,,65 6222 5959,chicken@ofcsingapore.com,,,,,bukit_timah@ofcsingapore.com,,,,,,,,,Gov List,"ACRA, Google Searches",,
,,16/12/2025,STANRAY (IRELAND) PTE. LTD.,IRELANDS POTATO,,TeleSales,,Offline Sources,Adhoc,,201816646M,,,,,,,,,,,,,,,,"B2C, Offline",,,,,,,,,,,,,,,,65 9720 0961,alfred@refinge.com,,,,,,,,,,,,,,Gov List,"ACRA, Google Searches",,
,,16/12/2025,KY ANH QUAN VIETNAM CUISINE,KY ANH QUAN,,TeleSales,,Offline Sources,Adhoc,,53465544X,,,,,,,,,,,,,,,,"B2C, Offline",,,,,,,,,,,,,,,,65 6348 1208,,,,,,,,,,,,,,,Gov List,"ACRA, Google Searches",,
,,16/12/2025,,NANAS GREEN TEA,,TeleSales,,Offline Sources,Adhoc,,,,,,,,,,,,,,,,,,"B2C, Offline",,,,,,,,,,,,,,,,65 6684 4312,info@nanasgreentea.com.sg,,,,,,,,,,,,,,Gov List,"ACRA, Google Searches",,
,,16/12/2025,OLD HEN COFFEE,OLD HEN KITCHEN,,TeleSales,,Offline Sources,Adhoc,,53274893W,,,,,,,,,,,,,,,,"B2C, Offline",,,,,,,,,,,,,,,,65 6341 5458,hello@oldhencoffee.com,,,,,,,,,,,,,,Gov List,"ACRA, Google Searches",,
,,16/12/2025,SENS (SINGAPORE) PRIVATE LIMITED,SENS RESTAURANT,,TeleSales,,Offline Sources,Adhoc,,201633563K,,,,,,,,,,,,,,,,"B2C, Offline",,,,,,,,,,,,,,,,65 6262 5618,dine@sensrestaurant.com,,,,,info@sen.com.sg,,,,,,,,,Gov List,"ACRA, Google Searches",,
,,16/12/2025,HAJIME PRIVATE LIMITED,HAJIME TONKATSU AND RAMEN,,TeleSales,,Offline Sources,Adhoc,,201535965Z,,,,,,,,,,,,,,,,"B2C, Offline",,,,,,,,,,,,,,,,65 6509 9952,soonhui@hajime.com.sg,,,,,,,,,,,,,,Gov List,"ACRA, Google Searches",,
,,16/12/2025,SASCO,SASCO - MARIA LEONG,,TeleSales,,Offline Sources,Adhoc,,53400011L,,,,,,,,,,,,,,,,"B2C, Offline",,,,,,,,,,,,,,,,65 3518 3135,marialeong@sasco.org.sg,,,,,,,,,,,,,,Gov List,"ACRA, Google Searches",,
,,16/12/2025,ASIA CUISINE.COM PTE. LTD.,COMO CUISINE,,TeleSales,,Offline Sources,Adhoc,,200602934E,,,,,,,,,,,,,,,,"B2C, Offline",,,,,,,,,,,,,,,,65 8265 0396,giulia.corinto@comodempsey.sg,,,,,,,,,,,,,,Gov List,"ACRA, Google Searches",,
,,16/12/2025,GRACE ESPRESSO,GRACE ESPRESSO REQUIREMENT OF KIOSK,,TeleSales,,Offline Sources,Adhoc,,53426862E,,,,,,,,,,,,,,,,"B2C, Offline",,,,,,,,,,,,,,,,65 9337 1976,,,,,,,,,,,,,,,Gov List,"ACRA, Google Searches",,
,,16/12/2025,YUNNAN ENERGY INTERNATIONAL INVESTMENT (SINGAPORE) PTE. LTD.,YUNNAN ORIGINAL ECOLOGY HOTPOT,,TeleSales,,Offline Sources,Adhoc,,201701265E,,,,,,,,,,,,,,,,"B2C, Offline",,,,,,,,,,,,,,,,65 6635 8243,xjp_wujishi@xcxchg.com,,,,,,,,,,,,,,Gov List,"ACRA, Google Searches",,
,,16/12/2025,ANT MICRO GIANT HOLDING GROUP PTE. LTD.,ANT,,TeleSales,,Offline Sources,Adhoc,,202436632D,,,,,,,,,,,,,,,,"B2C, Offline",,,,,,,,,,,,,,,,65 9876 6760,yukun.shi@antgroup.com,,,,,,,,,,,,,,Gov List,"ACRA, Google Searches",,
,,16/12/2025,CEDELE,CEDELE BAKERY DEPOT,,TeleSales,,Offline Sources,Adhoc,,53032543L,,,,,,,,,,,,,,,,"B2C, Offline",,,,,,,,,,,,,,,,65 9729 4707,wendytan@bakdepot.com,,,,,,,,,,,,,,Gov List,"ACRA, Google Searches",,
,,16/12/2025,190 DEGREES BAKERY,190 DEGREES BAKERY TOA PAYOH,,TeleSales,,Offline Sources,Adhoc,,53322742M,,,,,,,,,,,,,,,,"B2C, Offline",,,,,,,,,,,,,,,,65 9221 8444,190degreesbakery@gmail.com,,,,,,,,,,,,,,Gov List,"ACRA, Google Searches",,
,,16/12/2025,AARYA RESTAURANTS PTE. LTD.,CHENNAI ARYA RESTAURANTS,,TeleSales,,Offline Sources,Adhoc,,200304360N,,,,,,,,,,,,,,,,"B2C, Offline",,,,,,,,,,,,,,,,65 8259 1625,sathyavelavan@gmail.com,,,,,,,,,,,,,,Gov List,"ACRA, Google Searches",,
,,16/12/2025,ABURI @SUNTEC PTE. LTD.,ABURI SUSHI HEISHIRO,,TeleSales,,Offline Sources,Adhoc,,201913810M,,,,,,,,,,,,,,,,"B2C, Offline",,,,,,,,,,,,,,,,65 6369 9489,kobayashi@heishirou.com,,,,,,,,,,,,,,Gov List,"ACRA, Google Searches",,
,,16/12/2025,AI IMPLEMENTATION GROUP PTE. LTD.,IMPLEMENTATION CONFIRMATION QUOTE 675,,TeleSales,,Offline Sources,Adhoc,,202504057M,,,,,,,,,,,,,,,,"B2C, Offline",,,,,,,,,,,,,,,,65 8798 2687,alex.serrano@jollibeesingapore.com,,,,65 9384 6143,,,,,,,,,,Gov List,"ACRA, Google Searches",,
,,16/12/2025,BREWERKZ GROUP PTE. LTD.,BREWERKS EASY & LIGHT,,TeleSales,,Offline Sources,Adhoc,,201621937D,,,,,,,,,,,,,,,,"B2C, Offline",,,,,,,,,,,,,,,,65 9488 9998,kengli@easylight.com.sg,,,,,,,,,,,,,,Gov List,"ACRA, Google Searches",,
,,16/12/2025,THE 1925 HOLDINGS PTE. LTD.,THE 1925 BREWING,,TeleSales,,Offline Sources,Adhoc,,201827958E,,,,,,,,,,,,,,,,"B2C, Offline",,,,,,,,,,,,,,,,65 6909 1425,hello@the1925.com.sg,,,,,,,,,,,,,,Gov List,"ACRA, Google Searches",,
,,16/12/2025,THE MIND CAFE PTE. LTD.,MINDCAFE,,TeleSales,,Offline Sources,Adhoc,,200411651H,,,,,,,,,,,,,,,,"B2C, Offline",,,,,,,,,,,,,,,,65 6334 4426,alvin@themindcafe.com.sg,,,,,,,,,,,,,,Gov List,"ACRA, Google Searches",,
,,16/12/2025,,KAPPOU JAPANESE SUSHI TAPAS BAR,,TeleSales,,Offline Sources,Adhoc,,,,,,,,,,,,,,,,,,"B2C, Offline",,,,,,,,,,,,,,,,65 9170 4583,,,,,,,,,,,,,,,Gov List,"ACRA, Google Searches",,
,,16/12/2025,DONGJI UNIQUE SEAFOOD PTE. LTD.,DOONGJI,,TeleSales,,Offline Sources,Adhoc,,202428675C,,,,,,,,,,,,,,,,"B2C, Offline",,,,,,,,,,,,,,,,65 6345 4264,,,,,,,,,,,,,,,Gov List,"ACRA, Google Searches",,
,,16/12/2025,ROYZ ET VOUS PTE. LTD.,ROYZ ET VOUS COLD KNOCK,,TeleSales,,Offline Sources,Adhoc,,201420558W,,,,,,,,,,,,,,,,"B2C, Offline",,,,,,,,,,,,,,,,65 9781 9343,,,,,,,,,,,,,,,Gov List,"ACRA, Google Searches",,
,,16/12/2025,BISTRO 86,BISTRO 1855,,TeleSales,,Offline Sources,Adhoc,,53281938A,,,,,,,,,,,,,,,,"B2C, Offline",,,,,,,,,,,,,,,,65 9225 3638,hello@fatchap.sg,,,,,,,,,,,,,,Gov List,"ACRA, Google Searches",,
,,16/12/2025,QSR ASIA PTE. LTD.,QSR 2023CHARLTON MEDIA,,TeleSales,,Offline Sources,Adhoc,,201326985R,,,,,,,,,,,,,,,,"B2C, Offline",,,,,,,,,,,,,,,,65 3105 1200,,,,,,,,,,,,,,,Gov List,"ACRA, Google Searches",,
,,16/12/2025,BABA CHEWS BAR AND EATERY,BABA CHEWS,,TeleSales,,Offline Sources,Adhoc,,53337686J,,,,,,,,,,,,,,,,"B2C, Offline",,,,,,,,,,,,,,,,65 8894 3088,mike.luo1@ihg.com,,,,,,,,,,,,,,Gov List,"ACRA, Google Searches",,
,,16/12/2025,,CHAGEE 霸王茶姬FRANCHISEE,,TeleSales,,Offline Sources,Adhoc,,,,,,,,,,,,,,,,,,"B2C, Offline",,,,,,,,,,,,,,,,65 8211 9600,teehongchang@gmail.com,,,,,,,,,,,,,,Gov List,"ACRA, Google Searches",,
,,16/12/2025,TIGER MAMA'S INC PRIVATE LIMITED,TIGERS MILK,,TeleSales,,Offline Sources,Adhoc,,202141792Z,,,,,,,,,,,,,,,,"B2C, Offline",,,,,,,,,,,,,,,,65 6808 2183,enquiries@tigersmilk.sg,,,,,,,,,,,,,,Gov List,"ACRA, Google Searches",,
,,16/12/2025,DELICIOUS SG PTE. LTD.,DELICIUS PASTICCERIA,,TeleSales,,Offline Sources,Adhoc,,201832090N,,,,,,,,,,,,,,,,"B2C, Offline",,,,,,,,,,,,,,,,65 6702 7329,,,,,,,,,,,,,,,Gov List,"ACRA, Google Searches",,
,,16/12/2025,ZENSO THAI & JAPANESE PTE. LTD.,ZENSO THAI,,TeleSales,,Offline Sources,Adhoc,,201322375K,,,,,,,,,,,,,,,,"B2C, Offline",,,,,,,,,,,,,,,,65 6884 9660,info@zenso.sg,,,,,michelle@zenso.sg,,,,,,,,,Gov List,"ACRA, Google Searches",,
,,16/12/2025,CREAM AND CUSTARD,CREAM & CUSTARD COLD KNOCK,,TeleSales,,Offline Sources,Adhoc,,53279663B,,,,,,,,,,,,,,,,"B2C, Offline",,,,,,,,,,,,,,,,65 8731 8908,,,,,,,,,,,,,,,Gov List,"ACRA, Google Searches",,
,,16/12/2025,ALAKAI ADVISORY PTE. LTD.,ALAKAI,,TeleSales,,Offline Sources,Adhoc,,202243062R,,,,,,,,,,,,,,,,"B2C, Offline",,,,,,,,,,,,,,,,65 6094 4957,,,,,,,,,,,,,,,Gov List,"ACRA, Google Searches",,
,,16/12/2025,,APOLO BISTRO,,TeleSales,,Offline Sources,Adhoc,,,,,,,,,,,,,,,,,,"B2C, Offline",,,,,,,,,,,,,,,,65 9786 6646,ceo@bananaleafapolo.com,,,,,,,,,,,,,,Gov List,"ACRA, Google Searches",,
,,16/12/2025,,SERIOUSLY KETO,,TeleSales,,Offline Sources,Adhoc,,,,,,,,,,,,,,,,,,"B2C, Offline",,,,,,,,,,,,,,,,65 9838 4047,info@seriouslyketo.com,,,,,kueh@seriouslyketo.com,,,,,,,,,Gov List,"ACRA, Google Searches",,
,,16/12/2025,,FAT CHAP,,TeleSales,,Offline Sources,Adhoc,,,,,,,,,,,,,,,,,,"B2C, Offline",,,,,,,,,,,,,,,,65 6836 5994,,,,,,,,,,,,,,,Gov List,"ACRA, Google Searches",,
,,16/12/2025,,DARUMA RAMEN HOUSE,,TeleSales,,Offline Sources,Adhoc,,,,,,,,,,,,,,,,,,"B2C, Offline",,,,,,,,,,,,,,,,65 9181 8231,joel.chia@finexis.com.sg,,,,,,,,,,,,,,Gov List,"ACRA, Google Searches",,
,,16/12/2025,VATOS URBAN MIX PTE. LTD.,VATOS URBAN TACOS,,TeleSales,,Offline Sources,Adhoc,,201927200R,,,,,,,,,,,,,,,,"B2C, Offline",,,,,,,,,,,,,,,,65 8263 6977,info@vatossg.com,,,,65 6385 6010,,,,,,,,,,Gov List,"ACRA, Google Searches",,
,,16/12/2025,NIQQI'S THE CHEESE PRATA SHOP,NIQQIS THE CHEESEPRATA,,TeleSales,,Offline Sources,Adhoc,,52936878A,,,,,,,,,,,,,,,,"B2C, Offline",,,,,,,,,,,,,,,,65 9692 9441,,,,,,,,,,,,,,,Gov List,"ACRA, Google Searches",,
,,16/12/2025,HEY DINGDONG PTE. LTD.,HEY LONG CHA,,TeleSales,,Offline Sources,Adhoc,,201728228W,,,,,,,,,,,,,,,,"B2C, Offline",,,,,,,,,,,,,,,,65 9688 4079,,,,,,,,,,,,,,,Gov List,"ACRA, Google Searches",,
,,16/12/2025,THUS COFFEE PTE. LTD.,THUS COFFEE COLD CALL,,TeleSales,,Offline Sources,Adhoc,,201700115K,,,,,,,,,,,,,,,,"B2C, Offline",,,,,,,,,,,,,,,,65 8171 9983,,,,,,,,,,,,,,,Gov List,"ACRA, Google Searches",,
,,16/12/2025,GOOD CHANCE POPIAH EATING HOUSE,GOOD CHANCE POPIAH,,TeleSales,,Offline Sources,Adhoc,,53041373J,,,,,,,,,,,,,,,,"B2C, Offline",,,,,,,,,,,,,,,,65 6271 0698,cai_yongxing@yahoo.com.sg,,,,,,,,,,,,,,Gov List,"ACRA, Google Searches",,
,,16/12/2025,RASA ISTIMEWA RESTAURANT @ SAFRA JURONG PTE. LTD.,RASA ISTIMEWA RESTAURANT @ SAFRA JURONG4 OUTLETS,,TeleSales,,Offline Sources,Adhoc,,201818926D,,,,,,,,,,,,,,,,"B2C, Offline",,,,,,,,,,,,,,,,65 6877 9339,rasaistimewajurong@gmail.com,,,,,,,,,,,,,,Gov List,"ACRA, Google Searches",,
,,16/12/2025,SEA CUISINE PTE. LTD.,SEA CUISINE PAY LATER- EPOINT,,TeleSales,,Offline Sources,Adhoc,,200604069Z,,,,,,,,,,,,,,,,"B2C, Offline",,,,,,,,,,,,,,,,65 9654 6389,kenny@seacuisine.com.sg,,,,,,,,,,,,,,Gov List,"ACRA, Google Searches",,
,,16/12/2025,THE SG WINERY PTE. LTD.,THE WINERY TAPAS BAR,,TeleSales,,Offline Sources,Adhoc,,202311450R,,,,,,,,,,,,,,,,"B2C, Offline",,,,,,,,,,,,,,,,65 9321 5554,michael@thewinery.com.sg,,,,,,,,,,,,,,Gov List,"ACRA, Google Searches",,
,,16/12/2025,I-CHIRASHI PTE. LTD.,CHRIRASHI AI LEAD,,TeleSales,,Offline Sources,Adhoc,,202100932D,,,,,,,,,,,,,,,,"B2C, Offline",,,,,,,,,,,,,,,,65 8292 2422,,,,,,,,,,,,,,,Gov List,"ACRA, Google Searches",,
,,16/12/2025,BT PTE. LTD.,BT BRANDS,,TeleSales,,Offline Sources,Adhoc,,201903462C,,,,,,,,,,,,,,,,"B2C, Offline",,,,,,,,,,,,,,,,65 7537 3333,marcus@btbrands.com.my,,,,,,,,,,,,,,Gov List,"ACRA, Google Searches",,
,,16/12/2025,THE NAIL PRIME,THE PRIME SOCIETY,,TeleSales,,Offline Sources,Adhoc,,53413815B,,,,,,,,,,,,,,,,"B2C, Offline",,,,,,,,,,,,,,,,65 6474 7427,arielle@portico.sg,,,,,,,,,,,,,,Gov List,"ACRA, Google Searches",,
,,16/12/2025,NUDE SEAFOOD (WATER) PTE. LTD.,NUDE SEAFOOD AT MARINA ONE,,TeleSales,,Offline Sources,Adhoc,,202331923Z,,,,,,,,,,,,,,,,"B2C, Offline",,,,,,,,,,,,,,,,65 9646 0384,junchen@flocgroup.com,,,,,,,,,,,,,,Gov List,"ACRA, Google Searches",,
,,16/12/2025,MY OPPA,OPPA CHICKEN,,TeleSales,,Offline Sources,Adhoc,,53507471M,,,,,,,,,,,,,,,,"B2C, Offline",,,,,,,,,,,,,,,,65 6221 5217,oppachicken@outlook.com,,,,,,,,,,,,,,Gov List,"ACRA, Google Searches",,
,,16/12/2025,,GONG CHA,,TeleSales,,Offline Sources,Adhoc,,,,,,,,,,,,,,,,,,"B2C, Offline",,,,,,,,,,,,,,,,65 9832 8421,junyi@gong-cha-sg.com,,,,,,,,,,,,,,Gov List,"ACRA, Google Searches",,
,,16/12/2025,OUE RESTAURANTS PTE. LTD.,OUE RESTAURANTS - SMARTPAY + SMARTTERMINAL,,TeleSales,,Offline Sources,Adhoc,,201202027E,,,,,,,,,,,,,,,,"B2C, Offline",,,,,,,,,,,,,,,,65 9644 8526,wensheng.seah@ouerestaurants.com,,,,,,,,,,,,,,Gov List,"ACRA, Google Searches",,
,,16/12/2025,,OLA COCINA DEL MAR,,TeleSales,,Offline Sources,Adhoc,,,,,,,,,,,,,,,,,,"B2C, Offline",,,,,,,,,,,,,,,,65 6604 7050,ola@ola.kitchen,,,,,,,,,,,,,,Gov List,"ACRA, Google Searches",,
,,16/12/2025,3 MINS COFFEE SINGAPORE,3 MINS COFFEE - +65 8666 0320,,TeleSales,,Offline Sources,Adhoc,,53459250C,,,,,,,,,,,,,,,,"B2C, Offline",,,,,,,,,,,,,,,,65 8666 0320,ywlsharlene@gmail.com,,,,,,,,,,,,,,Gov List,"ACRA, Google Searches",,
,,16/12/2025,ALCHEMY BISTRO PTE. LTD.,ALCHEMY BISTRO @ -- MARKET RESEARCH 2022,,TeleSales,,Offline Sources,Adhoc,,201006597E,,,,,,,,,,,,,,,,"B2C, Offline",,,,,,,,,,,,,,,,65 8333 2444,,,,,,,,,,,,,,,Gov List,"ACRA, Google Searches",,
,,16/12/2025,TIAN BAO PTE. LTD.,TIAN BAO SZECHUAN KITCHEN,,TeleSales,,Offline Sources,Adhoc,,201627004Z,,,,,,,,,,,,,,,,"B2C, Offline",,,,,,,,,,,,,,,,65 6734 4216,,,,,65 6266 5688,,,,,,,,,,Gov List,"ACRA, Google Searches",,
,,16/12/2025,INDOCHILI CATERING & SUPPLY PTE. LTD.,INDOCHILI,,TeleSales,,Offline Sources,Adhoc,,201218309C,,,,,,,,,,,,,,,,"B2C, Offline",,,,,,,,,,,,,,,,65 6445 1766,james@indochili.com,,,,,,,,,,,,,,Gov List,"ACRA, Google Searches",,
,,16/12/2025,THOSE DAYS PTE. LTD.,THOSE DAYS YONG TAU FOO,,TeleSales,,Offline Sources,Adhoc,,201917187C,,,,,,,,,,,,,,,,"B2C, Offline",,,,,,,,,,,,,,,,65 8571 2565,,,,,,,,,,,,,,,Gov List,"ACRA, Google Searches",,
,,16/12/2025,PIEDRA NEGRA PTE. LTD.,PEDRA NEGRA,,TeleSales,,Offline Sources,Adhoc,,200921077H,,,,,,,,,,,,,,,,"B2C, Offline",,,,,,,,,,,,,,,,65 6291 1748,aileen@blujaz.net,,,,,,,,,,,,,,Gov List,"ACRA, Google Searches",,
,,16/12/2025,ASTONS BRO PTE. LIMITED,ASTONS,,TeleSales,,Offline Sources,Adhoc,,201831431K,,,,,,,,,,,,,,,,"B2C, Offline",,,,,,,,,,,,,,,,65 9638 8488,heinz_iten@astons.com.sg,,,,,,,,,,,,,,Gov List,"ACRA, Google Searches",,
,,16/12/2025,THE SUCRE PEOPLE PTE. LTD.,THE SUCRE PEOPLE NON CHAIN,,TeleSales,,Offline Sources,Adhoc,,201425215M,,,,,,,,,,,,,,,,"B2C, Offline",,,,,,,,,,,,,,,,65 6221 3969,enquiries@madaboutsucre.com,,,,,,,,,,,,,,Gov List,"ACRA, Google Searches",,
,,16/12/2025,MULTI FOOD SUPPLY,MULTIFOOD SUPPLY,,TeleSales,,Offline Sources,Adhoc,,53309760J,,,,,,,,,,,,,,,,"B2C, Offline",,,,,,,,,,,,,,,,65 9061 5461,op.multifood@gmail.com,,,,,,,,,,,,,,Gov List,"ACRA, Google Searches",,
,,16/12/2025,DA CHANG JIN KOREAN HOT STONE BBQ PTE. LTD.,8 KOREAN BBQ,,TeleSales,,Offline Sources,Adhoc,,200603317C,,,,,,,,,,,,,,,,"B2C, Offline",,,,,,,,,,,,,,,,65 9299 5391,admin@8stepsholding.com,,,,65 8692 1188,questions@8koreanbbq.com,,,,65 8692 1188,,,,,Gov List,"ACRA, Google Searches",,
,,16/12/2025,TAKAGI RAMEN PTE. LTD.,TAKAGT RAMEN,,TeleSales,,Offline Sources,Adhoc,,201525868Z,,,,,,,,,,,,,,,,"B2C, Offline",,,,,,,,,,,,,,,,65 8344 4717,,,,,,,,,,,,,,,Gov List,"ACRA, Google Searches",,
,,16/12/2025,SOPRA GINZA PTE. LTD.,SOPRA CUCINA & BAR,,TeleSales,,Offline Sources,Adhoc,,201214618C,,,,,,,,,,,,,,,,"B2C, Offline",,,,,,,,,,,,,,,,65 6737 3253,,,,,,,,,,,,,,,Gov List,"ACRA, Google Searches",,
,,16/12/2025,STAR,STAR CINNAMON,,TeleSales,,Offline Sources,Adhoc,,53340457J,,,,,,,,,,,,,,,,"B2C, Offline",,,,,,,,,,,,,,,,65 9100 3803,ongchin@singnet.com.sg,,,,,,,,,,,,,,Gov List,"ACRA, Google Searches",,
,,16/12/2025,REFUEL CAFE & EATERY PTE. LTD.,REFUEL CAFE,,TeleSales,,Offline Sources,Adhoc,,201415888D,,,,,,,,,,,,,,,,"B2C, Offline",,,,,,,,,,,,,,,,65 6448 0015,,,,,,,,,,,,,,,Gov List,"ACRA, Google Searches",,
,,16/12/2025,WESTERN EMPIRE 80,WESTERN EMPIRE 80 @ MARINE PARADE CENTRAL,,TeleSales,,Offline Sources,Adhoc,,53407197W,,,,,,,,,,,,,,,,"B2C, Offline",,,,,,,,,,,,,,,,65 8698 2568,grillmasterjaguar24@gmail.com,,,,,,,,,,,,,,Gov List,"ACRA, Google Searches",,
,,16/12/2025,MORETIN PTE. LTD.,MORETTINO CAFE - AMOL DAVE,,TeleSales,,Offline Sources,Adhoc,,200204636C,,,,,,,,,,,,,,,,"B2C, Offline",,,,,,,,,,,,,,,,65 9388 5404,hello@morettinocafe.com,,,,,,,,,,,,,,Gov List,"ACRA, Google Searches",,
,,16/12/2025,TASVEE RESTAURANT,TASVEE RESTAURANT - WA ISH ADDRESS +65 8130 7135 454 GEYLANG RD 389413,,TeleSales,,Offline Sources,Adhoc,,51580000K,,,,,,,,,,,,,,,,"B2C, Offline",,,,,,,,,,,,,,,,65 8130 7135,,,,,,,,,,,,,,,Gov List,"ACRA, Google Searches",,
,,16/12/2025,,A LITTLE CAKESHOPPE,,TeleSales,,Offline Sources,Adhoc,,,,,,,,,,,,,,,,,,"B2C, Offline",,,,,,,,,,,,,,,,65 9687 9122,info@alittlecakeshoppe.com,,,,,,,,,,,,,,Gov List,"ACRA, Google Searches",,
,,16/12/2025,TAM JAI (SINGAPORE) PTE. LTD.,TAMJAI,,TeleSales,,Offline Sources,Adhoc,,201939689E,,,,,,,,,,,,,,,,"B2C, Offline",,,,,,,,,,,,,,,,65 8333 4978,parmodverma843@gmail.com,,,,,,,,,,,,,,Gov List,"ACRA, Google Searches",,
,,16/12/2025,ERWIN PTE. LTD.,ERWINS GASTROBAR ST,,TeleSales,,Offline Sources,Adhoc,,201218351W,,,,,,,,,,,,,,,,"B2C, Offline",,,,,,,,,,,,,,,,65 6634 8715,raymond.ho@erwins.com.sg,,,,65 6634 8715,enquiries@erwins.com.sg,,,,65 9777 8071,clawrence@ponte-group.com,,,,Gov List,"ACRA, Google Searches",,
,,16/12/2025,,NINJA BOWL,,TeleSales,,Offline Sources,Adhoc,,,,,,,,,,,,,,,,,,"B2C, Offline",,,,,,,,,,,,,,,,65 6222 8055,,,,,,,,,,,,,,,Gov List,"ACRA, Google Searches",,
,,16/12/2025,ELSIE'S KITCHEN CATERING SERVICES PTE. LTD.,ELSIES CATERING,,TeleSales,,Offline Sources,Adhoc,,201319317M,,,,,,,,,,,,,,,,"B2C, Offline",,,,,,,,,,,,,,,,65 9430 3230,sales@elsiekitchen.com.sg,,,,,,,,,,,,,,Gov List,"ACRA, Google Searches",,
,,16/12/2025,WESTERN MAHUA PTE. LTD.,WESTERN MA HUA LA MIAN,,TeleSales,,Offline Sources,Adhoc,,201732998H,,,,,,,,,,,,,,,,"B2C, Offline",,,,,,,,,,,,,,,,65 1142 0043,13811420129@163.com,,,,,,,,,,,,,,Gov List,"ACRA, Google Searches",,
,,16/12/2025,,MR MOOKATA @ - ISH,,TeleSales,,Offline Sources,Adhoc,,,,,,,,,,,,,,,,,,"B2C, Offline",,,,,,,,,,,,,,,,65 8282 4097,,,,,,,,,,,,,,,Gov List,"ACRA, Google Searches",,
,,16/12/2025,IZAKAYA NIJUMARU RESTAURANT,IZAKAYA NIJIMARU,,TeleSales,,Offline Sources,Adhoc,,37613900E,,,,,,,,,,,,,,,,"B2C, Offline",,,,,,,,,,,,,,,,65 6235 6693,,,,,,,,,,,,,,,Gov List,"ACRA, Google Searches",,
,,16/12/2025,SHAN DONG CAI GUAN PTE. LTD.,SHAN DONG CAI GUAN SMARTTERMINAL,,TeleSales,,Offline Sources,Adhoc,,201843301H,,,,,,,,,,,,,,,,"B2C, Offline",,,,,,,,,,,,,,,,65 8500 0538,zhaobo@gmail.com,,,,,,,,,,,,,,Gov List,"ACRA, Google Searches",,
,,16/12/2025,O BAR PTE. LTD.,OBAR BY HJ BISTRO,,TeleSales,,Offline Sources,Adhoc,,201400025W,,,,,,,,,,,,,,,,"B2C, Offline",,,,,,,,,,,,,,,,65 9150 8771,general.obar@gmail.com,,,,,,,,,,,,,,Gov List,"ACRA, Google Searches",,
,,16/12/2025,FIRST STREET PTE. LTD.,STANADALONE CAFE,,TeleSales,,Offline Sources,Adhoc,,202028071R,,,,,,,,,,,,,,,,"B2C, Offline",,,,,,,,,,,,,,,,65 8100 0772,,,,,,,,,,,,,,,Gov List,"ACRA, Google Searches",,
,,16/12/2025,CHINA WHAMPOA HOME MADE NOODLE,CHINA WHAMPOA HANDMADE NOODLES,,TeleSales,,Offline Sources,Adhoc,,53102955K,,,,,,,,,,,,,,,,"B2C, Offline",,,,,,,,,,,,,,,,65 9625 6692,namwahfoods@gmail.com,,,,,,,,,,,,,,Gov List,"ACRA, Google Searches",,
,,16/12/2025,,HYDRO POWTECH,,TeleSales,,Offline Sources,Adhoc,,,,,,,,,,,,,,,,,,"B2C, Offline",,,,,,,,,,,,,,,,65 8938 0005,alberttian@hydropowtech.com.sg,,,,,,,,,,,,,,Gov List,"ACRA, Google Searches",,
,,16/12/2025,NUEVO ASIA CAPITAL PTE. LIMITED,NUEVO CAFE,,TeleSales,,Offline Sources,Adhoc,,201108331K,,,,,,,,,,,,,,,,"B2C, Offline",,,,,,,,,,,,,,,,65 9669 0699,,,,,,,,,,,,,,,Gov List,"ACRA, Google Searches",,
,,16/12/2025,KOI CAFE GROUP (S) PTE. LTD.,KOI CAFÉ,,TeleSales,,Offline Sources,Adhoc,,200700494Z,,,,,,,,,,,,,,,,"B2C, Offline",,,,,,,,,,,,,,,,65 8444 5154,stevenshaan@koicoms.com,,,,,,,,,,,,,,Gov List,"ACRA, Google Searches",,
,,16/12/2025,,MIND - NIRUPAM SAHAY,,TeleSales,,Offline Sources,Adhoc,,,,,,,,,,,,,,,,,,"B2C, Offline",,,,,,,,,,,,,,,,65 6827 1475,nirupamsahay@hotmail.com,,,,,,,,,,,,,,Gov List,"ACRA, Google Searches",,
,,16/12/2025,JEW KIT @ KILLINEY PTE. LTD.,JEW KIT RESTAURANT @ KILLINEY,,TeleSales,,Offline Sources,Adhoc,,201411116E,,,,,,,,,,,,,,,,"B2C, Offline",,,,,,,,,,,,,,,,65 9384 7213,florence@jewkit.com.sg,,,,,,,,,,,,,,Gov List,"ACRA, Google Searches",,
,,16/12/2025,TORA HACHI,TORA HACHI JAPANESE GRILL & RESTAURANT,,TeleSales,,Offline Sources,Adhoc,,53458679A,,,,,,,,,,,,,,,,"B2C, Offline",,,,,,,,,,,,,,,,65 9067 3489,ikushiya@gmail.com,,,,,,,,,,,,,,Gov List,"ACRA, Google Searches",,
,,16/12/2025,MISS LOI PTE. LTD.,MISS LOK,,TeleSales,,Offline Sources,Adhoc,,201500961Z,,,,,,,,,,,,,,,,"B2C, Offline",,,,,,,,,,,,,,,,65 6604 8814,,,,,,,,,,,,,,,Gov List,"ACRA, Google Searches",,
,,16/12/2025,BIG SISTER BRAND,BIG BRAND SATAY BAR,,TeleSales,,Offline Sources,Adhoc,,53461779D,,,,,,,,,,,,,,,,"B2C, Offline",,,,,,,,,,,,,,,,65 8613 3133,hi@bigbrand.sg,,,,,,,,,,,,,,Gov List,"ACRA, Google Searches",,
,,16/12/2025,THE GENTLEBROS PTE. LTD.,GENTLE BROS,,TeleSales,,Offline Sources,Adhoc,,201529202R,,,,,,,,,,,,,,,,"B2C, Offline",,,,,,,,,,,,,,,,65 6221 8695,chill@gentlebroscafe.com,,,,,,,,,,,,,,Gov List,"ACRA, Google Searches",,
,,16/12/2025,,WRS,,TeleSales,,Offline Sources,Adhoc,,,,,,,,,,,,,,,,,,"B2C, Offline",,,,,,,,,,,,,,,,65 6277 7250,tiongleng.tan@sg.panasonic.com,,,,,,,,,,,,,,Gov List,"ACRA, Google Searches",,
,,16/12/2025,PRASAN PTE. LTD.,PARASAN,,TeleSales,,Offline Sources,Adhoc,,200611021K,,,,,,,,,,,,,,,,"B2C, Offline",,,,,,,,,,,,,,,,65 4190 0000,praveen.phhs@gmail.com,,,,,,,,,,,,,,Gov List,"ACRA, Google Searches",,
,,16/12/2025,,DEHESA,,TeleSales,,Offline Sources,Adhoc,,,,,,,,,,,,,,,,,,"B2C, Offline",,,,,,,,,,,,,,,,65 6221 7790,reservations@dehesa.com.sg,,,,,,,,,,,,,,Gov List,"ACRA, Google Searches",,
,,16/12/2025,NOMURA DESIGN & ENGINEERING SINGAPORE PTE. LTD.,NOMURA DESIGN & ENGRG - CRISTABEL CHANG,,TeleSales,,Offline Sources,Adhoc,,200821283D,,,,,,,,,,,,,,,,"B2C, Offline",,,,,,,,,,,,,,,,65 9646 6687,cristabel.chang@nomuradesign.sg,,,,,,,,,,,,,,Gov List,"ACRA, Google Searches",,
,,16/12/2025,FLOWER CITY LOUNGE PTE. LTD.,FLOWER LOUNGE RESTAURANT,,TeleSales,,Offline Sources,Adhoc,,201507700W,,,,,,,,,,,,,,,,"B2C, Offline",,,,,,,,,,,,,,,,65 9877 6066,dengh2111@gmail.com,,,,,,,,,,,,,,Gov List,"ACRA, Google Searches",,
,,16/12/2025,EAT AT MY KITCHEN,MY KITCHEN AT TANJONG KATONG,,TeleSales,,Offline Sources,Adhoc,,53403093M,,,,,,,,,,,,,,,,"B2C, Offline",,,,,,,,,,,,,,,,65 8247 2729,,,,,,,,,,,,,,,Gov List,"ACRA, Google Searches",,
,,16/12/2025,HALIM RESTAURANT,HALIA RESTAURANT,,TeleSales,,Offline Sources,Adhoc,,53466716C,,,,,,,,,,,,,,,,"B2C, Offline",,,,,,,,,,,,,,,,65 6287 0711,gavinchen@thehalia.com,,,,,,,,,,,,,,Gov List,"ACRA, Google Searches",,
,,16/12/2025,CAFE PAL PTE. LTD.,CAFE PAL MODERN THAI,,TeleSales,,Offline Sources,Adhoc,,201105610H,,,,,,,,,,,,,,,,"B2C, Offline",,,,,,,,,,,,,,,,65 6333 5400,victor@cafepal.com.sg,,,,,,,,,,,,,,Gov List,"ACRA, Google Searches",,
,,16/12/2025,HELLO CONCEPTS PTE. LTD.,HELLO CONCEPTS @ -- MARKET RESEARCH 2022,,TeleSales,,Offline Sources,Adhoc,,202136922D,,,,,,,,,,,,,,,,"B2C, Offline",,,,,,,,,,,,,,,,65 9061 6454,colin@hellocollectivegroup.com,,,,,,,,,,,,,,Gov List,"ACRA, Google Searches",,
,,16/12/2025,SHIJI (SINGAPORE) PTE. LTD.,SHIJI POS PARTNER,,TeleSales,,Offline Sources,Adhoc,,201625078Z,,,,,,,,,,,,,,,,"B2C, Offline",,,,,,,,,,,,,,,,65 9618 2012,roger.huang@shijigroup.com,,,,,,,,,,,,,,Gov List,"ACRA, Google Searches",,
,,16/12/2025,EN GROUP PTE. LTD.,EN - SW+SC+CRM,,TeleSales,,Offline Sources,Adhoc,,200406512W,,,,,,,,,,,,,,,,"B2C, Offline",,,,,,,,,,,,,,,,65 9117 4293,jamie@endiningbars.com,,,,,,,,,,,,,,Gov List,"ACRA, Google Searches",,
,,16/12/2025,GIN KHAO PTE. LTD.,GIN KHAO - KIOSK - 97267198,,TeleSales,,Offline Sources,Adhoc,,201908673R,,,,,,,,,,,,,,,,"B2C, Offline",,,,,,,,,,,,,,,,65 9726 7198,royston@micro2000.com.sg,,,,,,,,,,,,,,Gov List,"ACRA, Google Searches",,
,,16/12/2025,ARCADE BAR PTE. LTD.,CUSCADEN BAR MING ARCADE,,TeleSales,,Offline Sources,Adhoc,,201332252R,,,,,,,,,,,,,,,,"B2C, Offline",,,,,,,,,,,,,,,,65 6725 3377,manhattan.rsn@fourseasons.com,,,,,,,,,,,,,,Gov List,"ACRA, Google Searches",,
,,16/12/2025,TWG TEA COMPANY PTE. LTD.,TWG TEA,,TeleSales,,Offline Sources,Adhoc,,200108022Z,,,,,,,,,,,,,,,,"B2C, Offline",,,,,,,,,,,,,,,,65 6383 1837,,,,,,,,,,,,,,,Gov List,"ACRA, Google Searches",,
,,16/12/2025,,JIA HE XING DUMPLING,,TeleSales,,Offline Sources,Adhoc,,,,,,,,,,,,,,,,,,"B2C, Offline",,,,,,,,,,,,,,,,65 6970 7663,jiahexing.sg@gmail.com,,,,65 8655 7158,,,,,,,,,,Gov List,"ACRA, Google Searches",,
,,16/12/2025,THE SG WINERY PTE. LTD.,THE WINERY TAPAS BAR,,TeleSales,,Offline Sources,Adhoc,,202311450R,,,,,,,,,,,,,,,,"B2C, Offline",,,,,,,,,,,,,,,,65 8262 3365,ailing@thewinery.com.sg,,,,,,,,,,,,,,Gov List,"ACRA, Google Searches",,
,,16/12/2025,KUCINA ITALIAN CATERING PTE. LTD.,KUCINA ITALIAN RESTAURANT SMARTWEB,,TeleSales,,Offline Sources,Adhoc,,201735794E,,,,,,,,,,,,,,,,"B2C, Offline",,,,,,,,,,,,,,,,65 6493 2154,gero@kucinaitalian.com,,,,,,,,,,,,,,Gov List,"ACRA, Google Searches",,
,,16/12/2025,GOSSIP BAR PTE. LTD.,CLUB GOSSIP,,TeleSales,,Offline Sources,Adhoc,,202241110M,,,,,,,,,,,,,,,,"B2C, Offline",,,,,,,,,,,,,,,,65 9681 1052,clubgossipsg@gmail.com,,,,,,,,,,,,,,Gov List,"ACRA, Google Searches",,
,,16/12/2025,TIMBRE + PTE. LTD.,TIMBRE+ ART HOUSE SW,,TeleSales,,Offline Sources,Adhoc,,201503639N,,,,,,,,,,,,,,,,"B2C, Offline",,,,,,,,,,,,,,,,65 6338 8277,pauline.low@timbregroup.asia,,,,,,,,,,,,,,Gov List,"ACRA, Google Searches",,
,,16/12/2025,TENGALA ENTERPRISE PTE. LTD.,TENGAWA WHITE CURRY,,TeleSales,,Offline Sources,Adhoc,,201223242W,,,,,,,,,,,,,,,,"B2C, Offline",,,,,,,,,,,,,,,,65 9823 6393,bob_1113@hotmail.com,,,,,,,,,,,,,,Gov List,"ACRA, Google Searches",,
,,16/12/2025,SERGIO LUSSO,SERGIOS CAKE SHOP,,TeleSales,,Offline Sources,Adhoc,,53486246B,,,,,,,,,,,,,,,,"B2C, Offline",,,,,,,,,,,,,,,,65 9758 8777,aarontan@hotmail.com,,,,,,,,,,,,,,Gov List,"ACRA, Google Searches",,
,,16/12/2025,PAPRIKA & CUMIN PTE. LTD.,PAPRIKA & CUMMINS,,TeleSales,,Offline Sources,Adhoc,,201329126D,,,,,,,,,,,,,,,,"B2C, Offline",,,,,,,,,,,,,,,,65 9003 3106,floyd@pnc.sg,,,,,,,,,,,,,,Gov List,"ACRA, Google Searches",,
,,16/12/2025,SAUTE PTE. LTD.,SAUTE SAN @ CITY SQUARE MALL,,TeleSales,,Offline Sources,Adhoc,,201543404E,,,,,,,,,,,,,,,,"B2C, Offline",,,,,,,,,,,,,,,,65 9007 5507,saute.sales@gmail.com,,,,,,,,,,,,,,Gov List,"ACRA, Google Searches",,
,,16/12/2025,7TH MILE COFFEE PTE. LTD.,7TH MILE SEAFOOD,,TeleSales,,Offline Sources,Adhoc,,200907018E,,,,,,,,,,,,,,,,"B2C, Offline",,,,,,,,,,,,,,,,65 6466 0833,info@7thmilecoffeeshop.com.sg,,,,,,,,,,,,,,Gov List,"ACRA, Google Searches",,
,,16/12/2025,KOMA PTE. LTD.,KOMA INFOGENESIS,,TeleSales,,Offline Sources,Adhoc,,201543525R,,,,,,,,,,,,,,,,"B2C, Offline",,,,,,,,,,,,,,,,65 9105 0392,mehmet.turkmen@marinabaysands.com,,,,,,,,,,,,,,Gov List,"ACRA, Google Searches",,
,,16/12/2025,LAGNAA,LAGNAABARE FOOT DINING,,TeleSales,,Offline Sources,Adhoc,,53035184J,,,,,,,,,,,,,,,,"B2C, Offline",,,,,,,,,,,,,,,,65 6296 1215,barefootdining@lagnaa.com,,,,,kristabel.quek@gmail.com,,,,,,,,,Gov List,"ACRA, Google Searches",,
,,16/12/2025,KI KI KA KA SHOP,KI-SHO,,TeleSales,,Offline Sources,Adhoc,,53203569X,,,,,,,,,,,,,,,,"B2C, Offline",,,,,,,,,,,,,,,,65 6733 5251,chen@ki-sho.com.sg,,,,,,,,,,,,,,Gov List,"ACRA, Google Searches",,
,,16/12/2025,HAINAN CHICKEN RICE SG PTE. LTD.,HAINAN SECOND STREET 2 OUTLETS,,TeleSales,,Offline Sources,Adhoc,,202446373Z,,,,,,,,,,,,,,,,"B2C, Offline",,,,,,,,,,,,,,,,65 9773 6311,jerry@redginger.com.sg,,,,,,,,,,,,,,Gov List,"ACRA, Google Searches",,
,,16/12/2025,ROLLIE,ROLLIE OLIE,,TeleSales,,Offline Sources,Adhoc,,53453554B,,,,,,,,,,,,,,,,"B2C, Offline",,,,,,,,,,,,,,,,65 8188 1520,,,,,,,,,,,,,,,Gov List,"ACRA, Google Searches",,
,,16/12/2025,JUST THE PLACE,JUST THE PLACE BISTRO,,TeleSales,,Offline Sources,Adhoc,,52801542K,,,,,,,,,,,,,,,,"B2C, Offline",,,,,,,,,,,,,,,,65 9777 9546,joanne_fang@yahoo.com,,,,,,,,,,,,,,Gov List,"ACRA, Google Searches",,
,,16/12/2025,FAT FISH F & B PTE. LTD.,FAT FISH STEAMBOAT,,TeleSales,,Offline Sources,Adhoc,,200904991M,,,,,,,,,,,,,,,,"B2C, Offline",,,,,,,,,,,,,,,,65 6582 2922,ponlim@yahoo.com.sg,,,,65 9899 7320,,,,,,,,,,Gov List,"ACRA, Google Searches",,
,,16/12/2025,WESTERN MAHUA PTE. LTD.,WESTERN MAHUA 西部马华牛肉面,,TeleSales,,Offline Sources,Adhoc,,201732998H,,,,,,,,,,,,,,,,"B2C, Offline",,,,,,,,,,,,,,,,65 8946 9580,,,,,,,,,,,,,,,Gov List,"ACRA, Google Searches",,
,,16/12/2025,&JERRY,JERRY BBQ & GRILL,,TeleSales,,Offline Sources,Adhoc,,53497910J,,,,,,,,,,,,,,,,"B2C, Offline",,,,,,,,,,,,,,,,65 6323 4550,alhakam333@gmail.com,,,,,,,,,,,,,,Gov List,"ACRA, Google Searches",,
,,16/12/2025,BOSSES RESTAURANT PTE. LTD.,BOSSES RESTAURANT - BLACK SOCIETY,,TeleSales,,Offline Sources,Adhoc,,200609290K,,,,,,,,,,,,,,,,"B2C, Offline",,,,,,,,,,,,,,,,65 6376 9740,,,,,,,,,,,,,,,Gov List,"ACRA, Google Searches",,
,,16/12/2025,TAM KAH SHARK'S FIN PTE. LTD.,TAM KAH SHARKS FIN @ --2 OUTLETS,,TeleSales,,Offline Sources,Adhoc,,200301894Z,,,,,,,,,,,,,,,,"B2C, Offline",,,,,,,,,,,,,,,,65 9189 8878,sales@tamkahsharksfin.com,,,,,,,,,,,,,,Gov List,"ACRA, Google Searches",,
,,16/12/2025,HUNAN TRADITIONAL CUISINE PTE. LTD.,HUNAN TRADITIONAL,,TeleSales,,Offline Sources,Adhoc,,200916218R,,,,,,,,,,,,,,,,"B2C, Offline",,,,,,,,,,,,,,,,65 9088 0382,yuyao-mi@hotmail.com,,,,,,,,,,,,,,Gov List,"ACRA, Google Searches",,
,,16/12/2025,CO CONCEPTS PTE. LTD.,CONCEPTS YINJI @ FAR EAST SQUARE,,TeleSales,,Offline Sources,Adhoc,,201728854Z,,,,,,,,,,,,,,,,"B2C, Offline",,,,,,,,,,,,,,,,65 9745 7834,finance@minorfoodsingapore.com,,,,,joanne_koh@coconcepts.com.sg,,,,,,,,,Gov List,"ACRA, Google Searches",,
,,16/12/2025,THE GREAT FIT,THE FIT FACTORY,,TeleSales,,Offline Sources,Adhoc,,53447658M,,,,,,,,,,,,,,,,"B2C, Offline",,,,,,,,,,,,,,,,65 8222 0282,derrickgoh@thefitfactorygroup.com,,,,,,,,,,,,,,Gov List,"ACRA, Google Searches",,
,,16/12/2025,GUKSU PTE. LTD.,GUKSU RESTAURANT,,TeleSales,,Offline Sources,Adhoc,,201426569Z,,,,,,,,,,,,,,,,"B2C, Offline",,,,,,,,,,,,,,,,65 6334 7950,danny.guksu@gmail.com,,,,,,,,,,,,,,Gov List,"ACRA, Google Searches",,
,,16/12/2025,JINSA PTE. LTD.,JINSA GALBI COLD CALL,,TeleSales,,Offline Sources,Adhoc,,201934147W,,,,,,,,,,,,,,,,"B2C, Offline",,,,,,,,,,,,,,,,65 9137 8891,,,,,,,,,,,,,,,Gov List,"ACRA, Google Searches",,
,,16/12/2025,,XIN JI PORRIDGE 3 OUTLETS SAPAAD @ - WEB TO,,TeleSales,,Offline Sources,Adhoc,,,,,,,,,,,,,,,,,,"B2C, Offline",,,,,,,,,,,,,,,,65 9485 5585,sqtjohn1117@gmail.com,,,,,,,,,,,,,,Gov List,"ACRA, Google Searches",,
,,16/12/2025,,NAM S CAFE,,TeleSales,,Offline Sources,Adhoc,,,,,,,,,,,,,,,,,,"B2C, Offline",,,,,,,,,,,,,,,,65 9383 0419,namscafe@gmail.com,,,,,,,,,,,,,,Gov List,"ACRA, Google Searches",,
,,16/12/2025,THE FRENCH STALL,THE FRENCH STALL BISTROT,,TeleSales,,Offline Sources,Adhoc,,52923711C,,,,,,,,,,,,,,,,"B2C, Offline",,,,,,,,,,,,,,,,65 9712 5563,thefrenchstall@gmail.com,,,,,,,,,,,,,,Gov List,"ACRA, Google Searches",,
,,16/12/2025,WW HOTPOT F&B PTE. LTD.,WW HOTPOT @ -- TO,,TeleSales,,Offline Sources,Adhoc,,202108120D,,,,,,,,,,,,,,,,"B2C, Offline",,,,,,,,,,,,,,,,65 9008 0180,,,,,,,,,,,,,,,Gov List,"ACRA, Google Searches",,
,,16/12/2025,,LE MATIN SW ST,,TeleSales,,Offline Sources,Adhoc,,,,,,,,,,,,,,,,,,"B2C, Offline",,,,,,,,,,,,,,,,65 8355 7764,john@benjaminbarker.com.au,,,,,,,,,,,,,,Gov List,"ACRA, Google Searches",,
,,16/12/2025,SALAD STOP PTE. LTD.,SALADSTOP,,TeleSales,,Offline Sources,Adhoc,,200911456M,,,,,,,,,,,,,,,,"B2C, Offline",,,,,,,,,,,,,,,,65 6735 4487,ryan.lawrence@saladstop.com.sg,,,,,info@saladstop.com.sg,,,,,,,,,Gov List,"ACRA, Google Searches",,
,,16/12/2025,WINE LIKE THAT PRIVATE LIMITED,THAT WINE BAR,,TeleSales,,Offline Sources,Adhoc,,202134566G,,,,,,,,,,,,,,,,"B2C, Offline",,,,,,,,,,,,,,,,65 9114 1988,mingfye@hotmail.com,,,,,,,,,,,,,,Gov List,"ACRA, Google Searches",,
,,16/12/2025,MORTON'S OF CHICAGO - THE STEAKHOUSE,MORTONS THE STEAKHOUSE,,TeleSales,,Offline Sources,Adhoc,,52860439B,,,,,,,,,,,,,,,,"B2C, Offline",,,,,,,,,,,,,,,,65 6339 3740,sblagden@ldry.com,,,,,,,,,,,,,,Gov List,"ACRA, Google Searches",,
,,16/12/2025,KEBABS FAKTORY PTE. LTD.,KEBABS FAKTORY AYER RAJAH CRESCENT,,TeleSales,,Offline Sources,Adhoc,,202216231K,,,,,,,,,,,,,,,,"B2C, Offline",,,,,,,,,,,,,,,,65 8751 0249,kelly@geniecollective.sg,,,,,,,,,,,,,,Gov List,"ACRA, Google Searches",,
,,16/12/2025,KOLE (SG) PTE. LTD.,KELE,,TeleSales,,Offline Sources,Adhoc,,202302200C,,,,,,,,,,,,,,,,"B2C, Offline",,,,,,,,,,,,,,,,65 6560 1249,info@kele.sg,,,,,,,,,,,,,,Gov List,"ACRA, Google Searches",,
,,16/12/2025,AMORE PTE. LTD.,AMORE RESTAURANT AMO PASTA,,TeleSales,,Offline Sources,Adhoc,,201616315M,,,,,,,,,,,,,,,,"B2C, Offline",,,,,,,,,,,,,,,,65 6802 8287,chanlala@yahoo.com.hk,,,,,,,,,,,,,,Gov List,"ACRA, Google Searches",,
,,16/12/2025,KRAPOW FOOD GROUP PTE. LTD.,KRAPOW THAI SW,,TeleSales,,Offline Sources,Adhoc,,202304238Z,,,,,,,,,,,,,,,,"B2C, Offline",,,,,,,,,,,,,,,,65 9011 3472,von.krapow@gmail.com,,,,,,,,,,,,,,Gov List,"ACRA, Google Searches",,
,,16/12/2025,"FOREST DEW RESTAURANT, VEGETARIAN",FOREST DEW RESTURANT COLD CALL,,TeleSales,,Offline Sources,Adhoc,,53099837L,,,,,,,,,,,,,,,,"B2C, Offline",,,,,,,,,,,,,,,,65 6293 9579,,,,,,,,,,,,,,,Gov List,"ACRA, Google Searches",,
,,16/12/2025,,SOUTH COAST BISTRO & BAR,,TeleSales,,Offline Sources,Adhoc,,,,,,,,,,,,,,,,,,"B2C, Offline",,,,,,,,,,,,,,,,65 6688 7600,enquiries@southcoast.com.sg,,,,,,,,,,,,,,Gov List,"ACRA, Google Searches",,
,,16/12/2025,JIGGER & PONY PTE. LTD.,JIGGER & PONY @ -- MARKET RESEARCH 2022,,TeleSales,,Offline Sources,Adhoc,,201113260Z,,,,,,,,,,,,,,,,"B2C, Offline",,,,,,,,,,,,,,,,65 6221 5561,guoyi@jiggerandpony.com,,,,,,,,,,,,,,Gov List,"ACRA, Google Searches",,
,,16/12/2025,BREAD YARD PTE. LTD.,BREAD YARD SMARTTERMINAL,,TeleSales,,Offline Sources,Adhoc,,201810804K,,,,,,,,,,,,,,,,"B2C, Offline",,,,,,,,,,,,,,,,65 9237 9810,ivan@grangecollective.com.sg,,,,,,,,,,,,,,Gov List,"ACRA, Google Searches",,
,,16/12/2025,BALZAC CAPITAL PTE. LTD.,BALZAC BRASSERIE & BAR,,TeleSales,,Offline Sources,Adhoc,,202411854C,,,,,,,,,,,,,,,,"B2C, Offline",,,,,,,,,,,,,,,,65 6336 0797,ben@balzacbrasserie.com,,,,,,,,,,,,,,Gov List,"ACRA, Google Searches",,
,,16/12/2025,BUKIT MERAH VIEW KWAY CHAP PRIVATE LIMITED,BUKIT MERAH VIEW FISHBALL MINCED MEAT NOODLE,,TeleSales,,Offline Sources,Adhoc,,201916016K,,,,,,,,,,,,,,,,"B2C, Offline",,,,,,,,,,,,,,,,65 9152 5566,zaccl@outlook.com,,,,,,,,,,,,,,Gov List,"ACRA, Google Searches",,
,,16/12/2025,SG EVENTS MANAGEMENT PTE. LTD.,DOSIRAK 2 OUTLETS KIOSK,,TeleSales,,Offline Sources,Adhoc,,201901380W,,,,,,,,,,,,,,,,"B2C, Offline",,,,,,,,,,,,,,,,65 9897 4433,ahhui0430@icloud.com,,,,,,,,,,,,,,Gov List,"ACRA, Google Searches",,
,,16/12/2025,BURNT ENDS,BURNT ENDS BAKERY,,TeleSales,,Offline Sources,Adhoc,,53229822E,,,,,,,,,,,,,,,,"B2C, Offline",,,,,,,,,,,,,,,,65 8200 9153,dexter@burntends.com.sg,,,,,,,,,,,,,,Gov List,"ACRA, Google Searches",,
,,16/12/2025,YTEAMS PTE. LTD.,YTEA,,TeleSales,,Offline Sources,Adhoc,,201611974D,,,,,,,,,,,,,,,,"B2C, Offline",,,,,,,,,,,,,,,,65 9669 8716,,,,,,,,,,,,,,,Gov List,"ACRA, Google Searches",,
,,16/12/2025,FORK SPOON TRAVEL,ONE FORK TWO STICK KITCHEN,,TeleSales,,Offline Sources,Adhoc,,53438172C,,,,,,,,,,,,,,,,"B2C, Offline",,,,,,,,,,,,,,,,65 9730 0470,,,,,,,,,,,,,,,Gov List,"ACRA, Google Searches",,
,,16/12/2025,SAKURA FAMILY RESTAURANT PTE LTD,SAKURA BUFFET RESTAURANT,,TeleSales,,Offline Sources,Adhoc,,200102485H,,,,,,,,,,,,,,,,"B2C, Offline",,,,,,,,,,,,,,,,65 6368 8197,,,,,,,,,,,,,,,Gov List,"ACRA, Google Searches",,
,,16/12/2025,BIG BANG SEABREEZE PTE. LTD.,BIG BANG SEA BREEZE,,TeleSales,,Offline Sources,Adhoc,,201605112R,,,,,,,,,,,,,,,,"B2C, Offline",,,,,,,,,,,,,,,,65 9877 3038,yuansong@olabeachclub.com,,,,,,,,,,,,,,Gov List,"ACRA, Google Searches",,
,,16/12/2025,,BARA,,TeleSales,,Offline Sources,Adhoc,,,,,,,,,,,,,,,,,,"B2C, Offline",,,,,,,,,,,,,,,,65 8321 6771,,,,,,,,,,,,,,,Gov List,"ACRA, Google Searches",,
,,16/12/2025,FULL OF LUCK PTE. LTD.,FULL LUCK CLUB,,TeleSales,,Offline Sources,Adhoc,,202434271M,,,,,,,,,,,,,,,,"B2C, Offline",,,,,,,,,,,,,,,,65 6208 6845,hello@fullofluck.club,,,,,hilda.tan.sg@gmail.com,,,,,,,,,Gov List,"ACRA, Google Searches",,
,,16/12/2025,CHEZ SUZETTE PTE. LTD.,SUZETTE,,TeleSales,,Offline Sources,Adhoc,,202108837N,,,,,,,,,,,,,,,,"B2C, Offline",,,,,,,,,,,,,,,,65 9652 5092,imsuzette.sg@gmail.com,,,,,,,,,,,,,,Gov List,"ACRA, Google Searches",,
,,16/12/2025,PENANG CULTURE PTE. LTD.,PENANG CULTURE - PASIR RIS,,TeleSales,,Offline Sources,Adhoc,,201129398R,,,,,,,,,,,,,,,,"B2C, Offline",,,,,,,,,,,,,,,,65 8138 3828,ricky.lim@gdgroup.com.sg,,,,,ap@neogroup.com.sg,,,,,,,,,Gov List,"ACRA, Google Searches",,
,,16/12/2025,PHIN'S CATERING SERVICES,PHINS CATERING COUNTER ORDER TAKE AWAY,,TeleSales,,Offline Sources,Adhoc,,53258291L,,,,,,,,,,,,,,,,"B2C, Offline",,,,,,,,,,,,,,,,65 9618 5050,phins.dorothy@gmail.com,,,,,,,,,,,,,,Gov List,"ACRA, Google Searches",,
,,16/12/2025,A THOUSAND TALES PTE. LTD.,A THOUSAND TALES CLOSED,,TeleSales,,Offline Sources,Adhoc,,200910763Z,,,,,,,,,,,,,,,,"B2C, Offline",,,,,,,,,,,,,,,,65 9819 8722,gerry@athousandtales.com,,,,,,,,,,,,,,Gov List,"ACRA, Google Searches",,
,,16/12/2025,RUMI THE POET'S CUP,RUMI THE POETS CUP @ -- MARKET RESEARCH 2022,,TeleSales,,Offline Sources,Adhoc,,53407658X,,,,,,,,,,,,,,,,"B2C, Offline",,,,,,,,,,,,,,,,65 9238 5628,rumithepoetscup@gmail.com,,,,,,,,,,,,,,Gov List,"ACRA, Google Searches",,
,,16/12/2025,PAPI'S TACOS PTE. LTD.,PAPIS TACOS - SEAH STREET,,TeleSales,,Offline Sources,Adhoc,,201737195C,,,,,,,,,,,,,,,,"B2C, Offline",,,,,,,,,,,,,,,,65 9857 7725,akhi@papistacos.com,,,,,,,,,,,,,,Gov List,"ACRA, Google Searches",,
,,16/12/2025,WEE NAM KEE HAINANESE CHICKEN RICE RESTAURANT,WEE NAM KEE CHICKEN RICE JURONG POINT,,TeleSales,,Offline Sources,Adhoc,,40629200X,,,,,,,,,,,,,,,,"B2C, Offline",,,,,,,,,,,,,,,,65 6251 8236,jjexcellent.baoshi@gmail.com,,,,,,,,,,,,,,Gov List,"ACRA, Google Searches",,
,,16/12/2025,THE BOILER PTE. LTD.,THE BOILER - ESPLANADE,,TeleSales,,Offline Sources,Adhoc,,201327766H,,,,,,,,,,,,,,,,"B2C, Offline",,,,,,,,,,,,,,,,65 6909 3435,malcolm.hong@theboiler.com.sg,,,,,,,,,,,,,,Gov List,"ACRA, Google Searches",,
,,16/12/2025,SAUTE PTE. LTD.,SAUTE SUSHI SMART TERMINAL,,TeleSales,,Offline Sources,Adhoc,,201543404E,,,,,,,,,,,,,,,,"B2C, Offline",,,,,,,,,,,,,,,,65 9184 6992,saute.sales@gmail.com,,,,,,,,,,,,,,Gov List,"ACRA, Google Searches",,
,,16/12/2025,J 5-SENSES,5 SENSES RESTAURANT,,TeleSales,,Offline Sources,Adhoc,,53422009J,,,,,,,,,,,,,,,,"B2C, Offline",,,,,,,,,,,,,,,,65 9297 7353,5sensesbistro@gmail.com,,,,,,,,,,,,,,Gov List,"ACRA, Google Searches",,
,,16/12/2025,DON DAE BAK PTE. LTD.,DON DAE BAK RESTAURANT,,TeleSales,,Offline Sources,Adhoc,,201320268D,,,,,,,,,,,,,,,,"B2C, Offline",,,,,,,,,,,,,,,,65 9466 9775,,,,,,,,,,,,,,,Gov List,"ACRA, Google Searches",,
,,16/12/2025,YORK CO SG PTE. LTD.,YORK HOTEL @ MOUNT ELIZEBETH - TO,,TeleSales,,Offline Sources,Adhoc,,202107830C,,,,,,,,,,,,,,,,"B2C, Offline",,,,,,,,,,,,,,,,65 9686 0607,zhilin.yeaw@yorkhotel.com.sg,,,,,,,,,,,,,,Gov List,"ACRA, Google Searches",,
,,16/12/2025,BRINDAS DELIVERY & CATERING,BRINDAS INQUIRY,,TeleSales,,Offline Sources,Adhoc,,53174208C,,,,,,,,,,,,,,,,"B2C, Offline",,,,,,,,,,,,,,,,65 9185 3360,info@brindas.com.sg,,,,,,,,,,,,,,Gov List,"ACRA, Google Searches",,
,,16/12/2025,,TOP TEN,,TeleSales,,Offline Sources,Adhoc,,,,,,,,,,,,,,,,,,"B2C, Offline",,,,,,,,,,,,,,,,65 1132 4039,wesleywirjadi@gmail.com,,,,,,,,,,,,,,Gov List,"ACRA, Google Searches",,
,,16/12/2025,RE:TERRA PTE. LTD.,RE WALAKU @ -- TO,,TeleSales,,Offline Sources,Adhoc,,201701760D,,,,,,,,,,,,,,,,"B2C, Offline",,,,,,,,,,,,,,,,65 9138 4753,walaku.sg@gmail.com,,,,,,,,,,,,,,Gov List,"ACRA, Google Searches",,
,,16/12/2025,VOUCH SG PTE. LTD.,VOUCH -- 5-9OUTLETS,,TeleSales,,Offline Sources,Adhoc,,201602630D,,,,,,,,,,,,,,,,"B2C, Offline",,,,,,,,,,,,,,,,65 9179 7972,venessa@vouch.sg,,,,,,,,,,,,,,Gov List,"ACRA, Google Searches",,
,,16/12/2025,MUN TING XIANG TEA HOUSE,MUN TING XIANG TEAHOUSE,,TeleSales,,Offline Sources,Adhoc,,53000537M,,,,,,,,,,,,,,,,"B2C, Offline",,,,,,,,,,,,,,,,65 9794 9518,muntingxiang.teahouse@gmail.com,,,,,,,,,,,,,,Gov List,"ACRA, Google Searches",,
,,16/12/2025,BAI GONG PREMIUM LOUNGE PTE. LTD.,GONG LOUNGE,,TeleSales,,Offline Sources,Adhoc,,202401861D,,,,,,,,,,,,,,,,"B2C, Offline",,,,,,,,,,,,,,,,65 8393 2216,laurent@icesentosa.sg,,,,,,,,,,,,,,Gov List,"ACRA, Google Searches",,
,,16/12/2025,TRUNK KITCHEN & BAR PTE. LTD.,TRUNK BAR & BISTRO,,TeleSales,,Offline Sources,Adhoc,,201717604M,,,,,,,,,,,,,,,,"B2C, Offline",,,,,,,,,,,,,,,,65 8828 9892,,,,,,,,,,,,,,,Gov List,"ACRA, Google Searches",,
,,16/12/2025,KIND KONES PTE. LTD.,KIND KONES COLD KNOCK,,TeleSales,,Offline Sources,Adhoc,,201931125C,,,,,,,,,,,,,,,,"B2C, Offline",,,,,,,,,,,,,,,,65 9152 8855,,,,,,,,,,,,,,,Gov List,"ACRA, Google Searches",,
,,16/12/2025,CETUS HUMPBACK SHIPPING PTE. LTD.,HUMBACK,,TeleSales,,Offline Sources,Adhoc,,201501553G,,,,,,,,,,,,,,,,"B2C, Offline",,,,,,,,,,,,,,,,65 6750 4461,info@humback.sg,,,,,,,,,,,,,,Gov List,"ACRA, Google Searches",,
,,16/12/2025,,POLAR PUFFS,,TeleSales,,Offline Sources,Adhoc,,,,,,,,,,,,,,,,,,"B2C, Offline",,,,,,,,,,,,,,,,65 9670 2035,kokyew.chan@polarpuffs.com.sg,,,,,,,,,,,,,,Gov List,"ACRA, Google Searches",,
,,16/12/2025,,AVOMIN,,TeleSales,,Offline Sources,Adhoc,,,,,,,,,,,,,,,,,,"B2C, Offline",,,,,,,,,,,,,,,,65 9881 0378,avominsg@gmail.com,,,,,,,,,,,,,,Gov List,"ACRA, Google Searches",,
,,16/12/2025,BHAI BIRIYANI PTE. LTD.,BHAI BIRYANI,,TeleSales,,Offline Sources,Adhoc,,201826183R,,,,,,,,,,,,,,,,"B2C, Offline",,,,,,,,,,,,,,,,65 6545 4275,bhaibiryani.sb@gmail.com,,,,,,,,,,,,,,Gov List,"ACRA, Google Searches",,
,,16/12/2025,THE WEARY ANZAC BISCUIT COMPANY PTE. LTD.,THE WEARY ANZAC,,TeleSales,,Offline Sources,Adhoc,,202218583M,,,,,,,,,,,,,,,,"B2C, Offline",,,,,,,,,,,,,,,,65 9626 3495,info@wearyanzac.com,,,,,,,,,,,,,,Gov List,"ACRA, Google Searches",,
,,16/12/2025,MAD SET PTE. LTD.,MAD NEST,,TeleSales,,Offline Sources,Adhoc,,201901307M,,,,,,,,,,,,,,,,"B2C, Offline",,,,,,,,,,,,,,,,65 6348 6861,jerome@madnest.sg,,,,,,,,,,,,,,Gov List,"ACRA, Google Searches",,
,,16/12/2025,THE WINE COMPANY PTE. LTD.,THE WINE @ DEMPSEY RD,,TeleSales,,Offline Sources,Adhoc,,200304879W,,,,,,,,,,,,,,,,"B2C, Offline",,,,,,,,,,,,,,,,65 6479 9341,belinda@thewinecompany.com.sg,,,,,,,,,,,,,,Gov List,"ACRA, Google Searches",,
,,16/12/2025,RENGA PTE. LTD.,RENGA-YA HOUSE OF JAPANESE CHARCOAL BBQ,,TeleSales,,Offline Sources,Adhoc,,202039193M,,,,,,,,,,,,,,,,"B2C, Offline",,,,,,,,,,,,,,,,65 9793 3573,renga-ya@superdining.com.sg,,,,,,,,,,,,,,Gov List,"ACRA, Google Searches",,
,,16/12/2025,,LIFE CONCEPTS,,TeleSales,,Offline Sources,Adhoc,,,,,,,,,,,,,,,,,,"B2C, Offline",,,,,,,,,,,,,,,,65 9010 1085,crystalzatswipe@gmail.com,,,,,,,,,,,,,,Gov List,"ACRA, Google Searches",,
,,16/12/2025,FLYTECH (SINGAPORE) PRIVATE LIMITED,FLYTECH - CHEN OLIVIA,,TeleSales,,Offline Sources,Adhoc,,201107092W,,,,,,,,,,,,,,,,"B2C, Offline",,,,,,,,,,,,,,,,65 8791 4988,oliviachen@flytech.com.tw,,,,,,,,,,,,,,Gov List,"ACRA, Google Searches",,
,,16/12/2025,,GELATO COTTAGE,,TeleSales,,Offline Sources,Adhoc,,,,,,,,,,,,,,,,,,"B2C, Offline",,,,,,,,,,,,,,,,65 6337 7148,ask@gelatocottage.com,,,,,,,,,,,,,,Gov List,"ACRA, Google Searches",,
,,16/12/2025,JIN YU MAN TANG,JIN YU MAN TANG DESSERT,,TeleSales,,Offline Sources,Adhoc,,53375147X,,,,,,,,,,,,,,,,"B2C, Offline",,,,,,,,,,,,,,,,65 8028 6618,,,,,,,,,,,,,,,Gov List,"ACRA, Google Searches",,
,,16/12/2025,XI YAN SEAFOOD,XI YAN SEAFOOD COLD CALL,,TeleSales,,Offline Sources,Adhoc,,53430007C,,,,,,,,,,,,,,,,"B2C, Offline",,,,,,,,,,,,,,,,65 8931 6647,,,,,,,,,,,,,,,Gov List,"ACRA, Google Searches",,
,,16/12/2025,MULTI FOOD SUPPLY,MULTIFOOD SUPPLY,,TeleSales,,Offline Sources,Adhoc,,53309760J,,,,,,,,,,,,,,,,"B2C, Offline",,,,,,,,,,,,,,,,65 9186 1180,op.multifood@gmail.com,,,,,,,,,,,,,,Gov List,"ACRA, Google Searches",,
,,16/12/2025,VIOLET OON INC. PTE. LTD.,VIOLET OON 5 LOCATIONS,,TeleSales,,Offline Sources,Adhoc,,201207368M,,,,,,,,,,,,,,,,"B2C, Offline",,,,,,,,,,,,,,,,65 9834 9935,eat@violetoon.com,,,,,,,,,,,,,,Gov List,"ACRA, Google Searches",,
,,16/12/2025,OTTO BUILD (S) PTE LTD,OTTOS DELI FRESH,,TeleSales,,Offline Sources,Adhoc,,199704982H,,,,,,,,,,,,,,,,"B2C, Offline",,,,,,,,,,,,,,,,65 6694 3291,hazel@ottosdelifresh.com,,,,,,,,,,,,,,Gov List,"ACRA, Google Searches",,
,,16/12/2025,MENYA KOJI (S) PTE. LTD.,MENYA SANJI KAGOSHIMA RAMEN,,TeleSales,,Offline Sources,Adhoc,,201216329N,,,,,,,,,,,,,,,,"B2C, Offline",,,,,,,,,,,,,,,,65 6604 8891,,,,,,,,,,,,,,,Gov List,"ACRA, Google Searches",,
,,16/12/2025,EVENT PRODUCTION SUPPLY PTE. LTD.,THE PUMP ROOM,,TeleSales,,Offline Sources,Adhoc,,200402181M,,,,,,,,,,,,,,,,"B2C, Offline",,,,,,,,,,,,,,,,65 9114 4348,,,,,,,,,,,,,,,Gov List,"ACRA, Google Searches",,
,,16/12/2025,THE BUTTE STUDIO,BUTTER STUDIO,,TeleSales,,Offline Sources,Adhoc,,53481981L,,,,,,,,,,,,,,,,"B2C, Offline",,,,,,,,,,,,,,,,65 5629 4711,hello@thebutterstudio.com,,,,,,,,,,,,,,Gov List,"ACRA, Google Searches",,
,,16/12/2025,FANG TIAN PTE. LTD.,TIAN FANG PAVILION 天方阁私房菜,,TeleSales,,Offline Sources,Adhoc,,202032640N,,,,,,,,,,,,,,,,"B2C, Offline",,,,,,,,,,,,,,,,65 9876 2888,,,,,,,,,,,,,,,Gov List,"ACRA, Google Searches",,
,,16/12/2025,,DAE BAPS,,TeleSales,,Offline Sources,Adhoc,,,,,,,,,,,,,,,,,,"B2C, Offline",,,,,,,,,,,,,,,,65 9363 8046,,,,,,,,,,,,,,,Gov List,"ACRA, Google Searches",,
,,16/12/2025,,INLE MYANMAR,,TeleSales,,Offline Sources,Adhoc,,,,,,,,,,,,,,,,,,"B2C, Offline",,,,,,,,,,,,,,,,65 6333 5438,contact@inlemyanmar.com.sg,,,,,,,,,,,,,,Gov List,"ACRA, Google Searches",,
,,16/12/2025,STRALA SG BY J&S PTE. LTD.,SGRALA MARCA,,TeleSales,,Offline Sources,Adhoc,,201508862G,,,,,,,,,,,,,,,,"B2C, Offline",,,,,,,,,,,,,,,,65 8218 8198,augustine@la-marca.com,,,,,,,,,,,,,,Gov List,"ACRA, Google Searches",,
,,16/12/2025,SWL CAPITAL PTE. LTD.,SWRL WINE BAR CAFE,,TeleSales,,Offline Sources,Adhoc,,200609442W,,,,,,,,,,,,,,,,"B2C, Offline",,,,,,,,,,,,,,,,65 8660 6040,swrlsg@gmail.com,,,,,,,,,,,,,,Gov List,"ACRA, Google Searches",,
,,16/12/2025,HARARU IZAKAYA PTE. LTD.,HARARU IAZAKAYA,,TeleSales,,Offline Sources,Adhoc,,201801252D,,,,,,,,,,,,,,,,"B2C, Offline",,,,,,,,,,,,,,,,65 9169 0734,leslie.ong@harrys.com.sg,,,,,,,,,,,,,,Gov List,"ACRA, Google Searches",,
,,16/12/2025,,FOBE ASIA,,TeleSales,,Offline Sources,Adhoc,,,,,,,,,,,,,,,,,,"B2C, Offline",,,,,,,,,,,,,,,,65 9237 0214,,,,,,,,,,,,,,,Gov List,"ACRA, Google Searches",,
,,16/12/2025,FIVE OARS COFFEE ROASTERS PTE. LTD.,FIVE OARS COLD CALL,,TeleSales,,Offline Sources,Adhoc,,201804190G,,,,,,,,,,,,,,,,"B2C, Offline",,,,,,,,,,,,,,,,65 9184 6184,,,,,,,,,,,,,,,Gov List,"ACRA, Google Searches",,
,,16/12/2025,LITTLE ELEPHANT PTE. LTD.,LITTLE ELEPHANT THAI BISTRO,,TeleSales,,Offline Sources,Adhoc,,201806877M,,,,,,,,,,,,,,,,"B2C, Offline",,,,,,,,,,,,,,,,65 9889 0988,feedback@littleelephant.sg,,,,,,,,,,,,,,Gov List,"ACRA, Google Searches",,
,,16/12/2025,"CAPRI BY FRASER CHINA SQUARE, SINGAPORE",CAPRI BY FRASER CHANGI,,TeleSales,,Offline Sources,Adhoc,,53317672K,,,,,,,,,,,,,,,,"B2C, Offline",,,,,,,,,,,,,,,,65 6933 9833,alex.chong@capribyfraser.com,,,,,,,,,,,,,,Gov List,"ACRA, Google Searches",,
,,16/12/2025,JULIETT KILO COMMUNICATIONS,KILO AT PACT,,TeleSales,,Offline Sources,Adhoc,,53461379M,,,,,,,,,,,,,,,,"B2C, Offline",,,,,,,,,,,,,,,,65 6884 7560,orchard@kilokitchen.com,,,,,,,,,,,,,,Gov List,"ACRA, Google Searches",,
,,16/12/2025,ASIA CUISINE.COM PTE. LTD.,COMO CUISINE,,TeleSales,,Offline Sources,Adhoc,,200602934E,,,,,,,,,,,,,,,,"B2C, Offline",,,,,,,,,,,,,,,,65 1800 3046,comocuisineres@comodempsey.sg,,,,,,,,,,,,,,Gov List,"ACRA, Google Searches",,
,,16/12/2025,L.K. MAJU RESTAURANT PTE. LTD.,LK MAJU,,TeleSales,,Offline Sources,Adhoc,,200714462D,,,,,,,,,,,,,,,,"B2C, Offline",,,,,,,,,,,,,,,,65 6299 5990,,,,,,,,,,,,,,,Gov List,"ACRA, Google Searches",,
,,16/12/2025,INDOCHILI CATERING & SUPPLY PTE. LTD.,INDOCHILI,,TeleSales,,Offline Sources,Adhoc,,201218309C,,,,,,,,,,,,,,,,"B2C, Offline",,,,,,,,,,,,,,,,65 9027 1999,james.harto@indochili.com,,,,,,,,,,,,,,Gov List,"ACRA, Google Searches",,
,,16/12/2025,LEI GARDEN RESTAURANT PTE LTD,LEI GARDEN,,TeleSales,,Offline Sources,Adhoc,,198702184R,,,,,,,,,,,,,,,,"B2C, Offline",,,,,,,,,,,,,,,,65 6222 3679,chijmes@leigarden.asia,,,,,,,,,,,,,,Gov List,"ACRA, Google Searches",,
,,16/12/2025,,HUA YUAN CONFECTIONERY,,TeleSales,,Offline Sources,Adhoc,,,,,,,,,,,,,,,,,,"B2C, Offline",,,,,,,,,,,,,,,,65 9772 6476,rickyphua6476@gmail.com,,,,,,,,,,,,,,Gov List,"ACRA, Google Searches",,
,,16/12/2025,G5 F & B PTE. LTD.,G5 F&B ENQUIRY,,TeleSales,,Offline Sources,Adhoc,,201134907N,,,,,,,,,,,,,,,,"B2C, Offline",,,,,,,,,,,,,,,,65 8798 0755,,,,,,,,,,,,,,,Gov List,"ACRA, Google Searches",,
,,16/12/2025,TAK ZI INVESTMENT PTE. LTD.,TAK KESAH RESTAURANT,,TeleSales,,Offline Sources,Adhoc,,200907618M,,,,,,,,,,,,,,,,"B2C, Offline",,,,,,,,,,,,,,,,65 7251 2122,,,,,,,,,,,,,,,Gov List,"ACRA, Google Searches",,
,,16/12/2025,,TAKEOUT SALAD LEAD,,TeleSales,,Offline Sources,Adhoc,,,,,,,,,,,,,,,,,,"B2C, Offline",,,,,,,,,,,,,,,,65 9166 0531,,,,,,,,,,,,,,,Gov List,"ACRA, Google Searches",,
,,16/12/2025,,TAKE-OUT SALAD,,TeleSales,,Offline Sources,Adhoc,,,,,,,,,,,,,,,,,,"B2C, Offline",,,,,,,,,,,,,,,,65 9335 4333,cs@takeoutsalad.com,,,,,,,,,,,,,,Gov List,"ACRA, Google Searches",,
,,16/12/2025,JJ THAI KITCHEN,SALA THAI KITCHEN,,TeleSales,,Offline Sources,Adhoc,,53510017E,,,,,,,,,,,,,,,,"B2C, Offline",,,,,,,,,,,,,,,,65 6334 7848,salathaikitchen@yahoo.com,,,,,,,,,,,,,,Gov List,"ACRA, Google Searches",,
,,16/12/2025,GREAT NANYANG GLOBAL PTE. LTD.,NAME GREAT NANYANG SELLING COFFEE TOAST AND ALL DAY MENU,,TeleSales,,Offline Sources,Adhoc,,202534518Z,,,,,,,,,,,,,,,,"B2C, Offline",,,,,,,,,,,,,,,,65 8753 1850,,,,,,,,,,,,,,,Gov List,"ACRA, Google Searches",,
,,16/12/2025,BISTRO 86,BISTRO BOWL,,TeleSales,,Offline Sources,Adhoc,,53281938A,,,,,,,,,,,,,,,,"B2C, Offline",,,,,,,,,,,,,,,,65 9022 0012,,,,,,,,,,,,,,,Gov List,"ACRA, Google Searches",,
,,16/12/2025,YS FNB PTE. LTD.,YS FNB INQUIRY,,TeleSales,,Offline Sources,Adhoc,,202039506H,,,,,,,,,,,,,,,,"B2C, Offline",,,,,,,,,,,,,,,,65 9637 8941,,,,,,,,,,,,,,,Gov List,"ACRA, Google Searches",,
,,16/12/2025,LAO HUO TANG GROUP PTE. LTD.,LAO JIANG SUPERIOR SOUP 2 OUTLETS - KIOSK 2 OUTLETS WA CHAT - 1 27PM 5TH SEP,,TeleSales,,Offline Sources,Adhoc,,201509128R,,,,,,,,,,,,,,,,"B2C, Offline",,,,,,,,,,,,,,,,65 8887 7520,,,,,,,,,,,,,,,Gov List,"ACRA, Google Searches",,
,,16/12/2025,SIN WAH,SIN WAH KITCHEN,,TeleSales,,Offline Sources,Adhoc,,00397700E,,,,,,,,,,,,,,,,"B2C, Offline",,,,,,,,,,,,,,,,65 8399 6805,,,,,,,,,,,,,,,Gov List,"ACRA, Google Searches",,
,,16/12/2025,CARUSO VENTURES PTE. LTD.,CARUSO,,TeleSales,,Offline Sources,Adhoc,,201510653D,,,,,,,,,,,,,,,,"B2C, Offline",,,,,,,,,,,,,,,,65 6469 7508,info@caruso.sg,,,,,,,,,,,,,,Gov List,"ACRA, Google Searches",,
,,16/12/2025,TALENT TRADER GROUP PTE. LTD.,TALENT TRADER - JASMINE LAYUGAN,,TeleSales,,Offline Sources,Adhoc,,201230353E,,,,,,,,,,,,,,,,"B2C, Offline",,,,,,,,,,,,,,,,65 6876 7999,jasmine.layugan@talenttradergroup.com,,,,,,,,,,,,,,Gov List,"ACRA, Google Searches",,
,,16/12/2025,UDDERS PTE. LTD.,UDDERS ICE CREAM,,TeleSales,,Offline Sources,Adhoc,,200720778W,,,,,,,,,,,,,,,,"B2C, Offline",,,,,,,,,,,,,,,,65 9424 4567,weili@udders.com.sg,,,,,,,,,,,,,,Gov List,"ACRA, Google Searches",,
,,16/12/2025,BOTANY PTE. LTD.,BOTANY INQUIRY,,TeleSales,,Offline Sources,Adhoc,,202451136H,,,,,,,,,,,,,,,,"B2C, Offline",,,,,,,,,,,,,,,,65 9077 7599,,,,,,,,,,,,,,,Gov List,"ACRA, Google Searches",,
,,16/12/2025,HENG XU (OLD CHENGDU) RESTAURANT PTE. LTD.,OLD CHENGDU SICHUAN CUISINE RESTAURANT,,TeleSales,,Offline Sources,Adhoc,,201231478R,,,,,,,,,,,,,,,,"B2C, Offline",,,,,,,,,,,,,,,,65 6222 6858,oldchengdu.sg@gmail.com,,,,,,,,,,,,,,Gov List,"ACRA, Google Searches",,
,,16/12/2025,TINGKAT PTE. LTD.,TINGKAT PERMAKAN,,TeleSales,,Offline Sources,Adhoc,,201406614Z,,,,,,,,,,,,,,,,"B2C, Offline",,,,,,,,,,,,,,,,65 9099 4141,enquiry@peramakan.com,,,,,,,,,,,,,,Gov List,"ACRA, Google Searches",,
,,16/12/2025,XIANG WEI HUNAN CUISINE,XIANG XIANG HUNAN CUISINE @ - 2023 CALL,,TeleSales,,Offline Sources,Adhoc,,53483166D,,,,,,,,,,,,,,,,"B2C, Offline",,,,,,,,,,,,,,,,65 8129 9370,,,,,,,,,,,,,,,Gov List,"ACRA, Google Searches",,
,,16/12/2025,KKO KKO NA RA PTE. LTD.,KKO KKO CHICKEN BAR,,TeleSales,,Offline Sources,Adhoc,,200721949R,,,,,,,,,,,,,,,,"B2C, Offline",,,,,,,,,,,,,,,,65 6391 9717,kkokko.sg@gmail.com,,,,,,,,,,,,,,Gov List,"ACRA, Google Searches",,
,,16/12/2025,,YE OLDE,,TeleSales,,Offline Sources,Adhoc,,,,,,,,,,,,,,,,,,"B2C, Offline",,,,,,,,,,,,,,,,65 8102 7290,jun@yeoldecow.com,,,,,,,,,,,,,,Gov List,"ACRA, Google Searches",,
,,16/12/2025,POP OF POPPIES,POPPIES BISTRO BAR,,TeleSales,,Offline Sources,Adhoc,,53501436L,,,,,,,,,,,,,,,,"B2C, Offline",,,,,,,,,,,,,,,,65 6445 4405,emma@poppies.com.sg,,,,,,,,,,,,,,Gov List,"ACRA, Google Searches",,
,,16/12/2025,GO CHECKMATE PTE. LTD.,GO CHA BAR QSR,,TeleSales,,Offline Sources,Adhoc,,201836006K,,,,,,,,,,,,,,,,"B2C, Offline",,,,,,,,,,,,,,,,65 9777 9644,maxkeeinternational@gmail.com,,,,,,,,,,,,,,Gov List,"ACRA, Google Searches",,
,,16/12/2025,THE TOP SEAFOOD PTE. LTD.,THE SEAFOOD KRUB,,TeleSales,,Offline Sources,Adhoc,,201700519M,,,,,,,,,,,,,,,,"B2C, Offline",,,,,,,,,,,,,,,,65 9376 8096,,,,,,,,,,,,,,,Gov List,"ACRA, Google Searches",,
,,16/12/2025,BEE HIANG SG SEA FOOD PTE. LTD.,BEER BASKET @ - UPPER SERANGOON ROAD,,TeleSales,,Offline Sources,Adhoc,,202222101K,,,,,,,,,,,,,,,,"B2C, Offline",,,,,,,,,,,,,,,,65 9622 1979,william@beerbasket.sg,,,,,,,,,,,,,,Gov List,"ACRA, Google Searches",,
,,16/12/2025,COCOBA PTE. LTD.,COCOBAY INDIAN CUISINE,,TeleSales,,Offline Sources,Adhoc,,200702419E,,,,,,,,,,,,,,,,"B2C, Offline",,,,,,,,,,,,,,,,65 9321 4858,,,,,,,,,,,,,,,Gov List,"ACRA, Google Searches",,
,,16/12/2025,SPARK LAUNCHPAD,SPARK LAUNCHPAD PARTNERSHIP,,TeleSales,,Offline Sources,Adhoc,,53420352C,,,,,,,,,,,,,,,,"B2C, Offline",,,,,,,,,,,,,,,,65 9873 4301,patrick.ng@sparklaunchpad.sg,,,,,,,,,,,,,,Gov List,"ACRA, Google Searches",,
,,16/12/2025,OCTAPAS PRIVATE LIMITED,OCTAPAS SPANISH TAPAS BAR,,TeleSales,,Offline Sources,Adhoc,,200403500N,,,,,,,,,,,,,,,,"B2C, Offline",,,,,,,,,,,,,,,,65 6837 2938,joy@octapasasia.com,,,,65 9732 4435,henny@octapasasia.com,,,,,,,,,Gov List,"ACRA, Google Searches",,
,,16/12/2025,THE BLACK SAMPAN PTE. LTD.,THE SAMPAN,,TeleSales,,Offline Sources,Adhoc,,202133826D,,,,,,,,,,,,,,,,"B2C, Offline",,,,,,,,,,,,,,,,65 6732 1698,info@thesampan.sg,,,,,,,,,,,,,,Gov List,"ACRA, Google Searches",,
,,16/12/2025,MAK'S BRIDAL & BEAUTY,MAKS NOODLE @ VIVOCITY,,TeleSales,,Offline Sources,Adhoc,,53392931L,,,,,,,,,,,,,,,,"B2C, Offline",,,,,,,,,,,,,,,,65 9116 5891,westgate@maksnoodle.sg,,,,,,,,,,,,,,Gov List,"ACRA, Google Searches",,
,,16/12/2025,CLEAN,CLEAN ADDICTS,,TeleSales,,Offline Sources,Adhoc,,53417194W,,,,,,,,,,,,,,,,"B2C, Offline",,,,,,,,,,,,,,,,65 9635 3003,hicleanaddicts@gmail.com,,,,,,,,,,,,,,Gov List,"ACRA, Google Searches",,
,,16/12/2025,RUMOURS BEACH CLUB,RUMOURS BEACH CLUB PAY LATER - RAPTOR,,TeleSales,,Offline Sources,Adhoc,,53393673W,,,,,,,,,,,,,,,,"B2C, Offline",,,,,,,,,,,,,,,,65 9776 9190,info@rumours.com.sg,,,,,,,,,,,,,,Gov List,"ACRA, Google Searches",,
,,16/12/2025,,CUGINI TRATTORIA PIZZERIA PANEVINO -MANGIATUTTO,,TeleSales,,Offline Sources,Adhoc,,,,,,,,,,,,,,,,,,"B2C, Offline",,,,,,,,,,,,,,,,65 6221 3791,gerri.cugini@gmail.com,,,,,,,,,,,,,,Gov List,"ACRA, Google Searches",,
,,16/12/2025,,THE BAKERY DEPOT,,TeleSales,,Offline Sources,Adhoc,,,,,,,,,,,,,,,,,,"B2C, Offline",,,,,,,,,,,,,,,,65 8181 9764,allanmah@bakdepot.com,,,,,,,,,,,,,,Gov List,"ACRA, Google Searches",,
,,16/12/2025,BILLY'S LIMOUSINE AGENT,BILLYS WESTERN URGENT,,TeleSales,,Offline Sources,Adhoc,,53119709C,,,,,,,,,,,,,,,,"B2C, Offline",,,,,,,,,,,,,,,,65 8768 8587,,,,,,,,,,,,,,,Gov List,"ACRA, Google Searches",,
,,16/12/2025,,OH MY MANGO,,TeleSales,,Offline Sources,Adhoc,,,,,,,,,,,,,,,,,,"B2C, Offline",,,,,,,,,,,,,,,,65 9066 0426,darwinkoh@gmail.com,,,,,,,,,,,,,,Gov List,"ACRA, Google Searches",,
,,16/12/2025,RAMEN CHAMPION PTE. LTD.,RAMEN CHAMPION & HOKKAIDO PARADISE,,TeleSales,,Offline Sources,Adhoc,,201113013Z,,,,,,,,,,,,,,,,"B2C, Offline",,,,,,,,,,,,,,,,65 8118 7306,chantel_lua@komarsgroup.com,,,,,,,,,,,,,,Gov List,"ACRA, Google Searches",,
,,16/12/2025,SONG FA RESERVE PTE. LTD.,SONG FA RESERVE SQ & SW,,TeleSales,,Offline Sources,Adhoc,,202330196H,,,,,,,,,,,,,,,,"B2C, Offline",,,,,,,,,,,,,,,,65 9067 0865,leonard.goh@songfa.com.sg,,,,,,,,,,,,,,Gov List,"ACRA, Google Searches",,
,,16/12/2025,GROUP THERAPY COFFEE PTE. LTD.,THERAPY COFFEE - WEILIN LOH,,TeleSales,,Offline Sources,Adhoc,,201105350R,,,,,,,,,,,,,,,,"B2C, Offline",,,,,,,,,,,,,,,,65 9743 7573,weilin.loh@gtcoffee.com,,,,,,,,,,,,,,Gov List,"ACRA, Google Searches",,
,,16/12/2025,SICHUAN CHEF PTE. LTD.,SI CHUAN CHEF,,TeleSales,,Offline Sources,Adhoc,,201423039Z,,,,,,,,,,,,,,,,"B2C, Offline",,,,,,,,,,,,,,,,65 6679 1763,admin@sichuan.com.sg,,,,,,,,,,,,,,Gov List,"ACRA, Google Searches",,
,,16/12/2025,XI YAN SEAFOOD RESTAURANT,YAN XI RESTAURANT INQUIRY,,TeleSales,,Offline Sources,Adhoc,,53387200J,,,,,,,,,,,,,,,,"B2C, Offline",,,,,,,,,,,,,,,,65 9724 9825,,,,,,,,,,,,,,,Gov List,"ACRA, Google Searches",,
,,16/12/2025,YECHUN XIAO JIANG NAN RESTAURANT GROUP PTE. LTD.,YECHUN XIAO JIANG NAN,,TeleSales,,Offline Sources,Adhoc,,201225830D,,,,,,,,,,,,,,,,"B2C, Offline",,,,,,,,,,,,,,,,65 6333 4038,,,,,65 6538 3968,,,,,,,,,,Gov List,"ACRA, Google Searches",,
,,16/12/2025,FAMCO AML MANAGEMENT PTE. LTD.,FIMCO MANAGEMENT,,TeleSales,,Offline Sources,Adhoc,,202021855R,,,,,,,,,,,,,,,,"B2C, Offline",,,,,,,,,,,,,,,,65 2148 2811,cherie.wong@fimco.com.my,,,,,,,,,,,,,,Gov List,"ACRA, Google Searches",,
,,16/12/2025,,SENTOSA LEISURE MANAGEMENT,,TeleSales,,Offline Sources,Adhoc,,,,,,,,,,,,,,,,,,"B2C, Offline",,,,,,,,,,,,,,,,65 8727 7179,see_cher_siong@sentosa.com.sg,,,,,,,,,,,,,,Gov List,"ACRA, Google Searches",,
,,16/12/2025,G.R.A.I.L. SG PTE. LTD.,L&R CATERING @ - +65 9118 0713,,TeleSales,,Offline Sources,Adhoc,,202432487G,,,,,,,,,,,,,,,,"B2C, Offline",,,,,,,,,,,,,,,,65 9118 0713,adoyciatpqx@hotmail.com,,,,,,,,,,,,,,Gov List,"ACRA, Google Searches",,
,,16/12/2025,BEAN,BEAN POT CHICKEN,,TeleSales,,Offline Sources,Adhoc,,53417717D,,,,,,,,,,,,,,,,"B2C, Offline",,,,,,,,,,,,,,,,65 6543 6566,,,,,,,,,,,,,,,Gov List,"ACRA, Google Searches",,
,,16/12/2025,OCTAPAS PRIVATE LIMITED,OCTAPAS SPANISH BAR AND RESTAURANT,,TeleSales,,Offline Sources,Adhoc,,200403500N,,,,,,,,,,,,,,,,"B2C, Offline",,,,,,,,,,,,,,,,65 9770 9489,joy@octapasasia.com,,,,,,,,,,,,,,Gov List,"ACRA, Google Searches",,
,,16/12/2025,DIAMOND KITCHEN PRIVATE LIMITED,DAIMOND KITCHEN,,TeleSales,,Offline Sources,Adhoc,,201110162W,,,,,,,,,,,,,,,,"B2C, Offline",,,,,,,,,,,,,,,,65 6448 0629,reservation@diamondkitchen.com.sg,,,,,,,,,,,,,,Gov List,"ACRA, Google Searches",,
,,16/12/2025,,BREAD JUNCTION,,TeleSales,,Offline Sources,Adhoc,,,,,,,,,,,,,,,,,,"B2C, Offline",,,,,,,,,,,,,,,,65 9070 9096,ken@gmail.com,,,,,,,,,,,,,,Gov List,"ACRA, Google Searches",,
,,16/12/2025,FOUR GULF POINTS PTE. LTD.,FOUR POINTS EATERY,,TeleSales,,Offline Sources,Adhoc,,202420683C,,,,,,,,,,,,,,,,"B2C, Offline",,,,,,,,,,,,,,,,65 6349 4872,reservation@fourpointssingaporeriverview.com,,,,,,,,,,,,,,Gov List,"ACRA, Google Searches",,
,,16/12/2025,GLC RESTAURANT,RESTAURANT 121,,TeleSales,,Offline Sources,Adhoc,,53397095D,,,,,,,,,,,,,,,,"B2C, Offline",,,,,,,,,,,,,,,,65 6382 2275,,,,,,,,,,,,,,,Gov List,"ACRA, Google Searches",,
,,16/12/2025,MIZNON PTE. LTD.,MIZNON COLD KNOCK,,TeleSales,,Offline Sources,Adhoc,,201943248E,,,,,,,,,,,,,,,,"B2C, Offline",,,,,,,,,,,,,,,,65 8872 8391,,,,,,,,,,,,,,,Gov List,"ACRA, Google Searches",,
,,16/12/2025,,DREAMS ESTABLISHMENT,,TeleSales,,Offline Sources,Adhoc,,,,,,,,,,,,,,,,,,"B2C, Offline",,,,,,,,,,,,,,,,65 6222 2972,evelyn@dreamsestablishment.com,,,,,,,,,,,,,,Gov List,"ACRA, Google Searches",,
,,16/12/2025,PICOTIN PTE. LTD.,PICOTIN EXPRESS,,TeleSales,,Offline Sources,Adhoc,,200713798N,,,,,,,,,,,,,,,,"B2C, Offline",,,,,,,,,,,,,,,,65 9125 2994,,,,,,,,,,,,,,,Gov List,"ACRA, Google Searches",,
,,16/12/2025,SG STYLE PTE. LTD.,STYLEZ @ - TO EATS365,,TeleSales,,Offline Sources,Adhoc,,201540819C,,,,,,,,,,,,,,,,"B2C, Offline",,,,,,,,,,,,,,,,65 9111 9450,ryito2@gmail.com,,,,,,,,,,,,,,Gov List,"ACRA, Google Searches",,
,,16/12/2025,TIONG BAHRU YONG TAO HU PTE. LTD.,YONG TAO HU,,TeleSales,,Offline Sources,Adhoc,,201733479W,,,,,,,,,,,,,,,,"B2C, Offline",,,,,,,,,,,,,,,,65 9239 4934,,,,,,,,,,,,,,,Gov List,"ACRA, Google Searches",,
,,16/12/2025,,4FINGERS CRISPY CHICKEN,,TeleSales,,Offline Sources,Adhoc,,,,,,,,,,,,,,,,,,"B2C, Offline",,,,,,,,,,,,,,,,65 6338 0631,feedback@4fingers.com,,,,65 9697 3443,dave@4fingers.com,,,,,,,,,Gov List,"ACRA, Google Searches",,
,,16/12/2025,,TAKE-OUT SALAD,,TeleSales,,Offline Sources,Adhoc,,,,,,,,,,,,,,,,,,"B2C, Offline",,,,,,,,,,,,,,,,65 9337 8418,cs@takeoutsalad.com,,,,,,,,,,,,,,Gov List,"ACRA, Google Searches",,
,,16/12/2025,GREAT RIVER SMARTER LOGISTICS (SINGAPORE) PTE. LTD.,SMARTQR FOR VIBE BISTRO REVISED QUOTE 1129,,TeleSales,,Offline Sources,Adhoc,,202028088E,,,,,,,,,,,,,,,,"B2C, Offline",,,,,,,,,,,,,,,,65 9824 2823,wilson@fullcircleholding.com,,,,,,,,,,,,,,Gov List,"ACRA, Google Searches",,
,,16/12/2025,BIRDIE NUM NUM,BIRDIE NUM NUM GASTRO BAR,,TeleSales,,Offline Sources,Adhoc,,53294980C,,,,,,,,,,,,,,,,"B2C, Offline",,,,,,,,,,,,,,,,65 8133 5666,birdienumnumgastrobar@gmail.com,,,,,,,,,,,,,,Gov List,"ACRA, Google Searches",,
,,16/12/2025,OBBA,OBBA KOREAN RESTAURANT,,TeleSales,,Offline Sources,Adhoc,,53478869J,,,,,,,,,,,,,,,,"B2C, Offline",,,,,,,,,,,,,,,,65 6463 9262,,,,,,,,,,,,,,,Gov List,"ACRA, Google Searches",,
,,16/12/2025,XIANG CAO TANG,XIANG CAO YUNAN COLD KNOCK,,TeleSales,,Offline Sources,Adhoc,,53475913X,,,,,,,,,,,,,,,,"B2C, Offline",,,,,,,,,,,,,,,,65 8511 0631,,,,,,,,,,,,,,,Gov List,"ACRA, Google Searches",,
,,16/12/2025,,NIVEKEN,,TeleSales,,Offline Sources,Adhoc,,,,,,,,,,,,,,,,,,"B2C, Offline",,,,,,,,,,,,,,,,65 6434 3826,joting@niveken.com,,,,,,,,,,,,,,Gov List,"ACRA, Google Searches",,
,,16/12/2025,ZAFFRON KITCHEN,ZAFFRON KITCHEN @ EAST COAST,,TeleSales,,Offline Sources,Adhoc,,53292555J,,,,,,,,,,,,,,,,"B2C, Offline",,,,,,,,,,,,,,,,65 6440 6786,info@zaffronkitchen.com,,,,65 9424 2706,prem@firstgourmet.com,,,,65 6844 1852,info@zaffronkitchen.com,,,,Gov List,"ACRA, Google Searches",,
,,16/12/2025,,NATURE 2000 INQUIRY,,TeleSales,,Offline Sources,Adhoc,,,,,,,,,,,,,,,,,,"B2C, Offline",,,,,,,,,,,,,,,,65 8684 4552,jytan@nature2000.com.sg,,,,,,,,,,,,,,Gov List,"ACRA, Google Searches",,
,,16/12/2025,JUSTIN WEE & ASSOCIATES PTE. LTD.,JUSTIN FLAVOURS OF ASIA,,TeleSales,,Offline Sources,Adhoc,,201712890K,,,,,,,,,,,,,,,,"B2C, Offline",,,,,,,,,,,,,,,,65 6688 7722,just.in@justinquek.com,,,,,,,,,,,,,,Gov List,"ACRA, Google Searches",,
,,16/12/2025,THE HEALER MEDICAL PRACTICES PTE LTD,THE FLAMESHACK,,TeleSales,,Offline Sources,Adhoc,,200000386H,,,,,,,,,,,,,,,,"B2C, Offline",,,,,,,,,,,,,,,,65 6440 9705,sales.theflameshack@gmail.com,,,,,,,,,,,,,,Gov List,"ACRA, Google Searches",,
,,16/12/2025,SHIN KUSHIYA PTE. LTD.,KUSHIYA JAPANESE GRILL,,TeleSales,,Offline Sources,Adhoc,,200608824R,,,,,,,,,,,,,,,,"B2C, Offline",,,,,,,,,,,,,,,,65 6275 8766,kelvin.lau@shinkushiya.com,,,,,,,,,,,,,,Gov List,"ACRA, Google Searches",,
,,16/12/2025,OH MA SPOON PTE. LTD.,OH SUN KOREAN FOOD,,TeleSales,,Offline Sources,Adhoc,,201502226N,,,,,,,,,,,,,,,,"B2C, Offline",,,,,,,,,,,,,,,,65 9049 0838,koryo@singnet.com.sg,,,,,,,,,,,,,,Gov List,"ACRA, Google Searches",,
,,16/12/2025,SG VIET PTE. LTD.,VIE5 S @ - WEB TO,,TeleSales,,Offline Sources,Adhoc,,202443511C,,,,,,,,,,,,,,,,"B2C, Offline",,,,,,,,,,,,,,,,65 8820 0151,anthony.nvh@vie5.com.sg,,,,,,,,,,,,,,Gov List,"ACRA, Google Searches",,
,,16/12/2025,,LOTUS THAI KITCHEN,,TeleSales,,Offline Sources,Adhoc,,,,,,,,,,,,,,,,,,"B2C, Offline",,,,,,,,,,,,,,,,65 8781 3009,,,,,,,,,,,,,,,Gov List,"ACRA, Google Searches",,
,,16/12/2025,DASHI PTE. LTD.,DASHI MASTER MARUSAYA,,TeleSales,,Offline Sources,Adhoc,,201935738Z,,,,,,,,,,,,,,,,"B2C, Offline",,,,,,,,,,,,,,,,65 6732 0383,t.nagano@marusaya.sg,,,,,,,,,,,,,,Gov List,"ACRA, Google Searches",,
,,16/12/2025,STRAITS CAT CLAN,STRAITS CLAN SOCIAL CLUB,,TeleSales,,Offline Sources,Adhoc,,53413400M,,,,,,,,,,,,,,,,"B2C, Offline",,,,,,,,,,,,,,,,65 8793 2263,minali_oommen@straitsclan.com,,,,,,,,,,,,,,Gov List,"ACRA, Google Searches",,
,,16/12/2025,CITA RASA AZIE,CITA RASA KITCHEN,,TeleSales,,Offline Sources,Adhoc,,53483079W,,,,,,,,,,,,,,,,"B2C, Offline",,,,,,,,,,,,,,,,65 6758 5888,,,,,,,,,,,,,,,Gov List,"ACRA, Google Searches",,
,,16/12/2025,MYO RESTOBAR PTE. LTD.,RESTAURANT @ OXLEY TOWER,,TeleSales,,Offline Sources,Adhoc,,201721958D,,,,,,,,,,,,,,,,"B2C, Offline",,,,,,,,,,,,,,,,65 9236 0994,,,,,,,,,,,,,,,Gov List,"ACRA, Google Searches",,
,,16/12/2025,CHIC-A-BOO CHICKEN SPECIALTY,CHIC A BOO,,TeleSales,,Offline Sources,Adhoc,,53340471A,,,,,,,,,,,,,,,,"B2C, Offline",,,,,,,,,,,,,,,,65 8100 8859,lili_ng@astons.com.sg,,,,,,,,,,,,,,Gov List,"ACRA, Google Searches",,
,,16/12/2025,HOUSE OF NB PTE. LTD.,HOUSE OF GIMBAP,,TeleSales,,Offline Sources,Adhoc,,201805838R,,,,,,,,,,,,,,,,"B2C, Offline",,,,,,,,,,,,,,,,65 6837 0765,,,,,,,,,,,,,,,Gov List,"ACRA, Google Searches",,
,,16/12/2025,THE CLIFFORD SPA PTE. LTD.,THE CLIFFORD PIER,,TeleSales,,Offline Sources,Adhoc,,201426680C,,,,,,,,,,,,,,,,"B2C, Offline",,,,,,,,,,,,,,,,65 6597 5266,,,,,,,,,,,,,,,Gov List,"ACRA, Google Searches",,
,,16/12/2025,CRAFT WINE.BISTRO ALL DAY BAR,CRAFT BISTRO,,TeleSales,,Offline Sources,Adhoc,,53407777C,,,,,,,,,,,,,,,,"B2C, Offline",,,,,,,,,,,,,,,,65 6467 7710,hello@crafgtbakery.com.sg,,,,,crafthv@gmail.com,,,,,,,,,Gov List,"ACRA, Google Searches",,
,,16/12/2025,ALLADIN PTE. LTD.,ALLADINS BRIYANI,,TeleSales,,Offline Sources,Adhoc,,201903033R,,,,,,,,,,,,,,,,"B2C, Offline",,,,,,,,,,,,,,,,65 9380 0239,faayizali1@gmail.com,,,,,,,,,,,,,,Gov List,"ACRA, Google Searches",,
,,16/12/2025,ICHIGO PTE. LTD.,ICHIHO F&B,,TeleSales,,Offline Sources,Adhoc,,200601852W,,,,,,,,,,,,,,,,"B2C, Offline",,,,,,,,,,,,,,,,65 8202 8168,ichihofb@gmail.com,,,,65 9855 6862,katatsufb@gmail.com,,,,,,,,,Gov List,"ACRA, Google Searches",,
,,16/12/2025,,EXALT LTD1 OUTLET,,TeleSales,,Offline Sources,Adhoc,,,,,,,,,,,,,,,,,,"B2C, Offline",,,,,,,,,,,,,,,,65 9797 2714,,,,,,,,,,,,,,,Gov List,"ACRA, Google Searches",,
,,16/12/2025,MAHADA PTE. LTD.,MAHADYA,,TeleSales,,Offline Sources,Adhoc,,202233228C,,,,,,,,,,,,,,,,"B2C, Offline",,,,,,,,,,,,,,,,65 1442 3025,afzal.ahmed@mahadya.co.id,,,,,,,,,,,,,,Gov List,"ACRA, Google Searches",,
,,16/12/2025,,ZARKS FOOD VENTURES,,TeleSales,,Offline Sources,Adhoc,,,,,,,,,,,,,,,,,,"B2C, Offline",,,,,,,,,,,,,,,,65 7636 5373,krisparsley.zarksburgers@gmail.com,,,,,,,,,,,,,,Gov List,"ACRA, Google Searches",,
,,16/12/2025,MYO RESTOBAR PTE. LTD.,MYO RESTROBAR,,TeleSales,,Offline Sources,Adhoc,,201721958D,,,,,,,,,,,,,,,,"B2C, Offline",,,,,,,,,,,,,,,,65 8369 6499,angchongngan@gmail.com,,,,,,,,,,,,,,Gov List,"ACRA, Google Searches",,
,,16/12/2025,YONO,ICE YODO,,TeleSales,,Offline Sources,Adhoc,,53491289C,,,,,,,,,,,,,,,,"B2C, Offline",,,,,,,,,,,,,,,,65 9820 2602,cwsparklej@gmail.com,,,,,,,,,,,,,,Gov List,"ACRA, Google Searches",,
,,16/12/2025,,TENSHIN RESTAURANT,,TeleSales,,Offline Sources,Adhoc,,,,,,,,,,,,,,,,,,"B2C, Offline",,,,,,,,,,,,,,,,65 6735 4588,tenshinrest@gmail.com,,,,65 6735 4588,,,,,,,,,,Gov List,"ACRA, Google Searches",,
,,16/12/2025,,WINNIES,,TeleSales,,Offline Sources,Adhoc,,,,,,,,,,,,,,,,,,"B2C, Offline",,,,,,,,,,,,,,,,65 9652 5358,hello@winnies.sg,,,,,,,,,,,,,,Gov List,"ACRA, Google Searches",,
,,16/12/2025,J.B. AH MENG RESTAURANT PTE. LTD.,JB AH MENG RESTAURANT GEYLANG,,TeleSales,,Offline Sources,Adhoc,,201630261R,,,,,,,,,,,,,,,,"B2C, Offline",,,,,,,,,,,,,,,,65 9144 2022,,,,,,,,,,,,,,,Gov List,"ACRA, Google Searches",,
,,16/12/2025,TIAN XIANG WANG PTE. LTD.,TIANG XIANG WANG TIAN XIANG WANG & CENTRAL KITCHEN OUTLET,,TeleSales,,Offline Sources,Adhoc,,201623780N,,,,,,,,,,,,,,,,"B2C, Offline",,,,,,,,,,,,,,,,65 8930 9938,,,,,,,,,,,,,,,Gov List,"ACRA, Google Searches",,
,,16/12/2025,SEAR MGT PTE. LTD.,SEAR,,TeleSales,,Offline Sources,Adhoc,,201800321M,,,,,,,,,,,,,,,,"B2C, Offline",,,,,,,,,,,,,,,,65 6221 9555,yvonne@hiddendoor.com.sg,,,,,,,,,,,,,,Gov List,"ACRA, Google Searches",,
,,16/12/2025,CKE TRANSPORT,CKE CARLS JR RESTAURANT,,TeleSales,,Offline Sources,Adhoc,,53436331L,,,,,,,,,,,,,,,,"B2C, Offline",,,,,,,,,,,,,,,,65 9511 3080,sngea@ckr.com,,,,,,,,,,,,,,Gov List,"ACRA, Google Searches",,
,,16/12/2025,LUKE'S OYSTER BAR AND CHOP HOUSE,LUKES OYSTER BAR CHOP HOUSE @ GEMMILL LANE,,TeleSales,,Offline Sources,Adhoc,,53194486K,,,,,,,,,,,,,,,,"B2C, Offline",,,,,,,,,,,,,,,,65 8125 0420,chris@tmrg.com.sg,,,,,,,,,,,,,,Gov List,"ACRA, Google Searches",,
,,16/12/2025,ASIA CUISINE.COM PTE. LTD.,COMO CUISINE COLD KNOCK,,TeleSales,,Offline Sources,Adhoc,,200602934E,,,,,,,,,,,,,,,,"B2C, Offline",,,,,,,,,,,,,,,,65 8275 0936,,,,,,,,,,,,,,,Gov List,"ACRA, Google Searches",,
,,16/12/2025,THE EMO BROTHERS PTE. LTD.,THE EMOS,,TeleSales,,Offline Sources,Adhoc,,202423847M,,,,,,,,,,,,,,,,"B2C, Offline",,,,,,,,,,,,,,,,65 6440 0113,emos.eastcoast@gmail.com,,,,,,,,,,,,,,Gov List,"ACRA, Google Searches",,
,,16/12/2025,PERFECT TREATS PTE. LTD.,PREFECT TREATS,,TeleSales,,Offline Sources,Adhoc,,201024391N,,,,,,,,,,,,,,,,"B2C, Offline",,,,,,,,,,,,,,,,65 2616 1324,ryan_poh@morganfields.com,,,,,,,,,,,,,,Gov List,"ACRA, Google Searches",,
,,16/12/2025,,SIMPLY SANDWICH,,TeleSales,,Offline Sources,Adhoc,,,,,,,,,,,,,,,,,,"B2C, Offline",,,,,,,,,,,,,,,,65 8282 3235,simplysandwichtt@gmail.com,,,,,,,,,,,,,,Gov List,"ACRA, Google Searches",,
,,16/12/2025,MY MUMS KITCHEN PTE. LTD.,MY MUMS MEAL,,TeleSales,,Offline Sources,Adhoc,,202025556H,,,,,,,,,,,,,,,,"B2C, Offline",,,,,,,,,,,,,,,,65 9027 0847,,,,,,,,,,,,,,,Gov List,"ACRA, Google Searches",,
,,16/12/2025,GO INBOUND PRIVATE LIMITED,INBOUND LEADSOLO RISTORANTE COLD KNOCK,,TeleSales,,Offline Sources,Adhoc,,202112662H,,,,,,,,,,,,,,,,"B2C, Offline",,,,,,,,,,,,,,,,65 9134 3167,angelalyx@live.com,,,,,,,,,,,,,,Gov List,"ACRA, Google Searches",,
,,16/12/2025,SUPER DARIO LASAGNE PTE. LTD.,SUPER DARIO LASAGNE CAFE COLD CALL,,TeleSales,,Offline Sources,Adhoc,,201417664W,,,,,,,,,,,,,,,,"B2C, Offline",,,,,,,,,,,,,,,,65 9151 2196,,,,,,,,,,,,,,,Gov List,"ACRA, Google Searches",,
,,16/12/2025,XIN YUE SPORT SERVICES TRADING ENTERPRISE,XIN YUE CANTONESE RESTAURANT,,TeleSales,,Offline Sources,Adhoc,,53284046A,,,,,,,,,,,,,,,,"B2C, Offline",,,,,,,,,,,,,,,,65 6235 8854,,,,,,,,,,,,,,,Gov List,"ACRA, Google Searches",,
,,16/12/2025,KINKI,KINKI RESTAURANT & BAR,,TeleSales,,Offline Sources,Adhoc,,53243158L,,,,,,,,,,,,,,,,"B2C, Offline",,,,,,,,,,,,,,,,65 6830 6830,enquiry@kinki.com.sg,,,,,,,,,,,,,,Gov List,"ACRA, Google Searches",,
,,16/12/2025,CHEF'S HATS,CHEFS HATS,,TeleSales,,Offline Sources,Adhoc,,53198968B,,,,,,,,,,,,,,,,"B2C, Offline",,,,,,,,,,,,,,,,65 9479 9101,,,,,,,,,,,,,,,Gov List,"ACRA, Google Searches",,
,,16/12/2025,MUUGU STUDIOS,MUUGU FORK,,TeleSales,,Offline Sources,Adhoc,,53458869K,,,,,,,,,,,,,,,,"B2C, Offline",,,,,,,,,,,,,,,,65 6292 7363,contact@muugu.com,,,,,,,,,,,,,,Gov List,"ACRA, Google Searches",,
,,16/12/2025,DA PAOLO GROUP PTE. LTD.,DA PAOLO -- FOR WEB SOLUTIUONS,,TeleSales,,Offline Sources,Adhoc,,198905296C,,,,,,,,,,,,,,,,"B2C, Offline",,,,,,,,,,,,,,,,65 9847 7970,,,,,,,,,,,,,,,Gov List,"ACRA, Google Searches",,
,,16/12/2025,THE HOTEL LOT,REGAL HOTEL,,TeleSales,,Offline Sources,Adhoc,,53250330M,,,,,,,,,,,,,,,,"B2C, Offline",,,,,,,,,,,,,,,,65 2837 3150,kathy.ma@regalhotel.com,,,,,,,,,,,,,,Gov List,"ACRA, Google Searches",,
,,16/12/2025,KAZU SUMIYAKI RESTAURANT PTE LTD,KAZU SUMI YAKI RESTAURANT,,TeleSales,,Offline Sources,Adhoc,,198702350D,,,,,,,,,,,,,,,,"B2C, Offline",,,,,,,,,,,,,,,,65 9630 9574,kazushi@singnet.com.sg,,,,,,,,,,,,,,Gov List,"ACRA, Google Searches",,
,,16/12/2025,OWN BAK KUT TEH AND PIG'S ORGAN SOUP,OWNS 1 CAFE AND 1 MORE TO OPEN SOON,,TeleSales,,Offline Sources,Adhoc,,53384765J,,,,,,,,,,,,,,,,"B2C, Offline",,,,,,,,,,,,,,,,65 3199 6133,sutarsa@watchworldindonesia.com,,,,,,,,,,,,,,Gov List,"ACRA, Google Searches",,
,,16/12/2025,UNCLE HO PTE. LTD.,UNCLE HO TUCKSHOP,,TeleSales,,Offline Sources,Adhoc,,201502930D,,,,,,,,,,,,,,,,"B2C, Offline",,,,,,,,,,,,,,,,65 9624 5791,sales888@unclehostuckshop.com,,,,,,,,,,,,,,Gov List,"ACRA, Google Searches",,
,,16/12/2025,SI WEI CC PTE. LTD.,SI WEI CUISINE,,TeleSales,,Offline Sources,Adhoc,,201814276Z,,,,,,,,,,,,,,,,"B2C, Offline",,,,,,,,,,,,,,,,65 6221 6836,emyli0930@gmail.com,,,,,,,,,,,,,,Gov List,"ACRA, Google Searches",,
,,16/12/2025,,SHINAGI,,TeleSales,,Offline Sources,Adhoc,,,,,,,,,,,,,,,,,,"B2C, Offline",,,,,,,,,,,,,,,,65 9340 3891,iwan.golf@yahoo.com,,,,,,,,,,,,,,Gov List,"ACRA, Google Searches",,
,,16/12/2025,ATTICA CAR LEASING PTE. LTD.,ATTICA BAR,,TeleSales,,Offline Sources,Adhoc,,201711702G,,,,,,,,,,,,,,,,"B2C, Offline",,,,,,,,,,,,,,,,65 6333 9973,krishnant@attica.com.sg,,,,,,,,,,,,,,Gov List,"ACRA, Google Searches",,
,,16/12/2025,NIAN RESTAURANT FISH SOUP PTE. LTD.,SOUP RESTAURANT- SMARTCONNECT,,TeleSales,,Offline Sources,Adhoc,,202427065E,,,,,,,,,,,,,,,,"B2C, Offline",,,,,,,,,,,,,,,,65 6645 9326,,,,,,,,,,,,,,,Gov List,"ACRA, Google Searches",,
,,16/12/2025,JAMIES CRAFTS,JAMIES ITALIAN,,TeleSales,,Offline Sources,Adhoc,,53439458B,,,,,,,,,,,,,,,,"B2C, Offline",,,,,,,,,,,,,,,,65 6733 5500,enquiries@jamiesitalian.sg,,,,,,,,,,,,,,Gov List,"ACRA, Google Searches",,
,,16/12/2025,,ENG WAH,,TeleSales,,Offline Sources,Adhoc,,,,,,,,,,,,,,,,,,"B2C, Offline",,,,,,,,,,,,,,,,65 9855 0769,athaliaho@engwah.com.sg,,,,,,,,,,,,,,Gov List,"ACRA, Google Searches",,
,,16/12/2025,SOUPER TANG SINGAPORE PTE. LTD.,SOUPER TANG,,TeleSales,,Offline Sources,Adhoc,,201601719N,,,,,,,,,,,,,,,,"B2C, Offline",,,,,,,,,,,,,,,,65 6737 6772,roy@soupertang.sg,,,,,,,,,,,,,,Gov List,"ACRA, Google Searches",,
,,16/12/2025,NANYANG FRIED CHICKEN RICE,NANYANG CHICKEN,,TeleSales,,Offline Sources,Adhoc,,53485696M,,,,,,,,,,,,,,,,"B2C, Offline",,,,,,,,,,,,,,,,65 9002 2500,ken@nanyangsauce.com,,,,,,,,,,,,,,Gov List,"ACRA, Google Searches",,
,,16/12/2025,PASTA E FORMAGGIO PTE. LTD.,PASTA E FORMAGGIO @ OXLEY TOWER,,TeleSales,,Offline Sources,Adhoc,,201712748Z,,,,,,,,,,,,,,,,"B2C, Offline",,,,,,,,,,,,,,,,65 8752 2100,chefanup@ymail.com,,,,,,,,,,,,,,Gov List,"ACRA, Google Searches",,
,,16/12/2025,,GONG CHA,,TeleSales,,Offline Sources,Adhoc,,,,,,,,,,,,,,,,,,"B2C, Offline",,,,,,,,,,,,,,,,65 6200 2288,sujata.quek@gong-cha-sg.com,,,,,,,,,,,,,,Gov List,"ACRA, Google Searches",,
,,16/12/2025,,SO GOOD BAKERY,,TeleSales,,Offline Sources,Adhoc,,,,,,,,,,,,,,,,,,"B2C, Offline",,,,,,,,,,,,,,,,,jennifer@sogoodbakery.com,,,,,,,,,,,,,,Gov List,"ACRA, Google Searches",,
,,16/12/2025,SKOSH PTE. LTD.,THEHEYCO- SMARTWEB + SMARTCONNECT,,TeleSales,,Offline Sources,Adhoc,,201333585G,,,,,,,,,,,,,,,,"B2C, Offline",,,,,,,,,,,,,,,,65 9338 7773,shaun@theheyco.com,,,,,,,,,,,,,,Gov List,"ACRA, Google Searches",,
,,16/12/2025,HUGGS BRAND PTE. LTD.,HUGGS-EPIGRAM,,TeleSales,,Offline Sources,Adhoc,,201727713G,,,,,,,,,,,,,,,,"B2C, Offline",,,,,,,,,,,,,,,,65 9450 9148,kala@mishlei.com.sg,,,,,,,,,,,,,,Gov List,"ACRA, Google Searches",,
,,16/12/2025,GREYBOX KATONG (SINGAPORE) PTE. LTD.,GREYBOX CAFE,,TeleSales,,Offline Sources,Adhoc,,202432941D,,,,,,,,,,,,,,,,"B2C, Offline",,,,,,,,,,,,,,,,65 9128 2081,,,,,,,,,,,,,,,Gov List,"ACRA, Google Searches",,
,,16/12/2025,BEAUTY BAR BY BEVERLYN CHONG,8 BAR CHONG QING GRILL FISH,,TeleSales,,Offline Sources,Adhoc,,53474720E,,,,,,,,,,,,,,,,"B2C, Offline",,,,,,,,,,,,,,,,65 9068 1878,jonathan.soh@8ightbar.com,,,,,,,,,,,,,,Gov List,"ACRA, Google Searches",,
,,16/12/2025,NYA BESAR KITCHEN LLP,NYAM NYAM KITCHEN,,TeleSales,,Offline Sources,Adhoc,,T19LL0815A,,,,,,,,,,,,,,,,"B2C, Offline",,,,,,,,,,,,,,,,65 6344 1224,nyamyamkitchen@gmail.com,,,,,,,,,,,,,,Gov List,"ACRA, Google Searches",,
,,16/12/2025,HONEYMOON,HONEYMOON DESSERT,,TeleSales,,Offline Sources,Adhoc,,53475264X,,,,,,,,,,,,,,,,"B2C, Offline",,,,,,,,,,,,,,,,65 8613 3688,petter.zhu@multiconceptslink.com,,,,,,,,,,,,,,Gov List,"ACRA, Google Searches",,
,,16/12/2025,BARASHITEI PTE. LTD.,BARASHI-TEI,,TeleSales,,Offline Sources,Adhoc,,201604194D,,,,,,,,,,,,,,,,"B2C, Offline",,,,,,,,,,,,,,,,65 9798 2961,,,,,,,,,,,,,,,Gov List,"ACRA, Google Searches",,
,,16/12/2025,JOSEPHINE CHONG LLC,JOSEPHINE FRENCH CUISINE & WINE BAR SMARTTERMINAL,,TeleSales,,Offline Sources,Adhoc,,201510517C,,,,,,,,,,,,,,,,"B2C, Offline",,,,,,,,,,,,,,,,65 9107 5941,othmane@ascepartners.com,,,,,,,,,,,,,,Gov List,"ACRA, Google Searches",,
,,16/12/2025,CHONGQING PREMIUM GRILLED FISH PTE. LTD.,CHONG QING GRILLED FISH,,TeleSales,,Offline Sources,Adhoc,,202021339C,,,,,,,,,,,,,,,,"B2C, Offline",,,,,,,,,,,,,,,,65 6333 9148,info@8ightbar.com,,,,65 6225 0087,,,,,65 6298 0454,,,,,Gov List,"ACRA, Google Searches",,
,,16/12/2025,ADDICTUDE PTE. LTD.,ADDICTUDE INQUIRY,,TeleSales,,Offline Sources,Adhoc,,201933792W,,,,,,,,,,,,,,,,"B2C, Offline",,,,,,,,,,,,,,,,65 8881 9485,addictude@addictudesg.com,,,,,,,,,,,,,,Gov List,"ACRA, Google Searches",,
,,16/12/2025,HANASHIZUKU JAPANESE CUISINE,HANASHIZUKU,,TeleSales,,Offline Sources,Adhoc,,53115439D,,,,,,,,,,,,,,,,"B2C, Offline",,,,,,,,,,,,,,,,65 6733 7498,,,,,,,,,,,,,,,Gov List,"ACRA, Google Searches",,
,,16/12/2025,,BAO MAKERS BAR,,TeleSales,,Offline Sources,Adhoc,,,,,,,,,,,,,,,,,,"B2C, Offline",,,,,,,,,,,,,,,,65 6291 2330,contactus@baomakers.com,,,,,,,,,,,,,,Gov List,"ACRA, Google Searches",,
,,16/12/2025,BIBIKGOURMAND PTE. LTD.,BIBIGO,,TeleSales,,Offline Sources,Adhoc,,201707620R,,,,,,,,,,,,,,,,"B2C, Offline",,,,,,,,,,,,,,,,65 9777 8245,jeffery@cj.net,,,,,,,,,,,,,,Gov List,"ACRA, Google Searches",,
,,16/12/2025,SUNNYCHOICE PTE. LTD.,SUNNY CHOICE,,TeleSales,,Offline Sources,Adhoc,,200616118K,,,,,,,,,,,,,,,,"B2C, Offline",,,,,,,,,,,,,,,,65 6272 3138,info@sunnychoice.com.sg,,,,,info@sunnychoice.com.sg,,,,,,,,,Gov List,"ACRA, Google Searches",,
,,16/12/2025,KEBABCHI F&B PTE. LTD.,KEBABCHI CHARCOAL BBQ,,TeleSales,,Offline Sources,Adhoc,,201623289Z,,,,,,,,,,,,,,,,"B2C, Offline",,,,,,,,,,,,,,,,65 9067 1070,b.urrehman@gmail.com,,,,,,,,,,,,,,Gov List,"ACRA, Google Searches",,
,,16/12/2025,GLOBOTIX PTE. LTD.,GLOBOTIZ,,TeleSales,,Offline Sources,Adhoc,,201616138C,,,,,,,,,,,,,,,,"B2C, Offline",,,,,,,,,,,,,,,,65 9730 0375,annie@globotix.sg,,,,,,,,,,,,,,Gov List,"ACRA, Google Searches",,
,,16/12/2025,W-39 BISTRO LLP,W39 BISTRO & BAKERY,,TeleSales,,Offline Sources,Adhoc,,T13LL0439A,,,,,,,,,,,,,,,,"B2C, Offline",,,,,,,,,,,,,,,,65 9092 5015,contact@w39bistro.com,,,,,,,,,,,,,,Gov List,"ACRA, Google Searches",,
,,16/12/2025,GOODWOOD HOLDING PTE. LTD.,GOODWOOD INQUIRY,,TeleSales,,Offline Sources,Adhoc,,201230550C,,,,,,,,,,,,,,,,"B2C, Offline",,,,,,,,,,,,,,,,65 9023 7766,shawnthamwk@gmail.com,,,,,,,,,,,,,,Gov List,"ACRA, Google Searches",,
,,16/12/2025,BRASEIRO PRIVATE LIMITED,BRASEIRO RESTAURANT,,TeleSales,,Offline Sources,Adhoc,,201433422G,,,,,,,,,,,,,,,,"B2C, Offline",,,,,,,,,,,,,,,,65 9116 3304,,,,,,,,,,,,,,,Gov List,"ACRA, Google Searches",,
,,16/12/2025,HARBOURFRONT CENTRE PTE. LTD.,HORBOURF RONT CENTRE,,TeleSales,,Offline Sources,Adhoc,,200005756K,,,,,,,,,,,,,,,,"B2C, Offline",,,,,,,,,,,,,,,,65 6238 0511,,,,,65 6904 9568,,,,,,,,,,Gov List,"ACRA, Google Searches",,
,,16/12/2025,THE SNACK KORNER LLP,THE SNACK COMER,,TeleSales,,Offline Sources,Adhoc,,T17LL0764G,,,,,,,,,,,,,,,,"B2C, Offline",,,,,,,,,,,,,,,,65 9385 2414,kenny@tsk.com.sg,,,,,,,,,,,,,,Gov List,"ACRA, Google Searches",,
,,16/12/2025,,HATTENDO CAFE KIOSK,,TeleSales,,Offline Sources,Adhoc,,,,,,,,,,,,,,,,,,"B2C, Offline",,,,,,,,,,,,,,,,65 8451 0055,hsg_info@hattendo.net,,,,,,,,,,,,,,Gov List,"ACRA, Google Searches",,
,,16/12/2025,ANDERSEN'S OF DENMARK (ASIA) PTE LTD,ANDERSENS OF DENMARK ICE CREAM,,TeleSales,,Offline Sources,Adhoc,,199403289R,,,,,,,,,,,,,,,,"B2C, Offline",,,,,,,,,,,,,,,,65 6846 9555,,,,,65 6634 2308,,,,,65 6634 2308,,,,,Gov List,"ACRA, Google Searches",,
,,16/12/2025,YAKINIKU-GO,YAKINIKU WARRIOR,,TeleSales,,Offline Sources,Adhoc,,53425302D,,,,,,,,,,,,,,,,"B2C, Offline",,,,,,,,,,,,,,,,65 9236 6352,yakinikuwarrior89@gmail.com,,,,,,,,,,,,,,Gov List,"ACRA, Google Searches",,
,,16/12/2025,PEPERONI PTE. LTD.,PEPERONI LES AMIS,,TeleSales,,Offline Sources,Adhoc,,200300719C,,,,,,,,,,,,,,,,"B2C, Offline",,,,,,,,,,,,,,,,65 6884 7737,peperonifeedback@lesamis.com.sg,,,,,,,,,,,,,,Gov List,"ACRA, Google Searches",,
,,16/12/2025,BREAKFASTGRILL PRIVATE LIMITED,BREAKFAST GRILL,,TeleSales,,Offline Sources,Adhoc,,202141780E,,,,,,,,,,,,,,,,"B2C, Offline",,,,,,,,,,,,,,,,65 8612 8807,,,,,,,,,,,,,,,Gov List,"ACRA, Google Searches",,
,,16/12/2025,HYANGTOGOL (KOREAN RESTAURANT) PTE. LTD.,HYANG TO GOL RESTAURANT,,TeleSales,,Offline Sources,Adhoc,,200600921G,,,,,,,,,,,,,,,,"B2C, Offline",,,,,,,,,,,,,,,,65 6220 7160,hyangtogol@hyangtogol.com,,,,,,,,,,,,,,Gov List,"ACRA, Google Searches",,
,,16/12/2025,TENDERFRESH FRIED & BBQ CHICKEN PTE LTD,TENDERFRESH CLASSIC,,TeleSales,,Offline Sources,Adhoc,,199307830D,,,,,,,,,,,,,,,,"B2C, Offline",,,,,,,,,,,,,,,,65 9067 3050,kelvin.chua@tenderfresh.com.sg,,,,,,,,,,,,,,Gov List,"ACRA, Google Searches",,
,,16/12/2025,YAKINIKU DAI DO MON (PTE) LTD,YAKINIKU DAIDOMON,,TeleSales,,Offline Sources,Adhoc,,198201458K,,,,,,,,,,,,,,,,"B2C, Offline",,,,,,,,,,,,,,,,65 6356 7577,,,,,,,,,,,,,,,Gov List,"ACRA, Google Searches",,
,,16/12/2025,GOLDENSPOON COLLECTION PTE. LTD.,THE GOLDEN SPOON SEAFOOD BEACH,,TeleSales,,Offline Sources,Adhoc,,202525771G,,,,,,,,,,,,,,,,"B2C, Offline",,,,,,,,,,,,,,,,65 6536 2218,,,,,,,,,,,,,,,Gov List,"ACRA, Google Searches",,
,,16/12/2025,SONGBIRDS BAR & BISTRO PTE. LTD.,SONG BIRDS BAR & BISTRO,,TeleSales,,Offline Sources,Adhoc,,202330325W,,,,,,,,,,,,,,,,"B2C, Offline",,,,,,,,,,,,,,,,65 8670 1438,na@gmail.com,,,,,,,,,,,,,,Gov List,"ACRA, Google Searches",,
,,16/12/2025,XPERIENCE DMC PRIVATE LIMITED,XPERIENCE RESTAURANT,,TeleSales,,Offline Sources,Adhoc,,201820919K,,,,,,,,,,,,,,,,"B2C, Offline",,,,,,,,,,,,,,,,65 6701 6800,,,,,,,,,,,,,,,Gov List,"ACRA, Google Searches",,
,,16/12/2025,PT. FREEPORT INDONESIA,PT CARTENZ TECHNOLOGY INDONESIA,,TeleSales,,Offline Sources,Adhoc,,S92FC4395F,,,,,,,,,,,,,,,,"B2C, Offline",,,,,,,,,,,,,,,,65 2977 2929,alim@cartenz.co.id,,,,,,,,,,,,,,Gov List,"ACRA, Google Searches",,
,,16/12/2025,,ALTERNATIVE SELECTION,,TeleSales,,Offline Sources,Adhoc,,,,,,,,,,,,,,,,,,"B2C, Offline",,,,,,,,,,,,,,,,65 6817 4624,juno@alternative.sg,,,,,,,,,,,,,,Gov List,"ACRA, Google Searches",,
,,16/12/2025,,NAKAJIMA SUISAN,,TeleSales,,Offline Sources,Adhoc,,,,,,,,,,,,,,,,,,"B2C, Offline",,,,,,,,,,,,,,,,65 6686 2361,,,,,,,,,,,,,,,Gov List,"ACRA, Google Searches",,
,,16/12/2025,HIGHLANDER BAR PTE. LTD.,HIGHLANDER BAR & RESTAURANT,,TeleSales,,Offline Sources,Adhoc,,200516298D,,,,,,,,,,,,,,,,"B2C, Offline",,,,,,,,,,,,,,,,65 6235 9528,louie@highlanderasia.com,,,,,,,,,,,,,,Gov List,"ACRA, Google Searches",,
,,16/12/2025,,COO BISTRO,,TeleSales,,Offline Sources,Adhoc,,,,,,,,,,,,,,,,,,"B2C, Offline",,,,,,,,,,,,,,,,65 6221 7060,silas@staycoo.com,,,,,,,,,,,,,,Gov List,"ACRA, Google Searches",,
,,16/12/2025,YUMMO CHOW LLP,YUMMOCHOW,,TeleSales,,Offline Sources,Adhoc,,T17LL0379F,,,,,,,,,,,,,,,,"B2C, Offline",,,,,,,,,,,,,,,,65 9827 1173,yummochow@gmail.com,,,,,,,,,,,,,,Gov List,"ACRA, Google Searches",,
,,16/12/2025,W-39 BISTRO LLP,W39 BISTRO AND BAKERY,,TeleSales,,Offline Sources,Adhoc,,T13LL0439A,,,,,,,,,,,,,,,,"B2C, Offline",,,,,,,,,,,,,,,,65 8113 7056,beiyi.l@outlook.com,,,,,,,,,,,,,,Gov List,"ACRA, Google Searches",,
,,16/12/2025,PRASANNA'S PTE. LTD.,PRASANAS,,TeleSales,,Offline Sources,Adhoc,,202008917Z,,,,,,,,,,,,,,,,"B2C, Offline",,,,,,,,,,,,,,,,65 6861 0363,,,,,,,,,,,,,,,Gov List,"ACRA, Google Searches",,
,,16/12/2025,HEIJOUEN SG PTE. LTD.,HEIJOEN,,TeleSales,,Offline Sources,Adhoc,,201601751W,,,,,,,,,,,,,,,,"B2C, Offline",,,,,,,,,,,,,,,,65 6538 2981,heijouen-sgg@outlook.jp,,,,,,,,,,,,,,Gov List,"ACRA, Google Searches",,
,,16/12/2025,RISTORANTE PIETRASANTA PTE. LTD.,PIETRASANTA,,TeleSales,,Offline Sources,Adhoc,,200720670R,,,,,,,,,,,,,,,,"B2C, Offline",,,,,,,,,,,,,,,,65 6479 9521,finance@acs-sea.com.sg,,,,,,,,,,,,,,Gov List,"ACRA, Google Searches",,
,,16/12/2025,VESPETTA RESTO PTE. LTD.,VESPETTA ITALIAN RESTAURANT,,TeleSales,,Offline Sources,Adhoc,,201627512D,,,,,,,,,,,,,,,,"B2C, Offline",,,,,,,,,,,,,,,,65 8221 4676,vespettagastrobar@gmail.com,,,,,,,,,,,,,,Gov List,"ACRA, Google Searches",,
,,16/12/2025,,FUYOU LIABILITY PARTNERSHIP,,TeleSales,,Offline Sources,Adhoc,,,,,,,,,,,,,,,,,,"B2C, Offline",,,,,,,,,,,,,,,,65 9181 3362,meu.enquiry@gmail.com,,,,,,,,,,,,,,Gov List,"ACRA, Google Searches",,
,,16/12/2025,AYASOFYA LLP,AYASOFYA TURKISH RESTAURANT,,TeleSales,,Offline Sources,Adhoc,,T05LL1103B,,,,,,,,,,,,,,,,"B2C, Offline",,,,,,,,,,,,,,,,65 8171 2115,,,,,,,,,,,,,,,Gov List,"ACRA, Google Searches",,
,,16/12/2025,ACCORDONS ENTERPRISE (SINGAPORE) PTE. LTD.,PACE @ -- TO,,TeleSales,,Offline Sources,Adhoc,,201420738C,,,,,,,,,,,,,,,,"B2C, Offline",,,,,,,,,,,,,,,,65 9111 9050,kenley.goh@pacenow.co,,,,,,,,,,,,,,Gov List,"ACRA, Google Searches",,
,,16/12/2025,KEBABCHI F&B PTE. LTD.,KEBABCHI CHARCOAL BBQ ST,,TeleSales,,Offline Sources,Adhoc,,201623289Z,,,,,,,,,,,,,,,,"B2C, Offline",,,,,,,,,,,,,,,,65 8333 0109,essarem_61@hotmail.com,,,,,,,,,,,,,,Gov List,"ACRA, Google Searches",,
,,16/12/2025,BRAAIPITT,BRAAIHUT,,TeleSales,,Offline Sources,Adhoc,,53459241D,,,,,,,,,,,,,,,,"B2C, Offline",,,,,,,,,,,,,,,,65 2021 8997,dharmeshbhula@braai-hut.com,,,,,,,,,,,,,,Gov List,"ACRA, Google Searches",,
,,16/12/2025,SAHNMUSHA YAKIBAR LIMITED LIABILITY PARTNERSHIP,YAKIBABAR,,TeleSales,,Offline Sources,Adhoc,,T21LL1316G,,,,,,,,,,,,,,,,"B2C, Offline",,,,,,,,,,,,,,,,65 9880 1311,,,,,,,,,,,,,,,Gov List,"ACRA, Google Searches",,
,,16/12/2025,LVL2 BISTRO LLP,PANDA BISTRO,,TeleSales,,Offline Sources,Adhoc,,T18LL0328A,,,,,,,,,,,,,,,,"B2C, Offline",,,,,,,,,,,,,,,,65 8942 8742,luhui0812@outlook.com,,,,,,,,,,,,,,Gov List,"ACRA, Google Searches",,
,,16/12/2025,SALTHOUSE HOLDINGS PTE. LTD.,MALTHOUSE,,TeleSales,,Offline Sources,Adhoc,,202442222E,,,,,,,,,,,,,,,,"B2C, Offline",,,,,,,,,,,,,,,,65 9299 5673,jeremy@easterncraft.com,,,,,,,,,,,,,,Gov List,"ACRA, Google Searches",,
,,16/12/2025,PERCOLATE PTE. LTD.,PERCOLATE CHOCOLATE COLD KNOCK,,TeleSales,,Offline Sources,Adhoc,,202505381E,,,,,,,,,,,,,,,,"B2C, Offline",,,,,,,,,,,,,,,,65 9663 9171,,,,,,,,,,,,,,,Gov List,"ACRA, Google Searches",,
,,16/12/2025,FOUNTAIN INVESTMENT HOLDINGS PRIVATE LIMITED,FOUNTAIN HOT POT,,TeleSales,,Offline Sources,Adhoc,,201102685D,,,,,,,,,,,,,,,,"B2C, Offline",,,,,,,,,,,,,,,,65 6848 5010,,,,,,,,,,,,,,,Gov List,"ACRA, Google Searches",,
,,16/12/2025,BUTTERCAKENCREAM LIMITED LIABILITY PARTNERSHIP,BUTTERCAKE N CREAM,,TeleSales,,Offline Sources,Adhoc,,T09LL1303D,,,,,,,,,,,,,,,,"B2C, Offline",,,,,,,,,,,,,,,,65 6777 3477,info@buttercakencream.com,,,,,,,,,,,,,,Gov List,"ACRA, Google Searches",,
,,16/12/2025,JAMGROUP LLP,JAP,,TeleSales,,Offline Sources,Adhoc,,T21LL0856B,,,,,,,,,,,,,,,,"B2C, Offline",,,,,,,,,,,,,,,,65 1832 8411,teljjb2b@yahoo.com,,,,,,,,,,,,,,Gov List,"ACRA, Google Searches",,
,,16/12/2025,HARMONY HUT INTERNATIONAL FOOD LIMITED LIABILITY PARTNERSHIP,HARMONY HUT FOOD,,TeleSales,,Offline Sources,Adhoc,,T16LL1240L,,,,,,,,,,,,,,,,"B2C, Offline",,,,,,,,,,,,,,,,65 9459 1367,harmonyhut@hotmail.com,,,,,,,,,,,,,,Gov List,"ACRA, Google Searches",,
,,16/12/2025,,BUTTERO,,TeleSales,,Offline Sources,Adhoc,,,,,,,,,,,,,,,,,,"B2C, Offline",,,,,,,,,,,,,,,,65 6438 7737,,,,,,,,,,,,,,,Gov List,"ACRA, Google Searches",,
,,16/12/2025,,DORSETT HOTEL,,TeleSales,,Offline Sources,Adhoc,,,,,,,,,,,,,,,,,,"B2C, Offline",,,,,,,,,,,,,,,,65 9238 8625,kenneth.koh@dorsetthotels.com,,,,,,,,,,,,,,Gov List,"ACRA, Google Searches",,
,,16/12/2025,TOMIZUSHI INTERNATIONAL PTE. LTD.,TOMI SUSHI,,TeleSales,,Offline Sources,Adhoc,,200921403N,,,,,,,,,,,,,,,,"B2C, Offline",,,,,,,,,,,,,,,,65 6333 4633,,,,,65 6238 1123,,,,,,,,,,Gov List,"ACRA, Google Searches",,
,,16/12/2025,PENTAGON GROUP PTE. LTD.,PENTAGON GROUPSG 12 OUTLETSPENTAGON @ LEVELFIVE - FORM,,TeleSales,,Offline Sources,Adhoc,,201227608R,,,,,,,,,,,,,,,,"B2C, Offline",,,,,,,,,,,,,,,,65 9106 8949,kaelyngohhh@gmail.com,,,,,,,,,,,,,,Gov List,"ACRA, Google Searches",,
,,16/12/2025,WINGSTOP (SINGAPORE) PTE. LTD.,WINGSTOP WISTERIA,,TeleSales,,Offline Sources,Adhoc,,202104118M,,,,,,,,,,,,,,,,"B2C, Offline",,,,,,,,,,,,,,,,65 8448 6178,vt@simplywrapps.com,,,,,,,,,,,,,,Gov List,"ACRA, Google Searches",,
,,16/12/2025,KILLINEY KOPITIAM,KILLINEY KOPITIAM PRINCIPAL,,TeleSales,,Offline Sources,Adhoc,,47245200B,,,,,,,,,,,,,,,,"B2C, Offline",,,,,,,,,,,,,,,,65 9663 5818,sonia@killiney-kopitiam.com,,,,,,,,,,,,,,Gov List,"ACRA, Google Searches",,
,,16/12/2025,SARASOLAR TECHNOLOGIES PTE. LTD.,SGRAPOLAR,,TeleSales,,Offline Sources,Adhoc,,201832003M,,,,,,,,,,,,,,,,"B2C, Offline",,,,,,,,,,,,,,,,65 6216 3517,,,,,,,,,,,,,,,Gov List,"ACRA, Google Searches",,
,,16/12/2025,ASCENDAS PTE LTD,ASCENDAS FUSIONOPOLIS,,TeleSales,,Offline Sources,Adhoc,,200010635R,,,,,,,,,,,,,,,,"B2C, Offline",,,,,,,,,,,,,,,,65 9796 2028,aikbing.tan@ascendas-singbridge.com,,,,,,,,,,,,,,Gov List,"ACRA, Google Searches",,
,,16/12/2025,SHANGHAI FAMILY RESTAURANT PTE. LTD.,SHANGHAI FAMILY,,TeleSales,,Offline Sources,Adhoc,,200517371M,,,,,,,,,,,,,,,,"B2C, Offline",,,,,,,,,,,,,,,,65 6848 4530,enquiries.shanghaifamily@gmail.com,,,,,,,,,,,,,,Gov List,"ACRA, Google Searches",,
,,16/12/2025,HANNIBAL SHIPPING PTE. LTD.,HANNIBAL,,TeleSales,,Offline Sources,Adhoc,,202109055W,,,,,,,,,,,,,,,,"B2C, Offline",,,,,,,,,,,,,,,,65 6732 7550,,,,,,,,,,,,,,,Gov List,"ACRA, Google Searches",,
,,16/12/2025,OMOTEN LLP,OMOTÉ,,TeleSales,,Offline Sources,Adhoc,,T25LL0256K,,,,,,,,,,,,,,,,"B2C, Offline",,,,,,,,,,,,,,,,65 9452 1521,hello@omote-sg.com,,,,,,,,,,,,,,Gov List,"ACRA, Google Searches",,
,,16/12/2025,YORIMICHI PTE. LTD.,YORIMACHI YAKITORI,,TeleSales,,Offline Sources,Adhoc,,202215456D,,,,,,,,,,,,,,,,"B2C, Offline",,,,,,,,,,,,,,,,65 8399 0587,midnightyaki@gmail.com,,,,,,,,,,,,,,Gov List,"ACRA, Google Searches",,
,,16/12/2025,THE BROWN YEAST LLP,THE YEAST SIDE,,TeleSales,,Offline Sources,Adhoc,,T08LL0275L,,,,,,,,,,,,,,,,"B2C, Offline",,,,,,,,,,,,,,,,65 9070 5911,,,,,,,,,,,,,,,Gov List,"ACRA, Google Searches",,
,,16/12/2025,NINE TALES CONSULTING LLP,NINETALESTEA,,TeleSales,,Offline Sources,Adhoc,,T18LL2077F,,,,,,,,,,,,,,,,"B2C, Offline",,,,,,,,,,,,,,,,65 6970 1169,,,,,,,,,,,,,,,Gov List,"ACRA, Google Searches",,
,,16/12/2025,LIMONCELLO PTE. LTD.,LIMONCELLO PIZZA & GRILL,,TeleSales,,Offline Sources,Adhoc,,201021934H,,,,,,,,,,,,,,,,"B2C, Offline",,,,,,,,,,,,,,,,65 6634 5117,limoncellosg@gmail.com,,,,,,,,,,,,,,Gov List,"ACRA, Google Searches",,
,,16/12/2025,KATANASHI SINGAPORE PTE. LTD.,KATANASHI JAPANESE TAPAS BAR,,TeleSales,,Offline Sources,Adhoc,,201212755C,,,,,,,,,,,,,,,,"B2C, Offline",,,,,,,,,,,,,,,,65 6533 0490,nishimura.katanashi@gmail.com,,,,65 9710 7034,,,,,,,,,,Gov List,"ACRA, Google Searches",,
,,16/12/2025,NINE TALES CONSULTING LLP,NINE TALES TEA,,TeleSales,,Offline Sources,Adhoc,,T18LL2077F,,,,,,,,,,,,,,,,"B2C, Offline",,,,,,,,,,,,,,,,65 9026 6385,,,,,,,,,,,,,,,Gov List,"ACRA, Google Searches",,
,,16/12/2025,SHIROKANE TORITAMA,TORITAMA,,TeleSales,,Offline Sources,Adhoc,,53155864M,,,,,,,,,,,,,,,,"B2C, Offline",,,,,,,,,,,,,,,,65 6836 5680,murakami@orihara-net.co.jp,,,,,,,,,,,,,,Gov List,"ACRA, Google Searches",,
,,16/12/2025,,MORI MORI YOGASHI,,TeleSales,,Offline Sources,Adhoc,,,,,,,,,,,,,,,,,,"B2C, Offline",,,,,,,,,,,,,,,,65 9845 8246,toh_jing_yi@yahoo.com.sg,,,,,,,,,,,,,,Gov List,"ACRA, Google Searches",,
,,16/12/2025,PIETRO RISTORANTE ITALIANO LLP,PEITRO RISTORANTE ITALIANO,,TeleSales,,Offline Sources,Adhoc,,T12LL0207G,,,,,,,,,,,,,,,,"B2C, Offline",,,,,,,,,,,,,,,,65 6484 5528,peter.peitro@gmail.com,,,,,,,,,,,,,,Gov List,"ACRA, Google Searches",,
,,16/12/2025,ISTANBUL GRILL'S AND CAFE,ISTANBUL MEZZE & GRILL,,TeleSales,,Offline Sources,Adhoc,,53155149X,,,,,,,,,,,,,,,,"B2C, Offline",,,,,,,,,,,,,,,,65 6592 3385,istanblue.sg@gmail.com,,,,,,,,,,,,,,Gov List,"ACRA, Google Searches",,
,,16/12/2025,ORIGINAL CHIEW KEE NOODLE HOUSE,CHIEW KEE NOODLE HOUSE,,TeleSales,,Offline Sources,Adhoc,,24836000X,,,,,,,,,,,,,,,,"B2C, Offline",,,,,,,,,,,,,,,,65 6221 3531,info@chiewkee.com,,,,,,,,,,,,,,Gov List,"ACRA, Google Searches",,
,,16/12/2025,YAKINIKU-GO,YAKINIKU HOKKIADO,,TeleSales,,Offline Sources,Adhoc,,53425302D,,,,,,,,,,,,,,,,"B2C, Offline",,,,,,,,,,,,,,,,65 9786 3540,yakinikuhokkiadosingapore@gmail.com,,,,,,,,,,,,,,Gov List,"ACRA, Google Searches",,
,,16/12/2025,OMNIVORE PTE. LTD.,OMNIVORE & LOCAL COFFEE PEOPLE - SK,,TeleSales,,Offline Sources,Adhoc,,202304319Z,,,,,,,,,,,,,,,,"B2C, Offline",,,,,,,,,,,,,,,,65 9499 9911,hello@everybotty.com,,,,,,,,,,,,,,Gov List,"ACRA, Google Searches",,
,,16/12/2025,SWEET ABYSS @ MINTON PTE. LTD.,HEARTLAND BREW,,TeleSales,,Offline Sources,Adhoc,,202228356R,,,,,,,,,,,,,,,,"B2C, Offline",,,,,,,,,,,,,,,,65 8757 6848,alex_access@hotmail.com,,,,,,,,,,,,,,Gov List,"ACRA, Google Searches",,
,,16/12/2025,BRUNCHES PTE. LTD.,BRUNCHERS CAFE COLD CALL,,TeleSales,,Offline Sources,Adhoc,,201431090D,,,,,,,,,,,,,,,,"B2C, Offline",,,,,,,,,,,,,,,,65 8319 7938,,,,,,,,,,,,,,,Gov List,"ACRA, Google Searches",,
,,16/12/2025,SUSHITECH,SUSHITEI,,TeleSales,,Offline Sources,Adhoc,,53503161X,,,,,,,,,,,,,,,,"B2C, Offline",,,,,,,,,,,,,,,,65 2316 8005,andrewkong@sushitei.com.my,,,,,,,,,,,,,,Gov List,"ACRA, Google Searches",,
,,16/12/2025,YUANXING CHAOZHOU RESTAURANT PTE. LTD.,YUAN XING CHAO ZHOU RESTAURANT,,TeleSales,,Offline Sources,Adhoc,,201106099W,,,,,,,,,,,,,,,,"B2C, Offline",,,,,,,,,,,,,,,,65 6298 3179,yuanxingchaozhou@singnet.com.sg,,,,,,,,,,,,,,Gov List,"ACRA, Google Searches",,
,,16/12/2025,WILDFIRE BURGERS PTE. LTD.,WILDFIRE BURGERS SAVOURWORLD,,TeleSales,,Offline Sources,Adhoc,,201533054M,,,,,,,,,,,,,,,,"B2C, Offline",,,,,,,,,,,,,,,,65 9665 6038,michel.li@revolverasia.com,,,,65 9838 1837,jason.tan@revolverasia.com,,,,,,,,,Gov List,"ACRA, Google Searches",,
,,16/12/2025,TABSQUARE PTE. LTD.,TABSQUARES FOR BIRYANI CONCEPTS LTC QUOTE 715,,TeleSales,,Offline Sources,Adhoc,,201212920W,,,,,,,,,,,,,,,,"B2C, Offline",,,,,,,,,,,,,,,,65 9021 9764,sales@mrbiryanisg.com,,,,,,,,,,,,,,Gov List,"ACRA, Google Searches",,
,,16/12/2025,YAKINIKUTEI GODAIMON,YAKINIKUTEI AO-CHAN GODAIMON KUIDORAKU,,TeleSales,,Offline Sources,Adhoc,,52803003E,,,,,,,,,,,,,,,,"B2C, Offline",,,,,,,,,,,,,,,,65 6735 6457,chie78@mbox1.ntti.net.sg,,,,,,,,,,,,,,Gov List,"ACRA, Google Searches",,
,,16/12/2025,,ALTITUDE,,TeleSales,,Offline Sources,Adhoc,,,,,,,,,,,,,,,,,,"B2C, Offline",,,,,,,,,,,,,,,,65 9107 8513,ron.koh@altitudeholdings.com.sg,,,,,,,,,,,,,,Gov List,"ACRA, Google Searches",,
,,16/12/2025,ART FOR THE MASSES LLP,THE MASSES RESTAURANT,,TeleSales,,Offline Sources,Adhoc,,T07LL0669D,,,,,,,,,,,,,,,,"B2C, Offline",,,,,,,,,,,,,,,,65 9824 4300,dylanong888@gmail.com,,,,65 6266 0061,enquiry@themasses.sg,,,,,,,,,Gov List,"ACRA, Google Searches",,
,,16/12/2025,TOYNTOYS.COM,TOMNTOMS COFFEE,,TeleSales,,Offline Sources,Adhoc,,53019225W,,,,,,,,,,,,,,,,"B2C, Offline",,,,,,,,,,,,,,,,65 8655 8645,singapore@tomntoms.com.sg,,,,65 9863 6434,,,,,,,,,,Gov List,"ACRA, Google Searches",,
,,16/12/2025,FUJISOBA INTERNATIONAL PTE. LTD.,FUJI SOBA,,TeleSales,,Offline Sources,Adhoc,,201609942R,,,,,,,,,,,,,,,,"B2C, Offline",,,,,,,,,,,,,,,,65 6235 1720,yandou@fujisoba.asia,,,,,,,,,,,,,,Gov List,"ACRA, Google Searches",,
,,16/12/2025,SANGEETHA BHAVAN RESTAURANT PTE. LTD.,SANGEETHA BHAWAN,,TeleSales,,Offline Sources,Adhoc,,200206256C,,,,,,,,,,,,,,,,"B2C, Offline",,,,,,,,,,,,,,,,65 6296 0059,info@sangeethabhavan.com,,,,,,,,,,,,,,Gov List,"ACRA, Google Searches",,
,,16/12/2025,GRISSINI,GRISSINI ITALIAN,,TeleSales,,Offline Sources,Adhoc,,53336846D,,,,,,,,,,,,,,,,"B2C, Offline",,,,,,,,,,,,,,,,65 6733 0880,enquiry@grandcopthorne.com.sg,,,,,,,,,,,,,,Gov List,"ACRA, Google Searches",,
,,16/12/2025,DRAFTCRAFT PTE. LTD.,DRAFT & CRAFT,,TeleSales,,Offline Sources,Adhoc,,202450330R,,,,,,,,,,,,,,,,"B2C, Offline",,,,,,,,,,,,,,,,65 8482 3630,keira@draftandcraft.sg,,,,,,,,,,,,,,Gov List,"ACRA, Google Searches",,
,,16/12/2025,ABR SWENSEN'S PTE. LTD.,SWENSENS ABR,,TeleSales,,Offline Sources,Adhoc,,199408968D,,,,,,,,,,,,,,,,"B2C, Offline",,,,,,,,,,,,,,,,65 9819 7313,keith@abr.com.sg,,,,,,,,,,,,,,Gov List,"ACRA, Google Searches",,
,,16/12/2025,SANPOUTEI SINGAPORE PTE. LTD.,SANPOUTEI RAMEN,,TeleSales,,Offline Sources,Adhoc,,202321899C,,,,,,,,,,,,,,,,"B2C, Offline",,,,,,,,,,,,,,,,65 8608 1878,casperrong13@gmail.com,,,,,,,,,,,,,,Gov List,"ACRA, Google Searches",,
,,16/12/2025,OBERSTRASSE 31 PTE. LTD.,OBERSTRASSE CAFE,,TeleSales,,Offline Sources,Adhoc,,201431943D,,,,,,,,,,,,,,,,"B2C, Offline",,,,,,,,,,,,,,,,65 9325 8892,limleyan@hotmail.com,,,,,,,,,,,,,,Gov List,"ACRA, Google Searches",,
,,16/12/2025,YAKINIKU JAN JAN,YAKINIKU AOCHAN,,TeleSales,,Offline Sources,Adhoc,,53347840E,,,,,,,,,,,,,,,,"B2C, Offline",,,,,,,,,,,,,,,,65 9780 7218,,,,,,,,,,,,,,,Gov List,"ACRA, Google Searches",,
,,16/12/2025,BEANSPARTY DESSERT PTE. LTD.,BEANS PARTY DESSERTS,,TeleSales,,Offline Sources,Adhoc,,201937684W,,,,,,,,,,,,,,,,"B2C, Offline",,,,,,,,,,,,,,,,65 9792 2972,admin@beansparty.com,,,,,gimong@gmail.com,,,,,,,,,Gov List,"ACRA, Google Searches",,
,,16/12/2025,BASILICO,BASILICO @ REGENT,,TeleSales,,Offline Sources,Adhoc,,43101900B,,,,,,,,,,,,,,,,"B2C, Offline",,,,,,,,,,,,,,,,65 6732 3202,,,,,,,,,,,,,,,Gov List,"ACRA, Google Searches",,
,,16/12/2025,,SPICE GRILL,,TeleSales,,Offline Sources,Adhoc,,,,,,,,,,,,,,,,,,"B2C, Offline",,,,,,,,,,,,,,,,65 6222 2921,singh.k@spicegrill.sg,,,,,,,,,,,,,,Gov List,"ACRA, Google Searches",,
,,16/12/2025,ART FOR THE MASSES LLP,THE MASSES,,TeleSales,,Offline Sources,Adhoc,,T07LL0669D,,,,,,,,,,,,,,,,"B2C, Offline",,,,,,,,,,,,,,,,65 6266 0061,enquiry@themasses.sg,,,,,,,,,,,,,,Gov List,"ACRA, Google Searches",,
,,16/12/2025,SWIFTLET ECO GARDEN LLP,CANOPY GARDEN DINING,,TeleSales,,Offline Sources,Adhoc,,T13LL0686J,,,,,,,,,,,,,,,,"B2C, Offline",,,,,,,,,,,,,,,,65 6556 1533,events@deliinthepark.com.sg,,,,,,,,,,,,,,Gov List,"ACRA, Google Searches",,
,,16/12/2025,GANEN PTE. LTD.,GANEN EQUITY,,TeleSales,,Offline Sources,Adhoc,,197301477D,,,,,,,,,,,,,,,,"B2C, Offline",,,,,,,,,,,,,,,,65 6846 9951,info@ganen.asia,,,,65 9679 3940,gengfanbianwo@gmail.com,,,,,,,,,Gov List,"ACRA, Google Searches",,
,,16/12/2025,PT. FREEPORT INDONESIA,PT PUYO INDONESIA KREASI,,TeleSales,,Offline Sources,Adhoc,,S92FC4395F,,,,,,,,,,,,,,,,"B2C, Offline",,,,,,,,,,,,,,,,65 1665 5330,adrian@puyodesserts.com,,,,,,,,,,,,,,Gov List,"ACRA, Google Searches",,
,,16/12/2025,ISTANBUL GRILL'S AND CAFE,ISTANBLUE MEZZE & GRILL HOUSE,,TeleSales,,Offline Sources,Adhoc,,53155149X,,,,,,,,,,,,,,,,"B2C, Offline",,,,,,,,,,,,,,,,65 9858 8190,ekadakal@yahoo.com,,,,,,,,,,,,,,Gov List,"ACRA, Google Searches",,
,,16/12/2025,RIPPLETS PTE. LTD.,RIPPLETS EPOINT,,TeleSales,,Offline Sources,Adhoc,,202126647C,,,,,,,,,,,,,,,,"B2C, Offline",,,,,,,,,,,,,,,,65 8168 1868,eslynn@ripplets.tech,,,,,,,,,,,,,,Gov List,"ACRA, Google Searches",,
,,16/12/2025,CHATERAISE (SINGAPORE) PTE. LTD.,CHATERAISE COLD KNOCK,,TeleSales,,Offline Sources,Adhoc,,201507099H,,,,,,,,,,,,,,,,"B2C, Offline",,,,,,,,,,,,,,,,65 9030 9321,,,,,,,,,,,,,,,Gov List,"ACRA, Google Searches",,
,,16/12/2025,OKRA BY SWG LLP,OKRA BY SWG @ - +65 9474 1162 - VIA GOOGLE SEARCH,,TeleSales,,Offline Sources,Adhoc,,T23LL0554C,,,,,,,,,,,,,,,,"B2C, Offline",,,,,,,,,,,,,,,,65 9474 1162,,,,,,,,,,,,,,,Gov List,"ACRA, Google Searches",,
,,16/12/2025,SLIPPERY SLOPE PTE. LTD.,SLIPPERY SLOPE @ - BISTRO - WEB TO,,TeleSales,,Offline Sources,Adhoc,,202306342N,,,,,,,,,,,,,,,,"B2C, Offline",,,,,,,,,,,,,,,,65 9856 0796,hello@slipperyslopesg.com,,,,,,,,,,,,,,Gov List,"ACRA, Google Searches",,
,,16/12/2025,TABSQUARE PTE. LTD.,TABSQUARES SMART WEB FOR HAVE FUN KARAOKE QUOTE 828,,TeleSales,,Offline Sources,Adhoc,,201212920W,,,,,,,,,,,,,,,,"B2C, Offline",,,,,,,,,,,,,,,,65 8218 0206,terence@goodwillsg.com,,,,,,,,,,,,,,Gov List,"ACRA, Google Searches",,
,,16/12/2025,,LABREZZA,,TeleSales,,Offline Sources,Adhoc,,,,,,,,,,,,,,,,,,"B2C, Offline",,,,,,,,,,,,,,,,65 6506 6884,,,,,,,,,,,,,,,Gov List,"ACRA, Google Searches",,
,,16/12/2025,PAPERCUT LABS PTE. LTD.,PUPPERCUT - RUTH RUTH,,TeleSales,,Offline Sources,Adhoc,,202528031D,,,,,,,,,,,,,,,,"B2C, Offline",,,,,,,,,,,,,,,,65 9788 1214,hello@puppercut.com,,,,,,,,,,,,,,Gov List,"ACRA, Google Searches",,
,,16/12/2025,SHABESTAN PTE. LTD.,SHABESTAN COLD KNOCK,,TeleSales,,Offline Sources,Adhoc,,201303859C,,,,,,,,,,,,,,,,"B2C, Offline",,,,,,,,,,,,,,,,65 8633 0936,,,,,,,,,,,,,,,Gov List,"ACRA, Google Searches",,
,,16/12/2025,,LILASBLOOMS,,TeleSales,,Offline Sources,Adhoc,,,,,,,,,,,,,,,,,,"B2C, Offline",,,,,,,,,,,,,,,,65 9069 3870,lilasblooms@gmail.com,,,,,,,,,,,,,,Gov List,"ACRA, Google Searches",,
,,16/12/2025,BOULEVARD RESIDENCES PTE. LTD.,BOULEVARD RESTOBAR,,TeleSales,,Offline Sources,Adhoc,,201108524Z,,,,,,,,,,,,,,,,"B2C, Offline",,,,,,,,,,,,,,,,65 9137 4054,cat@blvd.sg,,,,,,,,,,,,,,Gov List,"ACRA, Google Searches",,
,,16/12/2025,WONDERLAND,WONDERLAND CAFE COLD CALL,,TeleSales,,Offline Sources,Adhoc,,53334730X,,,,,,,,,,,,,,,,"B2C, Offline",,,,,,,,,,,,,,,,65 8631 0633,,,,,,,,,,,,,,,Gov List,"ACRA, Google Searches",,
,,16/12/2025,BUTA KIN LLP,BUTA RAMEN,,TeleSales,,Offline Sources,Adhoc,,T17LL0922K,,,,,,,,,,,,,,,,"B2C, Offline",,,,,,,,,,,,,,,,65 9696 7303,press@butaramen.com,,,,,,,,,,,,,,Gov List,"ACRA, Google Searches",,
,,16/12/2025,,FORTYNINE @ -- INCOMING CALL TO,,TeleSales,,Offline Sources,Adhoc,,,,,,,,,,,,,,,,,,"B2C, Offline",,,,,,,,,,,,,,,,65 9092 1993,,,,,,,,,,,,,,,Gov List,"ACRA, Google Searches",,
,,16/12/2025,BELLE PALATA LLP,PALATA,,TeleSales,,Offline Sources,Adhoc,,T19LL1432F,,,,,,,,,,,,,,,,"B2C, Offline",,,,,,,,,,,,,,,,65 6499 8991,,,,,,,,,,,,,,,Gov List,"ACRA, Google Searches",,
,,16/12/2025,PEACHWOOD & CO PTE. LTD.,PEACEHOOD,,TeleSales,,Offline Sources,Adhoc,,200411423D,,,,,,,,,,,,,,,,"B2C, Offline",,,,,,,,,,,,,,,,65 9739 5782,ssara373@gmail.com,,,,,,,,,,,,,,Gov List,"ACRA, Google Searches",,
,,16/12/2025,ORIENTAL CHINESE MEDIA PTE. LTD.,ORIENTAL CHINESE RESTAURANT,,TeleSales,,Offline Sources,Adhoc,,201800545K,,,,,,,,,,,,,,,,"B2C, Offline",,,,,,,,,,,,,,,,65 9628 6175,yvonne@sgit4.biz,,,,65 6227 7769,,,,,,,,,,Gov List,"ACRA, Google Searches",,
,,16/12/2025,,CHOPSUEY CAFE,,TeleSales,,Offline Sources,Adhoc,,,,,,,,,,,,,,,,,,"B2C, Offline",,,,,,,,,,,,,,,,65 9224 6611,contact@pscafe.com,,,,,,,,,,,,,,Gov List,"ACRA, Google Searches",,
,,16/12/2025,APPLEYARD RAIL,JAPAN RAIL CAFE,,TeleSales,,Offline Sources,Adhoc,,53475773A,,,,,,,,,,,,,,,,"B2C, Offline",,,,,,,,,,,,,,,,65 6536 1357,daryl@jreast.sg,,,,,,,,,,,,,,Gov List,"ACRA, Google Searches",,
,,16/12/2025,FRUITFUL COLLAB PTE. LTD.,FRUITFUL COLLAB FOODCOURT,,TeleSales,,Offline Sources,Adhoc,,202326467E,,,,,,,,,,,,,,,,"B2C, Offline",,,,,,,,,,,,,,,,65 8117 7505,ha2ards@ymail.com,,,,,,,,,,,,,,Gov List,"ACRA, Google Searches",,
,,16/12/2025,SOCIETEA PTE. LTD.,SOCIETEA BENCOOLEN,,TeleSales,,Offline Sources,Adhoc,,201841550W,,,,,,,,,,,,,,,,"B2C, Offline",,,,,,,,,,,,,,,,65 9088 3379,societeasingapore@gmail.com,,,,,,,,,,,,,,Gov List,"ACRA, Google Searches",,
,,16/12/2025,MELLOWER COFFEE (SINGAPORE) PTE. LTD.,MELLOWER,,TeleSales,,Offline Sources,Adhoc,,201531677E,,,,,,,,,,,,,,,,"B2C, Offline",,,,,,,,,,,,,,,,65 9791 6387,,,,,,,,,,,,,,,Gov List,"ACRA, Google Searches",,
,,16/12/2025,BINOMIAL PTE. LTD.,BINOMIO,,TeleSales,,Offline Sources,Adhoc,,201901311Z,,,,,,,,,,,,,,,,"B2C, Offline",,,,,,,,,,,,,,,,65 9758 6471,,,,,,,,,,,,,,,Gov List,"ACRA, Google Searches",,
,,16/12/2025,NENDA LLP,NENDA RESTAURANT,,TeleSales,,Offline Sources,Adhoc,,T20LL0768C,,,,,,,,,,,,,,,,"B2C, Offline",,,,,,,,,,,,,,,,65 9221 0045,,,,,,,,,,,,,,,Gov List,"ACRA, Google Searches",,
,,16/12/2025,YUMMYVIET&THAI,YUMMY VIET,,TeleSales,,Offline Sources,Adhoc,,53508794B,,,,,,,,,,,,,,,,"B2C, Offline",,,,,,,,,,,,,,,,65 9888 8885,enquiry@yummyviet.com.sg,,,,65 6222 5191,,,,,,,,,,Gov List,"ACRA, Google Searches",,
,,16/12/2025,FERICH LLP,FERICHLLP,,TeleSales,,Offline Sources,Adhoc,,T15LL1307D,,,,,,,,,,,,,,,,"B2C, Offline",,,,,,,,,,,,,,,,65 8655 9787,ferichllp@gmail.com,,,,,officeferichllp@gmail.com,,,,,,,,,Gov List,"ACRA, Google Searches",,
,,16/12/2025,CREAMERY PTE. LTD.,CREAMERY BATH COLD CALL,,TeleSales,,Offline Sources,Adhoc,,202324840H,,,,,,,,,,,,,,,,"B2C, Offline",,,,,,,,,,,,,,,,65 6757 2895,,,,,,,,,,,,,,,Gov List,"ACRA, Google Searches",,
,,16/12/2025,,EUROFERROUS ASIA,,TeleSales,,Offline Sources,Adhoc,,,,,,,,,,,,,,,,,,"B2C, Offline",,,,,,,,,,,,,,,,65 8244 9154,mistervincelim@gmail.com,,,,,,,,,,,,,,Gov List,"ACRA, Google Searches",,
,,16/12/2025,DURIANBB (S) PTE. LTD.,DURIANBB COLD CALL,,TeleSales,,Offline Sources,Adhoc,,201733184M,,,,,,,,,,,,,,,,"B2C, Offline",,,,,,,,,,,,,,,,65 8731 9928,,,,,,,,,,,,,,,Gov List,"ACRA, Google Searches",,
,,16/12/2025,,ORIGINAL GREENS,,TeleSales,,Offline Sources,Adhoc,,,,,,,,,,,,,,,,,,"B2C, Offline",,,,,,,,,,,,,,,,65 8879 5528,thousandflavours@bighomieltd.com,,,,,,,,,,,,,,Gov List,"ACRA, Google Searches",,
,,16/12/2025,SINGAPORE HOSPITALITY GROUP PTE. LTD.,LANDMARK HOSPITALITY,,TeleSales,,Offline Sources,Adhoc,,201319754H,,,,,,,,,,,,,,,,"B2C, Offline",,,,,,,,,,,,,,,,65 5620 0019,carlo.aoun@landmarkgroup.com,,,,,,,,,,,,,,Gov List,"ACRA, Google Searches",,
,,16/12/2025,LOH NAM TAI LIMITED LIABILITY PARTNERSHIP,LOH NAM TAI,,TeleSales,,Offline Sources,Adhoc,,T13LL1087F,,,,,,,,,,,,,,,,"B2C, Offline",,,,,,,,,,,,,,,,65 6538 1216,lohnamtai@gmail.com,,,,,,,,,,,,,,Gov List,"ACRA, Google Searches",,
,,16/12/2025,MICASA KITCHEN & BAR LIMITED LIABILITY PARTNERSHIP,MICASA KITCHEN & BAR,,TeleSales,,Offline Sources,Adhoc,,T16LL0961G,,,,,,,,,,,,,,,,"B2C, Offline",,,,,,,,,,,,,,,,65 6463 0263,admin@micasakitchenandbar.com,,,,,,,,,,,,,,Gov List,"ACRA, Google Searches",,
,,16/12/2025,HIGHLANDER COFFEE PTE. LTD.,HIGHLANDS COFFEE,,TeleSales,,Offline Sources,Adhoc,,200407537N,,,,,,,,,,,,,,,,"B2C, Offline",,,,,,,,,,,,,,,,65 1392 0448,thaianh@vtijs.com,,,,,,,,,,,,,,Gov List,"ACRA, Google Searches",,
,,16/12/2025,SARAVANA BHAVAN PTE LTD,SARVANNA BHAWAN,,TeleSales,,Offline Sources,Adhoc,,200107110D,,,,,,,,,,,,,,,,"B2C, Offline",,,,,,,,,,,,,,,,65 6297 0770,hsb@saravanabhavan.com,,,,65 6297 7755,,,,,,,,,,Gov List,"ACRA, Google Searches",,
,,16/12/2025,SHELTER SHELTER LLP,SHELTER IN THE WOODS,,TeleSales,,Offline Sources,Adhoc,,T21LL0795B,,,,,,,,,,,,,,,,"B2C, Offline",,,,,,,,,,,,,,,,65 6466 6225,patrick@shelterinthewoods.com,,,,,,,,,,,,,,Gov List,"ACRA, Google Searches",,
,,16/12/2025,PT. FREEPORT INDONESIA,PT TOP FOOD INDONESIA,,TeleSales,,Offline Sources,Adhoc,,S92FC4395F,,,,,,,,,,,,,,,,"B2C, Offline",,,,,,,,,,,,,,,,65 1820 0995,miranda@esteler77.com,,,,,,,,,,,,,,Gov List,"ACRA, Google Searches",,
,,16/12/2025,WANG YUAN CAFE LLP,WANG YUAN FISH SOUP,,TeleSales,,Offline Sources,Adhoc,,T17LL0746L,,,,,,,,,,,,,,,,"B2C, Offline",,,,,,,,,,,,,,,,65 9771 6613,bbqpzq@hotmail.com,,,,,,,,,,,,,,Gov List,"ACRA, Google Searches",,
,,16/12/2025,,SHIROKUYA,,TeleSales,,Offline Sources,Adhoc,,,,,,,,,,,,,,,,,,"B2C, Offline",,,,,,,,,,,,,,,,65 6337 5188,chijmes@shirokuya.com.sg,,,,,,,,,,,,,,Gov List,"ACRA, Google Searches",,
,,16/12/2025,YORIMICHI PTE. LTD.,YORIMICHI YAKITORI,,TeleSales,,Offline Sources,Adhoc,,202215456D,,,,,,,,,,,,,,,,"B2C, Offline",,,,,,,,,,,,,,,,65 6299 5812,midnightyaki@gmail.com,,,,,,,,,,,,,,Gov List,"ACRA, Google Searches",,
,,16/12/2025,INTERCONTINENTAL SINGAPORE,INTERCONTINENTAL ROBERTSON QUAY,,TeleSales,,Offline Sources,Adhoc,,51506300B,,,,,,,,,,,,,,,,"B2C, Offline",,,,,,,,,,,,,,,,65 6826 5005,ankit.airon@ihg.com,,,,,,,,,,,,,,Gov List,"ACRA, Google Searches",,
,,16/12/2025,ARTEASTIQ PTE. LTD.,ARTEASTIQ- SMARTCONNECT + SMARTWEB,,TeleSales,,Offline Sources,Adhoc,,201202807R,,,,,,,,,,,,,,,,"B2C, Offline",,,,,,,,,,,,,,,,65 9850 2654,ivan_teo@arteastiq.com,,,,,,,,,,,,,,Gov List,"ACRA, Google Searches",,
,,16/12/2025,WINGSTOP (SINGAPORE) PTE. LTD.,WINGSTOP -- MARKET RESEARCH 2022,,TeleSales,,Offline Sources,Adhoc,,202104118M,,,,,,,,,,,,,,,,"B2C, Offline",,,,,,,,,,,,,,,,65 9062 5492,dylangohjk@yahoo.com.sg,,,,,,,,,,,,,,Gov List,"ACRA, Google Searches",,
,,16/12/2025,YAKINIKU-GO,YAKINIKUOH GOEN,,TeleSales,,Offline Sources,Adhoc,,53425302D,,,,,,,,,,,,,,,,"B2C, Offline",,,,,,,,,,,,,,,,65 6336 3366,hiroshi@jfort.sg,,,,,,,,,,,,,,Gov List,"ACRA, Google Searches",,
,,16/12/2025,WABISABI CONSULTING PTE. LTD.,WABISABI DINING,,TeleSales,,Offline Sources,Adhoc,,201601335W,,,,,,,,,,,,,,,,"B2C, Offline",,,,,,,,,,,,,,,,65 9689 0447,emi.horiuchi@gmail.com,,,,,,,,,,,,,,Gov List,"ACRA, Google Searches",,
,,16/12/2025,HAPPYFISH01 PTE. LTD.,IRVIN SELLING FISH & CHIP,,TeleSales,,Offline Sources,Adhoc,,202536038E,,,,,,,,,,,,,,,,"B2C, Offline",,,,,,,,,,,,,,,,65 6719 8450,cocobasg@gmail.com,,,,65 6257 8801,,,,,,,,,,Gov List,"ACRA, Google Searches",,
,,16/12/2025,NOODLE CAFE SLS LLP,NOODLES CAFE,,TeleSales,,Offline Sources,Adhoc,,T15LL0291C,,,,,,,,,,,,,,,,"B2C, Offline",,,,,,,,,,,,,,,,65 3113 2003,,,,,,,,,,,,,,,Gov List,"ACRA, Google Searches",,
,,16/12/2025,WAFFLE EMPIRE LLP,WAFFLE STORE,,TeleSales,,Offline Sources,Adhoc,,T14LL1152G,,,,,,,,,,,,,,,,"B2C, Offline",,,,,,,,,,,,,,,,65 9835 6716,tanrenyi@hotmail.com,,,,,,,,,,,,,,Gov List,"ACRA, Google Searches",,
,,16/12/2025,A-TECH HUB PTE. LTD.,A - PANDIAN PALANIYANDI,,TeleSales,,Offline Sources,Adhoc,,201326775N,,,,,,,,,,,,,,,,"B2C, Offline",,,,,,,,,,,,,,,,65 9010 4555,safety_pandian@hotmail.com,,,,,,,,,,,,,,Gov List,"ACRA, Google Searches",,
,,16/12/2025,SAINTMARC SOUTH EAST ASIA PTE. LTD.,SAINTMARK CAFE,,TeleSales,,Offline Sources,Adhoc,,201133091R,,,,,,,,,,,,,,,,"B2C, Offline",,,,,,,,,,,,,,,,65 6276 5730,naomi@saint-marc-sg.com,,,,,,,,,,,,,,Gov List,"ACRA, Google Searches",,
,,16/12/2025,TORIHONTO PTE. LTD.,TORIGO,,TeleSales,,Offline Sources,Adhoc,,201724862E,,,,,,,,,,,,,,,,"B2C, Offline",,,,,,,,,,,,,,,,65 6634 8801,torigochicken@gmail.com,,,,,torigochicken3@gmail.com,,,,,,,,,Gov List,"ACRA, Google Searches",,
,,16/12/2025,YAKINIKU-GO,YAKINIKU LIKE,,TeleSales,,Offline Sources,Adhoc,,53425302D,,,,,,,,,,,,,,,,"B2C, Offline",,,,,,,,,,,,,,,,65 9677 1647,,,,,,,,,,,,,,,Gov List,"ACRA, Google Searches",,
,,16/12/2025,TOGATHER GROUP PTE. LTD.,TOGATHER @ --NON CHAIN,,TeleSales,,Offline Sources,Adhoc,,202027857R,,,,,,,,,,,,,,,,"B2C, Offline",,,,,,,,,,,,,,,,65 9759 6779,grouptogather@gmail.com,,,,,,,,,,,,,,Gov List,"ACRA, Google Searches",,
,,16/12/2025,METROPOLITAN LAW CORPORATION,METROPOLITIAN YMCA,,TeleSales,,Offline Sources,Adhoc,,201109833C,,,,,,,,,,,,,,,,"B2C, Offline",,,,,,,,,,,,,,,,65 6235 5528,catherine.lee@mymca.org.sg,,,,,,,,,,,,,,Gov List,"ACRA, Google Searches",,
,,16/12/2025,SWIFTLET ECO GARDEN LLP,CANOPY GARDEN DINING,,TeleSales,,Offline Sources,Adhoc,,T13LL0686J,,,,,,,,,,,,,,,,"B2C, Offline",,,,,,,,,,,,,,,,65 9746 7186,,,,,,,,,,,,,,,Gov List,"ACRA, Google Searches",,
,,16/12/2025,BADALING HOLDINGS PTE. LTD.,BADALING -- 50 F&B STALLS,,TeleSales,,Offline Sources,Adhoc,,200900893N,,,,,,,,,,,,,,,,"B2C, Offline",,,,,,,,,,,,,,,,65 9795 9032,mingfu96@hotmail.com,,,,,,,,,,,,,,Gov List,"ACRA, Google Searches",,
,,16/12/2025,MAKSPLACE - THE BENTORANT,THE BENTO PLACE,,TeleSales,,Offline Sources,Adhoc,,53243632J,,,,,,,,,,,,,,,,"B2C, Offline",,,,,,,,,,,,,,,,65 9827 7826,,,,,,,,,,,,,,,Gov List,"ACRA, Google Searches",,
,,16/12/2025,MELCO RESORTS & ENTERTAINMENT LIMITED SINGAPORE BRANCH,MELCO RESORTS & ENTERTAINMENT,,TeleSales,,Offline Sources,Adhoc,,T22FC0055K,,,,,,,,,,,,,,,,"B2C, Offline",,,,,,,,,,,,,,,,65 8161 1615,billykyma@melco-resorts.com,,,,,,,,,,,,,,Gov List,"ACRA, Google Searches",,
,,16/12/2025,SINGAPORE AIRLINES LIMITED,AIRLINES - JOSEPHINE KOH LEH POH,,TeleSales,,Offline Sources,Adhoc,,197200078R,,,,,,,,,,,,,,,,"B2C, Offline",,,,,,,,,,,,,,,,65 9732 1418,lehpoh_koh@singaporeair.com.sg,,,,,,,,,,,,,,Gov List,"ACRA, Google Searches",,
,,16/12/2025,NUNSARAM PTE. LTD.,NUNSARAM KOREAN DESSERT,,TeleSales,,Offline Sources,Adhoc,,201505098E,,,,,,,,,,,,,,,,"B2C, Offline",,,,,,,,,,,,,,,,65 6282 4012,go4bites@gmail.com,,,,,,,,,,,,,,Gov List,"ACRA, Google Searches",,
,,16/12/2025,WANG WANG ENTERPRISE LLP,WANG WANG LLPSNACK BAR BABA TEA,,TeleSales,,Offline Sources,Adhoc,,T14LL2785B,,,,,,,,,,,,,,,,"B2C, Offline",,,,,,,,,,,,,,,,65 9889 5386,jason@teagif.com,,,,,,,,,,,,,,Gov List,"ACRA, Google Searches",,
,,16/12/2025,METROPOLITAN LAW CORPORATION,METROPOLITAN YMCA,,TeleSales,,Offline Sources,Adhoc,,201109833C,,,,,,,,,,,,,,,,"B2C, Offline",,,,,,,,,,,,,,,,65 9694 3367,catherine.lee@mymca.org.sg,,,,65 6839 8304,,,,,,,,,,Gov List,"ACRA, Google Searches",,
,,16/12/2025,BIG MOUTH MALA HOT POT LLP,BIG MOUTH MALA HOTPOT WOODLANDS,,TeleSales,,Offline Sources,Adhoc,,T19LL0601H,,,,,,,,,,,,,,,,"B2C, Offline",,,,,,,,,,,,,,,,65 9877 8713,mia.guchun@gmail.com,,,,,,,,,,,,,,Gov List,"ACRA, Google Searches",,
,,16/12/2025,,FIRST GRILL CALL COLD,,TeleSales,,Offline Sources,Adhoc,,,,,,,,,,,,,,,,,,"B2C, Offline",,,,,,,,,,,,,,,,65 9238 0089,,,,,,,,,,,,,,,Gov List,"ACRA, Google Searches",,
,,16/12/2025,BAYFRONT PTE. LTD.,BAYFRONT CATERER,,TeleSales,,Offline Sources,Adhoc,,201305062N,,,,,,,,,,,,,,,,"B2C, Offline",,,,,,,,,,,,,,,,65 9040 0002,bayfrontsteamboat@gmail.com,,,,,,,,,,,,,,Gov List,"ACRA, Google Searches",,
,,16/12/2025,SANTOUKA KAMEI SINGAPORE PTE. LTD.,SANTOUKA,,TeleSales,,Offline Sources,Adhoc,,200717581C,,,,,,,,,,,,,,,,"B2C, Offline",,,,,,,,,,,,,,,,65 6221 9500,,,,,,,,,,,,,,,Gov List,"ACRA, Google Searches",,
,,16/12/2025,CHOPSTICKS COPPER CHIMNEY PTE. LTD.,COPPER CHIMNEY,,TeleSales,,Offline Sources,Adhoc,,200619223M,,,,,,,,,,,,,,,,"B2C, Offline",,,,,,,,,,,,,,,,65 9068 5542,contact@copperchimney.com.sg,,,,,,,,,,,,,,Gov List,"ACRA, Google Searches",,
,,16/12/2025,CELAVION LLP,CELAVI,,TeleSales,,Offline Sources,Adhoc,,T21LL0010A,,,,,,,,,,,,,,,,"B2C, Offline",,,,,,,,,,,,,,,,65 8693 2426,thomas.chong@celavi.com,,,,,,,,,,,,,,Gov List,"ACRA, Google Searches",,
,,16/12/2025,COMMONWEALTH CONCEPTS PTE. LTD.,COMMONWEALTH CONCEPTS- SMARTWEB,,TeleSales,,Offline Sources,Adhoc,,202013970R,,,,,,,,,,,,,,,,"B2C, Offline",,,,,,,,,,,,,,,,65 9691 9639,brian.stampe@commonwealthconcepts.com,,,,,,,,,,,,,,Gov List,"ACRA, Google Searches",,
,,16/12/2025,NORTHEAST CHEF HE CATERING PTE. LTD.,NORTHEAST MOM SPRING PANCAKE,,TeleSales,,Offline Sources,Adhoc,,201842083M,,,,,,,,,,,,,,,,"B2C, Offline",,,,,,,,,,,,,,,,65 6835 7626,,,,,,,,,,,,,,,Gov List,"ACRA, Google Searches",,
,,16/12/2025,KILLINEY DENTAL CENTRE PTE. LTD.,KILLINEY CENTRAL PARK @ SYDNEY,,TeleSales,,Offline Sources,Adhoc,,200723600R,,,,,,,,,,,,,,,,"B2C, Offline",,,,,,,,,,,,,,,,65 6291 2668,contactus@killiney-kopitiam.com,,,,,,,,,,,,,,Gov List,"ACRA, Google Searches",,
,,16/12/2025,PRAWNAHOLIC,PRAWNHOLIC,,TeleSales,,Offline Sources,Adhoc,,53434731B,,,,,,,,,,,,,,,,"B2C, Offline",,,,,,,,,,,,,,,,65 9751 4417,prawnholicsg@gmail.com,,,,,,,,,,,,,,Gov List,"ACRA, Google Searches",,
,,16/12/2025,HENGSHAN INVESTMENTS PTE. LTD.,HENLESHAN,,TeleSales,,Offline Sources,Adhoc,,202244756E,,,,,,,,,,,,,,,,"B2C, Offline",,,,,,,,,,,,,,,,65 9225 5716,,,,,,,,,,,,,,,Gov List,"ACRA, Google Searches",,
,,16/12/2025,,FIRST GRILL,,TeleSales,,Offline Sources,Adhoc,,,,,,,,,,,,,,,,,,"B2C, Offline",,,,,,,,,,,,,,,,,fred@rssw.com.sg,,,,,,,,,,,,,,Gov List,"ACRA, Google Searches",,
,,16/12/2025,SMOKEHOUSE CHARCOAL BBQ,SMOKE HOUSE CHARCOAL BBQ,,TeleSales,,Offline Sources,Adhoc,,53244324A,,,,,,,,,,,,,,,,"B2C, Offline",,,,,,,,,,,,,,,,65 6235 2185,ivy.lau@res.com.sg,,,,,,,,,,,,,,Gov List,"ACRA, Google Searches",,
,,16/12/2025,GROUNDSTORY PTE. LTD.,GROUNDSTORY STORIES,,TeleSales,,Offline Sources,Adhoc,,201632014H,,,,,,,,,,,,,,,,"B2C, Offline",,,,,,,,,,,,,,,,65 6297 6166,,,,,,,,,,,,,,,Gov List,"ACRA, Google Searches",,
,,16/12/2025,WATERBATH CHEF PTE. LTD.,WATERBATHCHEF,,TeleSales,,Offline Sources,Adhoc,,201721985H,,,,,,,,,,,,,,,,"B2C, Offline",,,,,,,,,,,,,,,,65 9107 1076,waterbathchef@gmail.com,,,,,,,,,,,,,,Gov List,"ACRA, Google Searches",,
,,16/12/2025,ONE CHIMICHANGA PTE. LTD.,CHIMICHANGA HOLLAND VILLAGE,,TeleSales,,Offline Sources,Adhoc,,201625272D,,,,,,,,,,,,,,,,"B2C, Offline",,,,,,,,,,,,,,,,65 8753 2911,jerome@chimichanga.sg,,,,,,,,,,,,,,Gov List,"ACRA, Google Searches",,
,,16/12/2025,CITIBANK SINGAPORE LIMITED,CITIBANK PARTNERSHIP TO,,TeleSales,,Offline Sources,Adhoc,,200309485K,,,,,,,,,,,,,,,,"B2C, Offline",,,,,,,,,,,,,,,,65 6657 5599,shawn.lim@citi.com,,,,,,,,,,,,,,Gov List,"ACRA, Google Searches",,
,,16/12/2025,KAN & CO,KAN SUSHI,,TeleSales,,Offline Sources,Adhoc,,S73PF0144D,,,,,,,,,,,,,,,,"B2C, Offline",,,,,,,,,,,,,,,,65 8716 1950,kanglobal.pte.ltd@gmail.com,,,,,,,,,,,,,,Gov List,"ACRA, Google Searches",,
,,16/12/2025,INVICTUS LAW CORPORATION,INVICTUS LAW CROPRATION,,TeleSales,,Offline Sources,Adhoc,,201727063H,,,,,,,,,,,,,,,,"B2C, Offline",,,,,,,,,,,,,,,,65 6535 1611,pat@invictuslaw.sg,,,,,,,,,,,,,,Gov List,"ACRA, Google Searches",,
,,16/12/2025,AZQORE SA SINGAPORE BRANCH,AZQORE,,TeleSales,,Offline Sources,Adhoc,,T18FC0087L,,,,,,,,,,,,,,,,"B2C, Offline",,,,,,,,,,,,,,,,65 8322 0464,mmshastry@hotmail.com,,,,,,,,,,,,,,Gov List,"ACRA, Google Searches",,
,,16/12/2025,USHIDOKI SINGAPORE PTE. LTD.,USHIDOKI WAGYU KAISEKI,,TeleSales,,Offline Sources,Adhoc,,202527084D,,,,,,,,,,,,,,,,"B2C, Offline",,,,,,,,,,,,,,,,65 6221 6379,ushidoki@travelwagyu.sg,,,,,,,,,,,,,,Gov List,"ACRA, Google Searches",,
,,16/12/2025,PT. FREEPORT INDONESIA,PT CHAMP RESTO INDONESIA,,TeleSales,,Offline Sources,Adhoc,,S92FC4395F,,,,,,,,,,,,,,,,"B2C, Offline",,,,,,,,,,,,,,,,65 1188 5665,agbudiman@gmail.com,,,,,,,,,,,,,,Gov List,"ACRA, Google Searches",,
,,16/12/2025,YOSHINOYA (S) PTE LTD,YOSHINOYA @ -- INCOMING ISH TO,,TeleSales,,Offline Sources,Adhoc,,199304141R,,,,,,,,,,,,,,,,"B2C, Offline",,,,,,,,,,,,,,,,65 8833 5179,wanjin@yoshinoya.com.sg,,,,,,,,,,,,,,Gov List,"ACRA, Google Searches",,
,,16/12/2025,DELITURK FOOD PTE LTD,DELITURK TURKISH CUISINE RESTAURANT,,TeleSales,,Offline Sources,Adhoc,,200107060M,,,,,,,,,,,,,,,,"B2C, Offline",,,,,,,,,,,,,,,,65 6244 9891,deliturksg@gmail.com,,,,,,,,,,,,,,Gov List,"ACRA, Google Searches",,
,,16/12/2025,CUSCADEN CAFE & PUB,CUSCACEN CAFÉ & PUB,,TeleSales,,Offline Sources,Adhoc,,53061254B,,,,,,,,,,,,,,,,"B2C, Offline",,,,,,,,,,,,,,,,65 6887 3319,,,,,,,,,,,,,,,Gov List,"ACRA, Google Searches",,
,,16/12/2025,SAKURA HONGKONG & ASIAN CUISINE LIMITED LIABILITY PARTNERSHIP,SAKURA HONG KONG & ASIAN CUISINE,,TeleSales,,Offline Sources,Adhoc,,T13LL0743C,,,,,,,,,,,,,,,,"B2C, Offline",,,,,,,,,,,,,,,,65 8178 0566,,,,,,,,,,,,,,,Gov List,"ACRA, Google Searches",,
,,16/12/2025,OTTABEER OCEAN,EIGHT KOREAN BBQ,,TeleSales,,Offline Sources,Adhoc,,53483014E,,,,,,,,,,,,,,,,"B2C, Offline",,,,,,,,,,,,,,,,65 8692 1188,cherry@8koreanbbq.com,,,,,,,,,,,,,,Gov List,"ACRA, Google Searches",,
,,16/12/2025,SCRAMBLED EGGS PTE. LTD.,SCRAMBLED,,TeleSales,,Offline Sources,Adhoc,,201218502N,,,,,,,,,,,,,,,,"B2C, Offline",,,,,,,,,,,,,,,,65 6221 0289,support@scrambledconcepts.com,,,,,,,,,,,,,,Gov List,"ACRA, Google Searches",,
,,16/12/2025,TABLESCAPE,TABLESCAPE RESTAURANT,,TeleSales,,Offline Sources,Adhoc,,53365437L,,,,,,,,,,,,,,,,"B2C, Offline",,,,,,,,,,,,,,,,65 6432 5566,hello@tablescape.sg,,,,,,,,,,,,,,Gov List,"ACRA, Google Searches",,
,,16/12/2025,THE TACK SHOP LLP,THE TUCK SHOP,,TeleSales,,Offline Sources,Adhoc,,T20LL1901G,,,,,,,,,,,,,,,,"B2C, Offline",,,,,,,,,,,,,,,,65 6744 8205,events@thetuckshop.com.sg,,,,,,,,,,,,,,Gov List,"ACRA, Google Searches",,
,,16/12/2025,TALKDARTS ORGANIZATION PTE. LTD.,TALK DARTS @ LAVENDER -- TO,,TeleSales,,Offline Sources,Adhoc,,202036475D,,,,,,,,,,,,,,,,"B2C, Offline",,,,,,,,,,,,,,,,65 8767 1021,,,,,,,,,,,,,,,Gov List,"ACRA, Google Searches",,
,,16/12/2025,TADCASTER PUBS PTE. LTD.,TADCASTER -SMART TERMINALS,,TeleSales,,Offline Sources,Adhoc,,200910890Z,,,,,,,,,,,,,,,,"B2C, Offline",,,,,,,,,,,,,,,,65 9828 8014,adrian@tadcaster.com.sg,,,,65 9276 6607,tony@tadcaster.com.sg,,,,,,,,,Gov List,"ACRA, Google Searches",,
,,16/12/2025,,KANE MOCHI PREMIUM MOCHI ICE CREAM,,TeleSales,,Offline Sources,Adhoc,,,,,,,,,,,,,,,,,,"B2C, Offline",,,,,,,,,,,,,,,,65 6509 1915,admin@kanemochi.com.sg,,,,,,,,,,,,,,Gov List,"ACRA, Google Searches",,
,,16/12/2025,GARIBALDI PTE. LTD.,GARIBALDI ITALIAN RESTAURANT & BAR @ -- TO,,TeleSales,,Offline Sources,Adhoc,,200209232C,,,,,,,,,,,,,,,,"B2C, Offline",,,,,,,,,,,,,,,,65 6337 3770,gm@garibaldisingapore.com,,,,,,,,,,,,,,Gov List,"ACRA, Google Searches",,
,,16/12/2025,,APBS,,TeleSales,,Offline Sources,Adhoc,,,,,,,,,,,,,,,,,,"B2C, Offline",,,,,,,,,,,,,,,,65 8157 9476,eunice.lok@apb.com.sg,,,,,,,,,,,,,,Gov List,"ACRA, Google Searches",,
,,16/12/2025,SANPOUTEI SINGAPORE PTE. LTD.,SANPOUTEI RAMEN,,TeleSales,,Offline Sources,Adhoc,,202321899C,,,,,,,,,,,,,,,,"B2C, Offline",,,,,,,,,,,,,,,,65 6463 7277,info@sanpoutei.sg,,,,,,,,,,,,,,Gov List,"ACRA, Google Searches",,
,,16/12/2025,ENEREXPERTS PTE. LTD.,ENEREXPERTS - PRADIP SADARANGANI,,TeleSales,,Offline Sources,Adhoc,,201509344G,,,,,,,,,,,,,,,,"B2C, Offline",,,,,,,,,,,,,,,,65 6243 8248,pgsadaran@gmail.com,,,,,,,,,,,,,,Gov List,"ACRA, Google Searches",,
,,16/12/2025,GUO & CHENG LLP,GUO CHENG CHUAN WEI,,TeleSales,,Offline Sources,Adhoc,,T12LL0517G,,,,,,,,,,,,,,,,"B2C, Offline",,,,,,,,,,,,,,,,65 6757 3358,,,,,,,,,,,,,,,Gov List,"ACRA, Google Searches",,
,,16/12/2025,,SGRALEON CAFE,,TeleSales,,Offline Sources,Adhoc,,,,,,,,,,,,,,,,,,"B2C, Offline",,,,,,,,,,,,,,,,65 8046 0372,,,,,,,,,,,,,,,Gov List,"ACRA, Google Searches",,
,,16/12/2025,KAJIKE LLP,KAJIKEN,,TeleSales,,Offline Sources,Adhoc,,T24LL1239G,,,,,,,,,,,,,,,,"B2C, Offline",,,,,,,,,,,,,,,,65 6904 4714,,,,,65 8226 0199,,,,,,,,,,Gov List,"ACRA, Google Searches",,
,,16/12/2025,YAOWARAT THAI KWAY CHAP PRIVATE LIMITED,YAOWARAT THAI,,TeleSales,,Offline Sources,Adhoc,,201800506K,,,,,,,,,,,,,,,,"B2C, Offline",,,,,,,,,,,,,,,,65 8157 8344,,,,,,,,,,,,,,,Gov List,"ACRA, Google Searches",,
,,16/12/2025,LOBSTERS & ICE CREAM (TJP) PTE. LTD.,LOBSTERS ICE CREAM,,TeleSales,,Offline Sources,Adhoc,,201903923N,,,,,,,,,,,,,,,,"B2C, Offline",,,,,,,,,,,,,,,,65 9663 6632,,,,,,,,,,,,,,,Gov List,"ACRA, Google Searches",,
,,16/12/2025,,KOME BAR,,TeleSales,,Offline Sources,Adhoc,,,,,,,,,,,,,,,,,,"B2C, Offline",,,,,,,,,,,,,,,,65 6255 2838,tatsu@tatsu.com.sg,,,,,,,,,,,,,,Gov List,"ACRA, Google Searches",,
,,16/12/2025,INDOCHINE GROUP PTE. LTD.,INDOCHINE- SUPERTREE,,TeleSales,,Offline Sources,Adhoc,,200310279D,,,,,,,,,,,,,,,,"B2C, Offline",,,,,,,,,,,,,,,,65 6694 8489,,,,,,,,,,,,,,,Gov List,"ACRA, Google Searches",,
,,16/12/2025,LABYRINTH FOOD (PTE.) LTD.,RESTAURANT LABYRINTH,,TeleSales,,Offline Sources,Adhoc,,201302799C,,,,,,,,,,,,,,,,"B2C, Offline",,,,,,,,,,,,,,,,65 6223 4098,info@labyrinth.com.sg,,,,,,,,,,,,,,Gov List,"ACRA, Google Searches",,
,,16/12/2025,NJ PTE. LTD.,NJ RELISH - BHARADH RAJ,,TeleSales,,Offline Sources,Adhoc,,201216918W,,,,,,,,,,,,,,,,"B2C, Offline",,,,,,,,,,,,,,,,65 8739 3509,bhradh@njrelish.sg,,,,,,,,,,,,,,Gov List,"ACRA, Google Searches",,
,,16/12/2025,,LOVELIFE VENTURES,,TeleSales,,Offline Sources,Adhoc,,,,,,,,,,,,,,,,,,"B2C, Offline",,,,,,,,,,,,,,,,65 7939 3932,logan@boostjuicebars.com.my,,,,,finance@boostjuicebars.com.sg,,,,,xiang.yi@boostjuicebars.com.my,,,,Gov List,"ACRA, Google Searches",,
,,16/12/2025,STEADWORKS PTE. LTD.,SALADWORKS,,TeleSales,,Offline Sources,Adhoc,,200715917D,,,,,,,,,,,,,,,,"B2C, Offline",,,,,,,,,,,,,,,,65 9875 8710,guestrelations@saladworks.com,,,,,,,,,,,,,,Gov List,"ACRA, Google Searches",,
,,16/12/2025,ISHWARYA CAFE,ISHWARYA RESEARCH ISH TO,,TeleSales,,Offline Sources,Adhoc,,53501659W,,,,,,,,,,,,,,,,"B2C, Offline",,,,,,,,,,,,,,,,65 9073 8627,,,,,,,,,,,,,,,Gov List,"ACRA, Google Searches",,
,,16/12/2025,ELEMEN 79 PRIVATE LIMITED,ELEMEN MY EARTH DIET,,TeleSales,,Offline Sources,Adhoc,,201920282E,,,,,,,,,,,,,,,,"B2C, Offline",,,,,,,,,,,,,,,,65 9871 7300,hello@rbtea.com.sg,,,,,,,,,,,,,,Gov List,"ACRA, Google Searches",,
,,16/12/2025,TRACAPHE SOLUTIONS,TRE CAPHE,,TeleSales,,Offline Sources,Adhoc,,53504923D,,,,,,,,,,,,,,,,"B2C, Offline",,,,,,,,,,,,,,,,65 9722 8197,,,,,,,,,,,,,,,Gov List,"ACRA, Google Searches",,
,,16/12/2025,MOOLOOLABAR PTE. LTD.,MOOLOOLA BAR,,TeleSales,,Offline Sources,Adhoc,,201512328H,,,,,,,,,,,,,,,,"B2C, Offline",,,,,,,,,,,,,,,,65 8100 9191,mooloolabar@yahoo.com,,,,,,,,,,,,,,Gov List,"ACRA, Google Searches",,
,,16/12/2025,BLOOMING CHATBOT PTE. LTD.,CHATBOT LEAD - PATRONS @ - 2 OUTLETS,,TeleSales,,Offline Sources,Adhoc,,202421358K,,,,,,,,,,,,,,,,"B2C, Offline",,,,,,,,,,,,,,,,65 8446 0086,,,,,,,,,,,,,,,Gov List,"ACRA, Google Searches",,
,,16/12/2025,FILIPINO PRIME GRILL PTE. LTD.,FILIPINO PRIME GRILL GERRYS GRILL,,TeleSales,,Offline Sources,Adhoc,,201023803W,,,,,,,,,,,,,,,,"B2C, Offline",,,,,,,,,,,,,,,,65 9335 3729,,,,,,,,,,,,,,,Gov List,"ACRA, Google Searches",,
,,16/12/2025,,BAKENING,,TeleSales,,Offline Sources,Adhoc,,,,,,,,,,,,,,,,,,"B2C, Offline",,,,,,,,,,,,,,,,65 8750 4421,hello@bakening.co,,,,,,,,,,,,,,Gov List,"ACRA, Google Searches",,
,,16/12/2025,HOMEANDAWAY_WHO,HOMEANDAWAYWHO,,TeleSales,,Offline Sources,Adhoc,,53469628K,,,,,,,,,,,,,,,,"B2C, Offline",,,,,,,,,,,,,,,,65 8284 1230,ongw0097@e.ntu.edu.sg,,,,,,,,,,,,,,Gov List,"ACRA, Google Searches",,
,,16/12/2025,,BUTTERKNIFE FOLK,,TeleSales,,Offline Sources,Adhoc,,,,,,,,,,,,,,,,,,"B2C, Offline",,,,,,,,,,,,,,,,65 6734 7855,,,,,,,,,,,,,,,Gov List,"ACRA, Google Searches",,
,,16/12/2025,METROPOLITAN LAW CORPORATION,METROPOLITAN YMCA,,TeleSales,,Offline Sources,Adhoc,,201109833C,,,,,,,,,,,,,,,,"B2C, Offline",,,,,,,,,,,,,,,,65 6839 8316,catherine.lee@mymca.org.sg,,,,,,,,,,,,,,Gov List,"ACRA, Google Searches",,
,,16/12/2025,KILLINEY KOPITIAM,KILLINEY KOPITIAM - OCBC,,TeleSales,,Offline Sources,Adhoc,,47245200B,,,,,,,,,,,,,,,,"B2C, Offline",,,,,,,,,,,,,,,,65 9137 0914,jingsong@killineyexchange.com,,,,,,,,,,,,,,Gov List,"ACRA, Google Searches",,
,,16/12/2025,WOORINARA PTE. LTD.,WOORINARA KOREAN RESTAURANT,,TeleSales,,Offline Sources,Adhoc,,200801613R,,,,,,,,,,,,,,,,"B2C, Offline",,,,,,,,,,,,,,,,65 9114 9512,woorinaraco19@gmail.com,,,,65 6464 9282,,,,,,,,,,Gov List,"ACRA, Google Searches",,
,,16/12/2025,,TIMIKA CUISINE,,TeleSales,,Offline Sources,Adhoc,,,,,,,,,,,,,,,,,,"B2C, Offline",,,,,,,,,,,,,,,,65 8226 4699,manesha.ravi@yahoo.com.sg,,,,,,,,,,,,,,Gov List,"ACRA, Google Searches",,
,,16/12/2025,MORE THAN STUDIOS PTE. LTD.,MORE INFO THANKS,,TeleSales,,Offline Sources,Adhoc,,201838365M,,,,,,,,,,,,,,,,"B2C, Offline",,,,,,,,,,,,,,,,65 8874 5385,douglas@ladiesandgentlemen.sg,,,,,,,,,,,,,,Gov List,"ACRA, Google Searches",,
,,16/12/2025,XIN HUA REN LLP,XIN HUA RESTAURANT,,TeleSales,,Offline Sources,Adhoc,,T18LL1971B,,,,,,,,,,,,,,,,"B2C, Offline",,,,,,,,,,,,,,,,65 8399 7731,cjiahuey@yahoo.com,,,,,,,,,,,,,,Gov List,"ACRA, Google Searches",,
,,16/12/2025,,GOOD RICH FOODS,,TeleSales,,Offline Sources,Adhoc,,,,,,,,,,,,,,,,,,"B2C, Offline",,,,,,,,,,,,,,,,65 9186 6912,admin@goodrichfoods.biz,,,,,,,,,,,,,,Gov List,"ACRA, Google Searches",,
,,16/12/2025,THE PAPER BUNNY LLP,THE BUNGY BAR,,TeleSales,,Offline Sources,Adhoc,,T10LL1080H,,,,,,,,,,,,,,,,"B2C, Offline",,,,,,,,,,,,,,,,65 6339 5707,simon_wong@bungybar.com.sg,,,,,,,,,,,,,,Gov List,"ACRA, Google Searches",,
,,16/12/2025,FAIRTRADE COMMODITIES PTE. LTD.,FAIR TRADE COMMODITIES,,TeleSales,,Offline Sources,Adhoc,,201621157M,,,,,,,,,,,,,,,,"B2C, Offline",,,,,,,,,,,,,,,,65 4000 0000,pa10.md@fairtradeasean.com,,,,,,,,,,,,,,Gov List,"ACRA, Google Searches",,
,,16/12/2025,,ROYAL DURIAN,,TeleSales,,Offline Sources,Adhoc,,,,,,,,,,,,,,,,,,"B2C, Offline",,,,,,,,,,,,,,,,65 8186 8552,hello@royalduriansg.com,,,,,,,,,,,,,,Gov List,"ACRA, Google Searches",,
,,16/12/2025,PARADISE INN (2) PTE. LTD.,PARADISE INN 2 LENU @ WOODLEIGH,,TeleSales,,Offline Sources,Adhoc,,201010333R,,,,,,,,,,,,,,,,"B2C, Offline",,,,,,,,,,,,,,,,65 8299 2150,accounts@paradisegroup.com.sg,,,,,yewyew@paradisegroup.com.sg,,,,,weiping@paradisegroup.com.sg,,,,Gov List,"ACRA, Google Searches",,
,,16/12/2025,COCONUTNUT FOOD INDUSTRIAL PTE. LTD.,COCONUTNUT COLD KNOCK,,TeleSales,,Offline Sources,Adhoc,,201909597G,,,,,,,,,,,,,,,,"B2C, Offline",,,,,,,,,,,,,,,,65 9759 9901,,,,,,,,,,,,,,,Gov List,"ACRA, Google Searches",,
,,16/12/2025,APPLEYARD RAIL,JAPAN RAIL CAFE,,TeleSales,,Offline Sources,Adhoc,,53475773A,,,,,,,,,,,,,,,,"B2C, Offline",,,,,,,,,,,,,,,,65 9781 6541,wyncy@jreast.sg,,,,,,,,,,,,,,Gov List,"ACRA, Google Searches",,
,,16/12/2025,YELLOWGRAAINS PTE. LTD.,VINNHARR DINERS PARADISE,,TeleSales,,Offline Sources,Adhoc,,202108437R,,,,,,,,,,,,,,,,"B2C, Offline",,,,,,,,,,,,,,,,65 9101 2878,vinharr05@gmail.com,,,,,,,,,,,,,,Gov List,"ACRA, Google Searches",,
,,16/12/2025,TABBOULEH PTE. LTD.,TABBOUEH,,TeleSales,,Offline Sources,Adhoc,,202337125D,,,,,,,,,,,,,,,,"B2C, Offline",,,,,,,,,,,,,,,,65 6292 5235,mm_khan383@yahoo.com,,,,,,,,,,,,,,Gov List,"ACRA, Google Searches",,
