,UEN,MATCHED_NAME,COMPANY_NAME,PIC_NAME,DESIGNATION,CONTACT_NUMBER_1_FORMATTED,CONTACT_NUMBER_2_FORMATTED,CONTACT_NUMBER_3_FORMATTED,ADDRESS,EMAIL_1,EMAIL_2,EMAIL_3,COMPANY_STATUS
0,202012747H,AAA MOKITA FOOD MANAGEMENT & CATERING PTE. LTD.,AAA MOKITA FOOD MANAGEMENT & CATERING PTE. LTD.,,,65 9183 2482,,,,aaamokitachangi@gmail.com,,,LIVE COMPANY
1,197803023H,ABR HOLDINGS LIMITED,ABR HOLDINGS LIMITED,,,65 9776 2505,,,,bennyng@swensens.com.sg,,,LIVE COMPANY
2,52966167E,BEST HAWA RESTAURANT CHICKEN RICE & SEAFOOD,BEST HAWA RESTAURANT CHICKEN RICE & SEAFOOD,,,65 9003 5863,,,,contact.besthawa@gmail.com,,,LIVE
3,53410519W,CHAREN THAI KITCHEN,CHAREN THAI KITCHEN,,,65 9859 1946,,,,kktan14505@gmail.com, multienergysavings@gmail.com,,LIVE
4,53289006W,COBA COBA,COBA COBA,,,65 9630 2292,,,,Hello@cobacoba.sg,admin@carexpress.com.sg,,LIVE
5,201331601D,DA SHI TANG CATERING PTE. LTD.,DA SHI TANG CATERING PTE. LTD.,,,65 8399 9147,,,,Wangyourui666@qq.com,,,LIVE COMPANY
6,53309315E,DAPUR PENYET,DAPUR PENYET,,,65 9126 6794,,,,glen@dapurpenyet.com.sg,,,LIVE
7,53255300D,DARTS LEGEND,DARTS LEGEND,,,65 8666 3236,,,,stevehoong1987@gmail.com,,,LIVE
8,201218351W,ERWIN PTE. LTD.,ERWIN PTE. LTD.,,,65 6235 1613,,,,accounts@erwins.com.sg,,,LIVE COMPANY
9,53234744K,GERRY'S GRILL,GERRY'S GRILL,,,65 8926 2899,,,,rkctang@gerrysgrill.com, Singapore2@gerrysgrill.com, wangping@gerrysgrill.com,LIVE
10,201129153C,FILL-A-PITA PTE. LTD.,FILL A PITA PTE. LTD.,,,65 9764 1600,,,,hugo@fillapita.co,,,LIVE COMPANY
11,201943309Z,FLOC CAPITAL PRIVATE LIMITED,FLOC CAPITAL PTE LTD,,,65 9646 0384,,,,Junchen@flocgroup.com,,,LIVE COMPANY
12,53073715M,FOOD STREET KENG FISH HEAD STEAMBOAT RESTAURANT,FOOD STREET KENG FISH HEAD STEAMBOAT RESTAURANT,,,65 9023 2854,,,,sharonkwafoodstreet@gmail.com,,,LIVE
13,202031966M,FORTUNE COOKIE PROJECTZ PTE. LTD.,FORTUNE COOKIE PROJECTZ PTE. LTD.,,,65 9720 0079,,,,chyeling@gmail.com,,,LIVE COMPANY
14,199403084M,GAO JI FOOD (S) PTE LTD,GAO JI FOOD (S) PTE LTD,,,65 6773 7878,,,,,,,LIVE COMPANY
15,T06LL0243E,GEORGE TOWN TZE CHAR AND CRAFT BEER LLP,GEORGE TOWN TZE CHAR AND CRAFT BEER LLP,,,65 9682 3826,,,,,,,LIVE
16,T15LL1267K,GOOD COFFEE PLEASE LLP,GOOD COFFEE PLEASE LLP,,,65 9010 6454,,,,Jh@good-coffeeplease.com, vp@good-coffeeplease.com,,LIVE
17,T07LL0769F,GRAPEVINE CAFE BAR & RESTAURANT LLP,GRAPEVINE CAFE BAR & RESTAURANT LLP,,,65 9009 6861,,,,lesmich236@gmail.com, grapevineintel@gmail.com, finance.grapevinevenue@gmail.com,LIVE
18,53339840A,HAO LAI WU FOOD ENTERPRISE,HAO LAI WU FOOD ENTERPRISE,,,65 8339 8649,,,,limrichstep@gmail.com,,,LIVE
19,201704518G,HENRY DINING PTE. LTD.,HENRY DINING PTE. LTD.,,,65 9105 8156,,,,c133788@gmail.com,,,LIVE COMPANY
20,201317788W,HOONG YING ENTERPRISE PRIVATE LIMITED,HOONG YING ENTERPRISE PRIVATE LIMITED,,,65 9661 5449,,,,yeow_tk@hsg.com.sg, jennifer_sia@hsg.com.sg, Gina_lim@hsg.com.sg,LIVE COMPANY
21,200408968W,HOT PALETTE (ASIA PACIFIC) PTE. LTD.,HOT PALETTE (ASIA PACIFIC) PTE. LTD.,,,86 06541,,,,winnie@hotpalette-apac.com, celiatan@hotpalette-apac.com, sylim@hotpalette-apac.com,LIVE COMPANY
22,53381900L,ICHI TEI JAPANESE CUISINE (2009),ICHI TEI JAPANESE CUISINE (2009),,,65 9139 1746,,,,ichitei@hotmail.com,,,LIVE
23,53048863M,ILLUZION,ILLUZION,,,65 9106 3912,,,,astickysituation.illuzion@gmail.com,,,LIVE
24,201433677N,JARS VENTURES PRIVATE LIMITED,JARS VENTURES PTE LTD,,,65 9225 6558,,,,janice.lim@jars-ventures.com,,,LIVE COMPANY
25,201023648N,JIA WEI FOOD HUB PRIVATE LIMITED,JIA WEI FOOD HUB PTE LTD,,,65 9106 1932,,,,sharon.tan88888@gmail.com,,,LIVE COMPANY
26,T19LL0800E,KACA COFFEE LLP,KACA COFFEE LLP,,,65 8168 5283,,,,kacacoffeehouse@gmail.com,,,LIVE
27,201910596G,KAI DUCK PRIVATE LIMITED,KAI DUCK PRIVATE LIMITED,,,65 9049 3153,,,,Kaiting@benefitcapital.asia,,,LIVE COMPANY
28,201941471D,MAKANPANDA WESTERN PRIVATE LIMITED,MAKANPANDA WESTERN PTE LTD,,,65 9096 0066,,,,dave.ker77@gmail.com,,,LIVE COMPANY
29,201129730K,MING CHUNG PTE. LTD.,MING CHUNG PTE. LTD.,,,65 9622 0726,,,,peterho@mingchung.com.sg,,,LIVE COMPANY
30,53395289A,MONZEN@GARDEN,MONZEN@GARDEN,,,65 9119 0700,,,,alfredngys@gmail.com,,,LIVE
31,53188868A,MOUNTAIN COFFEE,MOUNTAIN COFFEE,,,65 9040 0002,,,,yorasze@gmail.com,,,LIVE
32,T12LL0905G,NANA THAI WOK RESTAURANT LLP,NANA THAI WOK RESTAURANT LLP,,,65 9247 0816,,,,restaurantnanathai@gmail.com,,,LIVE
33,200403500N,OCTAPAS PRIVATE LIMITED,OCTAPAS PTE LTD,,,65 9732 4435,,,,henny@octapasasia.com, kc@pvglobal.com.sg,,LIVE COMPANY
34,53397104K,PASTIME,PASTIME,,,65 9620 2019,,,,Andy@ftgroup.sg,,,LIVE
35,201223693K,PTF PTE. LTD.,PTF PTE. LTD.,,,65 9353 0860,,,,Craig@ptig.email, julie@rightchoice.email,,LIVE COMPANY
36,201916251R,RED MARBLE PTE. LTD.,RED MARBLE PTE. LTD.,,,65 9639 8668,,,,oneprawnnoodle@gmail.com,,,LIVE COMPANY
37,200106258Z,REMNANT ENTERPRISE PTE LTD,REMNANT ENTERPRISE PTE LTD,,,65 6447 0797,,,,sarah@remnants.com.sg,,,LIVE COMPANY
38,52818326E,SHI SHENG CLAYPOT FROG,SHI SHENG CLAYPOT FROG,,,65 8333 9999,,,,Scz9d@yahoo.com.Sg, multienergysavings@gmail.com,,LIVE
39,201807681G,SHIVAM RESTAURANT PTE. LTD.,SHIVAM RESTAURANT PTE. LTD.,,,65 9673 6653,,,,krishnamani_k@yahoo.com,,,LIVE COMPANY
40,T15LL0082A,SIAM SQUARE MOOKATA LLP,SIAM SQUARE MOOKATA PTE LTD,,,65 9056 8070,,,,rose@pocoloco.com.sg,,,LIVE
41,202144640H,SMOKE & ATELIER CO PTE. LTD.,SMOKE & ATELIER CO PTE. LTD.,,,65 8894 7367,,,,wangmrcs@yahoo.com.sg,,,LIVE COMPANY
42,199905003K,SOFRA INTERNATIONAL FOOD PTE LTD,SOFRA INTERNATIONAL FOOD PTE LTD,,,65 9616 2886,,,,accounts@sofra.com.sg,,,LIVE COMPANY
43,199704731E,SUMMIT CATERING SERVICES PTE LTD,SUMMIT CATERING SERVICES PTE LTD,,,65 9145 6813,,,,marinecorner@singnet.com.sg,,,LIVE COMPANY
44,52946635W,SUN KOPITIAM,SUN KOPITIAM,,,65 8686 8656,,,,sunkopitiam@hotmail.com,,,LIVE
45,199409611R,EDO SUSHI PTE LTD,SUSHI EDO PTE LTD,,,65 6348 6613,,,,,,,LIVE COMPANY
46,199405285E,SUSHI-TEI PTE LTD,SUSHI TEI PTE LTD,,,65 6376 2221,,,,geokhoen@sushitei.com, gavinng@sushitei.com, finance@sushitei.com,LIVE COMPANY
47,42899000B,TANG KAY KEE EATING STALL,TANG KAY KEE EATING STALL,,,65 8157 2641,,,,debbieywg@gmail.com,,,LIVE
48,53264074L,THE FROSTED CHICK,THE FROSTED CHICK,,,65 9488 2226,,,,Frostedsg@gmail.com,,,LIVE
49,53437094B,THE PLANT FOOD.CO,THE PLANT FOOD,,,65 8182 4577,,,,theplantfood.co@gmail.com,,,LIVE
50,39513200B,THIAM YIAN CONFECTIONERY,THIAM YIAN CONFECTIONERY,,,65 6458 1478,,,,thiamyianconfectionery@gmail.com,,,LIVE
51,53080254J,HEPO KEJIA LEICHA SUPPLY,HEPO KEJIA LEICHA SUPPLY,,,65 9339 8979,,,,hello@thunderbolt.sg,,,LIVE
52,201101430Z,UDC PTE. LTD.,UDC PTE. LTD.,,,65 8343 1521,,,,chaitali@angloindian.com.sg,,,LIVE COMPANY
53,201115099Z,VEGANFOODS GLOBAL PRIVATE LIMITED,VEGANFOODS GLOBAL PTE LTD,,,65 9726 8297,,,,mayuri@veganburg.com,,,LIVE COMPANY
54,T16LL1912B,VICTORY BOAT NOODLE CAFE LLP,VICTORY BOAT NOODLE CAFE LLP,,,65 8126 2168,,,,victoryboatnoodlescafe@hotmail.com,,,LIVE
55,199606638R,WALA WALA CAFE BAR PTE LTD,WALA WALA CAFE BAR PTE LTD,,,65 6462 4288,,,,stanley@walawala.sg, accounts@walawala.sg,,LIVE COMPANY
56,53041278X,WARUNG M NASIR,WARUNG M NASIR,,,65 9010 5188,,,,warungmnasir@yahoo.com,,,LIVE
57,201924528D,WEI DAO FOOD PTE. LTD.,WEI DAO FOOD PTE. LTD.,,,65 6533 2477,,,,pacificmanpower168@gmail.com,,,LIVE COMPANY
58,198703403D,YHINGTHAI PALACE RESTAURANT PTE LTD,YHINGTHAI PALACE RESTAURANT PTE LTD,,,65 6337 1161,,,,,,,LIVE COMPANY
59,200300417R,YUAN WEI QUAN VEGETARIAN PTE. LTD.,YUAN WEI QUAN VEGETARIAN PTE. LTD.,,,65 9687 8535,,,,candrafst@gmail.com,,,LIVE COMPANY
60,53169923D,1-ALTITUDE,1 ALTITUDE,,,65 6773 0070,,,,info@1-altitude.com,,,LIVE
61,35250000W,A B MOHAMED RESTAURANT,A.B.MOHAMED RESTAURANT,,,65 6298 1010,,,,abmrest@abmgroup.com.sg,,,LIVE
62,T06LL1303L,AGLIO OLIO BISTRO LLP,AGLIO OLIO BISTRO ,,,65 6327 3622,65 6266 0643,,,clement@aglioolio.com.sg, glio@aglioolio.com.sg,,LIVE
63,52898174M,AMIRAH'S GRILL RESTAURANT & CAFE,AMIRAH'S GRILL RESTAURANT & CAFE ,,,48 659383199,,,,enquiry@amirahsgrill.com,,,LIVE
64,52908915K,328 KATONG LAKSA,328 KATONG LAKSA,,,65 9732 8163,,,,328katonglaksa@gmail.com, jamesleeweijie@gmail.com,,LIVE
65,200608015W,ASIAN HALALFOOD PTE. LTD.,ASIAN HALALFOOD PTE. LTD.,,,65 6261 6887,,,,ashraffali2001@gmail.com,,,LIVE COMPANY
66,T06LL1594A,BONKERS PUB LLP,BONKERS PUB,,,65 6226 3817,,,,bonkerschng@hotmail.com,,,LIVE
67,51207300K,BRAZIL CHURRASCO,BRAZIL CHURRASCO,,,65 9657 2472,,,,mugan@brazilchurrasco.com,,,LIVE
68,201421750R,BREAD STREET KITCHEN PTE. LIMITED,BREAD STREET KITCHEN,,,65 6688 5665,,,,john.quetier@marinabaysands.com,,,LIVE COMPANY
69,53417137X,CHEF'S TABLE,CHEF'S TABLE,,,65 6224 4188,,,,chefstable@2015L.com,,,LIVE
70,53034617J,CHENG'S SEAFOOD VILLAGE,CHENG'S SEAFOOD VILLAGE,,,65 6892 5590,,,,-,,,LIVE
71,52735300X,CROSSROADS CAFE,CROSSROADS CAFE,,,65 8289 5313,,,,mhrs.sindt.crossroads.cafe.restaurant.mgr@marriotthotels.com,,,LIVE
72,53230549C,DONG PO COLONIAL CAFE,DONG PO COLONIAL CAFE,,,65 6298 1318,,,,-,,,LIVE
73,199201419R,EAST OCEAN TEOCHEW RESTAURANT PTE LTD,EAST OCEAN TEOCHEW RESTAURANT,,,65 6235 9088,,,,eastoceantc@yahoo.com.sg,,,LIVE COMPANY
74,53376878X,DULCET & STUDIO,DULCET & STUDIO,,,65 6338 9248,,,,,,,LIVE
75,53087342K,"FAIRMONT, SINGAPORE",FAIRMONT SINGAPORE,,,65 6431 5055,,,,singapore@fairmont.com,,,LIVE
76,198802664G,FORMOSA DELIGHTS PTE LTD,FORMOSA DELIGHTS PTE LTD,,,65 9100 8206,65 6778 7398,,,formosa.delights@gmail.com, manager@formosadelights.com,,LIVE COMPANY
77,42595000W,GANDHI RESTAURANT,GANDHI RESTAURANT,,,65 9622 9281,,,,raj1978sg@yahoo.com.sg,,,LIVE
78,201707263C,HAN & HAN PRIVATE LIMITED,HAN,,,65 6336 2466,,,,contact@han.com.sg,,,LIVE COMPANY
79,200009275W,HARVEST SEAFOOD RESTAURANT PTE LTD,HARVEST SEAFOOD RESTAURANT,,,65 6538 9192,,,,harvestyap@hotmail.com,,,LIVE COMPANY
80,53023502A,HIMAWARI JAPANESE RESTAURANT,HIMAWARI JAPANESE RESTAURANT,,,65 6272 1110,,,,amy@himawari.com.sg,,,LIVE
81,53295765B,IDATEN UDON,IDATEN UDON,,,65 6238 7490,,,,contactus@res.com.sg,,,LIVE
82,200008062G,IKOI JAPANESE RESTAURANT PTE LTD,IKOI JAPANESE RESTAURANT,,,65 6887 3788,,,,ikoi.ckoh@gmail.com,,,LIVE COMPANY
83,201325938H,JUNSHIN EXPRESS PTE. LTD.,JUNSHIN EXPRESS PTE. LTD.,,,65 6844 9448,,,,sproject@junshinexpress.com.sg,,,LIVE COMPANY
84,199604788C,KHALSA RESTAURANT PTE LTD,KHALSA RESTAURANT,,,65 6297 6417,,,,,,,LIVE COMPANY
85,201602653C,KOMBI ROCKS PRIVATE LIMITED,KOMBI ROCKS,,,65 6288 1206,,,,wheels@kombirocks.com,,,LIVE COMPANY
86,53495243K,KOJI SUSHI BAR,KOJI SUSHI BAR,,,65 6225 6125,,,,koji@kojisushi.com.sg,,,LIVE
87,53269683B,LA TAPERIA,LA TAPERIA ,,,65 6737 8336,,,,,,,LIVE
88,198204068N,LONG BEACH SEAFOOD RESTAURANT PTE LTD,LONG BEACH SEAFOOD RESTAURANT,,,65 9812 1563,65 6338 9398,,,one@longbeachseafood.com.sg,,,LIVE COMPANY
89,52818689B,MAG'S WINE-KITCHEN,MAG'S WINE KITCHEN,,,65 6438 3836,,,,info@magswinekitchen.com,,,LIVE
90,53470743B,MEERA'S CURRY,MEERA'S CURRY,,,65 6298 2827,,,,,,,LIVE
91,53427809D,MY ART SPACE,MY ART SPACE,,,65 6222 1622,,,,info@myartspace.com.sg,,,LIVE
92,201430071M,NEKKID PRIVATE LIMITED,NEKKID,,,65 6694 0940,,,,wijaya@nakedfinn.com,,,LIVE COMPANY
93,53155440J,NALAN RESTAURANT,NALAN RESTAURANT ,,,65 6336 6404,65 9670 9430,,,thiru@fasttrack.com.sg, info@nalan.com.sg,,LIVE
94,53507875K,OLIVE & VINE,OLIVE VINE,,,65 6336 3746,,,,olivevine.2007@gmail.com,,,LIVE
95,53154888X,PHOENIX INDIAN RESTAURANT,PHOENIX INDIAN RESTAURANT,,,65 6468 1044,,,,karusmani@gmail.com,,,LIVE
96,T12LL0207G,PIETRO RISTORANTE ITALIANO LLP,PIETRO RISTORANTE ITALIANO,,,65 6484 5528,65 8523 4300,,,admin@passionforfood.com.sg,,,LIVE
97,52920798B,RABBIT BRAND SEAFOOD DELICACIES,"RABBIT BRAND SEAFOOD
  DELICACIES",,,65 6557 0874,,,,yeowseng@singnet.com.sg,,,LIVE
98,199301836K,QUE PASA PTE LTD,QUE PASA,,,65 6235 6626,,,,andyhoo@quepasa.com.sg,,,LIVE COMPANY
99,53207825W,RAKUICHI JAPANESE RESTAURANT,RAKUICHI JAPANESE RESTAURANT  ,,,65 8684 8669,65 6474 2143,,,rakuichirestaurant@gmail.com,,,LIVE
100,199906955D,RANG MAHAL PTE LTD,RANG MAHAL,,,65 6850 7967,,,,rangmahal@rangmahal.com.sg,,,LIVE COMPANY
101,52862661B,RIVERWALK TANDOOR,RIVERWALK TANDOOR,,,65 9061 7545,,,,sales@rwt.com.sg,,,LIVE
102,197200834W,ROLAND RESTAURANT PTE LTD,ROLAND RESTAURANT PTE LTD,,,65 8218 8011,,,,richard@rolandrestaurant.com.sg,,,LIVE COMPANY
103,199604816E,SAKAE HOLDINGS LTD.,SAKAE HOLDINGS LTD.,,,65 6496 0014,,,,,,,LIVE COMPANY
104,53264592L,SAIGON SANDWICH,SANDWICH SAIGON,,,65 9777 7519,,,,sandwichsg@gmail.com,,,LIVE
105,52888739D,SANTA FE TEX-MEX GRILL,SANTA FE TEX-MEX GRILL ,,,65 6278 5775,,,,olive@riverboat.com.sg, enquiry@santafetexmex.com.sg,,LIVE
106,53307195W,SEN OF JAPAN,SEN OF JAPAN,,,65 9644 1616,,,,ellie@soj.com.sg,,,LIVE
107,53107677J,SANKRANTI,SANKRANTI,,,65 6784 8498,,,,srinivas@sankranti.com,,,LIVE
108,52988046J,SHIMBASHI SOBA,SHIMBASHI SOBA ,,,65 6735 9882,,,,contactus@res.com.sg,,,LIVE
109,T15LL1604L,STELLA PROP LLP,STELLA,,,65 6214 9168,65 9088 0382,,,-,,,LIVE
110,200005753W,SPIZZICO PTE LTD,SPIZZICO ,,,65 6333 6174,65 9829 8222,,,enquiry@spizzico.sg, stong@spizzico.sg,,LIVE COMPANY
111,199003338C,SWEE CHOON TIM SUM RESTAURANT PTE LTD,SWEE CHOON TIM SUM RESTAURANT ,,,65 9633 7788,,,,ting7788@singnet.com.sg,,,LIVE COMPANY
112,53269079J,SUSHI JIN,SUSHI JIN,,,65 6443 3378,,,,sushijin@lesamis.com.sg,,,LIVE
113,200005527N,THE BOOK CAFE PTE LTD,THE BOOK CAFE,,,65 6887 5430,,,,anthonysiow@thebookcafe.com.sg,,,LIVE COMPANY
114,52993044K,THE CONNOISSEUR DIVAN,THE CONNOISSEUR DIVAN,,,65 6733 7141,,,,info@connoisseurdivan.com,,,LIVE
115,53080910M,THAI ACCENT,THAI ACCENT,,,65 6376 9282,,,,kenny@seacuisine.com.sg,,,LIVE
116,52929842B,THE PIZZA PLACE,THE PIZZA PLACE ,,,65 6336 1979,,,,info@thepizzaplace.com.sg,,,LIVE
117,53157767L,URBAN BITES,URBAN BITES,,,65 6327 9460,,,,info@urbanbites.com.sg,,,LIVE
118,33642600C,DELHI RESTAURANT,DELHI RESTAURANT,,,65 9273 2727,,,,dcuisines@live.com,,,LIVE
119,53290432W,FUMEE BY HABANOS,FUMEE BY HABANOS ,,,65 6835 7339,,,,helengoh@habanossg.com,,,LIVE
120,200107460K,SPIZZA PTE LTD,SPIZZA ,,,65 6220 4315,,,,,,,LIVE COMPANY
121,53295000C,FAT SAIGON BOY,FAT SAIGON BOY ,,,65 6221 6784,,,,writetofatsaigonboy@gmail.com,,,LIVE
122,53047307X,SPICE JUNCTION,SPICE JUNCTION,,,65 6341 7980,65 6341 7980,,,info@spicejunction.com.sg, dining@spicejunction.com.sg,,LIVE
123,53308553E,THE BLUE GINGER RESTAURANT,THE BLUE GINGER RESTAURANT ,,,65 6222 3928,65 9755 8603,,,alan.foo@theblueginger.com,,,LIVE
124,200208575M,MADAM KWAN'S PRIVATE LIMITED,MADAM KWAN'S ,,,65 6271 9989,,,,ethan@madamkwans.com.my,,,LIVE COMPANY
125,198600539H,SHASHLIK RESTAURANT PTE LTD,SHASHLIK RESTAURANT ,,,65 6732 6401,,,,enquiry@shashlik.sg,,,LIVE COMPANY
126,48318000M,GREENLAND VEGETARIAN RESTAURANT,GREENLAND VEGETARIAN RESTAURANT ,,,65 9788 9640,65 6282 8022,,,tbhuat@gmail.com,,,LIVE
127,199605953N,DESA KARTIKA PTE LTD,DESA KARTIKA PTE LTD ,,,65 6732 7372,,,,rose.desakartika@gmail.com,,,LIVE COMPANY
128,53070802K,JOE'S KITCHEN - THAI CUISINE,JOE'S KITCHEN THAI CUISINE ,,,65 6270 8484,65 9857 7007,65 6270 8484,,contact@joesthaikitchen.com,,,LIVE
129,T21LL0017F,PATTAYA GARDEN RESTAURANT LLP,PATTAYA GARDEN RESTAURANT ,,,65 6345 5266,,,,sales@pattayagarden.com.sg,,,LIVE
130,52873918B,DIVINE REALM VEGETARIAN RESTAURANT,DIVINE REALM VEGETARIAN RESTAURANT ,,,65 6387 2058,,,,,,,LIVE
131,197803106K,BENG HIANG RESTAURANT PTE LTD,BENG HIANG RESTAURANT ,,,65 6221 6695,,,,cindy.lim@benghiang.com,,,LIVE COMPANY
132,27168200X,SUMMER PALACE,SUMMER PALACE ,,,65 6725 3288,,,,address summerpalace@regentsingapore.com.sg,,,LIVE
133,47692400J,SHANG PALACE,SHANG PALACE ,,,65 6213 4473,,,,,,,LIVE
134,53194698C,YI JIA SOUTH VILLAGE SEAFOOD RESTAURANT,YI JIA SOUTH VILLAGE SEAFOOD RESTAURANT ,,,65 6747 8263,,,,bryanclarence@yahoo.com,,,LIVE
135,199407490E,AL FORNO (EAST COAST) PTE LTD,AL FORNO (EAST COAST) PTE LTD ,,,65 6348 8781,,,,contact@alfornoeastcoast.com.sg,,,LIVE COMPANY
136,53047239B,HONG KONG STREET FAMILY RESTAURANT BEDOK,HONG KONG STREET FAMILY RESTAURANT BEDOK ,,,65 6245 3881,65 6252 3132,,,,,,LIVE
137,37613900E,IZAKAYA NIJUMARU RESTAURANT,IZAKAYA NIJUMARU RESTAURANT ,,,65 6235 6693,65 6235 6693,,,izakayanijumaru@gmail.com,,,LIVE
138,53079726K,ISUSHI,ISUSHI ,,,65 6242 8652,,,,,,,LIVE
139,53102713M,BAR '75,BAR '75 ,,,65 6823 5355,,,,,,,LIVE
140,T08LL0166L,GOING OM LLP,GOING OM ,,,65 6396 3592,65 8363 5640,,,info@going-om.com.sg,,,LIVE
141,201531878E,KAI GARDEN PRIVATE LIMITED,KAI GARDEN ,,,65 6250 4826,,,,Kaiting@benefitcapital.asia,,,LIVE COMPANY
142,199800471K,IVINS PTE LTD,IVINS ,,,65 6288 7922,65 6468 3060,,,,,,LIVE COMPANY
143,53111479A,JING LONG SEAFOOD RESTAURANT,JING LONG SEAFOOD RESTAURANT ,,,65 6442 9398,65 6442 9398,,,jinglongseafood@gmail.com,,,LIVE
144,52820891L,GOLDEN PEONY,GOLDEN PEONY ,,,65 6432 7482,65 6432 7482,,,sinci.goldenpeony@conradhotels.com,,,LIVE
145,52985606M,TRAPIZZA,TRAPIZZA ,,,65 6376 2662,,,,,,,LIVE
146,52823476E,POR KEE EATING HOUSE 1996,POR KEE EATING HOUSE 1996 ,,,65 6221 0582,,,,,,,LIVE
147,199204594G,YAMAGAWA JAPANESE RESTAURANT PTE LTD,YAMAGAWA JAPANESE RESTAURANT ,,,65 6299 1175,,,,yamagawa@singnet.com.sg,,,LIVE COMPANY
148,53487903M,THE HORSE'S MOUTH,THE HORSE'S MOUTH ,,,65 6235 1088,,,,info@horsesmouthbar.com,,,LIVE
149,53127689M,MR PUNCH PUBLIC HOUSE,MR PUNCH PUBLIC HOUSE ,,,65 8339 8966,65 6339 6266,,,reservations@mrpunch.com,,,LIVE
150,53043315W,GREENWOOD FISH MARKET & BISTRO,GREENWOOD FISH MARKET & BISTRO ,,,65 6467 4950,,,,greenwood_alan@yahoo.com.sg,,,LIVE
151,53084659D,MADRINAA ITALIANO,MADRINAA ITALIANO ,,,65 6474 7342,,,,reservations@madrinaa.com,,,LIVE
152,53257521X,SEIWAA,SEIWAA ,,,65 6291 6084,,,,reservation@seiwaa.com.sg, business@seiwaa.com.sg,,LIVE
153,201622555E,SUPREME VEGE PRIVATE LIMITED,SUPREME VEGE ,,,65 6238 5085,,,,enquiry@supremevege.sg,,,LIVE COMPANY
154,200902940E,LE LE POT PRIVATE LIMITED,LE LE POT ,,,65 9666 3617,,,,icebox.yb@gmail.com,,,LIVE COMPANY
155,200007177M,G7 LIANG KEE RESTAURANT PTE LTD,G7 LIANG KEE RESTAURANT ,,,65 6278 7026,,,,,,,LIVE COMPANY
156,53147583B,ICE EDGE CAFE,ICE EDGE CAFE ,,,65 6858 5729,65 8218 1870,,,info.iceedgecafe@yahoo.com, Enquiries@iceedgecafe.com, admin@passionforfood.com.sg,LIVE
157,T16LL1445F,WARUNG KAMPUNG LLP,WARUNG KAMPUNG ,,,65 8666 6699,,,,warungkampung@hotmail.com,,,LIVE
158,199501789Z,SPROUT (SINGAPORE) PTE LTD,SPROUT ,,,65 9154 2022,,,,a.rahman@eatatsprout.com,,,LIVE COMPANY
159,53234232A,AJI-ICHI,AJI-ICHI ,,,65 6744 7732,,,,kinchoong_phang@astons.com.sg,,,LIVE
160,199906640M,BOTAN JAPANESE RESTAURANT PTE LTD,BOTAN JAPANESE RESTAURANT ,,,65 6536 4404,,,,botan@singnet.com.sg,,,LIVE COMPANY
161,53290504X,BEER FACTORY,BEER FACTORY ,,,65 9859 5603,,,,janverrdanantonio@yahoo.com, info@beerfactory.sg,,LIVE
162,200613802E,CUBA LIBRE PRIVATE LIMITED,CUBA LIBRE ,,,65 8817 5413,,,,trevor@cubalibre.com.sg, cq@cubalibre.asia,,LIVE COMPANY
163,52845846M,MACKENZIE REX RESTAURANT,MACKENZIE REX RESTAURANT ,,,65 6336 1702,,,,contactus@macrex.com.sg, ivanho3755@yahoo.com.sg,,LIVE
164,53122245D,JING,JING ,,,65 6224 0088,,,,bong@jing.sg,,,LIVE
165,200906274K,NAKED FINN PRIVATE LIMITED,NAKED FINN ,,,65 6694 0807,,,,,,,LIVE COMPANY
166,53094152W,BISMILLAH BIRYANI RESTAURANT,BISMILLAH BIRYANI RESTAURANT ,,,65 9382 7937,,,,sasalahuddin@gmail.com,,,LIVE
167,53259614E,KOREAN FUSION BBQ,KOREAN FUSION BBQ ,,,65 6291 4468,,65 6291 4468,,cv.kfbbq@gmail.com,,,LIVE
168,53215651W,ANGMOH NOODLE HOUSE,ANGMOH NOODLE HOUSE ,,,65 6744 9911,,,,angmoh@mingsay.com.sg,,,LIVE
169,31593600B,SIN HENG CLAYPOT BAK KOOT TEH,SIN HENG CLAYPOT BAK KOOT TEH ,,,65 6345 8754,,,,adrian.neo78@gmail.com,,,LIVE
170,53199820K,CHUAN WEI XUAN,CHUAN WEI XUAN ,,,65 6348 8003,,,,,,,LIVE
171,53462357C,SIMPLY WESTERN FOOD,SIMPLY WESTERN FOOD ,,,65 6344 0354,,,,hernandoedward@gmail.com,,,LIVE
172,201304415E,BLACK EARTH PRIVATE LIMITED,BLACK EARTH ,,,65 6346 4558,,,,,,,LIVE COMPANY
173,53275396L,LAAF,LAAF ,,,65 6247 7913,,,,ange@laaf.sg,,,LIVE
174,201205104K,CHAMPS FOOD PTE. LIMITED,FOOD CHAMPS ,,,65 6297 1612,,,,kelvin.weiwei@gmail.com,,,LIVE COMPANY
175,T15LL0256G,JAG WINE LLP,JAG WINE ,,,65 6348 1778,,,,azzam@jagwine.com,,,LIVE
176,53453721M,MOJO SG,MOJO ,,,65 6220 0723,,,,hello@mojosingapore.com,,,LIVE
177,53240485L,NUM HIAM CURRY,NUM HIAM CURRY ,,,65 6569 2963,,,,,,,LIVE
178,53460414E,SLAPPY CAKES,SLAPPY CAKES ,,,65 6465 1814,,,,slappycakesgs@tunglok.com,,,LIVE
179,53234978D,NOODLE MAN,NOODLE MAN ,,,65 6327 1286,,,,,,,LIVE
180,53357642C,VENUE BY SEBASTIAN,VENUE BY SEBASTIAN ,,,65 6904 9688,,,,colinyong90@gmail.com, info@venuebysebastian.com,,LIVE
181,199403675W,HARU CORPORATION PTE LTD,HARU HARU ,,,65 6451 3201,,,,nickchin2@hotmail.com,,,LIVE COMPANY
182,52815928C,SUMMER PAVILION,SUMMER PAVILION ,,,65 6434 5286,,,,rc.sinrz.summerpavilion@ritzcarlton.com,,,LIVE
183,53433993W,SIAM SUPER,SUPER SIAM ,,,65 6438 5233,,,,supersiam@live.sg,,,LIVE
184,200100404D,THE BIG BIRD PTE LTD,THE BIG BIRD ,,,65 6734 6022,65 9101 0143,,,thebigbirdcr@gmail.com,,,LIVE COMPANY
185,T11LL0482L,SOD CAFE LLP,SOD CAFE SG ,,,65 6385 4026,,,,,,,LIVE
186,26763100J,BEE KEONG RESTAURANT,BEE KEONG RESTAURANT,,,65 6285 5285,,,,joana@beekeong.sg,,,LIVE
187,198804400K,PASTA FRESCA DA SALVATORE PTE LTD,PASTA FRESCA DA SALVATORE ,,,65 6532 6283,,,,salvo@pastafresca.com,,,LIVE COMPANY
188,53168718W,FRUIT BOX,FRUIT BOX ,,,65 9628 2352,,,,,,,LIVE
189,53256827C,AH HUA KELONG,AH HUA KELONG ,,,65 8655 3074,,,,Bryan@ahhuakelong.com,,,LIVE
190,T09LL0416H,MERDANDY BAR & CAFE LLP,MERDANDY BAR & CAFE ,,,65 9090 7905,,,,,,,LIVE
191,53315631M,THA SIAM THAI KITCHEN,THA SIAM THAI KITCHEN ,,,65 9180 0046,65 6766 4766,,,mail@createries.com, liverosezl@hotmail.com, thasiam@hotmail.com,LIVE
192,50916500A,JIA YUEN EATING HOUSE,JIA YUEN EATING HOUSE ,,,65 9672 4607,,,,,,,LIVE
193,53200966E,CURRY & CURRY,CURRY&CURRY ,,,65 8121 9561,,,,,,,LIVE
194,T19LL1240D,MING CHIN IMPERIAL KITCHEN LLP,MING CHIN IMPERIAL KITCHEN,,,65 9168 1813,,,,zanntan80@gmail.com,,,LIVE
195,200918833G,HUNGRY BBQ PRIVATE LIMITED,HUNGRY BBQ ,,,65 6243 2243,,,,help@hungrybbq.com,,,LIVE COMPANY
196,53381462J,BAR CICHETI,BAR CICHETI ,,,65 6789 9806,,,,eat@barcicheti.com,,,LIVE
197,53020516E,PEPERONI PIZZERIA,PEPERONI PIZZERIA ,,,65 6509 1575,,,,peperonifeedback@lesamis.com.sg,,,LIVE
198,00284700X,CHIN SIN HUAN,CHIN SIN HUAN ,,,65 9781 2891,,,,hello@chinsinhuan.sg,,,LIVE
199,53347840E,YAKINIKU JAN JAN,YAKINIKU JAN JAN ,,,65 6908 9968,,,,Info@sential.com.sg,,,LIVE
200,53062289X,INDIAN WOK,INDIAN WOK ,,,65 6448 2003,,,,prabhakar_a@kobian.com,,,LIVE
201,40897200M,A-ROY THAI RESTAURANT,A-ROY THAI RESTAURANT ,,,65 6970 5028,65 6338 3880,65 6352 1446,,aroythaisg.official@outlook.com,,,LIVE
202,201401176D,SLAKE PRIVATE LIMITED,SLAKE SG ,,,65 9245 0184,,,,hello@slake.sg,,,LIVE COMPANY
203,47426300B,KINTAMANI INDONESIAN RESTAURANT,KINTAMANI INDONESIAN RESTAURANT SG ,,,65 6739 6463,,,,kintamani.riverfront@furama.com,,,LIVE
204,53219726K,BELLYGOOD CATERER,BELLYGOOD CATERER SG ,,,65 6694 1717,,,,catering@tunglok.com,,,LIVE
205,201630000Z,LYE HENG FOOD SUPPLIES PTE. LTD.,LYE HENG FOOD SUPPLIES PTE LTD SG ,,,65 8933 1844,,,,enquiry@lyeheng.com,,,LIVE COMPANY
206,53338258X,WANTON NOODLE HOUSE,WANTON NOODLE HOUSE SG ,,,65 8498 4137,,,,cheriesjq96@hotmail.com,,,LIVE
207,201718018W,THE KETTLE GOURMET PRIVATE LIMITED,THE KETTLE GOURMET SG ,,,65 9159 2303,,,,czy199162@gmail.com,,,LIVE COMPANY
208,53285958L,LICKERS,LICKERS SG ,,,65 9099 5265,,,,felix.tan@lickers.com.sg,,,LIVE
209,53080631B,HUP SENG HUAT SEAFOOD,HUP SENG HUAT SEAFOOD SG ,,,65 9383 1031,,,,robertzhuo84@gmail.com,,,LIVE
210,53122555X,JI JI WANTON NOODLE SPECIALIST (SINCE 1965),JI JI WANTON NOODLE SPECIALIST (SINCE 1965) SG ,,,65 9835 9735,,,,kristencsl@gmail.com,,,LIVE
211,53041373J,GOOD CHANCE POPIAH EATING HOUSE,GOOD CHANCE POPIAH EATING HOUSE SG ,,,65 8490 1455,,,,goodchancestaff@gmail.com,,,LIVE
212,T15LL1415H,ORIENTAL ICE BISTRO LLP,ORIENTAL ICE BISTRO SG ,,,65 6635 7426,,,,choonhenglee@outlook.com,,,LIVE
213,199503375W,CHINA CLASSIC PTE LTD,CHINA CLASSIC SG ,,,65 6262 1717,,,,enquiry@chinaclassic.com.sg,,,LIVE COMPANY
214,53265663J,NOODLE CAFE,NOODLE CAFE SG ,,,65 8739 9553,,,,biz@glitz-sg.com,,,LIVE
215,199401989E,FASSLER GOURMET PTE LTD,FASSLER GOURMET SG ,,,65 6257 5257,,,,orderdept@fasslergourmet.com,,,LIVE COMPANY
216,53187777M,WINDOWSILL PIES,WINDOWSILL PIES SG ,,,65 9772 5629,,,,pies@windowsillpies.sg,,,LIVE
217,201838733K,HAVEN BISTRO PRIVATE LIMITED,HAVEN BISTRO SG ,,,65 6817 0639,,,,,,,LIVE COMPANY
218,53241068L,SUNSET BAR,SUNSET BAR SG ,,,65 6705 7663,,,,,,,LIVE
219,53262807A,RONG HUA BAK KUT TEH,RONG HUA BAK KUT TEH SG ,,,65 6469 3536,,,,,,,LIVE
220,53135829A,OLD SCHOOL DELIGHTS,OLD SCHOOL DELIGHTS SG ,,,65 6909 3507,,,,,,,LIVE
221,53507891M,MMMM SG,MMMM! SG ,,,65 6397 6818,,,,,,,LIVE
222,53230526D,KAZOKU JAPANESE CUISINE,KAZOKU JAPANESE CUISINE SG ,,,65 9687 3782,,,,kazokusg@gmail.com,,,LIVE
223,53456264K,CAFE4YOU,CAFE4YOU SG ,,,65 6681 6555,65 8511 5880,,,tiffanyyeo@chilli.com.sg,,,LIVE
224,53387812L,KAFE UTU,KAFE UTU SG ,,,65 6996 3937,,,,info@kafeutu.com,,,LIVE
225,T17LL0746L,WANG YUAN CAFE LLP,WANG YUAN CAFE SG ,,,65 6909 7927,,,,wangyuancafe@gmail.com,,,LIVE
226,53360517B,JIAN FA SEAFOOD BBQ,JIAN FA SEAFOOD BBQ SG ,,,65 6509 9198,,,,ktong74@outlook.com,,,LIVE
227,53502966K,BREADWERKS,BREADWERKS ,,,65 6440 3573,65 9116 2052,,,enquiry@breadwerks.sg, vanz@breadwerks.sg,,LIVE
228,53059139A,SHENG HE FOOD CHAIN,SHENG HE FOOD CHAIN SG ,,,65 6848 2093,,,,,,,LIVE
229,200102485H,SAKURA FAMILY RESTAURANT PTE LTD,SAKURA FAMILY RESTAURANT SG ,,,65 6358 2938,,,,,,,LIVE COMPANY
230,53413763J,IVAN'S CARBINA,IVAN'S CARBINA SG ,,,65 8292 8599,,,,,,,LIVE
231,53289147C,CHULOP!,CHULOP! SG ,,,65 9776 5045,,,,info@chulop.com,,,LIVE
232,53312613D,FIRST CLASS TASTE,FIRST CLASS TASTE SG ,,,65 9850 2202,,,,,,,LIVE
233,53479018J,TEA FAIRY,FAIRY TEA SG ,,,1 9453182950,,,,diazfairyjoy@gmail.com,,,LIVE
234,53318405C,ANDES BY ASTONS,ANDES BY ASTONS SG ,,,65 6219 3816,65 6386 1074,,,,,,LIVE
235,53502683L,MARU,MARU SG ,,,65 6327 1123,,,,,,,LIVE
236,53324632J,SUPER SIMPLE,SUPER SIMPLE SG ,,,65 9699 5568,,,,feedmesupersimple@gmail.com,,,LIVE
237,201627114G,TASTE (SINGAPORE) PRIVATE LIMITED,TASTE SINGAPORE ,,,65 6264 8389,,,,holland@taste.sg,,,LIVE COMPANY
238,53336849M,TEMPO,TEMPO SG ,,,65 6233 1100,,,,,,,LIVE
239,53147609W,THE SALAD SHOP,THE SALAD SHOP SG ,,,65 6536 3686,,,,enquiry@thesaladshop.com.sg,,,LIVE
240,T16LL2437F,BOKUDA LLP,BOKUDA LLP ,,,65 9793 0593,,,,ctwong118@gmail.com,,,LIVE
241,198502225W,THE RESTAURANT COMPANY PTE LTD,THE RESTAURANT ,,,65 8182 0454,,,,lionelgoh@spgg.org.sg,,,LIVE COMPANY
242,200502618R,SR DATA DYNAMIC PRIVATE LIMITED,SR DATA DYNAMIC ,,,65 9001 4288,,,,rocky@srdd.com,,,LIVE COMPANY
243,53418955E,SMART CITY KITCHENS,SMART CITY KITCHENS ,,,65 8126 6579,,,,info@smartcitykitchens.com,,,LIVE
244,53400940M,SHINNSATO,SHINNSATO ,,,65 9742 6840,,,,raytanbk.tan8215@gmail.com,,,LIVE
245,200918304G,KAILASH PARBAT RESTAURANTS PTE. LTD.,KAILASH PARBAT RESTAURANTS PTE. LTD. ,,,65 6836 5545,,,,arvind@kaitashparbat.com.sg,,,LIVE COMPANY
246,200506192E,JAPAN FOODS ENTERPRISES PTE. LTD.,JAPAN FOODS ENTERPRISES PTE LTD. ,,,65 9824 4561,,,,,,,LIVE COMPANY
247,201721186D,LAOHUANG F&B (PTE. LTD.),LAOHUANG F&B PTE. LTD. ,,,65 8280 5941,,,,,,,LIVE COMPANY
248,200103698Z,MAESTROSOFT PTE LTD,MAESTROSOFT PTE LTD ,,,65 9066 3301,,,,,,,LIVE COMPANY
249,199902448E,ENVIRONMENTAL SOLUTIONS (ASIA) PTE LTD,ENVIRONMENTAL SOLUTIONS (ASIA) PTE LTD ,,,65 9684 1200,65 8809 9836,,,agnes.tan@env-solutions.com, yeowchuan@env-soluitons.com,,LIVE COMPANY
250,T12LL1365E,YAP LOH & PARTNERS LLP,YAP LOH & PARTNERS LLP ,,,65 9386 5007,,,,juntin.tan@ylplegal.com,,,LIVE
251,53250563L,NUR INDAH KITCHEN,NUR INDAH KITCHEN ,,,65 9389 4301,,,,roziwan@gmail.com, roziwan@gmail.com,,LIVE
252,200819746K,SHAN DONG XIAO CHU PTE. LTD.,SHAN DONG XIAO CHU PTE.LTD. ,,,65 9836 0249,65 8233 9166,,,848650010@qq.com, enquiry@shandongdongji.sg,,LIVE COMPANY
253,201828446N,HARVEST ACCOUNTING PTE. LTD.,HARVEST ACCOUNTING PTE. LTD. ,,,65 9821 8195,65 9821 8195,,,bryan@harvestaccounting.com.sg, ask@harvestaccounting.com.sg,,LIVE COMPANY
254,53184454D,JY WANG ENTERPRISE,JY WANG ENTERPRISE ,,,65 9339 4895,,,,,,,LIVE
255,53295906W,BIRYANI CENTRAL,BIRYANI CENTRAL ,,,65 9632 7396,,,,,,,LIVE
256,53424740K,WIN CAFE,WIN CAFE,,,65 9695 8246,,,,,,,LIVE
257,197803106K,BENG HIANG RESTAURANT PTE LTD,BENG HIANG RESTAURANT,,,65 6708 8883,,,,syahir.syazwan@hoteljen.com,,,LIVE COMPANY
258,199103917R,NPAC INTERNATIONAL PTE LTD,NPAC INTERNATIONAL ,,,65 9759 9782,,,,ernestchan@npac.com.sg,,,LIVE COMPANY
259,198800405Z,FAITHFUL+GOULD PTE. LIMITED,FAITHFUL+GOULD ,,,65 9173 0257,,,,kathleen.kwan@fgould.com,,,LIVE COMPANY
260,53458436E,SAKABA EIZOU,SAKABA EIZOU ,,,65 9090 8663,,,,roglimpc@gmail.com,,,LIVE
261,199602661M,KOUFU PTE LTD,KOUFU ,,,65 9628 1027,,,,houboon.ang@koufu.com.sg,,,LIVE COMPANY
262,07119000K,BROADWAY CO,BROADWAY ,,,65 9069 8461,,,,karl@broadway.com.sg,,,LIVE
263,201108236K,IPI,IPI SINGAPORE ,,,65 9182 3125,,,,adeline_chan@ipi-singapore.org,,,LIVE COMPANY
264,T16LL1881F,ARTANS HOUSE LLP,ARTANS HOUSE ,,,65 9235 8660,,,,stefano@artanshouse.com,,,LIVE
265,199003777Z,ERA SINGAPORE PTE LTD,ERA ,,,65 9090 9274,,,,zaimi3878@gmail.com,,,LIVE COMPANY
266,53104786E,QUAICH BAR,QUAICH BAR  ,,,65 9643 0968,,,,joyce@whiskystore.com.sg,,,LIVE
267,53370618A,WAKANUI GRILL DINING SINGAPORE,WAKANUI GRILL DINING  ,,,65 9837 6258,,,,kelvin.koh@1855fnb.com.sg,,,LIVE
268,52963071X,TIONG BAHRU HAINANESE BONELESS CHICKEN RICE,TIONG BAHRU HAINANESE BONELESS CHICKEN RICE ,,,65 9751 2391,,,,muiling@gmail.com,,,LIVE
269,53039214C,ONE15 MARINA CLUB,ONE15 MARINA CLUB,,,65 6306 2452,,,,adrian.yeo@embtm.com.sg,,,LIVE
270,199405915W,SEMBAWANG SEAFOOD PARADISE PTE LTD,SEMBAWANG SEAFOOD PARADISE ,,,65 6487 2429,65 8201 3688,,,daniel@beaulieuhouse.com.sg,,,LIVE COMPANY
271,201422171C,CHEVAL GROUP PRIVATE LIMITED,CHEVAL GROUP ,,,65 9764 8903,,,,jel.inc@hotmail.com,,,LIVE COMPANY
272,T19LL0469B,MEET 4 MEAT LLP,MEET 4 MEAT ,,,65 8290 3605,,,,geraldlau.wine@gmail.com,,,LIVE
273,200003426R,EXTREMERS ADVENTURE PTE LTD,EXTREMERS ADVENTURE PTE LTD ,,,65 9276 9085,,,,grace@Georges.com.sg, extremersadventure@hotmail.com,,LIVE COMPANY
274,53249421X,RANGOOLI RESTAURANT,RANGOOLI RESTAURANT ,,,65 8118 3698,,,,,,,LIVE
275,199608549W,DIANDIN LELUK THAI RESTAURANT PRIVATE LIMITED,DIANDIN LELUK THAI RESTAURANT ,,,65 8606 0118,,,,diandinhq@gmail.com,,,LIVE COMPANY
276,53339214D,PHEONIX CAFE,PHEONIX CAFE ,,,65 9773 0869,,,,greenonearth@gmail.com,,,LIVE
277,53023502A,HIMAWARI JAPANESE RESTAURANT,HIMAWARI JAPANESE RESTAURANT ,,,65 8223 8822,,,,amy@himawari.com,,,LIVE
278,T18LL1796K,WONDER GELATO LLP,WONDER GELATO LLP ,,,65 9631 7377,,,,hepingxingjun@hotmail.com,,,LIVE
279,199002289E,S-CITY CAFE PTE LTD,S -CITY CAFE PTE LTD ,,,65 8782 9293,,,,darren@scitycafe.com,,,LIVE COMPANY
280,202239580M,POSITIVITY CAFE PRIVATE LIMITED,POSITIVITY CAFE ,,,65 9636 1213,,,,j.undeejav@gmail.com,,,LIVE COMPANY
281,53477240D,HARMONY COFFEE,HARMONY COFFEE ,,,65 9090 3477,,,,harmonycoffeesg@gmail.com,,,LIVE
282,201213003K,JUICE FARM PRIVATE LIMITED,JUICE FARM ,,,65 9836 0580,,,,limin@juicefarm.com.sg,,,LIVE COMPANY
283,53459250C,3 MINS COFFEE SINGAPORE,3 MINS COFFEE ,,,65 9489 1303,,,,jskee29@gmail.com,,,LIVE
284,53274919K,VILLAGE HOTEL SENTOSA,VILLAGE HOTEL SENTOSA ,,,65 9048 0978,,,,dannyyok@fareast.com,,,LIVE
285,21174900A,WAKA COMPANY,WAKA WAKA ,,,65 9657 4938,,,,kongsg@furama.com,,,LIVE
286,T17LL0765C,TSP THE STRAITS PEOPLE LLP,TSP THE STRAITS PEOPLE LLP ,,,65 9272 4561,,,,annetan@ymail.com,,,LIVE
287,53029034X,PARKWAY EAST HOSPITAL,PARKWAY EAST HOSPITAL ,,,65 9238 8109,,,,chiahow.choo@parkwayeast.com.sg,,,LIVE
288,53002348B,NEW FUT KAI VEGETARIAN RESTAURANT,"NEW FUT KAI VEGETARIAN RESTAURANT, ",,,65 6341 7096,,,,admin@newfutkai.com.sg,,,LIVE
289,53370634C,GREENWOOD FISH MARKET,GREENWOOD FISH MARKET ,,,65 8188 9910,,,,,,,LIVE
290,53381211M,THE CURRY CULTURE,THE CURRY CULTURE ,,,65 9059 1230,,,,nill@gmail.com,,,LIVE
291,53387212W,OLIVIA RESTAURANT & LOUNGE,OLIVIA RESTAURANT & LOUNGE ,,,65 8126 3551,,,,azad@olivia.com.sg,,,LIVE
292,53242893E,TONG AH EATING HOUSE,TONG AH EATING HOUSE ,,,65 9030 5366,,,,,,,LIVE
293,53026615J,BAKER'S WELL,BAKER'S WELL ,,,65 9638 2665,,,,hello@bakerswell.com,,,LIVE
294,199101168C,TEA CHAPTER TRADING PTE LTD,TEA CHAPTER TRADING PTE LTD ,,,65 9858 6502,,,,fund.lee@teachapter.com,,,LIVE COMPANY
295,53339996C,HUA TING STEAMBOAT,HUA TING STEAMBOAT ,,,65 6739 6666,66 946893924,,,,,,LIVE
296,53290197E,GERAI NENEK OBEK,GERAI NENEK OBEK ,,,65 8611 4560,65 8611 4560,,,filzahmiranti.dwd@gmail.com,,,LIVE
297,53386058W,BASASAK CHICKEN,BASASAK CHICKEN ,,,65 9223 6613,,,,basasakchicken01@gmail.com,,,LIVE
298,202342971R,15 FIVE 3 PRIVATE LIMITED,15 FIVE 3 PTE LTD ,,,65 9021 8835,,,,derrick@gmail.com,,,LIVE COMPANY
299,T23LL0554C,OKRA BY SWG LLP,OKRA BY SWG LLP ,,,65 8322 5712,65 9474 1162,,,okrabyswg@gmail.com,,,LIVE
300,202309913D,MIXUE PRIVATE LIMITED,MIXUE ,,,65 9231 3852,,,,,,,LIVE COMPANY
301,53448790D,HARYATI'S KITCHEN,HARYATI'S KITCHEN ,,,65 9642 7797,,,,,,,LIVE
302,202033784Z,CHICK-FIL-A (ASIA) PTE. LTD., CHICK-FIL-A (ASIA) PTE. LTD. ,,,65 9794 9260,,,,joyce.tan@cfacorp.com.sg,,,LIVE COMPANY
303,200408968W,HOT PALETTE (ASIA PACIFIC) PTE. LTD., HOT PALETTE (ASIA PACIFIC) PTE. LTD. ,,,65 6336 2910,65 6336 9291,65 9677 2897,,huiyi@hotpalette-apac.com, sylim@hotpalette-apac.com,,LIVE COMPANY
304,52926074C,EN JAPANESE DINING BAR,EN JAPANESE DINING BAR  ,,,65 9690 5574,,,,raymond@endiningbars.com,,,LIVE
305,200003475H,FOOD JUNCTION SINGAPORE PTE LTD,FOOD JUNCTION,,,65 9732 4379,,,,keith.kek@foodjunction.com,,,LIVE COMPANY
306,53272190W,HENRI CHARPENTIER,HENRI CHARPENTIER,,,65 6479 5518,65 6386 8422,,,yamamoto-hiroaki@suzette.jp,,,LIVE
307,199404706K,HIC SINGAPORE PTE LTD,HIC,,,65 8223 6766,,,,concierge@hicjuice.com.sg,,,LIVE COMPANY
308,197200488G,ISS FACILITY SERVICES PRIVATE LIMITED,ISS FACILITY SERVICES PRIVATE LIMITED,,,65 6622 2612,,,,gina.toh@sg.issworld.com,,,LIVE COMPANY
309,53138878J,JP PEPPERDINE,JP PEPPERDINE  ,,,65 6282 1311,65 8499 8949,,,jason.ong@jppepperdine.com, bryston.tng@jppepperdine.com,,LIVE
310,52801542K,JUST THE PLACE,JUST THE PLACE,,,65 9637 6878,,,,rena@justtheplacebarnweddings.com,,,LIVE
311,53393246K,MAJESTIC RESTAURANT,MAJESTIC RESTAURANT,,,65 6604 6604,,,,emmanuel.benardos@unlistedcollection.com,,,LIVE
312,08090100W,MANHILL RESTAURANT,MANHILL RESTAURANT,,,65 6474 6835,65 6221 5073,,,,,,LIVE
313,53024632E,HONEY + MILK,MILK & HONEY ,,,65 6834 3040,,,,,,,LIVE
314,199907530C,QI JI PTE LTD,QI JI  ,,,65 6283 8572,,,,alanlau@qiji.com.sg,,,LIVE COMPANY
315,34053800K,SHERATON TOWERS SINGAPORE HOTEL,SHERATON TOWERS SINGAPORE HOTEL,,,65 6389 5940,,,,julia.chua@sheratonsingapore.com,,,LIVE
316,53125266C,SOUPERLICIOUS,SOUPERLICIOUS,,,65 9766 2490,,,,info@touchitmedia.ca,,,LIVE
317,199501882W,SPINELLI PTE LTD,SPINELLI,,,65 6337 8618,,,,jasmine.loh@spinellicoffee.com.sg,,,LIVE COMPANY
318,53436417M,SWISSBAKE,SWISSBAKE +,,,65 8183 6540,,,,john.lee@swiss-bake.com.sg,,,LIVE
319,53179350L,TAMPOPO GRAND,TAMPOPO GRAND,,,65 6735 2959,65 6338 1233,,,wanchyng@cfc.com.sg,,,LIVE
320,52918968B,TORI-Q,TORI Q,,,65 6887 5795,,,,karen@takopachi.com,,,LIVE
321,52823399L,TOWER CLUB,TOWER CLUB,,,65 6737 3388,,,,keith.lim@tower-club.com.sg,,,LIVE
322,201214550K,"""TUCKSHOP"" PRIVATE LIMITED",TUCKSHOP,,,65 9879 9417,,,,benson_moo520@hotmail.com,,,LIVE COMPANY
323,T13LL0631D,WELL DRESSED SALAD BAR & CAFE LLP,WELL DRESSED SALAD BAR & CAFE,,,65 9789 3072,,,,sowelldressed@live.com,,,LIVE
324,200101877Z,ZINGRILL HOLDINGS PTE LTD,ZINGRILL HOLDINGS PTE LTD,,,65 9769 2615,,,,andrew@zingrill.com.sg,,,LIVE COMPANY
325,T21LL0051F,KITE LLP,KITE ,,,65 9729 7988,,,,info@eat-at-kite.sg,,,LIVE
326,199001952R,JERRY'S BARBECUE & GRILL (SINGAPORE) PTE LTD,JERRY'S BARBECUE & GRILL ,,,65 9670 8050,,,,alhakam333@gmail.com,,,LIVE COMPANY
327,201110162W,DIAMOND KITCHEN PRIVATE LIMITED,DIAMOND KITCHEN ,,,65 6464 0410,,,,reservation@diamondkitchen.com.sg,,,LIVE COMPANY
328,32930800M,PEACH BLOSSOMS CHINESE RESTAURANT,PEACH BLOSSOMS CHINESE RESTAURANT ,,,65 6845 1111,,,,peachblossoms.prsmb@parkroyalhotels.com,,,LIVE
329,53202228M,BAR NKD,BAR NKD ,,,65 6423 4695,,,,,,,LIVE
330,53225523B,FRY BISTRO,FRY BISTRO ,,,65 8418 5995,,,,frybistro@gmail.com,,,LIVE
331,200103194D,SERAYA ENERGY PTE LTD,SERAYA ENERGY PTE LTD ,,,65 9119 7119,65 6213 8784,,,julia.chan@pseraya.com.sg,,,LIVE COMPANY
332,52969032B,GRAND SHANGHAI,GRAND SHANGHAI ,,,65 6836 6866,,,,restaurant@grandshanghai.com.sg,,,LIVE
333,199901533R,THE EASTERN RESTAURANT PTE LTD,THE EASTERN RESTAURANT ,,,65 6743 7883,,,,,,,LIVE COMPANY
334,199504924G,RUMAH MAKAN MINANG PTE LTD,RUMAH MAKAN MINANG ,,,65 6294 4805,,,,enquiry@minang.sg,,,LIVE COMPANY
335,53493687C,CHOP CHOP SG,CHOP CHOP ,,,65 6708 6774,,,,hello@wethehawkers.com,,,LIVE
336,199801790E,CASUARINA CURRY RESTAURANT PTE LTD,CASUARINA CURRY RESTAURANT ,,,65 6455 9093,,,,enquiry@casuarinacurry.com,,,LIVE COMPANY
337,T25LL1034F,PLUM VILLAGE LLP,PLUM VILLAGE ,,,65 6458 9005,,,,,,,LIVE
338,53046605L,GOLDEN TREASURE RESTAURANT,GOLDEN TREASURE RESTAURANT ,,,65 6743 1622,,,,,,,LIVE
339,04653300A,LAKSHIMI VILAS RESTAURANT,LAKSHIMI VILAS RESTAURANT ,,,65 6272 0537,,,,,,,LIVE
340,53081763B,JOO HENG RESTAURANT,JOO HENG RESTAURANT ,,,65 6345 1503,,,,,,,LIVE
341,53501178D,YING YANG,YING YANG ,,,65 6808 2183,,,,,,,LIVE
342,53196629A,DINOVIA KULINER,DINOVIA KULINER ,,,65 6440 0774,,,,,,,LIVE
343,53113060J,MELLVIN SEAFOOD RESTAURANT,MELLVIN SEAFOOD RESTAURANT ,,,65 6366 9985,,,,,,,LIVE
344,200001784C,THE CELLAR DOOR PTE LTD,THE CELLAR DOOR ,,,65 6463 5296,,,,marcom@thecellardoor.com.sg,,,LIVE COMPANY
345,53199874J,BOUNTIFUL RESTAURANT,BOUNTIFUL RESTAURANT ,,,65 6270 3323,,,,thebountifulstore@gmail.com,,,LIVE
346,48024700E,HENG HENG BAK KUT TEH,HENG HENG BAK KUT TEH ,,,65 6292 4913,,,,henghengclaypotbkt@gmail.com,,,LIVE
347,43057000K,XIN CUISINE-CHINESE RESTAURANT,XIN CUISINE CHINESE RESTAURANT ,,,65 6731 7173,,,,,,,LIVE
348,T09LL1171K,GUILIN DONG JIANG RESTAURANT LLP,GUILIN DONG JIANG RESTAURANT ,,,65 6766 3396,,,,,,,LIVE
349,53198968B,CHEF'S HATS,CHEF'S HATS ,,,65 9479 9101,,,,chefs.hats@gmail.com,,,LIVE
350,53056357J,SIN HUAT SEAFOOD RESTAURANT,SIN HUAT SEAFOOD RESTAURANT ,,,65 6744 9755,,,,,,,LIVE
351,53101768X,RASA RASA THAI SEAFOOD RESTAURANT,RASA RASA THAI SEAFOOD RESTAURANT ,,,65 6404 0650,,,,,,,LIVE
352,53102711B,AZUR,AZUR ,,,65 6823 5354,,,,,,,LIVE
353,53314990L,THE DRUNKEN POET,THE DRUNKEN POET ,,,65 6734 2924,65 6887 4824,,,murrayocp@gmail.com,,,LIVE
354,53155868A,ORIHARA SHOTEN,ORIHARA SHOTEN ,,,65 6836 5710,,,,,,,LIVE
355,53113344C,BOB'S BAR,BOB'S BAR ,,,65 6591 5047,,,,,,,LIVE
356,50745600M,THE TAVERN WINE & TAPAS BAR,THE TAVERN WINE & TAPAS BAR ,,,65 6737 6995,,,,,,,LIVE
357,53413625K,PADDY HILLS,PADDY HILLS ,,,65 6479 0800,,,,bryangoh@paddyhills.com.sg,,,LIVE
358,201606333W,TRIPLE THREE PRIVATE LIMITED,TRIPLE THREE ,,,65 6831 6288,65 6831 6271,,,,,,LIVE COMPANY
359,33086300B,SER SENG HERBS (TURTLE) RESTAURANT,SER SENG HERBS (TURTLE) RESTAURANT ,,,65 6287 6341,,,,,,,LIVE
360,53294980C,BIRDIE NUM NUM,BIRDIE NUM NUM ,,,65 6449 2546,,,,,,,LIVE
361,52923378M,ZEN FUT SAI KAI VEGETARIAN RESTAURANT,ZEN FUT SAI KAI VEGETARIAN RESTAURANT ,,,65 6291 2350,,,,,,,LIVE
362,T14LL0622L,CRAB CORNER LLP,CRAB CORNER ,,,65 6333 6969,,,,,,,LIVE
363,52846829D,SAKAE SUSHI,SAKAE SUSHI ,,,65 8748 5819,,,,johnnyho@sakaeholdings.com,,,LIVE
364,53177314X,DINE ON 3,DINE ON 3 ,,,65 6371 1964,,,,manuel.regodon@shangri-la.com,,,LIVE
365,53171223X,ARTICHOKE CAFE + BAR,ARTICHOKE CAFE & BAR ,,,65 6336 6949,,,,,,,LIVE
366,05440200W,JONG ANN RESTAURANT,JONG ANN RESTAURANT ,,,65 6742 6287,,,,,,,LIVE
367,47940400C,QUAN LE YAN SEAFOOD,QUAN LE YAN SEAFOOD ,,,65 6273 4960,,,,,,,LIVE
368,52937619M,POH HUAT RESTAURANT,POH HUAT RESTAURANT ,,,65 8194 4741,,,,,,,LIVE
369,52814496X,TIAN TIAN SEAFOOD RESTAURANT,TIAN TIAN SEAFOOD RESTAURANT ,,,65 6324 1082,,,,,,,LIVE
370,53360537K,LOO'S HAINANESE CURRY RICE,LOO'S HAINANESE CURRY RICE ,,,65 6225 3762,,,,,,,LIVE
371,199105906E,PARCO (SINGAPORE) PTE LTD,PARCO ,,,65 6595 9100,,,,hori-hiro@parco.sg,,,LIVE COMPANY
372,52957774K,GONG HE GUAN,GONG HE GUAN ,,,65 6223 0562,,,,,,,LIVE
373,53405323L,ANNALAKSHMI JANATHA,ANNALAKSHMI JANATHA ,,,65 6223 0809,,,,annagov@singnet.com.sg,,,LIVE
374,53316458C,FISH @ BUGIS+,FISH@BUGIS+ ,,,65 8338 6530,,,,funatfish@gmail.com,,,LIVE
375,53494820X,SHUTTERS,SHUTTERS ,,,65 6825 3866,,,,info@shutterplus.ie,,,LIVE
376,22652100A,KIA HIANG RESTAURANT,KIA HIANG RESTAURANT ,,,65 9004 0381,,,,ng.kiajin@gmail.com,,,LIVE
377,53324231B,MASTA KAFE,MASTA KAFE,,,65 9238 5663,,,,kensg0110@hotmail.com,,,LIVE
378,199302293D,PIZZA HUT SINGAPORE PTE LTD,PIZZA HUT ,,,65 6233 8201,,,,ishujay@gmail.com,,,LIVE COMPANY
379,201423107N,FLOC PRIVATE LIMITED,FLOC ,,,65 9276 4511,,,,nickhong@flocgroup.com,,,LIVE COMPANY
380,199604816E,SAKAE HOLDINGS LTD.,SAKAE HOLDINGS LTD. ,,,65 9785 9622,,,,yunpeng@sakaeholdings.com <yunpeng@sakaeholdings.com>,,,LIVE COMPANY
381,53351301D,SKY CAPITAL,SKY CAPITAL PTE LTD ,,,65 9009 2714,,,,hello@pgfn.com.sg,,,LIVE
382,194700135H,GOODWOOD PARK HOTEL PRIVATE LIMITED,GOODWOOD PARK HOTEL ,,,65 8484 1214,,,,thomas.wee@yorkhotel.com.sg,,,LIVE COMPANY
383,199501873R,AKASHI JAPANESE RESTAURANT PTE LTD,AKASHI JAPANESE RESTAURANT ,,,65 6376 9972,65 6749 1577,65 9233 3452,,akashi@akashijap.com.sg, wesgtw@gmail.com,,LIVE COMPANY
384,199001014R,GRID PRIVATE LIMITED,GRID,,,65 8333 5875,,,,natalieboon.sgp@gawcapital.com,,,LIVE COMPANY
385,01265000E,GLORY & CO,GLORY ,,,65 9173 2384,,,,laylay.png@glory-global.com,,,LIVE
386,52898318X,GRAND COPTHORNE WATERFRONT HOTEL SINGAPORE,GRAND COPTHORNE WATERFRONT HOTEL ,,,65 9144 2485,,,,shaun.chan@milleniumhotels.com,,,LIVE
387,199104419C,SPARTAN SYSTEM (S) PTE LTD,SPARTAN SYSTEM (S) PTE LTD ,,,65 6741 6339,,,,gary@spartan.com.sg,,,LIVE COMPANY
388,201503401Z,JUMBO GROUP LIMITED,JUMBO GROUP ,,,65 8189 1155,,,,tan.chiahliang@jumbogroup.com.sg,,,LIVE COMPANY
389,53306261J,MILLENNIUM HOTELS AND RESORTS,MILLENNIUM HOTELS AND RESORTS SG ,,,65 6664 8779,,,,shwuyun.lee@millenniumhotels.com,,,LIVE
390,201708657G,CRAY VENTURES PRIVATE LIMITED,CRAY VENTURES PRIVATE LIMITED ,,,65 9116 8992,,,,cheryl@playmade.com,,,LIVE COMPANY
391,199704619M,HOLLAND VILLAGE FOOD COURT PTE LTD,HOLLAND VILLAGE FOOD COURT PTE LTD ,,,65 9782 5108,,,,hollandv33@gmail.com,,,LIVE COMPANY
392,53085052D,TONG SHUI DESSERTS,TONG SHUI DESSERTS ,,,65 9234 6612,,,,wendyteo07@gmail.com,,,LIVE
393,201916803C,ASIRI TRADING PTE. LTD.,ASIRI TRADING PTE. LTD. ,,,65 9186 6817,,,,asiritrading19@gmail.com,,,LIVE COMPANY
394,201809214E,ETHOS FOOD PTE. LTD.,ETHOS FOOD PTE. LTD.,,,65 9668 2891,,,,peiyee@bezcareers.com, john@ogk.sg,,LIVE COMPANY
395,201931514R,EBISU PRIVATE LIMITED,EBISU PRIVATE LIMITED,,,65 9068 3439,,,,adrian.tanas@res.com.sg,finance.ar@res.com.sg,,LIVE COMPANY
396,200403587M,HARILELA HOSPITALITY PTE. LTD.,HARILELA HOSPITALITY PTE. LTD.,,,65 6249 8081,,,,letha@harilelahospitality.com,,,LIVE COMPANY
397,201019918Z,THAICOON AUNT PTE. LTD.,THAICOON AUNT PTE. LTD.,,,65 8118 3202,,,,suchana@jai-thai.com, annesabalo@gmail.com, 0611cassandra@gmail.com,LIVE COMPANY
398,201128662Z,BIG LEAP PRIVATE LIMITED,BIG LEAP PTE LTD,,,60 122211369,,,,bigleapsub@gmail.com,,,LIVE COMPANY
399,201830141D,GALA FOOD (CP) PTE. LTD.,GALA FOOD (CP) PTE. LTD.,,,65 9780 5266,,,,yiding.yu@galafood.sg,,,LIVE COMPANY
400,202401226Z,MUGIWARA PTE. LTD.,MUGIWARA PTE. LTD.,,,65 8303 3677,,,,ericooicy@gmail.com,,,LIVE COMPANY
401,39023500L,ORCHARD HOTEL SINGAPORE,ORCHARD HOTEL SINGAPORE,,,65 6734 7766,,,,Cindy.Poh@millenniumhotels.com, GeneralLedger3.OHS@millenniumhotels.com,,LIVE
402,200104074Z,POINTSOFT (S) PTE LTD,POINTSOFT (S) PTE LTD,,,60 122168653,,,,khor@pointsoft.com.my, accounts@pointsoft.com.my,,LIVE COMPANY
403,T25LL0924F,S & R LLP,R&S PTE LTD,,,65 9220 4757,,,,almaliksg@gmail.com,,,LIVE
404,53393227X,SL7 EATING HOUSE,SL7 EATING HOUSE,,,65 9770 5835,,,,limengle@hotmail.com,,,LIVE
405,53471764X,THE VINTAGE STATION,THE VINTAGE STATION,,,65 9851 3110,,,,tom.ocean26@hotmail.com,,,LIVE
406,202216312K,KARUBI SINGAPORE (PTE. LTD.),"KARUBI SINGAPORE PTE LTD @ SG
",Ambrose Mak,,65 9893 4154,,,,ambrosemmf@hotmail.com,,,LIVE COMPANY
407,202037903C,SENSHI PTE. LTD.,SENSHI PTE LTD @ SG,Mark Chua,,65 9852 1163,,,,mark@senshi.com.sg,,,LIVE COMPANY
408,202216301G,UNCLE MEOW PTE. LTD.,UNCLE MEOW PTE LTD @ SG,Daphne Lim,,65 9232 7085,,,,unclemeow.finance@gmail.com,,,LIVE COMPANY
409,201725426R,THE CAFFEINE EXPERIENCE PTE. LTD.,THE CAFFEINE EXPERIENCE PTE LTD @ SG,Matthew Poh,,81 0000000,,,,matthew.poh@theofficialtce.com,,,LIVE COMPANY
410,52867746B,JC GLOBAL,JC GLOBAL SG PTE LTD,Lau Ai Ling,,65 8279 3023,,,,lauailing2112@gmail.com,,,LIVE
411,T18LL1494A,HAWKSTER CONCEPTS LLP,HAWKSTER CONCEPTS LLP,Gwern ,,65 9027 6289,,,,anoodlestory@hotmail.com,,,LIVE
412,197803023H,ABR HOLDINGS LIMITED,ABR HOLDINGS ,Deon ,,65 9017 7252,,,,deongoh@abr.com.sg,,,LIVE COMPANY
413,53357894M,THE BACKYARD BAKERS,THE BACKYARD BAKERS ,Lao ,,65 8782 1076,,,,Na ,,,LIVE
414,201714570N,SF GROUP LIMITED,SF GROUP ,Xavier Boey ,,65 9126 6873,,,,xavier.boey@sfgroup.sg,,,LIVE COMPANY
415,T16LL1600K,BOAT NOODLE EXPRESS LLP,BOAT NOODLE EXPRESS @ SINGAPORE,Desiree Goh ,,65 9793 3237,,,,desireegoh1@gmail.com,,,LIVE
416,201842131C,GOODLUCK SINGAPORE PTE. LTD.,GOODLUCK SINGAPORE PTE LTD @ SG,Ketan Patel ,,65 8886 5865,,,,goodluck3646@gmail.com,,,LIVE COMPANY
417,53306261J,MILLENNIUM HOTELS AND RESORTS,MILLENNIUM HOTELS AND RESORTS @ SG,Lee Shwu ,,,,,,,,,LIVE
418,200719919K,BOOMARANG BISTRO & BAR PTE. LTD.,BOOMARANG BISTRO & BAR PTE LTD @ SG,Sheena Ong ,,65 8183 2246,,,,"
sheena@boomarang.com.sg",,,LIVE COMPANY
419,200003426R,EXTREMERS ADVENTURE PTE LTD,EXTREMERS ADVENTURE PTE LTD,Simon ,,65 9617 1231,,,,"simon@georges.com.sg

 
",,,LIVE COMPANY
420,202114628R,886 PTE. LTD.,886 PTE LTD @ SG, ,,65 8363 9063,,,,,,,LIVE COMPANY
421,201720756R,BISMILLAH FOOD INDUSTRY PTE. LTD.,BISMILLAH FOOD INDUSTRY PTE LTD @ SG,Azan Salahhudin ,,65 9114 1603,,,,azan@bismillahbiryani.com,,,LIVE COMPANY
422,201207256D,TWO LITTLE BOYS PTE. LTD.,TWO LITTLE BOYS PTE LTD @ SG,Russ Aldrige,,65 9226 6774,,,,russ.aldridge@gmail.com,,,LIVE COMPANY
423,202042380Z,MUN ZUK WG PTE. LTD.,MUN ZUK WG PTE LTD @ SG, ,,65 9634 8383,,,,,,,LIVE COMPANY
424,200409165E,THE CURRY WOK PTE. LTD.,THE CURRY WOK PTE LTD @ SG,Cat Tan ,,65 9107 0265,,,,currywok@yahoo.com.sg,,,LIVE COMPANY
425,201631956R,OH!CAFE PTE. LTD.,OH CAFE PTE LTD @ SG,Wilson Loh ,,65 9477 5778,,,,caffezeppin@gmail.com,,,LIVE COMPANY
426,48024700E,HENG HENG BAK KUT TEH,HENG HENG BAK KUT TEH,Cavin Te,,65 8157 4841,,,,cavinte92@gmail.com,,,LIVE
427,202110722Z,AGAPE FOOD & BEVERAGE PTE. LTD.,AGAPE FOOD & BEVERAGE PTE LTD @ SG, ,,65 9191 2022,,,,,,,LIVE COMPANY
428,T08LL0166L,GOING OM LLP,GOING OM @ SG ,Oliver Pang ,,65 9889 7498,,,,ollie@going-om.com.sg,,,LIVE
429,200414016N,LHL GROUP PTE. LTD.,LHL GROUP PTE. LTD @ SG,Yam Paul ,,65 6289 1605,,,,paul.yam@kimlygroup.sg,,,LIVE COMPANY
430,04095900K,MING CHUNG RESTAURANT,MING CHUNG RESTAURANT @ SG,Nicolas Wm ,,65 9169 8661,,,,nicholashwm@gmail.com,,,LIVE
431,202118140G,PRODIGAL PEOPLE PTE. LTD.,PRODIGAL PEOPLE PTE. LTD. @ SG,Andrea Tang ,,65 8223 4631,,,,"andreamjtang@gmail.com

",,,LIVE COMPANY
432,200204495W,SUKI SUSHI PTE. LTD.,SUKI SUSHI PTE LTD @ SG,Jasmine Koh ,,65 8781 9243,,,,"
jasminekoh@sukigroup.com.sg",,,LIVE COMPANY
433,201222022G,JAPAN MEDIAMIX SINGAPORE PTE. LTD.,JAPAN MEDIAMIX SINGAPORE PTE LTD . ,Na ,,48 911111205,,,,,,,LIVE COMPANY
434,200517740C,SICILIA MIA PTE. LTD.,SICILIA MIA PTE LTD @ SG,Catherine Noins,,65 8397 6954,,,,"catherine.nonis@live.com.sg
",,,LIVE COMPANY
435,53437094B,THE PLANT FOOD.CO,THE PLANT FOOD.CO @ SG,Tng Lee,,65 9183 8290,,,,"theplantfood.co@gmail.com
",,,LIVE
436,200918733M,TASTE OF INDIA RESTAURANT PTE. LTD.,TASTE OF INDIA RESTAURANT PTE LTD @ SG ,Karthik Alagappan,,65 9028 6401,,,,"tasteofindia@singnet.com.sg
",,,LIVE COMPANY
437,201609235N,SEED SQUARED PTE. LTD.,SEED SQUARED PTE LTD @ SG,Jack Ting,,65 8499 6609,,,,"jackuk@gmail.com
",,,LIVE COMPANY
438,199405076N,CHICKY FUN PTE. LTD.,CHICKY FUN PTE LTD @ SG,Terence ,,65 8168 0940,,,,,,,LIVE COMPANY
439,202006385G,MASTER CHIPPY PTE. LTD.,MASTER CHIPPY PTE LTD @ SG,Harry Toh Toh,,65 9093 1588,,,,"xaocious@gmail.com
",,,LIVE COMPANY
440,T11LL0482L,SOD CAFE LLP,SOD CAFE @ SG,Na Na,,60 165177295,,,,,,,LIVE
441,202105227E,MEVAN ASIA PTE. LTD.,MEVAN ASIA PTE LTD @ SG,Wenny Oey ,,65 8738 7225,,,,"daunbistrosg@gmail.com
",,,LIVE COMPANY
442,202027891C,ONE PALATE PTE. LTD.,ONE PALATE PTE LTD @ SG,Esther Lim ,,65 9767 7139,,,,"estheryhlim@hotmail.com
",,,LIVE COMPANY
443,202140526H,PALATE ADDICTION PTE. LTD.,PALATE ADDICTION PTE LTD @ SG,Jay Ong ,,65 9680 4233,,,,"jay@palateaddiction.com
",,,LIVE COMPANY
444,T11LL1364D,TRIVE LLP,TRIVE,Ishanee Nagpurkar,,65 9821 4020,,,,ishanee@trive.vc,,,LIVE
445,53054764C,MINT MUSEUM OF TOYS,MINT MUSEUM OF TOYS,Anna Koh ,,65 9792 6417,,,,maxongsm@gmail.com,,,LIVE
446,53281309W,MEATSMITH,MEATSMITH,James Loveridge,,65 9245 5675,,,,james@meatsmith.com.sg,,,LIVE
447,53357642C,VENUE BY SEBASTIAN,VENUE BY SEBASTIAN,- -,,65 6904 9688,,,,-,,,LIVE
448,T15LL1604L,STELLA PROP LLP,STELLA ,Stella -,,65 9088 0382,,,,9088 0382,,,LIVE
449,02507500D,GUAN HOE SOON RESTAURANT,GUAN HOE SOON RESTAURANT,Mdm Yap,,65 9633 2833,,,,sales@guanhoesoon.com,,,LIVE
450,24672300M,GRAND HYATT SINGAPORE,GRAND HYATT,Sherine Wu,,60 321821234,,,,angebakesketo@gmail.com,,,LIVE
451,198000082C,RESORTS WORLD (SINGAPORE) PTE LTD,RESORTS WORLD SINGAPORE,Irene Tan,,65 9183 2788,,,,irene.altan@rwsentosa.com,,,LIVE COMPANY
452,52910221L,CREATION CAFE,CREATION CAFE ,Deah Chien -,,65 9116 6870,,,,dcchen006@gmail.com,,,LIVE
453,199804858E,BEPPU MENKAN RESTAURANT (SINGAPORE) PTE LTD,BEPPU MENKAN RESTAURANT ,Iris Seng ,,65 9850 4331,,,,beppu98@gmail.com,,,LIVE COMPANY
454,200918833G,HUNGRY BBQ PRIVATE LIMITED,HUNGRY BBQ PTE LTD ,Cs -,,65 9384 4334,,,,help@hungrybbq.com,,,LIVE COMPANY
455,T08LL0435F,DESSERT BOWL LLP,DESSERT BOWL ,Serene -,,65 9848 6543,,,,serene.ng@dessertbowl.com.sg,,,LIVE
456,53157767L,URBAN BITES,URBAN BITES ,Christine Khanshat ,,65 6327 9460,,,,christine khanashat <christine@urbanbites.com.sg,,,LIVE
457,201007935C,NAOMI KITCHEN PTE. LTD.,NAOMI KITCHEN PTE LTD @ SG,Naomi Bakesh ,,65 9321 3688,,,,naomibakeshoppe@gmail.com,,,LIVE COMPANY
458,197101240M,SWEE CHOON COMPANY PRIVATE LIMITED,SWEE CHOON,Johnny Teow ,,65 9179 3971,,,,,,,LIVE COMPANY
459,53250563L,NUR INDAH KITCHEN,NUR INDAH KITCHEN,Sakuwan Bin Jumangin ,,65 9389 4301,,,,roziwan@gmail.com,,,LIVE
460,53041373J,GOOD CHANCE POPIAH EATING HOUSE,GOOD CHANCE POPIAH EATING HOUSE,Chua Yong Heng ,,65 9634 7375,,,,heng@goodchancepopiah.com.sg,,,LIVE
461,200511676M,THE SONG OF INDIA PTE. LTD.,THE SONG OF INDIA PTE. LTD.,Teresa Joseph ,,65 9100 5612,,,,terese@songofindia.com.sg,,,LIVE COMPANY
462,53259614E,KOREAN FUSION BBQ,KOREAN FUSION BBQ,Loh -,,65 9060 7369,,,,cv.kfbbq@gmail.com,,,LIVE
463,202245636C,MGCA CAFE PTE. LTD.,MGCA CAFE PTE.LTD.,Winnie Nam,Director- Development SG,65 9729 6608,,,,winnie-nam@tims-mgca.com,,,LIVE COMPANY
464,200104668W,YA KUN INTERNATIONAL PTE LTD,YA KUN INTERNATIONAL,,,65 9741 8118,,,,eugene@yakun.com,,,LIVE COMPANY
465,200004940E,SARIKA CONNOISSEUR CAFE PTE LTD,SARIKA CONNOISSEUR CAFÉ,,,65 9692 0937,,,,patrick_yong@theconnoisseurconcerto.com,,,LIVE COMPANY
466,199302293D,PIZZA HUT SINGAPORE PTE LTD,PIZZA HUT,,,65 9823 5932,,,,frederick.kang@yum.com,,,LIVE COMPANY
467,T18LL1018C,AM CULINARY CONSULTANCY LLP,AM CULINARY CONSULTANCY ,Andrew Ng,Consultant ,65 9618 2011,,,,Andrewng@amculinaryconsultancy.com,,,LIVE
468,200106155M,LIM CHEE GUAN PTE LTD,LIM CHEE GUAN,Fayth Seet,Marketing,65 6933 7230,,,,fayth.seet@limcheeguan.com.sg,,,LIVE COMPANY
469,53131257K,LAI & COMPANY,LAI LAI ,Alex Onn,Director ,65 9678 2935,,,,Alex.onn@lailaifr.com,,,LIVE
470,200004940E,SARIKA CONNOISSEUR CAFE PTE LTD,SARIKA CONNOISSEUR CAFE PTE LTD,Ivan Chua ,Marketing executive ,65 9321 6808,,,,Ivan_chua@theconnoisseurconcerto.com,,,LIVE COMPANY
471,198204474C,EPSON SINGAPORE PTE LTD,EPSON,Teo Chee Kern,Regional pre-sales,65 9179 3970,,,,Ckteo@esp.epson.com.sg ,,,LIVE COMPANY
472,201103268H,ETTO PTE. LIMITED,ETTO,Lilian Seah,GM,65 9674 4887,,,,Lilian@etto.sg,,,LIVE COMPANY
473,200917667D,SINGAPORE INSTITUTE OF TECHNOLOGY,SINGAPORE INSTITUTE OF TECHNOLOGY,Lee Kuan-Huei,Programme Director-Design & Specialised Business Cluster,65 6592 5011,,,,kuanhuei.lee@singaporetech.edu.sg,,,LIVE COMPANY
474,199405285E,SUSHI-TEI PTE LTD,SUSHI TEI,Janice Lee,Assistant Director,65 9093 7799,,,,janicelee@sushitei.com,,,LIVE COMPANY
475,199605714E,CREATIVE EATERIES PTE LTD,CREATIVE EATERIES,Bonnie Wong,COO,65 9737 5543,,,,bonniewong@creativeeateries.com.sg,,,LIVE COMPANY
476,199902448E,ENVIRONMENTAL SOLUTIONS (ASIA) PTE LTD,ENVIRONMENTAL SOLUTIONS (ASIA) PTE LTD,Lee Yeow Chuan,Business Development Manager,65 8809 9836,,,,yeowchuan@env-soluitons.com,,,LIVE COMPANY
477,53218442D,FUJITSU SINGAPORE,FUJITSU,Itakura Arata,"Consultant, Digital eXperience Centre",65 6512 7555,,,,arata.itakura@sg.fujitsu.com,,,LIVE
478,201805711Z,200 HCM FOOD PTE. LTD.,200 HCM FOOD PTE LTD,,,65 8263 6363,,,,rambo.song@yahoo.com,,,LIVE COMPANY
479,201434267Z,2DEGREES NORTH COFFEE CO. PTE. LTD.,2DEGREES NORTH COFFEE CO. PTE LTD,,,65 9763 4200,,,,kyy1992@gmail.com,,,LIVE COMPANY
480,201607584W,2SIX PTE. LTD.,2SIX PTE LTD,,,65 9761 1606,,,,enquiry@2six.com.sg,,,LIVE COMPANY
481,201010742R,40 HANDS PTE. LTD.,40 HANDS PTE LTD,,,65 9295 8849,,,,michael.bovell@cmcroasters.com,,,LIVE COMPANY
482,201918613W,6IX 6IX RESTAURANT AND BAR PTE. LTD.,6IX 6IX RESTAURANT AND BAR PTE LTD,,,65 9088 1121,,,,Wendy@6ix6ix.com.sg,,,LIVE COMPANY
483,201327685H,7 INCH SQUARE PIZZA PTE. LTD.,7 INCH SQUARE PIZZA PTE LTD,,,65 9025 8148,,,,kokjinhui89@gmail.com,,,LIVE COMPANY
484,201002922N,A MATTER OF TASTE PTE. LTD.,A MATTER OF TASTE PTE LTD,,,65 9228 3559,,,,Ming@bbbs.com.sg,,,LIVE COMPANY
485,202004790K,ABC FOOD COURT PTE. LTD.,ABC FOOD COURT PTE LTD,,,65 8591 2010,,,,abcfoodcourtpteltd@gmail.com,,,LIVE COMPANY
486,197800043E,AC HESED PTE. LTD.,AC HESED PTE LTD,,,65 8500 7606,,,,nurhakimah@manna360.com.sg,,,LIVE COMPANY
487,201933792W,ADDICTUDE PTE. LTD.,ADDICTUDE PTE LTD,,,65 9129 6380,,,,Addictude@addictudesg.com,,,LIVE COMPANY
488,201612953D,ADIGAS RESTAURANT PTE. LTD.,ADIGAS RESTAURANT PTE LTD,,,65 9223 1174,,,,spiceboxrestaurant@gmail.com,,,LIVE COMPANY
489,201915970R,HCL LEASING & TRADING PTE. LTD.,HCL LEASING & TRADING PTE LTD,,,65 8111 8444,,,,hclleasing@gmail.com,,,LIVE COMPANY
490,201918944K,AMBROSIA FINE FOODS PTE. LTD.,AMBROSIA FINE FOODS PTE LTD,,,65 9006 5450,,,,michael.chong@lardercafe.com,,,LIVE COMPANY
491,202307453H,AN HONEST CUP PTE. LTD.,AN HONEST CUP LLP,,,65 9875 2064,,,,anhonestcup@gmail.com,,,LIVE COMPANY
492,202010577E,ANDHRA CHEFS PTE. LTD.,ANDHRA CHEFS PTE LTD,,,65 8460 7237,,,,dwarakafood@gmail.com,,,LIVE COMPANY
493,202016757G,ANT BROTHERS PTE. LTD.,ANT BROTHERS PTE LTD,,,65 9328 9444,,,,Jamesong@Crabwangseafood.com,,,LIVE COMPANY
494,200602934E,ASIA CUISINE.COM PTE. LTD.,ASIA CUISINE.COM PTE LTD,,,65 9738 5867,,,,Deepali@fifthseason.com.sg,,,LIVE COMPANY
495,200918230G,ASIA GHANI RESTAURANT AND CATERING PTE. LTD.,ASIA GHANI RESTAURANT AND CATERING PTE LTD,,,65 8333 0109,,,,essarem_61@hotmail.com,,,LIVE COMPANY
496,201835660M,AUSDAUER UND EHRLICHKEIT PTE. LTD.,AUSDAUER UND EHRLICHKEIT,,,65 9337 8690,,,,lohks001@yahoo.com,,,LIVE COMPANY
497,201837319R,AVERLON DYNAMICS PTE. LTD.,AVERLON DYNAMICS PTE LTD,,,65 6592 8990,,,,averlon.d@outlook.com,,,LIVE COMPANY
498,201010795M,AWESOME ANNAM PTE. LTD.,AWESOME ANNAM PTE LTD,,,65 9060 2204,,,,Info@kurrykorner.com.sg,,,LIVE COMPANY
499,201625844N,BBBS PTE. LTD.,BBBS PTE LTD,,,65 9325 2515,,,,dylan@bbbs.com.sg,,,LIVE COMPANY
500,200304429R,BBZ DESIGN INTERNATIONAL PTE. LTD.,BBZ DESIGN INTERNATIONAL PTE LTD,,,65 6631 2592,,,,finance@minorfoodsingapore.com,,,LIVE COMPANY
501,201015959R,REKHI ENTERPRISES PTE. LTD.,REKHI ENTERPRISE PTE LTD,,,65 8751 0249,,,,kelly@geniecollective.sg,finance@geniecollective.sg,,LIVE COMPANY
502,201721230H,BIBIK CATERERS PTE. LTD.,BIBIK CATERERS PTE LTD,,,65 9187 7331,65 9186 5398,,,enquiry@bibik.com.sg,,,LIVE COMPANY
503,201911412D,BIG O EVENTS PTE. LTD.,BIG O EVENTS PTE LTD,,,65 9786 0676,,,,witcheswork@yahoo.com,,,LIVE COMPANY
504,200609823C,BROTZEIT PTE. LTD.,BROTZEIT PTE LTD,,,65 9795 7729,,,,,,,LIVE COMPANY
505,200304395G,SHOKUDO CONCEPTS PTE. LTD.,SHOKUDO CONCEPTS PTE LTD,,,65 6238 0525,,,,finance@minorfoodsingapore.com,,,LIVE COMPANY
506,201010317N,CANTON PARADISE PTE. LTD.,CANTON PARADISE @ ARC,,,65 9060 8744,,,,account@paradisegroup.com.sg,,,LIVE COMPANY
507,201530099H,CHALONG PTE. LTD.,CHALONG PTE LTD,,,65 9650 7649,,,,Chalongpteltd@gmail.com,,,LIVE COMPANY
508,201330261E,CHAMPION MANAGEMENT PTE. LTD.,CHAMPION MANAGEMENT PTE LTD,,,65 9366 2795,,,,amanda@championhotel.com.sg,,,LIVE COMPANY
509,201320099D,CHANINTR LIVING PTE. LTD.,CHANINTR LIVING PTE LTD,,,65 9756 6969,,,,benjamin@chanintr.com,,,LIVE COMPANY
510,201901574W,COFFEE AVENUE PTE. LTD.,COFFEE AVENUE PTE LTD,,,65 8133 9377,,,,coffeeavenue165@gmail.com,,,LIVE COMPANY
511,200909952N,CHICKEN EMPIRE PTE. LTD.,CHICKEN EMPIRE PTE LTD,,,65 9088 8406,,,,Marvella.ong@gmail.com,,,LIVE COMPANY
512,201924082C,CHILLI & PEPPER RESTAURANT PTE. LTD.,CHILLI & PEPPER RESTAURANT PTE. LTD,,,65 9146 3351,,,,sathishkumar2001@gmail.com,,,LIVE COMPANY
513,201416259E,GRIP TECHNOLOGY PTE. LTD.,GRIP TECHNOLOGY PTE LTD,,,65 9730 2468,,,,edward@citycafe.com.sg,,,LIVE COMPANY
514,201918421Z,CO CHUNG PTE. LTD.,CO CHUNG PTE LTD,,,65 8876 8137,,,,bryanhoon@hotmail.com,Khanh.p.ly@gmail.com,,LIVE COMPANY
515,199200712G,COCA INTERNATIONAL SINGAPORE CO PTE. LTD.,COCA INTERNATIONAL SINGAPORE CO PTE LTD,,,65 6260 4069,,,,denise@coca.com.sg,,,LIVE COMPANY
516,201113328K,CUCINA 17 SUPPLIES PTE. LTD.,CUCINA 17 SUPPLIES PTE LTD,,,65 9825 0065,,,,Cucina17@yahoo.com.sg,,,LIVE COMPANY
517,201828494R,DISHA HOTELS PTE. LTD.,DISHA HOTELS PTE LTD,,,65 8755 3929,,,,dt@dishahotels.com,,,LIVE COMPANY
518,201813503E,D'RUBINAH @ PUNGGOL PTE. LTD.,D'RUBINAH @ PUNGGOL PTE LTD,,,65 9001 6105,,,,d.rubinah@gmail.com,,,LIVE COMPANY
519,202025053D,DARUMA TAVERN PTE. LTD.,DARUMA TAVERN PTE LTD,,,65 8692 2360,,,,clairengsiew@gmail.com,,,LIVE COMPANY
520,201305138R,DINING INNOVATION ASIA-PACIFIC PTE. LTD.,DINING INNOVATION ASIA-PACIFIC PTE LTD,,,65 6336 4211,,,,,,,LIVE COMPANY
521,200709473K,DIVINE FOODS PTE. LTD.,DIVINE FOODS PTE LTD,,,65 8768 8382,,,,accounts@janicewong.co,,,LIVE COMPANY
522,202005589D,EDEN LOFT PTE. LTD.,EDEN LOFT PTE LTD,,,65 8752 7076,,,,info@paradisebiryanisg.com,,,LIVE COMPANY
523,200703692R,EIGHTEEN CHEFS PTE. LTD.,EIGHTEEN CHEFS PTE LTD,,,65 6741 1788,,,,joeleen.tan@eighteenchefs.com, finance@eighteenchefs.com, jearea.heng@eighteenchefs.com,LIVE COMPANY
524,201606577C,EURASIA F&B PTE. LTD.,EURASIA F&B PTE LTD,,,65 8209 7078,,,,wenkit.lim@eurasiaglobalfood.com,,,LIVE COMPANY
525,201801389M,FAIRY GROUP VENTURES PTE. LTD.,FAIRY GROUP VENTURES PTE LTD,,,65 9680 5603,,,,jialing@blackfairycoffee.com, jennifer@jkeart.com,,LIVE COMPANY
526,201807615C,FAT PO PTE. LTD.,FAT PO PTE LTD,,,65 9619 0608,,,,Shuzhen_pan@hotmail.com,,,LIVE COMPANY
527,200507149N,FAYIDHA RESTAURANT PTE. LTD.,FAYIDHA RESTAURANT PTE LTD,,,65 9147 1684,,,,nisfayi@hotmail.com,,,LIVE COMPANY
528,201023803W,FILIPINO PRIME GRILL PTE. LTD.,FILIPINO PRIME GRILL PTE LTD,,,65 9733 3276,,,,rkctang@gerrysgrill.com, Singapore2@gerrysgrill.com, wangping@gerrysgrill.com,LIVE COMPANY
529,201621254N,FINEST SONGKEE'S CUISINE PTE. LTD.,FINEST SONGKEE'S CUISINE PTE LTD,,,65 9677 8888,,,,simonchongkf@gmail.com, advertisingmedia2014@gmail.com,,LIVE COMPANY
530,202325992E,FIVE AM GROUP PTE. LTD.,FIVE GROUP SINGAPORE PRIVATE LIMITED,,,65 9234 4930,,,,,,,LIVE COMPANY
531,T14LL1681C,FLAVOUR FLINGS LLP,FLAVOUR FLING LLP,,,65 8113 3441,,,,flavourflings@gmail.com,,,LIVE
532,201304764C,FOOD ASPIRATION PTE. LTD.,FOOD ASPIRATIONS PTE LTD,,,65 9669 4923,,,,Siraj_z@yahoo.com,,,LIVE COMPANY
533,200513951H,FOOD REPUBLIC PTE. LTD.,FOOD REPUBLIC PTE LTD,,,65 6444 6019,,,,paul.chong@breadtalk.com,melissa.ong@breadtalk.com,,LIVE COMPANY
534,202113582R,FORTUNE GARDEN PTE. LTD.,FORTUNE GARDEN,,,65 8265 8111,,,,fortunegarden61@gmail.com,,,LIVE COMPANY
535,201323146K,FOTIA PTE. LTD.,FOTIA PTE LTD,,,65 9736 0911,,,,ganesh.k@cockpit.com.sg,,,LIVE COMPANY
536,202114246C,FUFU POT PTE. LTD.,FUFU POT PTE LTD,,,65 8686 1068,,,,wayne.teoh@ouerestaurants.com,sarah.lee@ouerestaurants.com,sihui.tang@ouerestaurants.com,LIVE COMPANY
537,201808774W,G&B BISTRO PTE. LTD.,G&B BISTRO PTE LTD,,,65 9827 6887,,,,guobin_91@hotmail.com,,,LIVE COMPANY
538,201830141D,GALA FOOD (CP) PTE. LTD.,GALA FOOD (CP) PTE LTD,,,65 9118 3282,,,,rong.xu@galafood.sg,,,LIVE COMPANY
539,202143797G,GATHERFOOD PTE. LTD.,GATHERFOOD PTE LTD,,,65 8684 4552,,,,jytan@nature2000.com.sg,,,LIVE COMPANY
540,201014460C,GIHON REMNANT PTE. LTD.,GIHON REMNANT PTE LTD,,,65 6795 5265,,,,sarah@remnants.com.sg,,,LIVE COMPANY
541,202025776D,GOCHISO SHOKUDO PTE. LTD.,GOCHISO SHOKUDO PTE LTD,,,65 9008 9841,,,,wenkit.lim@eurasiaglobalfood.com,,,LIVE COMPANY
542,201806686E,GRUMPY BEAR (KBCC) PTE. LTD.,GRUMPY BEAR (KBCC) PTE LTD,,,65 9692 6910,,,,leesoonlee1@gmail.com, Leekarenmk@gmail.com,,LIVE COMPANY
543,200911897M,GURNEY DRIVE PTE. LTD.,GURNEY DRIVE PTE LTD,,,65 6848 9093,,,,ap@neogroup.com.sg,,,LIVE COMPANY
544,201118802N,HABITAT COFFEE PTE. LTD.,HABITAT COFFEE PTE LTD,,,65 9797 4407,,,,chin_esther2002@yahoo.com,,,LIVE COMPANY
545,202108200M,HAPPIEST HOUR PTE. LTD.,HAPPIEST HOUR F&B,,,65 9021 1314,65 9155 9244,,,lee.bajin@mookata.com,,,LIVE COMPANY
546,201821602N,HATCH KITCHEN (SINGAPORE) PTE. LTD.,HATCH KITCHEN (SINGAPORE) PTE LTD,,,65 9632 0590,,,,,,,LIVE COMPANY
547,202005639N,HJ BISTRO PTE. LTD.,HJ BISTRO PTE LTD,,,65 9693 7405,,,,hjbistro@gmail.com,,,LIVE COMPANY
548,202200997W,HOM AROY 5 PTE. LTD.,HOM AROY 5 PTE LTD,,,65 9272 7446,,,,anthony_chng@yahoo.com,,,LIVE COMPANY
549,201633039E,MUSUBI PTE. LTD.,MUSUBI,,,65 6351 1674,,,,mandylee@sfbi.com.sg,winnie@sfbi.com.sg,,LIVE COMPANY
550,201533641N,HOWLERS PTE. LTD.,HOWLERS PTE LTD,,,65 8339 6533,,,,andreas.yeap@wolfburgers.com,,,LIVE COMPANY
551,200609631D,HUNDREDFOLD REMNANT PTE. LTD.,HUNDREDFOLD REMNANT PTE LTD,,,65 6483 3997,,,,sarah@remnants.com.sg,,,LIVE COMPANY
552,202206185E,IKIGAI (F&B) PTE. LTD.,IKIGAI (F&B) PTE LTD,,,65 8338 5243,,,,,,,LIVE COMPANY
553,200709583W,GRAND IMPERIAL HOTEL PTE. LIMITED,IMPERIAL GRAND PTE LTD,,,65 9768 5294,,,,canicehng@gmail.com,,,LIVE COMPANY
554,200819575H,INDIAN CURRY HOUSE PTE. LTD.,INDIAN CURRY HOUSE PTE LTD,,,65 9101 5589,,,,shamiana5080@gmail.com,,,LIVE COMPANY
555,201723670K,INNOVATE ONE F&B PTE. LTD.,INNOVATE ONE F&B PTE LTD,,,65 9789 3515,,,,marcom@kvc.sg,,,LIVE COMPANY
556,201129346K,JACQ DANIELS PTE. LTD.,JACQ DANIELS PTE LTD,,,65 9786 8374,,,,Danielhui@mryoutiao.com,,,LIVE COMPANY
557,201401940R,JAI FOODS PTE. LTD.,JAI FOODS PTE LTD,,,65 8544 3711,,,,jaifoodsg@gmail.com,,,LIVE COMPANY
558,200600576G,JC GLOBAL CONCEPTS PTE. LTD.,JC GLOBAL CONCEPTS PTE LTD,,,65 9675 5155,,,,jun.low@breadstory.com,,,LIVE COMPANY
559,200616566K,JEWEL 7 PTE. LTD.,JEWEL 7 PTE LTD,,,65 9769 5227,,,,jewel7pteltd@yahoo.com.sg,,,LIVE COMPANY
560,202034467Z,JIAN JIANG PTE. LTD.,JIAN JIANG PTE LTD,,,65 9071 0004,,,,eatatjiayangdi@gmail.com,,,LIVE COMPANY
561,200800298W,JUDAH REMNANT PTE. LTD.,JUDAH REMNANT PTE LTD,,,65 6565 1337,,,,sarah@remnants.com.sg,,,LIVE COMPANY
562,199403639K,JUMBO GROUP OF RESTAURANTS PTE. LTD.,JUMBO GROUP OF RESTAURANTS,,,65 6265 8626,,,,,,,LIVE COMPANY
563,201415600E,JWO HOLDINGS PTE. LTD.,JWO HOLDING PTE LTD,,,65 9173 4340,,,,info@2amlab.org, accounts@janicewong.co,,LIVE COMPANY
564,201825677D,KATATSU F&B PTE. LTD.,KATATSU F&B PTE LTD,,,65 9855 6862,,,,katatsufb@gmail.com,,,LIVE COMPANY
565,201401863Z,KENZEN F&B PTE. LTD.,KENZEN F&B PTE LTD,,,65 9488 7129,,,,kennethpng@gmail.com,,,LIVE COMPANY
566,201821026R,KEYS FRESH PTE. LTD.,KEYS FRESH PTE LTD,,,65 9661 0230,,,,keysfresh@outlook.com,,,LIVE COMPANY
567,201507817C,KIM YU CULINARY CONCEPTS PTE. LTD.,KIM YU CULINARY CONCEPTS PTE LTD,,,65 9185 5524,,,,WENTING8888@GMAIL.COM,,,LIVE COMPANY
568,202014743W,KIN F & B PTE. LTD.,KIN F&B,,,65 9613 2615,,,,Jerryyapck@gmail.com,,,LIVE COMPANY
569,202231735C,KING'S CONCEPTS PTE. LTD.,KING'S CONCEPTS PTE LTD,,,65 9618 8899,,,,evien@minorfoodsingapore.com,,,LIVE COMPANY
570,202125492E,KK F&B GROUP PTE. LTD.,KK F&B GROUP PTE LTD,,,65 8926 6867,,,,Kenn3th_gan@hotmail.com,,,LIVE COMPANY
571,202103988C,KOK SEN PTE. LTD.,KOK SEN PTE LTD,,,65 9477 2889,,,,jacky@koksen.com.sg,,,LIVE COMPANY
572,201201727K,KOMAL'S INDIAN VEGETARIAN PTE. LTD.,KOMAL'S INDIAN VEGETARIAN PTE LTD,,,65 9004 7544,,,,sekarkomalas@gmail.com,,,LIVE COMPANY
573,200816900N,KONIS. PTE. LTD.,KONIS PTE LTD,,,65 9649 0111,,,,ruthsinga@gmail.com,,,LIVE COMPANY
574,200819369K,KPO CAFE BAR PTE. LTD.,KPO CAFÉ BAR PTE LTD,,,65 9727 3142,,,,brenda@imaginings.com.sg, eunise.hum@corpworld.com.sg,,LIVE COMPANY
575,202306649N,QING SHI RI JI PTE. LTD.,QING SHI RI JI PTE LTD,,,65 9878 0266,,,,lishixu5@gmail.com,,,LIVE COMPANY
576,201707262K,THAI PALACE PTE. LTD.,THAI PALACE PTE LTD,,,65 8282 3232,,,,thaipalace168@gmail.com,,,LIVE COMPANY
577,201737241H,LOVE U FOOD PTE. LTD.,LOVE U FOOD PTE LTD,,,65 9021 5915,,,,loveufoodsg@gmail.com,,,LIVE COMPANY
578,200503332H,M A DEEN BIASA (S) PTE. LTD.,M A DEEN BIASA (S) PTE LTD,,,65 9168 4505,,,,madeenbiasa@gmail.com,,,LIVE COMPANY
579,201108015E,M-RAMEN PTE. LTD.,M-RAMEN PTE LTD,,,65 9799 3099,,,,david@m-ramen.com,,,LIVE COMPANY
580,201200640H,MAD PEOPLE PTE. LTD.,MAD PEOPLE PTE LTD,,,65 8786 3632,,,,JWLQ28@GMAIL.COM,,,LIVE COMPANY
581,201542382N,MEMBERS ONLY HOSPITALITY PTE. LTD.,MEMBERS ONLY HOSPITALITY PTE LTD,,,65 8621 3860,,,,serena@mandala.global,,,LIVE COMPANY
582,201734634W,MIRACLE FOOD AFFAIR PTE. LTD.,MIRACLE FOOD AFFAIR PTE LTD,,,65 8688 0394,,,,weisheng@bfishsfish.com,,,LIVE COMPANY
583,201407431Z,MITSUBA JAPANESE RESTAURANT PTE. LTD.,MITSUBA JAPANESE RESTAURANT PTE LTD,,,65 9817 4155,,,,william.chia@mitsuba.com.sg,,,LIVE COMPANY
584,200209029R,MOGHUL MAHAL RESTAURANT PTE. LTD.,MOGHUL MAHAL RESTAURANT PTE LTD,,,65 6338 6907,,,,moghulmahal@hotmail.com,,,LIVE COMPANY
585,200913629H,MOKSHA PTE. LTD.,MOKSHA BAR PTE LTD,,,65 9069 6176,,,,moghulmahal@hotmail.com,,,LIVE COMPANY
586,202001313N,MR UNCLE & AUNTYS KITCHEN PTE. LTD.,MR UNCLE & AUNTYS KITCHEN PTE LTD,,,65 9757 5500,,,,hr@uncleauntykitchen.com,,,LIVE COMPANY
587,201524907K,MURASAKI PTE. LTD.,MURASAKI PTE LTD,,,65 9827 9992,,,,max161892@gmail.com,,,LIVE COMPANY
588,201919245R,MYPIZZA PTE. LTD.,MYPIZZA PTE. LTD,,,65 8686 4471,,,,contact@mypizza.com.sg,,,LIVE COMPANY
589,200310249E,NATURE VEGETARIAN CATERING PTE. LTD.,NATURE VEGETARIAN CATERING PTE LTD,,,65 9797 0045,,,,Natureveg88@gmail.com,,,LIVE COMPANY
590,201430047Z,NEW STAGE FOOD PTE. LTD.,NEW STAGE FOOD PTE LTD,,,65 9022 7469,,,,Jiewei.ng@gmail.com,,,LIVE COMPANY
591,201906695K,NG KUAN CHILLI PAN MEE PTE. LTD.,NG KUAN CHILLI PAN MEE PTE LTD,,,65 8822 5637,,,,Ngkuanchillipanmee@outlook.com,,,LIVE COMPANY
592,201412313W,NO. 27 BISTRO & BAR PTE. LTD.,NO. 27 BISTRO & BAR PTD. LTD.,,,65 9003 1714,,,,7collis@gmail.com,,,LIVE COMPANY
593,201301789M,YESTERDAE PTE. LTD.,YESTERDAE PTE LTD,,,65 9365 6631,,,,Jill@noothermeaning.com, christie@noothermeaning.com,,LIVE COMPANY
594,201603445W,NUR FAYIDHA RESTAURANT PTE. LTD.,NUR FAYIDHA RESTAURANT PTE LTD,,,65 9146 1684,,,,nisfayi@hotmail.com,,,LIVE COMPANY
595,201419245W,OMAR SHARIFF AUTHENTIC INDIAN CUISINE PTE. LTD.,OMAR SHARIFF AUTHENTIC INDIAN CUISINE PTE LTD,,,65 8442 6910,,,,omarshariffaic@gmail.com,,,LIVE COMPANY
596,201419245W,OMAR SHARIFF AUTHENTIC INDIAN CUISINE PTE. LTD.,OMAR SHARIFF INDIAN AUTHENTIC CUISINE PTE LTD,,,65 8442 6910,,,,omarshariffaic@gmail.com,,,LIVE COMPANY
597,201131116K,ONION RESTAURANT & BAR PTE. LTD.,ONION RESTAURANT & BAR PTE LTD,,,65 6270 3186,,,,,,,LIVE COMPANY
598,53474182K,OPHELIA,OPHELIA WILD PTE LTD,,,65 9851 0656,,,,pearly@theaffogatobar.com,,,LIVE
599,200907208C,PAPA PALHETA PTE. LTD.,PAPA PALHETA PTE LTD,,,65 9227 9086,,,,alvin@pppcoffee.com,,,LIVE COMPANY
600,201014375N,PARADISE HOTPOT PTE. LTD.,PARADISE HOTPOT PTE LTD,,,65 9369 9953,,,,accounts@paradisegroup.com.sg, yewyew@paradisegroup.com.sg, weiping@paradisegroup.com.sg,LIVE COMPANY
601,201942457Z,PARADISE PALACE PTE. LTD.,PARADISE PALACE PTE LTD,,,65 9100 2206,,,,cateringatparadise@gmail.com,,,LIVE COMPANY
602,201908500Z,PARTEA DOWNTOWN GALLERY PTE. LTD.,PARTEA DOWNTOWN GALLERY PTE LTD,,,65 8498 6697,,,,alexxiang@partea.com.sg,,,LIVE COMPANY
603,T01PF0706E,PAUL GO & CO,PAUL SINGAPORE PTE LTD,,,65 9474 5743,,,,DCHOY@paul-singapore.com,,,LIVE
604,201836143D,PENGUIN'S KITCHEN PTE. LTD.,PENGUIN KITCHEN PTE LTD,,,65 9100 4775,,,,iampenguins@hotmail.com,,,LIVE COMPANY
605,201013993H,PENIEL REMNANT PTE. LTD.,PENIEL REMNANT PTE LTD,,,65 6861 8556,,,,sarah@remnants.com.sg,,,LIVE COMPANY
606,201628198H,PERSEKUTUAN PTE. LTD.,PERSEKUTUAN PTE LTD,,,65 9344 4450,,,,go2eat@hotmail.com,,,LIVE COMPANY
607,201503773N,PIZZAFACE PTE. LTD.,PIZZAFACE PTE LTD,,,65 9278 0669,,,,amos@pizzaface.sg,,,LIVE COMPANY
608,200907794E,PONDOK JAWA TIMUR PTE. LTD.,PONDOK JAWA TIMUR PTE LTD,,,65 9799 6491,,,,pondokjt@gmail.com,,,LIVE COMPANY
609,202143121E,PUTRA DELICACIES PTE. LTD.,PUTRA DELICACIES PTE LTD,,,65 9009 2632,,,,putra.delicacies@gmail.com,,,LIVE COMPANY
610,201834283R,QI XIANG PTE. LTD.,QI XIANG PTE LTD,,,65 9633 1563,,,,Zenithneo@gmail.com, zenith@qixiang.sg,,LIVE COMPANY
611,200613633E,QUENTIN'S F&B (S) (PTE.) LTD.,QUENTIN'S F&B (S) PTE LTD,,,65 6348 0327,,,,aaron@quentins.com.sg, kristine@quentins.com.sg,,LIVE COMPANY
612,201127893C,RAILWAY OLD COFFEE FOOD POINT (PTE.) LTD.,RAILWAY OLD COFFEE FOOD POINT PTE. LTD,,,65 9197 8765,,,,railwayoldcoffee@gmail.com, advertisingmedia2014@gmail.com,,LIVE COMPANY
613,201003849W,RAINSHINE PTE. LTD.,RAINSHINE PTE LTD,,,65 9437 3944,,,,ray.thomas@rainshine.co,,,LIVE COMPANY
614,201202153N,REEDZ PTE. LTD.,REEDZ PTE LTD,,,65 9012 0573,,,,jenfi@reedzcafe.com,,,LIVE COMPANY
615,201415888D,REFUEL CAFE & EATERY PTE. LTD.,REFUEL CAFE & EATERY PTE LTD,,,65 9627 9589,,,,Sk@refuel.sg,,,LIVE COMPANY
616,202031374R,RELAX PTE. LTD.,RELAX PTE LTD,,,65 9067 8569,,,,relax6bistro@gmail.com,,,LIVE COMPANY
617,200706846N,RGC PTE. LTD.,RGC PTE LTD,,,65 9028 7343,,,,finance@riseandgrind.co,,,LIVE COMPANY
618,202035929Z,RICHTON CAFE PTE. LTD.,RICHTON CAFE PTE LTD,,,65 9388 9150,,,,richtoncafesg@gmail.com,,,LIVE COMPANY
619,200719958K,RISING DOUGH PTE. LTD.,RISING DOUGH PTE LTD,,,65 8339 3165,,,,len@lioncitysubs.com,,,LIVE COMPANY
620,201324390N,ROLLING RICE SINGAPORE PTE. LTD.,ROLLING RICE SINGAPORE PTE LTD,,,65 8518 0457,,,,htdoa@naver.com,,,LIVE COMPANY
621,200605399W,RONG LIANG RESTAURANTS PTE. LTD.,RONG LIANG RESTAURANTS PTE LTD,,,65 8156 0753,,,,chingmeauhwai@yahoo.com,,,LIVE COMPANY
622,202201747C,RYO YAKINIKU PTE. LTD.,RYO YAKINIKU,,,65 9012 5760,,,,Yakinikubros@gmail.com,,,LIVE COMPANY
623,201625295C,SAIUN PTE. LTD.,SAIUN PTE LTD,,,65 9179 7088,,,,seanyboymccully@yahoo.com.sg,,,LIVE COMPANY
624,202139581Z,SARAWAK DELICACY PTE. LTD.,SARAWAK DELICACY PTE LTD,,,65 8825 5910,,,,sarawakdelicacypteltd@gmail.com,,,LIVE COMPANY
625,200723520G,SARI RATU RESTAURANT & CATERING PTE. LTD.,SARI RATU RESTAURANT AND CATERING PTE LTD,,,65 9001 9960,,,,sariratu20@gmail.com,,,LIVE COMPANY
626,200209140W,PEACH GARDEN PTE. LTD.,PEACH GARDEN PTE LTD,,,65 6887 8292,,,,Cindy_yeo@select.com.sg, szehwei_loh@select.com.sg, ap@select.com.sg,LIVE COMPANY
627,202306717H,SEMBAWANG EATING HOUSE (SEAFOOD RESTAURANT) PTE. LTD.,SEMBAWANG EATING HOUSE (SEAFOOD RESTAURANT),,,65 9758 6878,,,,sehseafoods@gmail.com,,,LIVE COMPANY
628,201734357M,SGTAPS PTE. LTD.,SGTAPS PTE LTD,,,65 9815 4420,,,,hirosenorihito@gmail.com,,,LIVE COMPANY
629,201013999N,SHILOH REMNANT PTE. LTD.,SHILOH REMNANT PTE LTD,,,65 6338 3886,,,,sarah@remnants.com.sg,,,LIVE COMPANY
630,202128393K,SHINSHO RAMEN GRID PTE. LTD.,SHINSHO RAMEN GRID PTE LTD,,,65 9296 5861,,,,shinshoramensingapore@gmail.com,,,LIVE COMPANY
631,202037544E,SHINSHO RAMEN PTE. LTD.,SHINSHO RAMEN PTE LTD,,,65 9296 5861,,,,raymondtan@murasaki.sg,,,LIVE COMPANY
632,201128685W,SHIVSHIL CUISINE PTE. LTD.,SHIVSHIL CUISINE PTE LTD,,,65 9365 5577,,,,siva@siamsensation.com, saytoshilpa@yahoo.com.sg,,LIVE COMPANY
633,201635165G,SHOWA HAKATA RAMEN & IZAKAYA PTE. LTD.,SHOWA HAKATA RAMEN & IZAKAYA PTE LTD,,,65 8421 2336,,,,prayer7615@aol.com,,,LIVE COMPANY
634,201841423W,HAPPY BOWL PTE. LTD.,HAPPY BOWL PTE LTD,,,65 9796 6669,,,,Ashleytan00@hotmail.com,,,LIVE COMPANY
635,201720344D,SIAM VILLAGE PTE. LTD.,SIAM VILLAGE PTE LTD,,,65 9181 3478,,,,Kenn28chen@gmail.com,,,LIVE COMPANY
636,201204593R,SIART PTE. LTD.,SIART PTE LTD,,,65 9673 3364,,,,Chan@siartdesign.com,,,LIVE COMPANY
637,201935141H,SINGAPORE YING KE LAI F&B MANAGEMENT PTE. LTD.,SINGAPORE YING KE LAI F&B MANAGEMENT PTE LTD,,,65 9619 5658,,,,gexiaozlz@gmail.com,,,LIVE COMPANY
638,201818589N,SKYDD PTE. LTD.,SKYDD PTE LTD,,,65 8399 0945,,,,ohsomebowls@gmail.com,,,LIVE COMPANY
639,201841550W,SOCIETEA PTE. LTD.,SOCIETEA PTE LTD,,,65 9668 0789,,,,Societeasingapore@gmail.com,,,LIVE COMPANY
640,201933546H,SOI NINETEEN PLUS (UPPER THOMSON) PTE. LTD.,SOI NINETEEN PLUS (UPPER THOMSON) PTD LTD,,,65 8692 2360,,,,clairengsiew@gmail.com,,,LIVE COMPANY
641,200718147N,SPIZE BEDOK PTE. LTD.,SPIZE BEDOK PTE LTD,,,65 9733 1442,,,,anil@spize.com.sg, accounts@spize.com.sg, mari@spize.com.sg,LIVE COMPANY
642,201805284H,SRI AACHI AAPPAKADAI PTE. LTD.,SRI AACHI AAPPAKADAI PTE. LTD,,,65 9482 0439,,,,senthil.chansen@gmail.com, multienergysavings@gmail.com,,LIVE COMPANY
643,202001542K,SRI SUBAM EXPRESS PTE. LTD.,SRI SUBAM EXPRESS PTE LTD,,,65 9178 8444,,,,Kubesbistro@gmail.com,,,LIVE COMPANY
644,200501138M,STAMFLES INTERNATIONAL PTE. LTD.,STAMFLES INTERNATIONAL PTE LTD,,,65 9799 9972,,,,evelyn@stamfles.com,,,LIVE COMPANY
645,201130958D,SUNPARK SINGAPORE PTE. LTD.,SUNPARK SINGAPORE P/L,,,65 9741 2706,,,,ariel@sunpark.ne.jp,,,LIVE COMPANY
646,201626171N,HANH NGUYEN FOOD PTE. LTD.,HANH NGUYEN FOOD PTE LTD,,,65 9152 6622,,,,super.ngon.sg@gmail.com,,,LIVE COMPANY
647,200312786H,SURIYA INTERNATIONAL EMPORIUM PTE. LTD.,SURIYA INTERNATIONAL EMPORIUM PTE LTD,,,65 8261 9994,,,,Kumaragurup@yahoo.com.sg,,,LIVE COMPANY
648,201609264C,SUTHA'S CAFE PTE. LTD.,SUTHA'S CAFE PTE LTD,,,65 9111 0284,,,,shanshanmugam9@gmail.com,,,LIVE COMPANY
649,201918937K,SWQ PTE. LTD.,SWQ PTE LTD,,,65 8685 2025,,,,Cherylsou@gmail.com,,,LIVE COMPANY
650,201720409C,TABLE AT 7 PTE. LTD.,TABLE AT 7 PTE LTD,,,65 8382 7862,,,,kc@tableat7.com,,,LIVE COMPANY
651,53509556B,TAVERN,TANG TAVERN,,,65 8180 6807,,,,tangtavern@gmail.com,,,LIVE
652,201100304N,TASTEBUD FOODCOURT PTE. LTD.,TASTEBUD FOODCOURT PTE LTD,,,65 9855 5639,,,,accmarcom@micro2000.com.sg,,,LIVE COMPANY
653,202245317D,TERRAFOLKS AND FOODS PTE. LTD.,TERRAFOLKS AND FOODS PTE LTD,,,65 9109 7929,,,,bowlchap@outlook.com,,,LIVE COMPANY
654,201715563K,THAI TEMPTATIONS PTE. LTD.,THAI TEMPTATIONS PTE LTD,,,65 8342 7367,,,,balaji@gingerthai.sg,,,LIVE COMPANY
655,201630898W,THE BAKER'S PTE. LTD.,THE BAKER'S PTE LTD,,,65 9797 9848,,,,info@thebakers.com.sg,,,LIVE COMPANY
656,200400666C,THE BARK CAFE PTE. LTD.,THE BARK CAFE PTE LTD,,,65 9620 7518,,,,russell@thebarkcafe.com, carol_sun07@hotmail.com,,LIVE COMPANY
657,202006620Z,THE BETTERFIELD SG (PTE. LTD.),THE BETTERFIELD PTE LTD,,,65 9386 3106,,,,multienergysavings@gmail.com,,,LIVE COMPANY
658,201506121K,FRESH BAY (S) INVESTMENTS PTE. LTD.,FRESH BAY (S) INVESTMENTS PTE LTD,,,65 9484 3259,,,,Charan@thedempseyproject.com,,,LIVE COMPANY
659,201000877E,THE GREEN BAR PTE. LTD.,THE GREEN BAR PTE LTD,,,65 9690 7660,,,,penny.lim@superfoodkitchen.sg, caryn.lim@superfoodkitchen.sg,,LIVE COMPANY
660,201609961K,THE HAPPY FLOWERS PTE. LTD.,THE HAPPY FLOWERS PTE LTD,,,65 9829 6453,,,,accounts.yimlee@njgroup.sg,,,LIVE COMPANY
661,202108207H,THE ITALIAN ALLIANCE PTE. LTD.,THE ITALIAN ALLIANCE PTE LTD,,,65 9005 9739,,,,beeling@rubato.sg, nesh@rubato.sg,,LIVE COMPANY
662,53492709B,LITTLE MYANMAR SG,THE LITTLE MYANMAR PTE LTD,,,65 9129 2598,,,,chenyuxin1209@gmail.com, advertisingmedia2014@gmail.com,,LIVE
663,201220758Z,RIVERSIDE & COURTYARD (INTERNATIONAL) PTE. LTD.,RIVERSIDE & COURTYARD (INTERNATIONAL) PTE LTD,,,65 9737 4063,,,,finance@minorfoodsingapore.com,,,LIVE COMPANY
664,201427116C,THE PECKING ORDER PTE. LTD.,THE PECKING ORDER PTE LTD,,,65 9099 7844,,,,adam@tpo.com.sg,,,LIVE COMPANY
665,200309183E,THE ROYALS (PREMIUM CAKES) PTE. LTD.,THE ROYALS (PREMIUM CAKES) PTE LTD,,,65 9796 6111,65 9092 5013,,,Joy@Royalcakes.com,,,LIVE COMPANY
666,202112447H,THE S COLLECTIVE PTE. LTD.,THE S COLLECTIVE PTE LTD,,,65 9092 1993,,,,shermainek@live.com,,,LIVE COMPANY
667,200511676M,THE SONG OF INDIA PTE. LTD.,THE SONG OF INDIA PTE LTD,,,65 9100 5612,,,,terese@songofindia.com.sg,,,LIVE COMPANY
668,201213528D,THE SOUTHBRIDGE HOTEL PTE. LTD.,THE SOUTHBRIDGE HOTEL,,,65 6222 2288,,,,reservation@thesouthbridgehotel.com,,,LIVE COMPANY
669,202119148K,THE WANGS GROUP PTE. LTD.,THE WANGS GROUP PTE LTD,,,65 9438 5105,,,,ops@thewangsgroup.sg, admin@thewangsgroup.sg,,LIVE COMPANY
670,201631865D,TIAN WEI SIGNATURE PTE. LTD.,TIAN WEI SIGNATURE PTE LTD,,,65 8908 1070,,,,zhenyi@herloconsultancy.com,,,LIVE COMPANY
671,201530112E,PAPANDA GROUP PTE. LTD.,PAPANDA GROUP PTE LTD,,,65 9383 0429,,,,info@papanda.com.sg,,,LIVE COMPANY
672,202329256C,TITTLE TATTLE (SG) PTE. LTD.,TITTLE TATTLE,,,65 9030 3576,,,,tittletattlesg@gmail.com,,,LIVE COMPANY
673,201804548H,TWENTY EIGHT CAFE PTE. LTD.,TWENTY EIGHT CAFE PTE LTD,,,65 9119 9791,,,,280106@twentyeightcafe.com,,,LIVE COMPANY
674,200608485E,UMINOIE NIHON RYORI PTE. LTD.,UMINOIE NIHON RYORI PTE LTD,,,65 9106 5098,,,,uminoie.hakata@gmail.com,,,LIVE COMPANY
675,201715029M,VERVE CQ PTE. LTD.,VERVE CQ PTE LTD,,,65 9799 2838,,,,hr@verve.sg,,,LIVE COMPANY
676,202128597D,WELL COLLECTIONS PTE. LTD.,WELL COLLECTIONS PTE LTD,,,65 9187 4142,,,,admin@botany.com.sg,,,LIVE COMPANY
677,201940607M,WIN NOODLES PTE. LTD.,WIN NOODLES PTE LTD,,,65 9843 6873,,,,jason.lin@winfood.sg,,,LIVE COMPANY
678,201024614H,WINDSOR F&B PTE. LTD.,WINDSOR F&B PTE LTD,,,65 8900 5594,,,,jiexin@romar.com,,,LIVE COMPANY
679,201537878D,WISEMEN ENTERTAINMENT PTE. LTD.,WISEMEN ENTERTAINMENT PTE LTD,,,65 8388 0320,,,,Nelsonng90@hotmail.com,,,LIVE COMPANY
680,202039866H,WOKHAUS PTE. LTD.,WOKHAUS PTE LTD,,,65 9029 8917,,,,prabhakar_a@yahoo.com,,,LIVE COMPANY
681,201001662E,YEDAM PTE. LTD.,YEDAM PTE LTD,,,65 8452 1677,,,,salth0107@naver.com,,,LIVE COMPANY
682,200908815E,YOVEL REMNANT PTE. LTD.,YOVEL REMNANT PTE LTD,,,65 6456 5058,,,,sarah@remnants.com.sg,,,LIVE COMPANY
683,201710515G,ZAI LAI 88 PTE. LTD.,ZAI LAI 88 PTE LTD,,,65 9225 9456,,,,shawnkoh247@gmail.com,,,LIVE COMPANY
684,201930774E,ZIG ENTERPRISES PTE. LTD.,ZIG ENTERPRISES PTE LTD,,,65 9892 7145,,,,m.sathik9892@gmail.com,,,LIVE COMPANY
685,200812013D,ZION REMNANT PTE. LTD.,ZION REMNANT PTE LTD,,,65 6844 9938,,,,accounts-admin@remnants.com.sg,accounts-supp@remnants.com.sg,,LIVE COMPANY
686,201023359N,28 HONGKONG STREET PTE. LTD.,28 HONGKONG STREET - RAP,,,65 6533 2001,,,,logan@28hks.com,,,LIVE COMPANY
687,201205537Z,49 SEATS PTE. LTD.,49 SEATS,,,65 6225 4332,,,,leonard@49seats.com,,,LIVE COMPANY
688,T10LL1271C,K-BAR CAFE LLP,8 CAFE & BAR,,,65 6220 4513,65 9380 6370,,,8cafebar@gmail.com,,,LIVE
689,53439467A,ADRIFT GIFT,ADRIFT,,,65 6688 5657,,,,queries@adrift.com.au,,,LIVE
690,201112783N,ALFERO ARTISAN GELATO PTE. LTD.,ALFERO ARTISAN GELATO,,,65 6702 6322,,,,bennyng@alferogelato.com,,,LIVE COMPANY
691,199503909Z,ALLEY BAR PTE. LTD.,ALLEY BAR,,,65 6732 6966,,,,mark@peranakanplace.com,,,LIVE COMPANY
692,201223969C,HOUSE OF AMBER NECTAR PTE. LTD.,AMBER NECTAR,,,65 6737 3774,,,,randy@amber.nectar.com.sg,,,LIVE COMPANY
693,201529830Z,ANGELENO PTE. LTD.,ANGELENO (SG),,,48 656221698,,,,info@angeleno.com.sg,,,LIVE COMPANY
694,53317094W,BY AOKI,AOKI,,,65 6333 8015,,,,ruziq@lesamis.com.sg, aoki@lesamis.com.sg,,LIVE
695,200719362K,ANANAS CAFE PTE. LTD.,ANANAS CAFÉ,,,65 9800 5633,,,,info@ananas.cafe,,,LIVE COMPANY
696,42577200D,ANANDA BHAVAN CATERING,ANANDA BHAVAN ,,,65 6299 4466,,,,admin@anandabhavan.com, catering@anandabhavan.com, hr@anandabhavan.com,LIVE
697,202442250C,A ANDHRA CURRY PTE. LTD.,ANDHRA CURRY,,,65 8121 9993,,,,andhracurry@hotmail.com,,,LIVE COMPANY
698,200904469H,AROMAS OF INDIA PTE. LTD.,AROMAS OF INDIA,,,65 6256 2448,65 6256 2448,,,info@aoi.com.sg,,,LIVE COMPANY
699,201407633K,ARTEMIS GRILL PTE. LTD.,ARTEMIS GRILL,,,65 6635 8677,,,,enquiries@artemisgrill.com.sg,,,LIVE COMPANY
700,202526388N,ASSEMBLY COFFEE HOUSE PRIVATE LIMITED,ASSEMBLY COFFEE,,,65 6735 5647,65 6733 3375,,,daphne@assembly.sg,,,LIVE COMPANY
701,200209535W,AUNTIE KIM'S KOREAN RESTAURANT PTE. LTD.,AUNTIE KIM'S KOREAN RESTAURANT,,,65 6452 2112,,,,rosejjang421@gmail.com,,,LIVE COMPANY
702,202404218W,ROCHESTER HOLDING PTE. LTD.,B @ ROCHESTER,,,65 6778 1788,,,,-,,,LIVE COMPANY
703,200801718E,BADOQUE (S) CAFE PTE. LTD.,BADOQUE CAFE,,,65 6446 6928,,,,-,,,LIVE COMPANY
704,52930688C,BALACLAVA,BALACLAVA (SG),,,65 6336 0050,,,,james@balaclava.com.sg,,,LIVE
705,201534247W,ATMOSPHERE BISTRO PTE. LTD.,ATMOSPHERE BISTRO & BAR ,,,65 6702 4906,,,,chiamwl@shin-sappororamen.com,,,LIVE COMPANY
706,200617765E,AZMI RESTAURANT PTE. LTD.,AZMI RESTAURANT,,,65 9428 0203,,,,azmirestaurant@yahoo.com,,,LIVE COMPANY
707,199804858E,BEPPU MENKAN RESTAURANT (SINGAPORE) PTE LTD,BEPPU MENKAN DINING RESTAURANT,,,65 6438 0328,,,,beppu98@gmail.com,,,LIVE COMPANY
708,202039842Z,L BISTRO PRIVATE LIMITED,BISTRO,,,65 6546 5229,,,,admin@changibistro.com.sg,,,LIVE COMPANY
709,201131116K,ONION RESTAURANT & BAR PTE. LTD.,ONION RESTAURANT,,,65 6757 8859,,,,kelvin@onionrestaurant.sg,,,LIVE COMPANY
710,200416172N,BLISS GARDEN RESTAURANT PTE. LTD.,BLISS GARDEN RESTAURANT,,,65 6789 1313,,,,-,,,LIVE COMPANY
711,198403931C,BILLY BOMBERS DINER PTE. LTD.,BILLY BOMBERS,,,65 9455 2204,65 6684 9345,,,,,,LIVE COMPANY
712,201323413D,CAFE ETC. PTE. LTD.,CAFÉ ETC. ,,,65 6256 2848,,,,cafeetc2013@gmail.com,,,LIVE COMPANY
713,201129409G,CANDLENUT INVESTMENT PTE. LTD.,CANDLENUT,,,65 8121 4107,,,,enquiry@candlenut.com.sg, customerservice@comodempsey.sg,,LIVE COMPANY
714,201104102H,CHAITIME PTE. LTD.,CHAITIME ,,,65 9698 8322,,,,chaitime2017@gmail.com,,,LIVE COMPANY
715,53412111W,SG CHICKEN,CHICKEN UP (SG),,,65 6327 1203,65 6481 4495,,,luke@chicken-up.com, sales@chicken-up.com,,LIVE
716,201329635W,CHIKARANOMOTO GLOBAL HOLDINGS PTE. LTD.,CHIKARANOMOTO GLOBAL HOLDINGS PTE LTD,,,65 6733 2426,,,,yoshitosano@chikaranamoto.com, enquiries@ippudo.com.sg,,LIVE COMPANY
717,53427687C,HUAT SEAFOOD RESTAURANT,CHIN HUAT LIVE SEAFOOD RESTAURANT,,,65 6775 7348,,,,enquiries@chinhuatliveseafood.sg, enquires@chinhuatliveseafood.sg,,LIVE
718,202031486E,CHO OMAKASE PTE. LTD.,CHO OMAKASE,,,65 6532 2098,,,,reservations@cho.sg,,,LIVE COMPANY
719,53168095M,THE CHUPITOS BAR,CHUPITOS BAR,,,65 6333 4513,65 6295 0017,,,jamie@thebeast.sg, info@thebeast.sg,,LIVE
720,201314461D,COFFEE ANATOMY PTE. LTD.,COFFEE ANATOMY,,,65 9685 8187,,,,coffeeanatomy@iinet.net.au,,,LIVE COMPANY
721,201405331M,COFFEE BANDITS PTE. LTD.,COFFEE BANDITS ,,,65 9214 5678,,,,catchme@coffeebandits.sg,,,LIVE COMPANY
722,201333416N,ONE MAN COFFEE PTE. LTD.,ONE MAN COFFEE  ,,,65 9757 8337,,,,support@crustpizza.com.sg,,,LIVE COMPANY
723,201404024M,K-BELL PTE. LTD.,D'BELL,,,65 6536 4046,,,,reservation@dbell.sg,,,LIVE COMPANY
724,201314608M,COCOA COLONY PTE. LTD.,COCOA COLONY ,,,65 6268 6157,,,,info@cocoacolony.sg,,,LIVE COMPANY
725,201330059K,CROSTA PIZZA PTE. LTD.,CROSTA PIZZA,,,65 6295 5505,,,,crostapizza@gmail.com,,,LIVE COMPANY
726,201622361E,DRINKS & CO PTE. LTD.,DRINKS & CO. BAR,,,65 6222 2005,,,,info@drinksandco.asia, richard@drinksandco.asia,,LIVE COMPANY
727,53201056J,EDMUND SERVICES,EDMUND'S,,,61 395009995,,,,,,,LIVE
728,201914415E,THE EMPRESS PTE. LTD.,EMPRESS,,,65 6238 8733,,,,jack@prive.com.sg,,,LIVE COMPANY
729,201300157H,L.ELEMENTS PTE. LTD.,ELEMENTS & CO,,,65 6632 0447,,,,contact@elementsandco.com.sg,,,LIVE COMPANY
730,201330079R,ELIXIR JUICE PTE. LTD.,ELIXIR JUICE,,,65 9106 2682,65 9654 1523,,,elixircold@gmail.com,,,LIVE COMPANY
731,200206965E,FINE PALATE PTE. LTD.,FINE PALATE CAFE,,,65 6463 1671,,,,cafe@finepalate.com.sg,,,LIVE COMPANY
732,201615706M,FIVE BY FIVE PTE. LTD.,FIVE BY FIVE,,,65 6452 7449,,,,enquiry@fivebyfive.sg,,,LIVE COMPANY
733,198000924W,FOSTER & RED PTE LTD,FOSTER,,,65 6466 8939,,,,fosters_restaurant@yahoo.com.sg,,,LIVE COMPANY
734,201939862M,U FRESH PTE. LTD.,FRESH,,,65 8828 7084,,,,contact@ohsofresh.com.sg,,,LIVE COMPANY
735,53289641J,FRUIT PARADISE,FRUIT PARADISE FRUIT TART SHOP,,,65 6844 9375,,,,feedback@jfh.com.sg,,,LIVE
736,T11LL0863E,K BAR & RESTAURANT LLP,G-ONE RESTAURANT & BAR,,,65 6438 1553,,,,-,,,LIVE
737,201219418N,GREENLEAF CAFE PTE. LTD.,GREENLEAF CAFÉ,,,65 6291 1171,65 9783 7476,,,greenleafcafe43@gmail.com,,,LIVE COMPANY
738,201023270G,GREENWITCH PTE. LTD.,GREENWITCH,,,65 6784 0628,,,,,,,LIVE COMPANY
739,202343362D,SG GYOZA PTE. LTD.,GYOZA-YA,,,65 6737 5581,,,,-,,,LIVE COMPANY
740,200408426M,REINS INTERNATIONAL (SINGAPORE) PTE. LTD.,REINS INTERNATIONAL,,,65 9759 1840,65 6238 1002,,,yukihiko.hinooka@reins.co.jp,,,LIVE COMPANY
741,202201782W,JO JAPANESE RESTAURANT PTE. LTD.,HANA JAPANESE RESTAURANT,,,65 6273 0288,,,,elaine@hana.com.sg,,,LIVE COMPANY
742,201300308E,HANOI PHO F&B PTE. LTD.,HANOI PHO,,,65 9855 0362,,,,jennymac@hanoipho.sg,,,LIVE COMPANY
743,200403587M,HARILELA HOSPITALITY PTE. LTD.,HARILELA HOSPITALITY,,,65 6733 8333,,,,christopher.lee@harilela.com,,,LIVE COMPANY
744,201416647H,EAT AT SEVEN PTE. LTD.,EAT AT SEVEN  ,,,65 6339 1440,,,,,,,LIVE COMPANY
745,201535730W,GODHULI SANJH PTE. LTD.,GODHULI SANJH,,,65 8111 2011,,,,,,,LIVE COMPANY
746,200616498R,INDIAN HOUSE PTE. LTD.,INDIAN HOUSE,,,65 6438 4971,65 8198 9545,,,cuisineindianhouse@gmail.com,,,LIVE COMPANY
747,201212740N,HOKKAIDO SUSHI PTE. LTD.,HOKKAIDO SUSHI RESTAURANT,,,65 6221 3075,,,,HokkaidoFineDining@gmail.com,,,LIVE COMPANY
748,201620761K,HOME KITCHEN PTE. LTD.,HOME BAR& KITCHEN,,,65 8383 0708,,,,simkl@msn.com,,,LIVE COMPANY
749,53155149X,ISTANBUL GRILL'S AND CAFE,ISTANBUL'S GRILL & CAFE,,,65 6296 4084,,,,seckin22526@hotmail.com,,,LIVE
750,201222533D,IZY DINING AND BAR PTE. LTD.,IZY DINING & BAR,,,65 9678 0027,,,,amber@izy.com.sg,,,LIVE COMPANY
751,201217374Z,J'PAN BAKERY PTE. LTD.,J'PAN BAKERY,,,65 9769 8112,,,,weeseng.phua@jpanbakery.com,,,LIVE COMPANY
752,201412544R,JOO BAR PTE. LTD.,JOO BAR,,,65 8138 1628,65 8138 1628,,,questions@joo-bar.com,,,LIVE COMPANY
753,201417275D,KANSHOKU RAMEN PTE. LTD.,KANSHOKU RAMEN BAR  ,,,65 6384 4770,,,,eat@kanshokuramen.com,,,LIVE COMPANY
754,201427788Z,KAY LEE PTE. LTD.,KAY LEE,,,65 6594 2128,,,,dixon.hong@aztech.com,,,LIVE COMPANY
755,201624147H,KENG ENG KEE SEAFOOD PTE. LTD.,KENG ENG KEE SEAFOOD,,,65 6272 1038,,,,,,,LIVE COMPANY
756,201129443M,KHAN RESTAURANT PTE. LTD.,KHAN RESTAURANT,,,65 6296 3518,,,,khanrestaurant1211@hotmail.com,,,LIVE COMPANY
757,200802470G,KIM'S FAMILY FOOD PTE. LTD.,KIM FAMILY FOOD,,,65 6221 0401,,,,kimsfamily.kr@hotmail.com,,,LIVE COMPANY
758,53191576W,KING OF KEBABS,KING KEBABS,,,65 6532 1110,,,,kingkebabs.miltonkeynes@gmail.com,,,LIVE
759,200721949R,KKO KKO NA RA PTE. LTD.,KKO KKO NA RA,,,65 6224 8186,,,,kkokkonara@hotmail.com,,,LIVE COMPANY
760,201108357C,L'ETOILE CAFE PTE. LTD.,L'ETOILE CAFE,,,65 6298 2872,,,,stephen.ng@letoile.com.sg,,,LIVE COMPANY
761,201540790K,MY NONNA'S PTE. LTD.,LA NONNA ,,,65 6468 1982,,,,info@lanonna.sg,,,LIVE COMPANY
762,200610989H,LE ROUGE PTE. LTD.,LE ROUGE ,,,65 6327 9828,,,,sales@lerougesg.com,,,LIVE COMPANY
763,200415745Z,LEE WEE & BROTHERS PTE. LTD.,LEE WEE & BROTHERS,,,65 6385 9122,,,,,,,LIVE COMPANY
764,202531850W,LEOPOLD PTE. LTD.,LEOPOLD ,,,65 6534 7640,,,,klaus@gastrobar.com, gastrobar@leopold.sg,,LIVE COMPANY
765,53215134L,D-KPO,KPO,,,65 6733 3648,,,,,,,LIVE
766,202442002K,KYO SG PTE. LTD.,KYO,,,65 8299 8735,,,,info@clubkyo.com,,,LIVE COMPANY
767,200806194W,LE BISTROT DU SOMMELIER PTE. LTD.,LE BISTROT DU SOMMELIER,,,65 6333 1982,65 9821 3047,,,max@lebistrotdusommelier.com, resa@lebistrotdusommelier.com,,LIVE COMPANY
768,200502846C,LHN GROUP PTE. LTD.,LHN GROUP,,,65 6368 8328,,,,space.enquiry@lhngroup.com.sg,,,LIVE COMPANY
769,201506821M,LOAVES ME GROUP PTE. LTD.,LOAVES ME,,,65 9665 1631,,,,loavesme@yahoo.com.sg,,,LIVE COMPANY
770,201921288G,LOKAL PTE. LTD.,LOKAL,,,65 6423 9918,,,,hello@thelokalsingapore.com,,,LIVE COMPANY
771,200615628Z,LOTS GOURMET (S) PTE. LTD.,LOTS GOURMET ,,,65 6633 9651,,,,lotgourmetstop@gmail.com, hello@lotsgourmet.com, jennypang@lotsgourmet.com,LIVE COMPANY
772,200710156E,THE LO AND BEHOLD GROUP PTE. LTD.,LO & BEHOLD GROUP,,,65 6338 8035,,,,andrew.ing@lobehold.com,,,LIVE COMPANY
773,201313386M,LOWER EAST SIDE PTE. LTD.,LOWER EAST SIDE,,,65 6346 8102,65 6221 9555,,,hello@50rp.com.sg,,,LIVE COMPANY
774,201200900C,S K LUXE PTE. LTD.,LUXE,,,65 6221 5615,,,,richard@luxesydney.sg,,,LIVE COMPANY
775,200712880M,MADURA'S RESTAURANT PTE. LTD.,MADURA'S RESTAURANT ,,,65 8183 9075,,,,enquiry@madurasfood.com, madurarest@yahoo.com.sg,,LIVE COMPANY
776,201208500N,MAMANDA PTE. LTD.,MAMANDA,,,65 6396 6646,,,,business@mamanda.com.sg,,,LIVE COMPANY
777,200922421N,MARCO MARCO SINGAPORE PTE. LTD.,MARCO MARCO ,,,65 9710 5306,,,,friedrich@marcomarco.com.sg,,,LIVE COMPANY
778,201437753E,LONDON FAT DUCK PTE. LTD.,LONDON FAT DUCK,,,65 9385 9503,65 9233 3452,,,wesgtw@gmail.com,,,LIVE COMPANY
779,200715893G,MANZOKU INVESTMENT PTE. LTD.,MANZOKU,,,65 6734 4436,,,,enquiries@manzoku.com.sg, enquiries@chikuwa.com.sg,,LIVE COMPANY
780,202005245E,MATCHAYA ASIA PTE. LTD.,MATCHAYA,,,65 9837 3187,,,,info.telepathic@gmail.com,,,LIVE COMPANY
781,199704980G,MAYIM CHINESE CUISINE PTE. LTD.,MAYIM CHINESE CUISINE,,,65 6794 1590,,,,,,,LIVE COMPANY
782,201418064G,MCGETTIGAN'S SINGAPORE PTE. LTD.,MCGETTIGAN’S,,,65 6837 0577,65 8715 9857,,,sophie@mcgettigans.com,,,LIVE COMPANY
783,196400050E,OUE LIMITED,ME @ OUE,,,65 6634 4555,,,,loic-esposito@me-oue.com,,,LIVE COMPANY
784,201936674H,MEAT COLLECTIVE SINGAPORE PRIVATE LIMITED,MEAT & GREAT COLLECTIVE,,,65 9374 8449,,,,meatandgreen@gmail.com,,,LIVE COMPANY
785,201526997W,MIKAWA YAKITORI BAR PTE. LTD.,MIKAWA YAKITORI BAR,,,65 9681 6606,,,,enquiry@mikawayakitori.sg,,,LIVE COMPANY
786,201421419Z,MISAKI JAPANESE RESTAURANT PTE. LTD.,MISAKI JAPANESE RESTAURANT,,,65 6443 1187,,,,kenkhor71@gmail.com,,,LIVE COMPANY
787,201500897H,MISCHIEF & MISCHIEF PTE. LTD.,MISCHIEF ,,,65 6532 0481,,,,asirirookery@gmail.com,,,LIVE COMPANY
788,200915417W,MONSTER CURRY PTE. LTD.,MONSTER CURRY,,,65 6238 1728,,,,hello@monstercurry.com.sg,,,LIVE COMPANY
789,T18LL0576E,HOUSE OF MOOKATA LLP,MOOKATA HOUSE,,,65 6348 1275,,,,james_ah_yong@hotmail.com,,,LIVE
790,200816238W,MOTHER'S RESTAURANT PTE. LTD.,MOTHER'S RESTAURANT,,,65 9382 0874,,,,,,,LIVE COMPANY
791,202519579M,MAYURA LABS PTE. LTD.,MAYURA,,,65 6449 8466,,,,sales@mayuracuisine.com,,,LIVE COMPANY
792,201503929E,MEYER HOUSE PTE. LTD.,MEYER HOUSE,,,65 6546 0800,,,,us@meyerhouse.sg,,,LIVE COMPANY
793,200706115D,MINORA CUISINE PTE. LTD.,MINORA CUISINE,,,65 6296 4225,65 6341 7750,,,enquiry@minora.com.sg, eliyas.star@gmail.com,,LIVE COMPANY
794,200300025H,MUJI (SINGAPORE) PTE. LTD.,MUJI (SINGAPORE) PTE LTD HQ,,,65 6346 4123,,,,ng_hwa_kim@muji.com.sg,,,LIVE COMPANY
795,T14LL2824L,MUSTARD SEED RESTAURANT LLP,MUSTARD RESTAURANT,,,65 9630 4737,65 6297 8422,,,mustardrestaurant@yahoo.com,,,LIVE
796,200407764H,NARA JAPANESE RESTAURANT PTE. LTD.,NARA JAPANESE RESTAURANT,,,65 6256 6568,,,,reservations@narajapanese.com.sg,,,LIVE COMPANY
797,53146126B,RASA SINGAPURA,NEW RASA SINGAPURA,,,65 9818 8101,,,,new.rasa.singapura@gmail.com,,,LIVE
798,202040656W,P.O. NOSH PRIVATE LIMITED,NOSH,,,65 6779 4644,,,,info@nosh.com.sg,,,LIVE COMPANY
799,202133244Z,O'BRIENS PTE. LTD.,O BRIENS,,,65 6535 7891,,,,hugh@obriens.com.sg,,,LIVE COMPANY
800,202201782W,JO JAPANESE RESTAURANT PTE. LTD.,O-AN JAPANESE RESTAURANT,,,65 6221 7781,,,,kmfood@gmail.com,,,LIVE COMPANY
801,53417717D,BEAN,O'BEAN,,,65 9835 1797,,,,-,,,LIVE
802,202026732E,ODD ONE OUT TEA PTE. LTD.,ODD ONE OUT ,,,65 6738 8898,,,,debby@peranakanplace.com,,,LIVE COMPANY
803,53023846B,MUSHROOM,MUSHROOM CAFÉ,,,65 6303 2358,,,,greatmushrooms@yahoo.com,,,LIVE
804,201230549G,NECESSARY PROVISIONS PTE. LTD.,NECESSARY PROVISIONS,,,65 9231 7920,,,,hello@necessaryprovisions.com,,,LIVE COMPANY
805,202402662C,NUSS PTE. LTD.,NUSS ,,,65 9069 6069,,,,richardc@nuss.org.sg,,,LIVE COMPANY
806,201301658H,OCEANS OF SEAFOOD PTE. LTD.,OCEANS OF SEAFOOD,,,65 6466 1005,,,,,,,LIVE COMPANY
807,201131725Z,OKADA COFFEE PTE. LTD.,OKADA COFFEE,,,65 6443 1948,,,,okada@okadacoffee.com.sg,,,LIVE COMPANY
808,200912441C,OH DELI PTE. LTD.,OH DELI,,,65 6440 4409,,,,sales@ohdeli.com.sg,,,LIVE COMPANY
809,200803529M,ONE CONCEPT PTE. LTD.,ONE CONCEPT,,,65 6225 8049,,,,info@one-concept.com.sg,,,LIVE COMPANY
810,201935610M,ORIGINAL PTE. LTD.,ORIGINAL SIN,,,65 6475 5605,65 6475 5605,,,info@originalsin.com.sg,,,LIVE COMPANY
811,199005011H,ASIA PACIFIC COFFEE PTE LTD,PACIFIC COFFEE,,,65 6327 4835,,,,amylee@pacificcoffee.com.sg,,,LIVE COMPANY
812,53474527W,BROWNIE,P.OSH BROWNIE,,,65 9007 0014,,,,gacebook@posh.sg, shop@posh.sg,,LIVE
813,200919828E,PAPPAMIA GROUP PTE. LTD.,PAPPAMIA,,,65 6834 4713,,,,jess@pappamia.com.sg, infopappamia@gmail.com,,LIVE COMPANY
814,201313968R,PASARBELLA PTE. LTD.,PASARBELLA ,,,65 6887 0077,,,,xian@pasarballa.com,,,LIVE COMPANY
815,201410863C,PATISSERIE G PTE. LTD.,PATISSERIE G ,,,65 9187 8576,65 6338 7578,,,ryan@patisserieg.com, contact@patisserieG.com,,LIVE COMPANY
816,201925505C,OLD HABITS SG PTE. LTD.,OLD HABITS,,,65 9127 7147,,,,oldhabitssg@gmail.com,,,LIVE COMPANY
817,53274893W,OLD HEN COFFEE,OLD HEN COFFEE BAR,,,65 6341 5458,,,,hello@oldhencoffee.com,,,LIVE
818,201406935Z,PHO STOP PTE. LTD.,PHO STOP,,,65 6534 8178,,,,ngon@phostop.sg,,,LIVE COMPANY
819,202226130D,PIQUE NIQUE PTE. LTD.,PIQUE NIQUE,,,65 6293 3121,,,,sweets@sugardaddy.com.sg,,,LIVE COMPANY
820,202440561R,PITSTOP SG PTE. LTD.,PITSTOP ,,,65 8522 5902,,,,,,,LIVE COMPANY
821,201102032Z,PITCHSTOP PTE. LTD.,PITCHSTOP CAFÉ ,,,65 6792 4338,,,,jin@thepitchstop.com,,,LIVE COMPANY
822,201524531E,PONDOK GURAME INDONESIAN RESTAURANT PTE. LTD.,PONDOK GURAME INDONESIAN,,,65 6348 0982,,,,enquiry@pondokgurame.com.sg,,,LIVE COMPANY
823,200907794E,PONDOK JAWA TIMUR PTE. LTD.,PONDOK JAWA TIMUR,,,65 6884 5853,,,,pondokjt@gmail.com,,,LIVE COMPANY
824,201320688G,POTATO HEAD SINGAPORE PTE. LTD.,POTATO HEAD,,,65 6327 1939,65 6327 1939,,,singapore@potatohead.co,,,LIVE COMPANY
825,201001871R,PREMAAS CUISINE PTE. LTD.,PREMAAS CUISINE,,,65 9237 5739,65 6392 3644,,,girishalakandy@gmail.com,,,LIVE COMPANY
826,201416133Z,PURPLE TURTLE PTE. LTD.,PURPLE TURTLE,,,65 9876 1338,,,,Yvonneyeo@purpleturtle.com.sg,,,LIVE COMPANY
827,201225097Z,PEPPER CASTLE PTE. LTD.,PEPPER CASTLE,,,65 8869 1910,,,,,,,LIVE COMPANY
828,200909421M,RAMEN PLAY PTE. LTD.,RAMEN PLAY,,,65 6253 6066,65 6285 6116,,,huilin.loo@breadtalk.com,,,LIVE COMPANY
829,200721378R,REDDOT BREWHOUSE PTE. LTD.,REDDOT BREWHOUSE,,,65 6535 4500,,,,ksong@reddotbrewhouse.com.sg,,,LIVE COMPANY
830,201404978K,RHUBARB LE RESTAURANT PTE. LTD.,RHUBARB LE RESTAURANT,,,65 8127 5001,,,,jerome@rhubarb.sg, paul@rhubarb.sg,,LIVE COMPANY
831,200710345K,RIDERS CAFE PTE. LTD.,RIDERS CAFÉ,,,65 6466 9819,,,,enquiries@riderscafe.sg,,,LIVE COMPANY
832,202504937W,ROOKERY PTE. LTD.,ROOKERY,,,65 6221 0532,65 6221 0968,,,mahesh@rookery.com.sg, enquiriesrookery@gmail.com,,LIVE COMPANY
833,200502110R,SAHARA BAR AND RESTAURANT PTE. LTD.,SAHARA BAR & RESTAURANT,,,65 8119 6676,,,,sahara58bq@gmail.com,,,LIVE COMPANY
834,53368038K,SABAI SABAI,SABAI THAI,,,65 6535 3718,,,,contact-us@sabaifinethai.com.sg,,,LIVE
835,201113013Z,RAMEN CHAMPION PTE. LTD.,RAMEN CHAMPION ,,,65 8139 6202,,,,kmatsuda@komarsgroup.com,,,LIVE COMPANY
836,200609885Z,SCREENING ROOM (SINGAPORE) PTE. LTD.,SCREENING ROOM,,,65 6221 1694,,,,jose@screeningroom.com.sg,,,LIVE COMPANY
837,201915734Z,SCRUMPTIOUS PTE. LTD.,SCRUMPTIOUS CAFE ,,,65 6463 6543,,,,steven.lee@scrumptious.com.sg,,,LIVE COMPANY
838,201010837M,SHIN MINORI JAPANESE RESTAURANT PTE. LTD.,SHIN MINORI JAPANESE RESTAURANT,,,65 6733 2272,,,,angeline@shinminori.com.sg,,,LIVE COMPANY
839,201528019Z,SHINKEI JAPANESE DINING RESTAURANT PTE. LTD.,SHINKEI JAPANESE RESTAURANT,,,65 6255 5598,,,,enquiries@shinkei.com.sg,,,LIVE COMPANY
840,200911693Z,SHIN YUU JAPANESE RESTAURANT PTE. LTD.,SHIN YUU JAPANESE RESTAURANT,,,65 6763 4939,,,,shinyuu.jap.rest@gmail.com; shinyuu.jap.rest@gmail.com,,,LIVE COMPANY
841,201914963Z,SHIMA PTE. LTD.,SHIMA,,,65 6734 6281,,,,shima.jr@jrgroup.com.sg,,,LIVE COMPANY
842,198201850C,SHINJUKU RESTAURANT PTE. LTD.,SHINJUKU RESTAURANT,,,65 6734 8436,,,,hello@shinjuku.nz,,,LIVE COMPANY
843,201511282H,SIMPLY WRAPPS ION PTE. LTD.,SIMPLY WRAPPS,,,65 9180 2309,65 6271 0686,,,yt@simplywrapps.com,,,LIVE COMPANY
844,201114477N,SOGURT PTE. LTD.,SOGURT,,,65 8418 8401,,,,info@sogurt.com.sg,,,LIVE COMPANY
845,201842377G,STATELAND CAFE PTE. LTD.,STATELAND CAFE ,,,65 9296 4997,,,,statelandcafe@gmail.com,,,LIVE COMPANY
846,201202375K,STRICTLY PANCAKES PTE. LTD.,STRICTLY PANCAKES ,,,65 6333 4202,,,,aaron@strictlypancakes.com.sg, info@strictlypancakes.sg,,LIVE COMPANY
847,201527311Z,SPARKS BISTRO PTE. LTD.,SPARKS CAFE & BISTRO,,,65 9384 8071,,,,sparkscafebistro@gmail.com,,,LIVE COMPANY
848,201401245H,SUSHI AIRWAYS PTE. LTD.,SUSHI AIRWAYS,,,65 6291 1151,,,,chef@sushiariways.com, pilot@sushiairways.com,,LIVE COMPANY
849,53381797L,EN SUSHI BAR,SUSHI BAR,,,65 6341 7654,,,,-,,,LIVE
850,53037413K,SWAADHISHT,SWAADHISHT RESTAURANT,,,65 6392 0513,,,,swaadhisht@gmail.com,,,LIVE
851,200911579E,SWATOW GARDEN SEAFOOD RESTAURANT PTE. LTD.,SWATOW SEAFOOD RESTAURANT,,,65 6363 1717,,,,oliver.ying@swatow.com.sg,,,LIVE COMPANY
852,201733859K,SYMMETRY INVESTMENTS SINGAPORE PRIVATE LIMITED,SYMMETRY,,,65 6291 9901,,,,abby@symmetry.com.sg,,,LIVE COMPANY
853,53134816D,TAMAYA DINING,TAMAYA DINING BAR,,,65 6835 3539,,,,tamaya@sential.com.sg, tamaya@sential.com.sg,,LIVE
854,53501081L,TAMBUAH MAS JEWEL,TAMBUAH MAS,,,65 6733 2220,,,,yhau@tambuahmas.com.sg,,,LIVE
855,202344891Z,PINE VALLEY TEA PTE. LTD.,TEA VALLEY,,,65 6337 1598,65 9017 1018,,,general@teavalley.com.sg,,,LIVE COMPANY
856,200305921W,SURIYA RESTAURANT PTE. LTD.,SURIYA RESTAURANT,,,65 6296 3070,,,,,,,LIVE COMPANY
857,201224882M,SUSHI MITSUYA PTE. LTD.,SUSHI MITSUYA ,,,65 6438 2608,,,,reservations@sushimitsuya.com,,,LIVE COMPANY
858,201818343H,TAJIMAYA YAKINIKU PTE. LTD.,TAJIMAYA YAKINIKU,,,65 6377 0070,,,,tajimaya@createries.com,,,LIVE COMPANY
859,200723658G,TANYOTO (S) PTE. LTD.,TANYOTO,,,65 9859 6532,,,,tanyoto@yahoo.com,,,LIVE COMPANY
860,201000688Z,TASTE INDIA PTE. LTD.,TASTE OF INDIA,,,65 6341 5158,,,,,,,LIVE COMPANY
861,202430766C,TERRA-X PTE. LTD.,TERRA,,,65 6221 5159,,,,reservation@terraseita.com,,,LIVE COMPANY
862,201211385E,THAI AFFAIR PTE. LTD.,THAI AFFAIR,,,65 9241 6707,,,,victor@thaiaffair.sg,,,LIVE COMPANY
863,53251420C,THE GO ACADEMY,THE ACADEMY ,,,65 6291 6863,,,,hello@arccoffee.sg,,,LIVE
864,201009311W,THE AULD ALLIANCE PTE. LTD.,THE AULD ALLIANCE,,,65 6337 2201,,,,info@theauldalliance.sg,,,LIVE COMPANY
865,201812711H,THE BLACK SHEEP CAFE PTE. LTD.,THE BLACK SHEEP CAFE ,,,65 9272 1842,,,,blacksheepcafe@gmail.com,,,LIVE COMPANY
866,200908176K,THE BLARNEY PTE. LTD.,THE BLARNEY,,,65 6509 8817,,,,blarney@singnet.com.sg,,,LIVE COMPANY
867,201003083G,THE HERBAL BAR PTE. LTD.,THE HERBAL BAR,,,65 9185 2835,,,,,,,LIVE COMPANY
868,202332849M,THE HOT KITCHEN PTE. LTD.,THE HOT KITCHEN,,,65 9823 5043,,,,enqthk@gmail.com,,,LIVE COMPANY
869,201114753H,THE LIVING CAFE PTE. LTD.,THE LIVING CAFÉ,,,65 6468 4482,,,,chris@thelivingcafeasia.com,,,LIVE COMPANY
870,202126695D,BEACON&CO PRIVATE LIMITED,THE BEACON ,,,65 6883 1155,,,,hello@thebeacon.com.sg,,,LIVE COMPANY
871,201410359C,THE CURRY HUT PTE. LTD.,THE CURRY HUT,,,65 6763 6493,,,,salmanshaik2591@hotmail.com,,,LIVE COMPANY
872,201224193N,THE DAILY SCOOP PTE. LTD.,THE DAILY SCOOP,,,65 6475 3128,,,,icecream@thedailyscoop.com.sg,,,LIVE COMPANY
873,201419517E,THE DOUGH SHOPPE PTE. LTD.,THE DOUGH SHOPPE,,,65 6423 9936,,,,info@thedoughshoppe.com,,,LIVE COMPANY
874,53066688W,THE CO-LAB,THE LAB,,,65 6299 5681,,,,weexperiment@thelabsg.com,,,LIVE
875,201839864K,THE PLAIN PTE. LTD.,THE PLAIN,,,65 6225 4387,,,,vanessa.kenchington@gmail.com,,,LIVE COMPANY
876,201409992M,QUARTERS PTE. LTD.,THE QUARTERS ,,,65 9296 7079,,,,info@thequarters.sg,,,LIVE COMPANY
877,201326222E,THE WICKED GARLIC PTE. LTD.,THE WICKED GARLIC BAR,,,65 8509 2942,,,,thewickedgarlic@gmail.com,,,LIVE COMPANY
878,201228520R,TIM HO WAN PTE. LTD.,TIM HO WAN SG,,,65 6789 5479,65 6866 7800,65 6688 7600,,bernardchin@timhowan.com, customercare@timhowan.com,,LIVE COMPANY
879,T19LL0448G,M SQUARE LLP,THE SQUARE,,,65 6739 6468,,,,,,,LIVE
880,202134827K,THREE CROWNS (SERVICES) PTE. LTD.,THREE CROWNS,,,65 6766 0053,,,,enquiries@threecrowns.com.sg,,,LIVE COMPANY
881,53380186M,A TREEHOUSE,TREEHOUSE CAFE ,,,65 6469 0282,,,,carin@gourmetplus.com.sg,,,LIVE
882,201230547E,UNCLE LEONG SEAFOOD GROUP PTE. LTD.,UNCLE LEONG SEAFOOD,,,65 6554 3453,,,,yongheng_1986@hotmail.com,,,LIVE COMPANY
883,201838411Z,UNION SQUARE HOLDINGS PTE. LTD.,UNION SQUARE,,,65 6224 6116,,,,simon_wong@ntucclub.com.sg,,,LIVE COMPANY
884,201223828E,WANG DAE BAK PTE. LTD.,WANG DAE BAK,,,65 8121 0526,,,,wangdaebakbbq@gmail.com,,,LIVE COMPANY
885,200900444D,WEST CO'Z CAFE PTE. LTD.,WEST CO'Z CAFE,,,65 6438 0095,,,,westcozC@p2e.com.sg,,,LIVE COMPANY
886,201301921W,WHEELER'S YARD PTE. LTD.,WHEELER'S YARD,,,65 6254 9128,,,,tommy@wheelersyard.com,,,LIVE COMPANY
887,53221598B,WOOLOOMOOLOO STEAKHOUSE,WOOLOO MOOLOO STEAKHOUSE,,,65 6338 0261,,,,woo-singapore@wooloo-mooloo.com,,,LIVE
888,201330598D,WORKING TITLE PRIVATE LIMITED,WORKING TITLE CAFE ,,,65 6298 8721,,,,ask@workingtitle.sg,,,LIVE COMPANY
889,202303669K,OISHII PTE. LTD.,OISHII,,,65 9021 4286,,,,hanoi100am@gmail.com,,,LIVE COMPANY
890,53470062D,HERO SG,HERO'S,,,65 9673 2221,,,,landz@heros.sg,,,LIVE
891,200103245E,SAKUNTHALA'S HOLDINGS PTE LTD,SAKUNTHALA,,,65 9752 4263,,,,mathavan@sakunthalas.com,,,LIVE COMPANY
892,201113260Z,JIGGER & PONY PTE. LTD.,JIGGER & PONY,,,65 9199 0857,,,,indra.kantono@gmail.com,,,LIVE COMPANY
893,200713230W,MURUGAN IDLI SHOP PTE. LTD.,MURUGAN IDLI SHOP,,,65 9898 0785,65 6298 0858,,,shanmitha.manoharan28@gmail.com,,,LIVE COMPANY
894,202024556M,SOFRA PTE. LTD.,SOFRA,,,65 9129 8129,,,,admin@sofra.com.sg,,,LIVE COMPANY
895,52817812A,GAYATRI RESTAURANT,GAYATRI RESTAURANT GROUP,,,65 9877 6543,,,,,,,LIVE
896,40516800D,HOLIDAY INN SINGAPORE ATRIUM,HOLIDAY INN ATRIUM,,,65 9862 2258,,,,christopher.lee@ihg.com,,,LIVE
897,201206536E,MADO CAFE (S) PTE. LTD.,MADO CAFE,,,65 9771 3036,,,,jason@madocafe.com.sg,,,LIVE COMPANY
898,201308189Z,BLUE LOTUS RESTAURANT PTE. LTD.,BLUE LOTUS RESTAURANT PTE LTD ,,,65 6339 0880,,,,blsc@bluelotus.com.sg,,,LIVE COMPANY
899,201804462N,GU THAI NOODLE CAFE PTE. LTD.,THAI NOODLE CAFÉ ,,,65 8666 6675,,,,chris.ho@laohuang.sg,,,LIVE COMPANY
900,201020453N,TARATATA PTE. LTD.,TARATATA ,,,65 6221 4506,,,,taratata@taratata.sg, taratata@taratata.sg,,LIVE COMPANY
901,200808622M,ENO-OKA JAPANESE RESTAURANT PTE. LTD.,ENO-OKA JAPANESE RESTAURANT ,,,65 9099 7224,65 6887 5527,,,enooka.sg@gmail.com,,,LIVE COMPANY
902,201508339M,PADI@BUSSORAH PTE. LTD.,PADI @ BUSSORAH ,,,65 6291 3921,65 9735 3783,,,reservation@padibussorah.com,,,LIVE COMPANY
903,199901544Z,PAULANER BRAUHAUS SINGAPORE PTE. LTD.,PAULANER BRAUHAUS ,,,65 6338 0480,,,,info@paulaner-brauhaus-singapore.com,,,LIVE COMPANY
904,T06LL1665F,TEA CHIMES LLP,CHIMES,,,65 9776 7472,,,,chimes@gmail.com,,,LIVE
905,202304413H,DING DING DONG PTE. LTD.,DING DONG ,,,65 6557 0189,65 6877 4878,,,nino@dingdong.com.sg, theteam@dingdong.com.sg,,LIVE COMPANY
906,201220588H,THE SUSHI BAR DINING PTE. LTD.,THE SUSHI BAR DINING ,,,65 9231 1238,,,,thesushibar.sg@gmail.com,,,LIVE COMPANY
907,200615619W,NYONYA & BABA PERANAKAN CUISINE PTE. LTD.,NYONYA & BABA PERANAKAN ,,,65 9820 9393,,,,baba.nyonya@hotmail.com,,,LIVE COMPANY
908,200400214W,MANCHURIAN RESTAURANT PTE. LTD.,RESTAURANT MANCHURIAN ,,,65 6225 8663,,,,,,,LIVE COMPANY
909,202516422H,TWINS PT LIMITED,TWINS ,,,65 9006 3875,,,,Kitchentwins89@gmail.com,,,LIVE COMPANY
910,200909458G,MAI THAI RESTAURANT PTE. LTD.,MAI THAI RESTAURANT ,,,65 8345 4784,65 6474 3108,,,itsmeresti@gmail.com, jess@maiithai.com.sg,,LIVE COMPANY
911,200707104R,MELLBEN SEAFOOD PTE. LTD.,MELLBEN SEAFOOD ,,,65 6285 6762,,,,,,,LIVE COMPANY
912,200923079D,SATURDAY PTE. LTD.,SATURDAY HOUSE ,,,65 6280 0338,,,,saturdayhousesg@gmail.com,,,LIVE COMPANY
913,200720778W,UDDERS PTE. LTD.,UDDERS  ,,,65 8453 9000,65 6662 9410,,,nicholas@udders.com.sg, pecklin@udders.com.sg, ruishan@udders.com.sg,LIVE COMPANY
914,201022207W,TONNY RESTAURANT PTE. LTD.,TONNY RESTAURANT ,,,65 6748 6618,,,,,,,LIVE COMPANY
915,201529595G,DRAGON PHOENIX RESTAURANT (GRAND) PTE. LTD.,DRAGON PHOENIX RESTAURANT ,,,65 6250 3991,65 6238 0110,,,,,,LIVE COMPANY
916,201711424K,NEW UBIN SEAFOOD HOLDINGS PTE. LTD.,NEW UBIN SEAFOOD ,,,65 6466 9558,,,,chijmes@watabe-wedding.com.sg,,,LIVE COMPANY
917,201433836C,SEGAR VILLAGE PTE. LTD.,SEGAR VILLAGE,,,65 6444 1778,65 6534 3648,,,segar@p2e.com.sg,,,LIVE COMPANY
918,200105214H,QIAN-XI (FARRER PARK) RESTAURANT PTE LTD,QIAN-XI (FARRER PARK) RESTAURANT PTE. LTD. ,,,65 6295 1155,,,,qianxipl@singnet.com.sg,,,LIVE COMPANY
919,200511676M,THE SONG OF INDIA PTE. LTD.,THE SONG OF INDIA ,,,65 6836 0055,,,,namaste@songofindia.com.sg,,,LIVE COMPANY
920,201419245W,OMAR SHARIFF AUTHENTIC INDIAN CUISINE PTE. LTD.,OMAR SHARIFF AUTHENTIC INDIAN CUISINE ,,,65 9126 4572,65 6466 7318,,,sales@omar-shariff.com,,,LIVE COMPANY
921,202144191K,FORKETTA PTE. LTD.,LA FORKETTA ,,,65 6475 2298,,,,forketta@singnet.com.sg,,,LIVE COMPANY
922,201315258N,SCREEN BAR PTE. LTD.,SCREEN BAR ,,,65 6837 0309,,,,,,,LIVE COMPANY
923,201003980E,THE CAFE LOBBY (TS) PTE. LTD.,THE CAFÉ LOBBY ,,,65 6759 1082,,,,,,,LIVE COMPANY
924,201019047R,BLACK SWAN ASIA PTE. LTD.,THE BLACK SWAN ,,,65 6438 3757,65 8111 3563,,,jowens11@hotmail.co.uk,,,LIVE COMPANY
925,200502045N,CURRY GARDENN PTE. LTD.,CURRY GARDENN ,,,65 6710 7127,65 9694 2093,,,currygardenn@live.com,,,LIVE COMPANY
926,201327906C,CITRUS BY THE POOL PTE. LTD.,CITRUS BY THE POOL ,,,65 6366 6581,,,,enquiry@citrusbythepool.com,,,LIVE COMPANY
927,201624917G,BURP KITCHEN & BAR PTE. LTD.,BURP KITCHEN & BAR ,,,65 9711 9030,65 8428 1134,,,,,,LIVE COMPANY
928,202242335W,VICTORY KITCHEN PTE. LTD.,VICTOR'S KITCHEN ,,,65 9838 2851,,,,,,,LIVE COMPANY
929,202326301H,HENG DING PTE. LTD.,DING HENG ,,,65 6543 0848,,,,,,,LIVE COMPANY
930,199704554N,CHERRY GARDENS PTE LTD,CHERRY GARDEN ,,,65 6885 3500,,,,,,,LIVE COMPANY
931,199303112M,GOLDLEAF (TAIWAN) RESTAURANT PTE. LTD.,GOLDLEAF TAIWAN RESTAURANT ,,,65 6324 8310,,,,tessiagnes@yahoo.com.sg, karen@goldleaf.com.sg,,LIVE COMPANY
932,200704791R,MASTER WOK PTE. LTD.,WOK MASTER ,,,65 6835 9096,65 6835 9096,,,feedback@wokmaster.com.sg, contact@wokmaster.com.sg,,LIVE COMPANY
933,201327766H,THE BOILER PTE. LTD.,THE BOILER ,,,65 6635 1285,,,,Malcolm.hong@theboiler.com.sg,,,LIVE COMPANY
934,201811278M,POLLEN TECH PTE. LTD.,POLLEN ,,,65 6604 9988,,,,info@pollen.com.sg,,,LIVE COMPANY
935,202306717H,SEMBAWANG EATING HOUSE (SEAFOOD RESTAURANT) PTE. LTD.,SEMBAWANG EATING HOUSE SEAFOOD RESTAURANT ,,,65 6423 9861,,,,sehseafoods@gmail.com,,,LIVE COMPANY
936,201333126D,ROSSO VINO PTE. LTD.,ROSSO VINO ,,,65 6733 7735,,,,reservation@rossovinosingapore.com,,,LIVE COMPANY
937,198903693N,TIFFANY & CO. PTE. LTD.,TIFFANY CAFE ,,,65 6531 5366,,,,,,,LIVE COMPANY
938,202434742W,Y&Q SUPERSTAR PTE. LTD.,SUPERSTAR K ,,,65 6224 0504,,,,,,,LIVE COMPANY
939,200511319E,HJH MAIMUNAH CATERING PTE. LTD.,HJH MAIMUNAH ,,,65 6291 3132,,,,mastura@hjmaimunah.com,,,LIVE COMPANY
940,53470311M,VINEYARD SPACE,VINEYARD ,,,65 6479 7977,,,,,,,LIVE
941,200700130R,SIN HOI SAI SEAFOOD RESTAURANT PTE. LTD.,SIN HOI SAI SEAFOOD RESTAURANT ,,,65 6223 0810,,,,,,,LIVE COMPANY
942,201211743K,MONGKOK DIM SUM PTE. LTD.,MONGKOK DIM SUM ,,,65 9191 8829,,,,,,,LIVE COMPANY
943,201502900E,1 TYRWHITT BISTRO BAR PTE. LTD.,1 TYRWHITT BISTRO BAR CAFE ,,,65 9766 9483,65 6341 5167,,,,,,LIVE COMPANY
944,201536775Z,FO YOU YUAN VEGETARIAN RESTAURANT PTE. LTD.,FO YOU YUAN VEGETARIAN RESTAURANT,,,65 9787 9967,65 6744 8009,,,,,,LIVE COMPANY
945,201630252N,CHATTERBOX PTE. LTD.,CHATTERBOX ,,,65 6831 6288,,,,chatterbox.orchard@meritushotels.com,,,LIVE COMPANY
946,200905184M,KAZBAR PTE. LTD.,KAZBAR ,,,65 6438 2975,65 6536 4328,,,kirstin@kazbar.com, info@kazbar.com,,LIVE COMPANY
947,201403402G,PARDON MY FRENCH PTE. LTD.,PARDON MY FRENCH ,,,65 6410 9353,,,,,,,LIVE COMPANY
948,202103988C,KOK SEN PTE. LTD.,KOK SEN ,,,65 6223 2005,,,,cwong080@gmail.com,,,LIVE COMPANY
949,201013713W,BERKELEY PTE. LTD.,THE BERKELEY ,,,65 6235 3311,,,,,,,LIVE COMPANY
950,201111821N,HAKATA GENYO-SHA PTE. LTD.,HAKATA GENYO-SHA ,,,65 6884 9893,,,,,,,LIVE COMPANY
951,200416690K,MACAU EXPRESS PTE. LTD.,MACAU EXPRESS ,,,65 6221 7331,,,,macau@macauexpress.com.sg,,,LIVE COMPANY
952,201429928E,KUROYA INTERNATIONAL PTE. LTD.,KUROYA INTERNATIONAL ,,,65 6734 4740,,,,kinoshita@kuroya968.com,,,LIVE COMPANY
953,201302230N,CAKE SPADE PTE. LTD.,CAKE SPADE ,,,65 6444 3868,,,,freshlybaked@cakespade.com,,,LIVE COMPANY
954,201212525N,CAFE GAVROCHE (S) PTE. LTD.,CAFE & BAR GAVROCHE ,,,65 6225 4869,,,,info@cafegavroche.com,,,LIVE COMPANY
955,201610583K,FAT PRINCE PTE. LTD.,FAT PRINCE ,,,65 6221 3683,,,,info@fatprincesg.com,,,LIVE COMPANY
956,200302525N,THE WHOLE EARTH PTE. LTD.,WHOLE EARTH ,,,65 6323 3308,,,,info@wholeearth.com.sg,,,LIVE COMPANY
957,201804145W,ASH & CHAR PTE. LTD.,ASH & CHAR BAR ,,,65 9132 8880,,,,,,,LIVE COMPANY
958,201438156G,BA SHU SICHUAN RESTAURANTS PTE. LTD.,BA SHU SICHUAN RESTAURANT PTE LTD ,,,65 9865 2952,65 9656 3669,,,bashusichuan2015@gmail.com,,,LIVE COMPANY
959,201422858N,QQ NOODLE HOUSE PTE. LTD.,QQ NOODLE HOUSE,,,65 6337 6532,,,,qqnoodle123@gmail.com,,,LIVE COMPANY
960,201023783E,SI WEI XUAN PTE. LTD.,SI WEI XUAN ,,,65 9479 5736,,,,business@siweixuan.com,,,LIVE COMPANY
961,199504008N,KO RYO JEONG RESTAURANT PTE LTD,KO RYO JEONG KOREAN RESTAURANT ,,,65 6324 3120,,,,,,,LIVE COMPANY
962,201300099G,KITCHEN 511 PTE. LTD.,KITCHEN 511 PTE LTD ,,,65 9007 6480,,,,jun.f@kitchen511.asia,,,LIVE COMPANY
963,53432893L,FAMOUS KITCHEN,THE FAMOUS KITCHEN ,,,65 6257 1843,,,,jefffoo@hotmail.com,,,LIVE
964,200505442H,AH CHIANG PORRIDGE PTE. LTD.,AH CHIANG'S PORRIDGE ,,,65 9735 2735,,,,,,,LIVE COMPANY
965,201611741D,ISURAMUYA PTE. LTD.,ISURAMUYA ,,,65 9737 3282,,,,enquiry@isuramuya.com,,,LIVE COMPANY
966,53401236A,SG WAREHOUSE,WAREHOUSE ,,,65 9835 5134,,,,glenn@verve.sg,,,LIVE
967,52000200L,SENG KEE BAK KUT TEH,AH SENG BAK KUT TEH ,,,65 6336 0779,,,,,,,LIVE
968,200512490Z,NAGOMI PTE. LTD.,NAGOMI ,,,65 6732 4300,,,,nagomi@singnet.com.sg,,,LIVE COMPANY
969,200918290D,NANTSUTTEI SINGAPORE PTE. LTD.,NANTSUTTEI ,,,65 6737 9713,65 6337 7166,,,nantsuog@singnet.com.sg,,,LIVE COMPANY
970,201132579N,NAKASEI PTE. LTD.,NAKASEI ,,,65 6836 5325,,,,,,,LIVE COMPANY
971,201411694W,CHUAN GARDEN STEAMBOAT PTE. LTD.,CHUAN GARDEN STEAMBOAT ,,,65 6222 3451,,,,,,,LIVE COMPANY
972,52962617M,A BAO,JI BAO BAO ,,,65 6493 2987,,,,jibaobao899@gmail.com,,,LIVE
973,201218995Z,GOOD COME AGAIN PTE. LTD.,GOOD COME AGAIN ,,,65 6841 1588,,,,,,,LIVE COMPANY
974,202107851W,DA HU ZI BBQ PTE. LTD.,DA HU ZI BBQ ,,,65 6841 0387,,,,,,,LIVE COMPANY
975,202418696Z,OLD HOUSE BAK KUT TEH PTE. LTD.,HOUSE OF BAK KUT TEH ,,,65 6336 7570,,,,,,,LIVE COMPANY
976,201136537G,NONNA LINA PTE. LTD.,NONNA LINA ,,,65 6222 0930,,,,simone@nonnalina.sg,,,LIVE COMPANY
977,53492802A,APIARY 8,APIARY ,,,65 6493 7273,,,,info@apiary.sg, info@apiary.sg,,LIVE
978,202542712H,NICOLAS LE RESTAURANT PTE. LTD.,NICOLAS LE RESTAURANT ,,,65 6224 2404,,,,contact@restaurantnicolas.com,,,LIVE COMPANY
979,201540708D,SEOULROLL GROUP PTE. LTD.,SEOULROLL ,,,65 8718 6086,,,,,,,LIVE COMPANY
980,198300327N,DAZZLING CO. PTE. LTD.,DAZZLING CAFE ,,,65 6384 3310,,,,kim.tay@dazzlingcafe.sg,,,LIVE COMPANY
981,201431943D,OBERSTRASSE 31 PTE. LTD.,OBERSTRASSE ,,,65 9003 5327,65 9652 5336,,,ober.strasse@yahoo.com,,,LIVE COMPANY
982,200916906D,TEA TREE CAFE PTE. LTD.,TEA TREE CAFE ,,,65 6459 8187,,,,hr@tea-tree-cafe.com.sg,,,LIVE COMPANY
983,202306358M,GOOD CHEER (SG) PTE. LTD.,GOOD CHEER 2 ,,,65 8781 9878,,,,hello@goodcheer2.com,,,LIVE COMPANY
984,201830918W,LIM SPRING COURT PTE. LTD.,SPRING COURT ,,,65 6449 5030,65 9461 5828,,,raymond.ng@springcourt.com.sg, enquiry@springcourt.com.sg,,LIVE COMPANY
985,201008628N,DOU FU ZHUANG PTE. LTD.,DOU HUA ZHUANG ,,,65 6226 1448,,,,,,,LIVE COMPANY
986,52845789J,HOLLAND VILLAGE XO FISH HEAD BEE HUN RESTAURANT,HOLLAND VILLAGE XO FISH HEAD BEE HUN ,,,65 6778 3691,,,,,,,LIVE
987,201203140E,REUNION BBQ GROUP PTE. LTD.,REUNION BBQ ,,,65 6396 6218,,,,reunion.michellechen@gmail.com,,,LIVE COMPANY
988,52885506M,THE FOOD BARN,FOOD BARN ,,,65 6804 6473,,,,contact@thefoodbarn.com.sg, sales@gtk.com.sg, irenekor@gtk.com.sg,LIVE
989,199606126H,MENU PTE. LTD.,NO MENU SG,,,65 6224 0091,,,,nomenu@osvaldo.sg,,,LIVE COMPANY
990,201629037D,HOKKAI VILLA SINGAPORE PTE. LTD.,HOKKAI VILLA ,,,65 6909 0828,65 6909 0828,,,zoanne@hokkaivilla.com, hi@hokkaivilla.com,,LIVE COMPANY
991,200920108H,BULL & BEAR PTE. LTD.,BULL AND BEAR ,,,65 6557 0879,,,,evelyn@bullandbear.com.sg,,,LIVE COMPANY
992,201536470C,SAGAE PTE. LTD.,SAGAE ,,,65 6221 8005,,,,,,,LIVE COMPANY
993,201538435W,ABSOLUTE ACAI PTE. LTD.,ABSOLUTE ACAI ,,,65 6224 4088,,,,info@absolute-acai.com,,,LIVE COMPANY
994,53118583D,SIN KEE FAMOUS CHICKEN RICE,YUAN KEE FAMOUS CHICKEN RICE ,,,65 9858 6955,,,,jonathan@arcadiagr.com,,,LIVE
995,200502701C,LE NOIR PTE. LTD.,LE NOIR ,,,65 8684 2122,65 8817 6229,,,johnathan@barlenoir.com, enquiry@lenoir.com.sg,,LIVE COMPANY
996,53414784D,THE FOOD CHAMBER,THE CHAMBER ,,,65 6536 9926,65 6659 9888,,,tony@chamber.com.sg,,,LIVE
997,201801252D,HARARU IZAKAYA PTE. LTD.,HARARU IZAKAYA ,,,65 6291 5373,,,,info@shukuu.sg,,,LIVE COMPANY
998,201600755E,XIANG SIGNATURE PTE. LTD.,XIANG SIGNATURE ,,,65 6338 8939,,,,,,,LIVE COMPANY
999,201628162E,KOKORO RAMEN PTE. LTD.,KOKORO RAMEN ,,,65 8182 2015,,,,kokororamen55@gmail.com,,,LIVE COMPANY
1000,201628428D,TASH TISH TOSH (S) PTE. LTD.,TASH TISH TOSH ,,,65 8714 8677,,,,tashtishtosh.ttt@gmail.com,,,LIVE COMPANY
1001,201803454G,W AVENUE PRIVATE LIMITED,AVENUE ,,,65 6336 1918,,,,avenuesgpub@gmail.com,,,LIVE COMPANY
1002,201410297R,JAVIER ASIA PTE. LTD.,JAVIER'S ,,,65 6252 7371,,,,enquiries@astons.com.sg,,,LIVE COMPANY
1003,201538135N,JUST DOUGH PTE. LTD.,JUST DOUGH ,,,65 6341 9619,,,,justdough1169@gmail.com,,,LIVE COMPANY
1004,201543206W,ALCHEMIST BEER LAB PTE. LTD.,ALCHEMIST BEER LAB ,,,65 9682 8665,,,,info@libc.co,,,LIVE COMPANY
1005,201600041G,TAI CHEONG BAKERY PTE. LTD.,TAI CHEONG BAKERY ,,,65 8223 1954,,,,,,,LIVE COMPANY
1006,53454290E,SEASONS@SG,THE SEASONS ,,,65 6463 6568,,,,theseasonsmusic.qc@gmail.com,,,LIVE
1007,202003912D,AP PELICAN PTE. LTD.,THE PELICAN ,,,65 6438 0400,,,,enquiry@thepelican.com.sg, enquiry@thepelican.com.sg,,LIVE COMPANY
1008,53073991K,BARNACLES BY THE SEA,BARNACLES ,,,65 6532 1011,,,,admin@barnacles.sg,,,LIVE
1009,201914061G,DJ BAKERY GROUP PTE. LTD.,DJ BAKERY ,,,65 6555 6760,,,,enquiry@djbakery.com.sg,,,LIVE COMPANY
1010,201405433H,FULL PINT MICROBREWERY PTE. LTD.,FULL PINT MICROBREWERY ,,,65 6342 0203,65 8858 6000,,,enquiry@fullpintmicrobrewery.com.sg, johnny@fullpintmicrobrewery.com.sg, johnny@solarone.com.sg,LIVE COMPANY
1011,200511093W,KEE TIN KOPI ROTI PTE. LTD.,KEE TIN KOPI ROTI ,,,65 6786 6341,,,,kopiroticafe@gmail.com,,,LIVE COMPANY
1012,200908390Z,SAMURAI PTE. LTD.,MR SAMURAI ,,,65 6635 2599,,,,mr.samurai@outlook.com,,,LIVE COMPANY
1013,201529953M,QI YU ROASTED DELIGHTS PTE. LTD.,QI YU ROASTED DELIGHTS ,,,65 6785 9168,,,,,,,LIVE COMPANY
1014,201301853D,MASHUP SINGAPORE PTE. LTD.,MASHUP ,,,65 8611 1060,,,,mashupsg@gmail.com,,,LIVE COMPANY
1015,201301587C,SUSHI ZANMAI PTE. LTD.,SUSHI ZANMAI ,,,65 6636 0935,,,,feedback@supersushi.com.my,,,LIVE COMPANY
1016,202031020E,5 MASONS PTE. LTD.,MASONS ,,,65 6694 2216,,,,info@masons.sg,,,LIVE COMPANY
1017,202444596N,CREAMIER PG PTE. LTD.,CREAMIER ,,,65 6262 1037,,,,info@creamier.com.sg,,,LIVE COMPANY
1018,T25LL0387A,RICE BING BING LLP,BING BING ,,,65 6348 6535,,,,commercial@icecreamgallery.com,,,LIVE
1019,201136248G,B4R! PTE. LTD.,B4R! ,,,65 6348 8275,,,,manager@b4rpl.com,,,LIVE COMPANY
1020,198301539N,MADRAS NEW WOODLANDS RESTAURANT PTE. LTD.,MADRAS NEW WOODLANDS ,,,65 6297 1594,,,,rohitwoodland@hotmail.com,,,LIVE COMPANY
1021,201625272D,ONE CHIMICHANGA PTE. LTD.,CHIMICHANGA ,,,65 6293 3314,,,,chimi@chimichanga.sg, hola@chimichanga.sg,,LIVE COMPANY
1022,202001037Z,THE MALAYAN COUNCIL PTE. LTD.,THE MALAYAN COUNCIL ,,,65 9002 4414,,,,themalayancouncil.sg@gmail.com,,,LIVE COMPANY
1023,52990142X,S-BOX AND PUB,S-BOX & PUB ,,,65 6344 3028,,,,,,,LIVE
1024,T10LL0737L,GOBI (S) DESSERTS LLP,GOBI DESSERTS ,,,65 6345 2127,,,,info@gobi.com.sg,,,LIVE
1025,T16LP0116J,LAP VIETNAMESE RESTAURANT LP,LAP VIETNAMESE RESTAURANT ,,,65 9743 7700,,,,wolter@singnet.com.sg,,,LIVE
1026,200204349D,THUNDER TEA RICE PTE. LTD.,THUNDER TEA RICE ,,,65 6342 0223,,,,thundertearice@gmail.com,,,LIVE COMPANY
1027,53264592L,SAIGON SANDWICH,SANDWICH SAIGON CAFE ,,,65 6345 3849,,,,sandwichsg@gmail.com,,,LIVE
1028,199700809D,ISLAND CREAMERY PTE. LTD.,ISLAND CREAMERY ,,,65 6468 8859,,,,stanley@islandcreamery.com,,,LIVE COMPANY
1029,201433095K,STREETS OF LONDON HOLDINGS PTE. LTD.,STREETS OF LONDON ,,,65 9754 7716,,,,lamveeping2006@gmail.com,,,LIVE COMPANY
1030,201200692N,JAI SIAM PTE. LTD.,JAI SIAM ,,,65 6346 4940,,,,suwarat@jai-thai.com,,,LIVE COMPANY
1031,201330222E,BREAD & HEARTH PTE. LTD.,BREAD N HEARTH CAFE ,,,65 6534 7800,,,,,,,LIVE COMPANY
1032,201607584W,2SIX PTE. LTD.,2SIX ,,,65 6247 7548,,,,enquiry@2six.com.sg,,,LIVE COMPANY
1033,201609071M,REBEL CHEFS PTE. LTD.,REBEL CHEFS ,,,65 6344 4978,65 9823 8882,,,rebelchefs@singnet.com.sg, rebelchefs88@gmail.com,,LIVE COMPANY
1034,200900030H,BEACH ROAD PRAWN MEE PTE. LTD.,BEACH ROAD PRAWN MEE ,,,65 6345 7196,,,,,,,LIVE COMPANY
1035,53030868A,2004 NOVENA PERANAKAN CUISINE,NOVENA PERANAKAN CUISINE ,,,65 6256 1430,,,,5951jtan@gmail.com,,,LIVE
1036,200613324Z,AH CHEW DESSERTS PTE. LTD.,AH CHEW DESSERTS ,,,65 6254 8198,,,,,,,LIVE COMPANY
1037,201009991G,HOOHA CAFE PTE. LTD.,HOOHA CAFE ,,,65 9451 4545,,,,victor@hoohacafe.com,,,LIVE COMPANY
1038,201709474G,MOC QUAN PTE. LTD.,MOC QUAN ,,,65 6736 0123,,,,jeffkohholdings@gmail.com,,,LIVE COMPANY
1039,201625647W,MATA THAI F&B PTE. LTD.,MATA THAI ,,,65 6899 9555,65 9111 9239,,,eaturiano@honghuaholdings.com.sg, lamcheemun@gmail.com,,LIVE COMPANY
1040,201626297Z,NUMAZU UOGASHIZUSHI SINGAPORE PTE. LTD.,NUMAZU UOGASHIZUSHI ,,,65 9118 4110,,,,d.kutsuma@uogashizushi.co.jp,,,LIVE COMPANY
1041,201413875E,SALMON SAMURAI PTE. LTD.,SALMON SAMURAI ,,,65 6543 6823,,,,eat@salmonsamurai.com,,,LIVE COMPANY
1042,200603317C,DA CHANG JIN KOREAN HOT STONE BBQ PTE. LTD.,DA CHANG JIN KOREAN HOT STONE ,,,65 6747 6406,,,,,,,LIVE COMPANY
1043,201903984C,SHINZO AUTO PTE. LTD.,SHINZO ,,,65 6438 2921,,,,shinzo@singnet.com.sg,,,LIVE COMPANY
1044,53104786E,QUAICH BAR,CJ'S BAR AT QUAICH ,,,65 6686 3313,,,,william.g@strumms.com,,,LIVE
1045,201919473C,TANGERINE & CO PTE. LTD.,TANGERINE ,,,65 6577 6688,,,,tangerinekl@gmail.com,,,LIVE COMPANY
1046,201016608N,A-POH KITCHEN PTE. LTD.,A-POH KITCHEN ,,,65 6774 5534,,,,,,,LIVE COMPANY
1047,200807710R,GUAN CHEE KITCHEN PTE. LTD.,GUAN KITCHEN ,,,65 6333 6003,,,,,,,LIVE COMPANY
1048,200412515D,HONG KONG CAFE PTE. LTD.,CAFE DE HONG KONG ,,,65 6255 3865,,,,cafedehongkong@gmail.com,,,LIVE COMPANY
1049,202321895W,HOMETOWN CUISINE PTE. LTD.,HOMETOWN CUISINE ,,,65 9696 0929,,,,,,,LIVE COMPANY
1050,202232312C,ENCHANTED LAND PTE. LTD.,ENCHANTED ,,,65 8813 1086,,,,enchantedcafesg@gmail.com,,,LIVE COMPANY
1051,53436141B,SHABU EN,SHABU-SHABU GEN ,,,65 6836 5155,,,,,,,LIVE
1052,202443710Z,THE POWDER ROOM PTE. LTD.,THE POWDER ROOM ,,,65 6438 3757,,,,,,,LIVE COMPANY
1053,201734638C,MATSUYA GROUP PRIVATE LIMITED,MATSUYA ,,,61 394826088,65 6250 6200,,,ask@matsuya.com.sg,,,LIVE COMPANY
1054,201702926D,DRURY LANE PTE. LTD.,DRURY LANE ,,,65 8866 9177,,,,hello@drurylane.sg,,,LIVE COMPANY
1055,53501539M,YONG KEE BAK KUT TEH,YONG BAK KUT TEH ,,,65 6532 2231,,,,,,,LIVE
1056,53150788B,BBQ.SG,BBQ O ,,,65 6222 0840,,,,,,,LIVE
1057,201413607H,LEGENDARY HONG KONG PTE. LTD.,LEGENDARY HONG KONG ,,,65 6794 1335,,,,bealsonsim@leekimtah.com,,,LIVE COMPANY
1058,201202492W,JACOB'S CAFE PTE. LTD.,JACOB'S CAFE ,,,65 6543 1106,,,,yeochorhee@jacobscafe.sg,,,LIVE COMPANY
1059,202337104G,MEAT N' CHILL PRIVATE LIMITED,MEAT N' CHILL (ST) ,,,65 8812 4455,,,,meatnchill@gmail.com,,,LIVE COMPANY
1060,200802387C,ARIRANG KOREAN RESTAURANT PTE. LTD.,ARIRANG KOREAN RESTAURANT ,,,65 6333 0025,,,,arirangkoreanrestaurant@yahoo.com,,,LIVE COMPANY
1061,201833682G,SOI THAI PTE. LTD.,SOI THAI SOI NICE ,,,65 6250 4863,,,,clementchang92@gmail.com,,,LIVE COMPANY
1062,202305368H,BACCARAT VENTURES PTE. LTD.,BACCARAT ,,,65 8479 5774,,,,kelvin@baccarat-bar.com,,,LIVE COMPANY
1063,202334037N,LAN TING F&B PTE. LTD.,LAN TING ,,,65 6444 0888,,,,,,,LIVE COMPANY
1064,53492408E,RM BAZAAR,THE BAZAAR ,,,65 6344 0710,,,,enquiries@onaroll.com.sg,,,LIVE
1065,201619636C,SIN HOE HUAT CAFE PTE. LTD.,SIN HOE HUAT CAFE ,,,65 6291 8011,,,,sinhoehuat1888@gmail.com,,,LIVE COMPANY
1066,201717750G,YI PIN TANG PTE. LTD.,YI PIN TANG ,,,65 6635 2218,,,,,,,LIVE COMPANY
1067,201106088N,YAM'S KITCHEN PTE. LTD.,YAM'S KITCHEN ,,,65 6584 5884,,,,yamkitchen@hotmail.com,,,LIVE COMPANY
1068,201119548D,FOOD CANOPY PTE. LTD.,FOOD CANOPY PTE LTD ,,,65 6334 3303,,,,kenneth_yong@foodcanopy.com.sg, tyngwoei_teu@foodcanopy.com.sg,,LIVE COMPANY
1069,202317748M,THAI ME UP PTE. LTD.,THAI'D ME UP ,,,65 6235 5110,,,,renz@coqnballs.com,,,LIVE COMPANY
1070,200605393M,BLVD PTE. LTD.,BLVD ,,,,65 9489 8642,65 6443 0561,,cat@blvd.sg, info@blvd.sg,,LIVE COMPANY
1071,201223630C,RABBIT CARROT GUN PTE. LTD.,RABBIT CARROT GUN ,,,65 6348 8568,,,,info@rabbit-carrot-gun.com,,,LIVE COMPANY
1072,201527911G,GENESIS VEGAN RESTAURANT PTE. LTD.,GENESIS VEGAN RESTAURANT,,,65 6438 7118,,,,genesisvegan@gmail.com,,,LIVE COMPANY
1073,201102309C,CHEF'S KITCHEN PTE. LTD.,CHEF WAN'S KITCHEN,,,65 8423 2340,,,,sean@chefwanskitchen.com,,,LIVE COMPANY
1074,201614296W,SOUPERSTAR SINGAPORE PTE. LTD.,SOUPERSTAR  ,,,65 9753 0044,,,,info@souperstar.com.sg,,,LIVE COMPANY
1075,201526138R,TOCHA BISTRO PTE. LTD.,TOCHA BISTRO ,,,65 9847 8158,,,,contactus@tochabistrosg.com,,,LIVE COMPANY
1076,200900653N,THE NEW HARBOUR CAFE & BAR PTE. LTD.,THE NEW HARBOUR CAFE & BAR ,,,65 9684 4649,,,,francischee@newharbour.com.sg,,,LIVE COMPANY
1077,201214529K,HIDDEN DOOR CONCEPTS PRIVATE LIMITED,HIDDEN DOOR CONCEPT ,,,65 8228 2693,,,,,,,LIVE COMPANY
1078,201818812M,KINNARI THAI CUISINE PTE. LTD.,KINNARI THAI CUISINE PTE LTD,,,65 9623 6722,,,,tt.chia@yahoo.com,,,LIVE COMPANY
1079,201222516K,PLUM AND TORO PTE. LTD.,PLUM & TORO ,,,65 9776 8255,,,,,,,LIVE COMPANY
1080,202314155R,88 HONGKONG CAFE PTE. LTD.,HONGKONG CAFE ,,,65 9324 3330,,,,,,,LIVE COMPANY
1081,201733803C,YAMATO IZAKAYA (PTE. LTD.),YAMATO IZAKAYA ,,,65 8126 2393,65 6287 1955,,,admin@yamatoizakaya.com.sg,,,LIVE COMPANY
1082,53425302D,YAKINIKU-GO,YEN YAKINIKU ,,,65 6221 6380,,,,sendtohere1128@gmail.com, yen_reservation@theyengroup.com.sg,,LIVE
1083,200819575H,INDIAN CURRY HOUSE PTE. LTD.,INDIAN CURRY HOUSE ,,,65 6643 6289,,,,ichsng3@gmail.com,,,LIVE COMPANY
1084,201634462C,FOOT FOR THOUGHT PTE. LTD.,FOOD FOR THOUGHT ,,,65 6338 4848,65 6338 9887,,,collin@foodforthought.com.sg, community@foodforthought.com.sg,,LIVE COMPANY
1085,201315935W,MIAM MIAM SINGAPORE PTE. LTD.,MIAM MIAM ,,,65 8742 5182,,,,junjie@mianmian.com.sg,,,LIVE COMPANY
1086,202118258C,ETHAN.AI PRIVATE LIMITED,ETHAN ,,,65 8118 9313,,,,,,,LIVE COMPANY
1087,200709988K,SAN LAKSA STEAMBOAT PTE. LTD.,SAN LAKSA STEAMBOAT (COPY),,,65 9730 3151,,,,tonylow@sanlaksa.com.sg,,,LIVE COMPANY
1088,198502008R,MEI (S) PTE LTD,MEI ,,,65 9818 7169,,,,,,,LIVE COMPANY
1089,201812467N,GOMALICIOUS PTE. LTD.,GOMALICIOUS ,,,65 8385 1034,,,,,,,LIVE COMPANY
1090,201729627C,MUYOO PTE. LTD.,MUYOO ,,,65 9834 6543,,,,stanley@muyoo.com.sg,,,LIVE COMPANY
1091,202124906K,HOOKED PTE. LTD.,HOOKED,,,65 8322 2267,,,,,,,LIVE COMPANY
1092,201805887H,EMPRESS PORRIDGE PTE. LTD.,EMPRESS PORRIDGE ,,,65 9137 4213,,,,bennettgoh@gmail.com,,,LIVE COMPANY
1093,201001425W,DEEP BLUE CONCEPTS PTE. LTD.,DEEP BLUE CONCEPT ,,,65 6570 1813,,,,fei@d2b.com.sg,,,LIVE COMPANY
1094,201212740N,HOKKAIDO SUSHI PTE. LTD.,HOKKAIDO SUSHI ,,,65 8220 1330,,,,,,,LIVE COMPANY
1095,201215603K,THE GOOD CAFE PRIVATE LIMITED,D GOOD CAFE ,,,65 8571 9304,,,,gary@dgoodcafe.com, whatsbrewing@dgoodcafe.com,,LIVE COMPANY
1096,199905842G,COMPASS GROUP (SINGAPORE) PTE. LTD.,COMPASS GROUP,,,65 9129 4930,,,,jingjinglee@google.com,,,LIVE COMPANY
1097,201610395R,KYOAJI DINING PTE. LTD.,KYOAJI DINING ,,,65 9010 0351,65 6694 3058,,,,,,LIVE COMPANY
1098,201022766R,XIE LAO SONG PTE. LTD.,XIE LAO SONG ,,,65 9777 1026,,,,,,,LIVE COMPANY
1099,202210045Z,MELLOW F&B PTE. LTD.,MELLOW ,,,65 8808 8193,,,,,,,LIVE COMPANY
1100,201503138K,ATTAP HOUSE PTE. LTD.,ATTAP HOUSE ,,,65 9052 2669,,,,,,,LIVE COMPANY
1101,201709664D,SKYLINE CATERING PTE. LTD.,SKYLINE CATERING PTE LTD ,,,65 9116 7058,,,,isyan@tanyusg.com,,,LIVE COMPANY
1102,201923844M,LOWERCASE LABS PTE. LTD.,LOWERCASE ,,,65 6337 5581,,,,,,,LIVE COMPANY
1103,202444101G,NGON NGON PTE. LTD.,NGON ,,,65 6536 6466,,,,,,,LIVE COMPANY
1104,53453554B,ROLLIE,ROLLIE OLLIE ,,,65 9270 5497,,,,,,,LIVE
1105,201833593R,WONDER JUICE PTE. LTD.,WONDER JUICE ,,,65 8186 3059,,,,,,,LIVE COMPANY
1106,53468798M,NARRATIVE COFFEE,NARRATIVE COFFEE STAND ,,,65 9180 2937,,,,,,,LIVE
1107,53490729J,MOMENT TO MOMENT,THE MOMENT SINGAPORE ,,,65 9789 7633,,,,hello@themomentsingapore.com,,,LIVE
1108,201830438K,KILO KITCHEN PTE. LTD.,KILO KITCHEN,,,65 8775 6575,,,,cassandra@kilokitchen.com,,,LIVE COMPANY
1109,201940728D,LIMAA PTE. LTD.,LIMAA ,,,65 8620 2041,,,,,,,LIVE COMPANY
1110,201800653R,COMMON HEROES PTE. LTD.,COMMON HEROES ,,,65 9836 1726,,,,,,,LIVE COMPANY
1111,53040307B,EUNOS (MRT) BAK KOOT TEH,EUNOS BAK KOOT TEH ,,,65 9109 2978,,,,wheesiangtan@gmail.com,,,LIVE
1112,202336599W,MEATY WESTERN PTE. LTD.,MEATY WESTERN ,,,65 9380 7764,,,,andywph@gmail.com,,,LIVE COMPANY
1113,201015367Z,TIMS RESTAURANT & CAFE PTE. LTD.,TIMS RESTAURANT ,,,65 9023 2740,,,,feizaithomas@gmail.com,,,LIVE COMPANY
1114,201736347M,SOI AROY PTE. LTD.,SOI AROY ,,,65 9855 8883,,,,enquiry@soiaroy.com,,,LIVE COMPANY
1115,202543083D,PAPA AYAM SINGAPORE PTE. LTD.,PAPA AYAM ,,,65 8698 3921,,,,papaayamsg@gmail.com,,,LIVE COMPANY
1116,53378521M,JITLADA THAI FOOD,JITLADA THAI ,,,65 8183 6685,,,,Jitladathai@yahoo.com,,,LIVE
1117,53472400X,YOLO. B,YOLO ,,,65 8161 4382,65 9129 2018,,,ilmi@yolofood.com.sg,,,LIVE
1118,53455442C,SUKHUMVIT 88,SUKHUMVIT 100 ,,,65 8133 7086,,,,,,,LIVE
1119,202232406G,PEPPERCORN SG PTE. LTD.,PEPPERCORN ,,,65 9862 2559,,,,peppercorn30@gmail.com,,,LIVE COMPANY
1120,53430846E,PAPA J KITCHEN,PAPA KITCHEN ,,,65 9723 2734,,,,papas.bencoolen@gmail.com,,,LIVE
1121,201215791W,THIEN LONG VIETNAMESE RESTAURANT PRIVATE LIMITED,THIEN LONG VIETNAMESE ,,,65 9689 8689,,,,chodilaseconmai@gmail.com,,,LIVE COMPANY
1122,201836778D,LEGACY SEAFOOD PTE. LTD.,LEGACY SEAFOOD ,,,65 9456 7860,,,,,,,LIVE COMPANY
1123,200810629R,THE ROYALS CAFE PTE. LTD.,THE ROYALS CAFE PTE LTD ,,,65 9092 5013,,,,jas@royalcakes.com,,,LIVE COMPANY
1124,201811526K,DELIBOWL PTE. LTD.,DELIBOWL ,,,65 8401 5067,,,,,,,LIVE COMPANY
1125,201842987G,SHAKE SHAKE PTE. LTD.,SHAKE SHAKE IN A TUB ,,,65 9274 5262,,,,kianyong@chocolate-origin.com,,,LIVE COMPANY
1126,201909227N,MADLY GOOD PTE. LTD.,MADLY GOOD CAFE ,,,65 9144 7470,,,,info@madlygood.com,,,LIVE COMPANY
1127,202018265W,APSN LTD.,APSN ,,,65 8226 4616,,,,,,,LIVE COMPANY
1128,201525868Z,TAKAGI RAMEN PTE. LTD.,TAKAGI RAMEN ,,,65 9170 7870,,,,feedback@takagiramen.com,,,LIVE COMPANY
1129,T19LL0462H,KOFUKU F&B LLP,KOFUKU ,,,65 9731 8888,,,,kofuku2019@gmail.com,,,LIVE
1130,199003338C,SWEE CHOON TIM SUM RESTAURANT PTE LTD,SWEE CHOON DIM SUM RESTAURANT ,,,65 9179 3971,,,,ernest@sweechoon.com,,,LIVE COMPANY
1131,202200473R,LA TAVOLA PTE. LTD.,MIA TAVOLA,,,65 9635 8770,,,,info@mia-tavola.com,,,LIVE COMPANY
1132,T10LL0649F,BRUNO'S PIZZERIA&GRILL LLP,BRUNO'S PIZZERIA AND GRILL,,,65 6440 4525,,,,bruno_spizzgrill@yahoo.com,,,LIVE
1133,201905244C,PATTUKOTTAI CUISINE PTE. LTD.,PATTUKOTTAI CUISINE,,,65 6970 9429,,,,info@pattukottaicuisine.com,,,LIVE COMPANY
1134,201800531N,THE PLATTERING CO PTE. LTD.,THE PLATTERING CO,,,65 9070 4834,,,,hello@theplatteringco.com​,,,LIVE COMPANY
1135,53496436B,THE FRESHLY BAKED BAKERY,FRESHLY BAKED ,,,65 6735 3298,,,,audrey@freshlybaked.com.sg,,,LIVE
1136,T12LL0905G,NANA THAI WOK RESTAURANT LLP,THAI WOK RESTAURANT ,,,65 8125 3666,,,,feedback@gingerthai.com.sg, feedback@gingerthai.com.sg,,LIVE
1137,53489237W,JIA JIA NOODLE HOUSE,WAN JIA NOODLE HOUSE ,,,65 6265 9273,,,,wanjiafishballnoodle@gmail.com,,,LIVE
1138,201825382W,BAMAS KITCHEN PTE. LTD.,BAMAS KITCHEN ,,,65 6493 0399,,,,bamaskitchen@mail.com,,,LIVE COMPANY
1139,201129153C,FILL-A-PITA PTE. LTD.,FILL A PITA ,,,65 9835 1446,,,,contact@fillapita.co,,,LIVE COMPANY
1140,201200863R,D.O.P. MOZZARELLA BAR PTE. LTD.,MOZZARELLA & CO ,,,65 6513 8010,,,,info@themast.com.sg,,,LIVE COMPANY
1141,200904034W,IPPUDO SINGAPORE PTE. LTD.,IPPUDO SG ,,,65 9699 9632,65 6235 2547,,,stella@ippudo.com.sg, enquiries@ippudo.com.sg,,LIVE COMPANY
1142,201930971C,MAKAN CHAPTER PTE. LTD.,MAKAN CHAPTER ,,,65 9686 5290,,,,sales@makanchapter.com,,,LIVE COMPANY
1143,202214156D,V WAWA PTE. LTD.,WAWA SG ,,,65 6391 0560,,,,wawaseafood@hotmail.com,,,LIVE COMPANY
1144,201301178C,DIM SUM PTE. LTD.,SUM DIM SUM ,,,65 9005 9381,,,,sumdimsum.sg@gmail.com,,,LIVE COMPANY
1145,53382555E,SARAWAK DELICACY LAKSA & KOLO MEE,SARAWAK DELICACY LAKSA AND KOLO MEE ,,,65 9069 1105,,,,agnes90691105@yahoo.com,,,LIVE
1146,201633067C,THE DEMPSEY COOKHOUSE & BAR PTE. LTD.,THE DEMPSEY COOKHOUSE AND BAR ,,,86 18003045588,,,,thedempseyres@comodempsey.sg,,,LIVE COMPANY
1147,201303859C,SHABESTAN PTE. LTD.,SHABESTAN ,,,65 6836 1270,,,,info@shabestan.sg,,,LIVE COMPANY
1148,201821832C,PITA TREE PTE. LTD.,PITA TREE ,,,65 6734 9262,,,,hello@pitatree.com,,,LIVE COMPANY
1149,201830803R,WHISKIT BAKERY AND CAFE PRIVATE LIMITED,WHISKIT BAKERY & CAFE ,,,65 9366 6136,,,,hello@whiskit.co,,,LIVE COMPANY
1150,202038646W,LOCABA ASIA PTE. LTD.,LOCABA SINGAPORE ,,,65 9793 6557,,,,contact@locaba.sg,,,LIVE COMPANY
1151,202208006M,GOODNESS PTE. LTD.,OH MY GOODNESS ,,,65 9162 2633,,,,eatgood@ohmygoodness.co, nadia@ohmygoodness.co,,LIVE COMPANY
1152,199206671R,STRAITS CHINESE NONYA RESTAURANT PTE. LTD.,STRAITS CHINESE NONYA RESTAURANT ,,,48 633933683,,,,shumsw@dragonphoenix.com.sg, kevin@straitschinese.com,,LIVE COMPANY
1153,202007694H,87 JUST THAI PTE. LTD.,87 JUST THAI ,,, 6473396,,,,giovan26@yahoo.com,,,LIVE COMPANY
1154,200307933E,BRINDA'S PTE. LTD.,BRINDA'S ,,,65 6274 6327,,,,info@brindas.com.sg,,,LIVE COMPANY
1155,201629966C,FU LIN TOU FU YUEN PTE. LTD.,FU-LIN-TOU-FU-YUEN ,,,65 6446 2363,,,,jemmeteo@gmail.com,,,LIVE COMPANY
1156,201310247H,FLEUR DE SEL LE RESTAURANT PTE. LTD.,FLEUR DE SEL LE RESTAURANT ,,,65 6222 6861,,,,reservations@fleurdesel.com.sg,,,LIVE COMPANY
1157,201405474K,V RESTAURANT PTE. LTD.,1-V:U – RESTAURANT ,,,65 6513 7708,,,,rsvp@1-vu.sg,,,LIVE COMPANY
1158,201129708Z,BONCHON SINGAPORE PTE. LTD.,BONCHON ,,,65 6612 2131,,,,feedback@bonchon.sg, feedback@bonchon.sg,,LIVE COMPANY
1159,202400036G,CHICO LOCO PTE. LTD.,CHICO LOCO ,,,65 9738 7828,,,,hola@chico-loco.com,,,LIVE COMPANY
1160,201215667K,COQ & BALLS PTE. LTD.,COQ & BALLS BAR ,,,65 6276 6609,,,,coq@coqnballs.com, hello@coqnballs.com,,LIVE COMPANY
1161,202210507D,CRANKY CATS HOLDINGS PTE. LTD.,CRANKY CATS ,,,65 9006 0321,,,,crankycatssg@gmail.com,,,LIVE COMPANY
1162,53491562X,A&L CULINARY,CULINARY ON ,,,31 634499,65 3163 4499,,,welcome@culinaryon.sg, welcome@culinaryon.sg,,LIVE
1163,201729473M,CARROTSTICKS AND CRAVINGS PTE. LTD.,CARROTSTICKS & CRAVINGS ,,,65 8356 3331,,,,info@carrotsticksandcravings.com,,,LIVE COMPANY
1164,07015500C,TEOCHEW RESTAURANT,DI WEI TEOCHEW RESTAURANT ,,,65 6262 5946,,,,reservations@diwei.com.sg,,,LIVE
1165,201801558M,GRIDS & CIRCLES PTE. LTD.,GRIDS & CIRCLES ,,,65 6935 3546,,,,hello@gridscircles.com,,,LIVE COMPANY
1166,201732012K,KINOU PTE. LTD.,KINOU BAR ,,,65 6224 0463,,,,reservations@kinourestaurant.com,,,LIVE COMPANY
1167,202531850W,LEOPOLD PTE. LTD.,LEOPOLD BAR ,,,65 6534 7644,,,,gastrobar@leopold.sg,,,LIVE COMPANY
1168,202039193M,RENGA PTE. LTD.,RENGA-YA ,,,65 6352 1966,,,,renga-ya@superdining.com.sg,,,LIVE COMPANY
1169,200809810D,E-DINING PTE. LTD.,V DINING ,,,65 6950 4868,,,,enquiries@v-dining.com,,,LIVE COMPANY
1170,201909107N,IZY FOOK PTE. LTD.,IZY FOOK ,,,65 9678 0027,,,,27@izy.com.sg,,,LIVE COMPANY
1171,201727120Z,BAAN YING PTE. LTD.,BAAN YING SINGAPORE ,,,65 9111 7852,,,,sawasdee@baanying.sg,,,LIVE COMPANY
1172,201600847H,XIAO YU CUN SEAFOOD RESTAURANT PTE. LTD.,XIAO YU CUN SEAFOOD RESTAURANT ,,,65 6282 2500,,,,xiaoyucunsfr@gmail.com,,,LIVE COMPANY
1173,201907114C,WOK PALACE PTE. LTD.,WOK PALACE SG ,,,65 6909 9856,,,,contact@wokmaster.com.sg,,,LIVE COMPANY
1174,201931510M,YASSIN KAMPUNG PTE. LTD.,YASSIN KAMPUNG SG ,,,65 6717 1717,,,,hello@yassin.com.sg,,,LIVE COMPANY
1175,201737195C,PAPI'S TACOS PTE. LTD.,PAPI TACOS SG ,,,65 6258 0701,,,,hola@papis-tacos.com,,,LIVE COMPANY
1176,197701785M,THE SHIP RESTAURANT & BAR PTE. LTD.,THE SHIP RESTAURANT & BAR SG ,,,65 6884 7337,,,,enquiry@theship.com.sg,,,LIVE COMPANY
1177,201133942N,THE BOTANIC RESTAURANT PTE. LTD.,BOTANIC RESTAURANT SG ,,,65 6837 0995,,,,info@thebotanic.com.sg,,,LIVE COMPANY
1178,202238362D,BENI PTE. LTD.,BÉNI SINGAPORE ,,,65 9159 3177,,,,enquiry@beni-sg.com,,,LIVE COMPANY
1179,201917107Z,CATFISH PTE. LTD.,CATFISH SG ,,,65 6226 1395,,,,reserve@catfish.sg,,,LIVE COMPANY
1180,201901703G,LAO HERO KITCHEN PTE. LTD.,LAO HERO KITCHEN SG ,,,65 6483 0325,,,,laoherokitchen@yahoo.com,,,LIVE COMPANY
1181,07015500C,TEOCHEW RESTAURANT,LIANG KEE TEOCHEW RESTAURANT SG ,,,65 6278 7026,,,,hello@liangkeerestaurant.com,,,LIVE
1182,201720171Z,ESORA PTE. LTD.,ESORA SG ,,,65 6365 1266,,,,enquiry@restaurant-esora.com,,,LIVE COMPANY
1183,201500628C,THEVAR PTE. LTD.,THEVAR SG ,,, 6904083,,,,reservations@thevar.sg,,,LIVE COMPANY
1184,201729770D,THE SOCIAL SPACE PTE. LTD.,THE SOCIAL SPACE SG ,,,65 9068 7394,,,,hello@thesocialspace.co,,,LIVE COMPANY
1185,202301922N,SUMO-YA PTE. LTD.,SUMO-YA SG ,,,65 8339 3132,,,,sumoya.japcuisine@gmail.com,,,LIVE COMPANY
1186,202429897N,EARLYBIRD AI PRIVATE LIMITED,EARLYBIRD SG ,,,65 9788 6856,,,,earlybirdcafesg@gmail.com,,,LIVE COMPANY
1187,202125181W,AN LA GHIEN PTE. LTD.,ĂN LÀ GHIỀN SG ,,,65 6951 0293,,,,enquiries@anlaghien.sg,,,LIVE COMPANY
1188,53380536L,SINARAN CHICKEN RICE,SINARAN SEAFOOD & CHICKEN RICE SG ,,,65 9749 1376,,,,rickysoh25@gmail.com,,,LIVE
1189,201822199H,BEST FOOD CATERER PTE. LTD.,BEST FOOD CATERER SINGAPORE ,,,65 9137 7460,,,,sales@bestfoodcaterer.sg,,,LIVE COMPANY
1190,201800075R,HOUSE ON THE MOON PTE. LTD.,HOUSE ON THE MOON SG ,,,65 6235 0802,,,,taitoon.lim@houseonthemoon.com.sg,,,LIVE COMPANY
1191,201724165R,BODHI DELI PTE. LTD.,BODHI DELI SG ,,,65 8339 5400,,,,bodhideli@yahoo.com,,,LIVE COMPANY
1192,201505039Z,WANTON PTE. LTD.,WANTON FU SG ,,,65 8819 9089,,,,contactus@wantonfu.com,,,LIVE COMPANY
1193,53408483D,BKK BISTRO & BAR,BKK BISTRO BAR / BISTRO V SG ,,,65 6757 3393,,,,eat@imperiumgroup.asia,,,LIVE
1194,53272584X,SHEN JI TEOCHEW FISHBALL NOODLE,17 TEOCHEW FISHBALL NOODLE SG ,,,65 9828 8688,,,,martinyeo89@gmail.com,,,LIVE
1195,202308829K,COLLIN PTE. LTD.,COLLIN’S SG ,,,65 9695 5953,,,,michelle.chen@collins.sg,,,LIVE COMPANY
1196,202350174W,UNCLE PENYET PTE. LTD.,UNCLE PENYET SG ,,,65 9829 0241,,,,unclepenyet.fusion@gmail.com,,,LIVE COMPANY
1197,53264067E,M BAKERY,AM BAKERY SG ,,,65 6702 1163,,,,ambakerypl@gmail.com,,,LIVE
1198,201710188K,KUEH HO JIAK PTE. LTD.,KUEH HO JIAK SG ,,,65 8750 9271,,,,kuehhojiak.enquiries@gmail.com,,,LIVE COMPANY
1199,200414981Z,FORTUNE FOOD (S) PTE. LTD.,FORTUNE FOOD SG ,,,65 6243 2118,,,,info@fortunefood.sg,,,LIVE COMPANY
1200,200712551C,LOTUS THAI RESTAURANT (KPT) PTE. LTD.,LOTUS THAI RESTAURANT SG ,,,65 6386 7228,,,,lotusthai.ops@gmail.com,,,LIVE COMPANY
1201,196300046N,BLUESTAR BANANA LEAF RESTAURANT PTE. LTD.,BLUESTAR BANANA LEAF RESTAURANT SG ,,,65 8183 8401,,,,yasin.raza@gmail.com,,,LIVE COMPANY
1202,202444130N,THE UPPER ROOM SG PTE. LTD.,THE UPPER ROOM SG ,,,65 8102 2078,,,,zann@schoolofcoffee.com.sg,,,LIVE COMPANY
1203,201632014H,GROUNDSTORY PTE. LTD.,GROUNDSTORY CAFE SG ,,,65 8673 0927,,,,irwin.nakata@gmail.com,,,LIVE COMPANY
1204,53256994J,FA JI MINCED MEAT FISHBALL NOODLE,PIN JI FISHBALL MINCED MEAT NOODLES SG ,,,65 9787 7995,,,,michellekohwl@gmail.com,,,LIVE
1205,202436572Z,KENNY ROGERS ROASTERS PTE. LTD.,KENNY ROGERS ROASTERS SG ,,,65 8288 9119,,,,tiffany@laohuotang.com.sg,,,LIVE COMPANY
1206,201705069E,SUM KEE FOOD PTE. LTD.,SUM KEE FOOD SG ,,,65 8481 1444,,,,contact@sumkeefood.com,,,LIVE COMPANY
1207,202234173M,FIVE N 2 PTE. LTD.,FIVE &2 SG ,,,65 6282 8801,,,,feed@fiveand2.co,,,LIVE COMPANY
1208,201802484H,GODMAMA PTE. LTD.,GODMAMA SG ,,,65 8189 1398,,,,christina@godmama.sg,,,LIVE COMPANY
1209,T12LL0866J,NORTHPOINT CHICKEN RICE LLP,WEE NAM KEE CHICKEN RICE (NORTHPOINT) SG ,,,65 6481 4889,,,,jjdelicious.baoshi@gmail.com,,,LIVE
1210,202441462H,KAM'S ROAST HOLDING PTE. LTD.,KAM’S ROAST SG ,,,65 9695 8157,,,,jo@brand-cellar.com,,,LIVE COMPANY
1211,201502296D,HADOUKEN PTE. LTD.,HADOUKEN SINGAPORE ,,,65 9179 2051,,,,candice@tipc.com.sg,,,LIVE COMPANY
1212,201812755D,SMOOBAR PTE. LTD.,SMOOBAR SG ,,,65 9299 0817,,,,smoobar@gmail.com,,,LIVE COMPANY
1213,202324069R,HONG KEE (KLANG) BAK KUT TEH PTE. LTD.,KEE HIONG KLANG BAK KUT TEH SG ,,,65 6532 0380,,,,keehiongsg@gmail.com,,,LIVE COMPANY
1214,53396860K,PLACE TO PLACE SG,PLACE TO R.E.A.D SG ,,,65 6333 0689,,,,,,,LIVE
1215,201825912R,ODORU KUMA PTE. LTD.,ODORU KUMA SG ,,,65 9117 3200,65 6909 7909,,,,,,LIVE COMPANY
1216,201722995W,THE BETTERSHIP PTE. LTD.,THE BETTERSHIP SG ,,,65 9735 8901,,,,konnichiwa@thebettership.com,,,LIVE COMPANY
1217,201718423N,AMAZING SESAME PTE. LTD.,AMAZING SESAME SG ,,,65 6259 8186,,,,enquiry@amazingsesame.com,,,LIVE COMPANY
1218,53345658D,LIM'S HOLLAND VILLAGE,PARK @ HOLLAND VILLAGE SG ,,,65 9721 3815,,,,park@la-cantina.com.sg,,,LIVE
1219,53395280L,S Q TEA,Q TEA SG ,,,65 6753 1600,,,,,,,LIVE
1220,202218087D,RUK THAI MOOKATA PTE. LTD.,THAI RUK MOOKATA SG ,,,65 6816 7130,,,,sgnfood.simon@gmail.com,,,LIVE COMPANY
1221,201617724H,DUCK MASTER PTE. LTD.,DUCK MASTER SG ,,,65 9422 2876,,,,justin@duckmaster.com.sg,,,LIVE COMPANY
1222,202505094G,OLD HUP KEE PTE. LTD.,OLD HUP KEE SG ,,,65 8749 9756,,,,contact@oldchangkee.com,,,LIVE COMPANY
1223,53504612W,K BEANS,K.K.BEANS SG ,,,65 9455 4495,,,,kkbeans.enquiry@gmail.com,,,LIVE
1224,201837574G,MORNING GRIND PTE. LTD.,MORNING GRIND SG ,,,65 9660 3989,,,,morninggrind8@gmail.com,,,LIVE COMPANY
1225,201732085M,HANUMAN THAI CUISINE PTE. LTD.,HANUMAN THAI CUISINE SG ,,,65 9191 4680,,,,hanumanthaicuisine@gmail.com,,,LIVE COMPANY
1226,202516779M,RED GINGER PTE. LTD.,RED GINGER SG ,,,65 6567 3077,,,,info@redginger.com.sg,,,LIVE COMPANY
1227,200607398Z,MUFIZ RESTAURANT PTE. LTD.,MUFIZ RESTAURANT SG ,,,65 8265 7726,,,,,,,LIVE COMPANY
1228,201722882W,CHAR-GRILL BAR PTE. LTD.,CHAR GRILL BAR ,,,65 8321 2755,,,,enquiry@chargrillbar.com,,,LIVE COMPANY
1229,53411015X,F-FRY,I.FRY SG ,,,65 8688 0128,,,,ifry0128@gmail.com, ifry0128@gmail.com,,LIVE
1230,202210783K,HAMILTON T. PTE. LTD.,11 HAMILTON SG ,,,65 8812 5328,,,,hello@11hamilton.com,,,LIVE COMPANY
1231,53491242K,CREATURES OF CREATION,CREATURES SG ,,,65 6291 6996,,,,eat@creatures.com.sg,,,LIVE
1232,201510984R,URBAN ROTI PTE. LTD.,URBAN ROTI SG ,,,65 6209 5545,,,,admin@urbanroti.com.sg,,,LIVE COMPANY
1233,202332640E,JASMINE BLUE CAPITAL PTE. LTD.,BLUE JASMINE SG ,,,65 6824 8851,,,,hello@bluejasmine.com.sg,,,LIVE COMPANY
1234,201624812W,HOLYCRAB PTE. LTD.,HOLYCRAB SG ,,,65 8444 2722,65 9018 6565,,,questions@holycrab.sg, elton@holycrab.sg,,LIVE COMPANY
1235,202202325M,G IZAKAYA PTE. LTD.,Q-WA IZAKAYA SG ,,,65 8336 7728,,,,qwa02@hotmail.com,,,LIVE COMPANY
1236,53423888B,WAN'S KITCHEN,WAN BAR + KITCHEN SG ,,,65 9171 2179,,,,,,,LIVE
1237,201625988D,POKE DOKE PTE. LTD.,POKE DOKE SG ,,,65 9425 9882,,,,contact@pokedoke.sg,,,LIVE COMPANY
1238,201840894Z,PASTA SUPREMO PTE. LTD.,PASTA SUPREMO SG ,,,65 6909 8138,,,,,,,LIVE COMPANY
1239,201722364C,OMU PTE. LTD.,OMU SG ,,,65 9834 0079,,,,,,,LIVE COMPANY
1240,202108738K,PARALLEL X PTE. LTD.,PARALLEL SG ,,,65 9750 8997,,,,,,,LIVE COMPANY
1241,200702335M,HOT TOMATO PTE. LTD.,HOT TOMATO SG ,,,65 6341 9162,,,,contactus@hottomato.com.sg,,,LIVE COMPANY
1242,201707002E,THE TIPSY COW PTE. LTD.,THE TIPSY COW SG ,,,65 8406 4949,,,,,,,LIVE COMPANY
1243,201427345W,CAT & THE FIDDLE PTE. LTD.,CAT & THE FIDDLE SG ,,,65 9155 7284,,,,enquiries@catandthefiddle.com,,,LIVE COMPANY
1244,201408084N,THE DAILY CUT PTE. LTD.,THE DAILY CUT SG ,,,65 6904 9656,,,,info@thedailycut.sg,,,LIVE COMPANY
1245,200907484H,FOOD ON FIRE PTE. LTD.,FOOD ON FIRE SG ,,,65 9155 5998,,,,info@foodonfire.sg,,,LIVE COMPANY
1246,201815870W,THE3PEAS PTE. LTD.,THE3PEAS SG ,,,65 6219 4945,,,,general@the3peas.sg,,,LIVE COMPANY
1247,53448315A,STUDIO EPIPHYTE,EPIPHYTE SG ,,,65 6610 6271,,,,contact@epiphyte.sg,,,LIVE
1248,200102266E,PEPPERMINT PTE. LTD.,PEPPERMINT PARK SG ,,, 6423932,,,,tantric_bar@yahoo.com,,,LIVE COMPANY
1249,199405076N,CHICKY FUN PTE. LTD.,CHICKY FUN SG ,,,65 9642 8727,65 6346 0042,,,sales@chickyfun.com,,,LIVE COMPANY
1250,201804971H,BEST ZAIKA PTE. LTD.,BEST ZAIKA SG ,,,65 9615 8703,,,,,,,LIVE COMPANY
1251,53483376D,AH CHING CLAYPOT DELIGHTS,CLAYPOT DELIGHTS SG ,,,65 9639 3233,,,,MARKJEREMY.LOW@GMAIL.COM,,,LIVE
1252,201816602W,CHOK DEE THAI PTE. LTD.,CHOK DEE THAI FOOD SG ,,, 73338626,65 6636 4436,,,,,,LIVE COMPANY
1253,53488912C,FATTY BOM BOM GROUP,FATTY BOM BOM SG ,,,65 6909 9525,,,,,,,LIVE
1254,201831413G,FLYING WOK PTE. LTD.,FLYING WOK SG ,,,65 8776 1795,,,,,,,LIVE COMPANY
1255,200402563G,RITE PIZZA PTE. LTD.,RITE PIZZA SG ,,,65 6899 3838,,,,alistarenterprise.bedok@gmail.com,,,LIVE COMPANY
1256,201709082Z,TIME FOR THAI PTE. LTD.,TIME FOR THAI SG ,,,65 6909 9404,,,,timeforthaisg@gmail.com,,,LIVE COMPANY
1257,201916231K,SYED CAFE PTE. LTD.,SYED CAFE SG ,,,65 6242 4827,,,,,,,LIVE COMPANY
1258,T15LL1656F,GOOD TASTE F&B LLP,TASTE GOOD SG ,,,65 6336 6298,,,,,,,LIVE
1259,201010429D,ASLI VILLAGE PTE. LTD.,ASLI VILLAGE SG ,,,65 6282 5212,65 8307 5163,,,sales@asli.asia,,,LIVE COMPANY
1260,201634414Z,SEOUL YUMMY PTE. LTD.,SEOUL YUMMY SG ,,,65 6509 4045,65 8160 8111,,,feedback@seoulyummy.com,,,LIVE COMPANY
1261,201409670C,YONG PTE. LTD.,YONG LE SG ,,,65 6652 0900,65 9050 5427,,,yonglekitchen@hotmail.com,,,LIVE COMPANY
1262,201901504H,TL WONDERFUL JUICE PTE. LTD.,TL WONDERFUL JUICE SG ,,,65 9193 8988,65 6514 2710,,,,,,LIVE COMPANY
1263,202422055K,BUBBLE TEA PTE. LTD.,SG BUBBLE TEA ,,,65 8307 8915,65 9299 5930,,,drinksgbbt@gmail.com, joshua@koicafe.com,,LIVE COMPANY
1264,201907069E,HENG JI CHICKEN RICE PTE. LTD.,DE JI CHICKEN RICE SG ,,,65 6337 5477,,,,,,,LIVE COMPANY
1265,201407234D,FOUR SEASONS CHING TENG PTE. LTD.,FOUR SEASONS CHING TENG SG ,,,65 6383 3003,,,,sales@fourseasons.com.sg,,,LIVE COMPANY
1266,201911788C,SG JAPANESE FOOD PTE. LTD.,JJ FOOD JAPANESE SG ,,,65 6570 9171,,,,jjfoodexpress@gmail.com,,,LIVE COMPANY
1267,201109497D,SAYBONS PTE. LTD.,SAYBONS ,,,65 9151 3132,,,,enquiries@saybons.com,,,LIVE COMPANY
1268,202300082D,MONZEN@DF PTE. LTD.,MONZEN SG ,,,65 9119 0700,,,,monzengardens@gmail.com,,,LIVE COMPANY
1269,200614447H,MR MALABAR CAFE PTE. LTD.,MR MALABAR CAFE SG ,,,65 9455 4917,,,,,,,LIVE COMPANY
1270,201828891C,GU THAI HOUSE PTE. LTD.,GU THAI HOUSE SG ,,,65 6514 2710,,,,,,,LIVE COMPANY
1271,202444706H,NAKHON E-SAN PTE. LTD.,NAKHON SG ,,,65 6913 5981,,,,aseethimangsiriwan@gmail.com,,,LIVE COMPANY
1272,202323987N,CHOMP CHOMP FOOD PTE. LTD.,CHOMP SG ,,,65 9369 0322,,,,peoplewhobakes@gmail.com,,,LIVE COMPANY
1273,202315136W,DETOX PTE. LTD.,DETOX CAFÉ SG ,,,65 6909 7303,,,,contact@detoxcafesg.com,,,LIVE COMPANY
1274,200614731N,MEN-TEI PTE. LTD.,MEN-MEN TEI SG ,,,65 6282 7280,,,,,,,LIVE COMPANY
1275,201432293C,MUCHACHOS PTE. LTD.,MUCHACHOS SG ,,,65 6513 0215,,,,hola@muchachos.sg,,,LIVE COMPANY
1276,201801665G,SBAGLIATO PTE. LTD.,SBAGLIATO ,,,65 6787 9660,,,,info@sbagliato.sg,,,LIVE COMPANY
1277,202224702C,SWISS BUTCHERY DELI PTE. LTD.,SWISS BUTCHERY SG ,,,65 6468 7588,,,,orders@swissbutchery.com.sg,,,LIVE COMPANY
1278,201427601G,THE NAUGHTY CHEF PTE. LTD.,THE NAUGHTY CHEF SG ,,,65 6920 4996,,,,thenaughtychef99@gmail.com,,,LIVE COMPANY
1279,201209514G,TWO BLUR GUYS PTE. LTD.,TWO BLUR GUYS SG ,,,65 6636 4183,,,,twoblurguys@gmail.com,,,LIVE COMPANY
1280,202332036K,WONG KEE PTE. LTD.,WONG KEE SG ,,,65 9653 4819,,,,wongkeenoodles@gmail.com,,,LIVE COMPANY
1281,200501916C,BOON LAY POWER NASI LEMAK PTE. LTD.,BOON LAY POWER NASI LEMAK @SQUARE 2 ,,,65 9725 1434,,,,Leonpuppy@hotmail.com,,,LIVE COMPANY
1282,201603445W,NUR FAYIDHA RESTAURANT PTE. LTD.,NUR FAYIDHA RESTAURANT (PAHANG) ,,,65 9146 1684,,,,nisfayi@hotmail.com,,,LIVE COMPANY
1283,199002289E,S-CITY CAFE PTE LTD,CITY CAFE ,,,65 9730 2468,,,,,,,LIVE COMPANY
1284,53461296B,L.T. GAMES,ST GAMES ,,,65 9622 0101,,,,ng120966@gmail.com,,,LIVE
1285,200506277H,IGOURMET PTE. LTD.,IGOURMET ,,,65 9654 0767,,,,hazelhok@yahoo.com.sg,,,LIVE COMPANY
1286,53352545D,NLH CO.,NLH ,,,65 9180 8891,,,,vicsomng@gmail.com,,,LIVE
1287,200823160D,COFFEE EXPRESS 2000 PTE. LTD.,COFFEE EXPRESS 2000 ,,,65 9852 4075,,,,bqs1973@singnet.com.sg,,,LIVE COMPANY
1288,201019296W,SHIU YAKINIKU PTE. LTD.,SHIU YAKINIKU ,,,65 9113 9105,,,,shiuyakiniku@gmail.com,,,LIVE COMPANY
1289,202025556H,MY MUMS KITCHEN PTE. LTD.,MUMS KITCHEN ,,,65 6346 0969,,,,enquiry@mumskitchen.com.sg,,,LIVE COMPANY
1290,201841423W,HAPPY BOWL PTE. LTD.,HAPPY BOWL ,,,65 8375 3888,,,,Happybowlsg@gmail.com,,,LIVE COMPANY
1291,53500991K,ARCHIPELAGO ART,ARCHIPELAGO ,,,65 9628 8101,,,,kiat@arxpelago.com,,,LIVE
1292,200405166K,ASIAWIDE FRANCHISE CONSULTANTS PTE. LTD.,ASIAWIDE FRANCHISE ,,,65 9679 3947,,,,albert@asiawidefranchise.com.sg,,,LIVE COMPANY
1293,201020182W,COMMONWEALTH CAPITAL PTE. LTD.,COMMONWEALTH CAPITAL ,,,65 9105 8835,,,,zhuanghao.lee@commonwealthcapital.asia,,,LIVE COMPANY
1294,201632598G,DESTINATION EATS PTE. LTD.,DESTINATION EATS ,,,65 9338 5901,,,,garym@destination-eats.com,,,LIVE COMPANY
1295,201424807M,CHIC EXECUTIVE OFFICER PTE. LTD.,EXECUTIVE OFFICER ,,,1 9595108925,,,,kkoo@ukyufamily.com,,,LIVE COMPANY
1296,201507537D,MONDE NISSIN SINGAPORE PTE. LTD.,MONDE NISSIN ,,,65 6232 3773,,,,winston.long@mondenissin.com,,,LIVE COMPANY
1297,200707818N,SPA ESPRIT GROUP PTE. LTD.,SPA ESPRIT GROUP ,,,65 9646 6133,,,,jolene.tan@spa-esprit.com,,,LIVE COMPANY
1298,200516377C,TANG TEA HOUSE PTE. LTD.,TANG TEA HOUSE ,,,65 6445 0598,,,,sales@tangteahouse.com,,,LIVE COMPANY
1299,199700062G,TECH DATA ADVANCED SOLUTIONS (SINGAPORE) PTE. LTD.,TECH DATA ADVANCED SOLUTIONS (S) PTE LTD ,,,65 8522 4418,,,,koonyew.wong@techdata.com,,,LIVE COMPANY
1300,201429335W,YU CUN PTE. LTD.,YU CUN PTE LTD ,,,65 9845 8982,,,,ogdariuschan@gmail.com,,,LIVE COMPANY
1301,201200732M,CRESCENDAS GROUP PTE. LTD.,CRESCENDAS GROUP ,,,65 9669 8668,,,,isabelleleow@crescendas.com,,,LIVE COMPANY
1302,201602503D,TAIWAN ICHIBAN PTE. LTD.,TAIWAN ICHIBAN ,,,65 9855 5793,,,,taiwanichiban@hotmail.com,,,LIVE COMPANY
1303,52984153C,SPRINGLEAF PRATA PLACE,SPRINGLEAF PRATA ,,,65 9100 8134,,,,Krishnan2315@gmail.com,,,LIVE
1304,202201513K,SZ KITCHEN PTE. LTD.,SZ KITCHEN ,,,65 8123 4671,,,,,,,LIVE COMPANY
1305,200721841N,BAGUETTE PTE. LTD.,MR BAGUETTE ,,,65 9184 1257,,,,Mrbaguette.sg@gmail.com,,,LIVE COMPANY
1306,201402040C,KOREA FOOD UNITED PTE. LTD.,KOREA FOOD UNITED PTE LTD ,,,1 6339584161,65 9658 5841,,,koreafoodunited@gmail.com,,,LIVE COMPANY
1307,200709491N,FRENCH FOOD FACTORY PTE. LTD.,FRENCH FOOD FACTORY PTE LTD ,,,65 9338 9795,65 9338 9795,,,ian.choo@saybons.com, ian.choo@saybons.com,,LIVE COMPANY
1308,201736693R,CHIRASHI KING KONG PTE. LTD.,CHIRASHI KING KONG ,,,65 8468 1924,,,,chirashikingkongcafe@gmail.com,,,LIVE COMPANY
1309,53435436W,THUNDERBOLT TEA,THUNDERBOLT TEA RICE ,,,65 9339 8979,,,,hello@thunderbolt.sg,,,LIVE
1310,201543399Z,KIDS FULLSTOP PTE. LTD.,FULLSTOP ,,,65 8333 0900,,,,andykoh1988@gmail.com,,,LIVE COMPANY
1311,199200712G,COCA INTERNATIONAL SINGAPORE CO PTE. LTD.,COCA INTERNATIONAL SINGAPORE CO PTE LTD ,,,65 6260 4069,,,,accounts@tuktukcha.com,,,LIVE COMPANY
1312,201735737C,WEROC GROUP PTE. LTD.,WEROC GROUP PTE LTD ,,,65 8688 3011,,,,Dbak@werocgroup.com,,,LIVE COMPANY
1313,201803078W,SALIV8 PTE. LTD.,- SALIV8 PTE LTD ,,,65 9845 3914,,,,bernie@fatboys.sg <bernie@fatboys.sg>,,,LIVE COMPANY
1314,201534241M,ZOUK CLARKE QUAY PTE. LTD.,ZOUK CLARKE QUAY PTE LTD ,,,65 9006 9733,,,,kipang@zoukclub.com,,,LIVE COMPANY
1315,200606913N,COLOURS OF INDIA PTE. LTD.,COLOURS OF INDIA PTE LTD ,,,65 9423 2497,,,,colorsofindia.sg@gmail.com,,,LIVE COMPANY
1316,201719912Z,EVERGREEN FOOD HOLDINGS PTE. LTD.,EVERGREEN FOOD HOLDINGS PTE LTD ,,,65 9642 6586,,,,sales@evergreenlandscape.com.sg,,,LIVE COMPANY
1317,200713409G,J W CENTRAL PTE. LTD.,J W CENTRAL PTE LTD ,,,65 6887 3350,,,,connie.wong@jcglobal.com.sg,,,LIVE COMPANY
1318,201401863Z,KENZEN F&B PTE. LTD.,KENZEN F&B PTE LTD ,,,65 9488 7129,,,,kennethpng@gmail.com,,,LIVE COMPANY
1319,200509725E,PAYPAL PTE. LTD.,PAYPAL PTE LTD ,,,65 9730 7118,,,,bertan@paypal.com,,,LIVE COMPANY
1320,201525600G,ZEEMART PTE. LTD.,ZEEMART ,,,65 9857 3171,65 9191 4138,,,caleb@zeemart.asia, neeraj@zeemart.asia,,LIVE COMPANY
1321,199607051N,GB CHEMICALS PTE. LTD.,GB CHEMICALS PTE LTD ,,,65 8188 0065,,,,alphonsus.chua@gbchemicals.com.sg,,,LIVE COMPANY
1322,198000379H,CONFERENCE & EXHIBITION MANAGEMENT SERVICES PTE LTD,CONFERENCE & EXHIBITION MANAGEMENT SERVICE ,,,65 9751 3644,,,,edward@cems.com.sg,,,LIVE COMPANY
1323,202530618H,LT WORKFORCE PTE. LTD.,WORKFORCE SINGAPORE ,,,65 6322 1762,,,,eunice_liau@wsg.gov.sg,,,LIVE COMPANY
1324,201310697K,REVOLVER ASIA PTE. LTD.,REVOLVER ASIA ,,,65 9620 8230,65 6637 9083,,,gwanchoon.thio@revolverasia.com, info@revolverasia.com,,LIVE COMPANY
1325,201313771D,FORT SANCTUARY PTE. LTD.,FORT SANCTUARY SG ,,,65 9694 7436,65 6254 8048,,,daphnelau@fortsanctuary.com, contact@fortsanctuary.com,,LIVE COMPANY
1326,201721945W,IKURA PTE. LTD.,IKURA SG,,,65 6253 2792,65 6532 6656,65 6909 5606,,reservations@ikura.sg,,,LIVE COMPANY
1327,201811956G,DEAR COLLECTIVE PTE. LTD.,DEAR COLLECTIVE PTE LTD ,,,65 8499 8633,,,,hello@dearcollective.com, hello@dearcollective.com,,LIVE COMPANY
1328,201314437K,STRAITS INTERACTIVE PTE. LTD.,STRAITS INTERACTIVE ,,,65 9475 3352,65 6602 8010,,,shaun@straitsinteractive.com, sales@straitsinteractive.com,,LIVE COMPANY
1329,201611102R,PRATA ALLEY PTE. LTD.,PRATA ALLEY ,,,65 9090 9548,65 6924 2037,,,basiramiraa@gmail.com, info@prataalley.com,,LIVE COMPANY
1330,201629228K,JAD HOLDINGS PTE. LTD.,JAD HOLDINGS ,,,65 9786 2006,65 6741 2950,,,gabriel@jadholdings.asia,,,LIVE COMPANY
1331,202118882C,12BUY GLOBAL PTE. LTD.,12BUY.SG ,,,65 9658 2362,65 6262 5228,,,joseph@12BUY.sg, sales@12buy.sg,,LIVE COMPANY
1332,201605971W,CRAFT & CULTURE PTE. LTD.,CRAFT & CULTURE PTE LTD ,,,65 9017 7837,65 9017 7837,,,craftculturesg@gmail.com, support@craftculturesg.com,,LIVE COMPANY
1333,202019744K,KELONG CULTURE @ TAMPINES PTE. LTD.,KELONG CULTURE (TAMPINES) ,,,65 9387 1943,,,,jayj793@gmail.com,,,LIVE COMPANY
1334,200209140W,PEACH GARDEN PTE. LTD.,PEACH GARDEN (OLD) ,,,65 6252 9833,,,,banquet@peachgarden.com.sg,,,LIVE COMPANY
1335,201722406C,BLANCO PRAWN NOODLE HOUSE PTE. LTD.,BLANCO PRAWN NOODLE ,,,65 9733 1048,,,,ljs.ntu@hotmail.com,,,LIVE COMPANY
1336,201314705N,SOLOMO TECHNOLOGIES PTE. LTD.,SOLOMO TECHNOLOGIES PTE LTD ,,,65 8382 7213,,,,pingfaninsg@gmail.com,,,LIVE COMPANY
1337,201502226N,OH MA SPOON PTE. LTD.,OH MA SPOON PTE LTD ,,,65 9789 7801,,,,oms.joyce313@gmail.com,,,LIVE COMPANY
1338,201624069C,CMY FOOD INDUSTRIES PTE. LTD.,CMY FOOD INDUSTRIES PTE LTD ,,,65 6448 3325,,,,eileenchua.93@gmail.com, info@cmyfood.com,,LIVE COMPANY
1339,200107632D,CAPITAL PLUS PTE LTD,J CAPITAL PLUS PTE LTD ,,,65 9062 5697,,,,james.tay@jpluscapital.com, info@capitalmart.com.sg,,LIVE COMPANY
1340,202201782W,JO JAPANESE RESTAURANT PTE. LTD.,JAPANESE RESTAURANT ,,,65 9889 4334,65 9689 6314,,,,,,LIVE COMPANY
1341,201822408G,SG-11 HOLDINGS PTE. LTD.,SG-11 HOLDINGS PTE LTD ,,,65 6904 8904,65 9168 6850,,,sg11holdings@gmail.com, hc.shiyi@gmail.com,,LIVE COMPANY
1342,202208290K,FOPTICS EAST PTE. LTD.,FOPTICS ,,,65 8767 1874,65 8755 6870,,,melvin@foptics.club, service@foptics.club,,LIVE COMPANY
1343,201537325N,JOY SM PTE. LTD.,JOY SM PTE LTD ,,,65 8188 5043,,,,joysmpl@gmail.com,,,LIVE COMPANY
1344,201713440E,UNITED EURO BEVERAGES GLOBAL PTE. LTD.,UNITED EURO BEVERAGES GLOBAL PTE LTD ,,,65 9325 8888,65 8343 2499,,,info.unitedeurobeverages@gmail.com, unitedmotoring@singnet.com.sg,,LIVE COMPANY
1345,201535059Z,WARM BBQ GROUP PTE. LTD.,WARM BBQ ,,,65 9858 3230,,,,shengqian.eg@gmail.com,,,LIVE COMPANY
1346,202138226W,OLIVIA (SG) PTE. LTD.,OLIVIA ,,,65 8743 9063,,,,,,,LIVE COMPANY
1347,201407294Z,RKN PTE. LTD.,RKN PTE LTD ,,,65 9008 9698,,,,,,,LIVE COMPANY
1348,201529713M,CRAZY CHEF PTE. LTD.,CRAZY CHEF SG ,,,65 8711 6131,,,,,,,LIVE COMPANY
1349,202022302D,CULTURE SPOON PTE. LTD.,CULTURE SPOON ,,,65 9655 4047,,,,,,,LIVE COMPANY
1350,201714108N,MAISON IKKOKU HOLDING PTE. LTD.,MAISON IKKOKU ,,,65 8568 8898,,,,,,,LIVE COMPANY
1351,53063770K,GEYLANG PRAWN NOODLES,GEYLANG PRAWN NOODLE ,,,65 9004 1874,,,,,,,LIVE
1352,201614722W,GOLDLEAF (KATONG) RESTAURANT PTE. LTD.,GOLDLEAF RESTAURANT,,,65 9686 9895,,,,,,,LIVE COMPANY
1353,201210904D,HERMITAGE QUALITY WINES PTE. LTD.,HERMITAGE QUALITY WINES ,,,65 9018 4447,,,,,,,LIVE COMPANY
1354,201427601G,THE NAUGHTY CHEF PTE. LTD.,THE NAUGHTY CHEF ,,,65 9134 2626,,,,thenaughtychef99@gmail.com,,,LIVE COMPANY
1355,202201666C,THE CAR EXCHANGE PTE. LTD.,THE EXCHANGE ,,,65 9388 5549,,,,,,,LIVE COMPANY
1356,201318362E,63CELSIUS PTE. LTD.,63CELSIUS ,,,65 8646 6581,,,,,,,LIVE COMPANY
1357,200601316W,YLS CATERING PTE. LTD.,YLS CATERING  (LEAD),,,65 8588 5284,,,,,,,LIVE COMPANY
1358,197201757W,GOODLUCK HOLDINGS PRIVATE LIMITED,GOODLUCK SINGAPORE ,,,65 8381 3332,,,,,,,LIVE COMPANY
1359,201724155D,SHA MEI PTE. LTD.,SHA MEI ,,,65 8097 8361,,,,,,,LIVE COMPANY
1360,202136237H,SG BURGER PTE. LTD.,BURGER + ,,,65 9322 8726,,,,,,,LIVE COMPANY
1361,53386058W,BASASAK CHICKEN,BASASAK CHICKEN  (LEAD),,,65 9223 6613,,,,,,,LIVE
1362,52867286W,MINI STAR (HK) FERMENTED BEANCURD,MINI STAR (HK) FERMENTED BEANCURD  (COLD KNOCK),,,65 9817 8337,,,,,,,LIVE
1363,202037903C,SENSHI PTE. LTD.,SENSHI ,,,91 77227787989237,,,,it@farocean.com.sg,,,LIVE COMPANY
1364,202319830Z,SIN HOCK HENG TEOCHEW PORRIDGE RESTAURANT PTE. LTD.,SIN HOCK HENG TEOCHEW PORRIDGE RESTAURANT ,,,65 9475 5363,,,,Larrysck@gmail.com,,,LIVE COMPANY
1365,201736347M,SOI AROY PTE. LTD.,SOI AROY(LEAD) ,,,65 9871 4833,,,,,,,LIVE COMPANY
1366,201437318K,SHAN DONG XIAO CHI PTE. LTD.,SHAN DONG XIAO CHI ,,,65 9650 2796,,,,lingrong78@gmail.com,,,LIVE COMPANY
1367,200305921W,SURIYA RESTAURANT PTE. LTD.,SURIYA RESTAURANT ,,,65 9852 3020,,,,suriyarestaurant@yahoo.com.sg,,,LIVE COMPANY
1368,T10LL0649F,BRUNO'S PIZZERIA&GRILL LLP,BRUNO'S PIZZERIA & GRILL (COLD CALL) ,,,65 9836 0908,,,,,,,LIVE
1369,200209232C,GARIBALDI PTE. LTD.,GARIBALDI ,,,65 9438 3062,,,,,,,LIVE COMPANY
1370,202138226W,OLIVIA (SG) PTE. LTD.,OLIVIA AND CO ,,,65 8759 4368,,,,,,,LIVE COMPANY
1371,201527607R,WATAMI TRADING PTE. LTD.,WATAMI ,,,84 0938785244,,,,,,,LIVE COMPANY
1372,201921090D,CAPITAL IGNITE PTE. LTD.,IGNITE CAPITAL PTE LTD ,,,65 8468 6755,,,,,,,LIVE COMPANY
1373,197701785M,THE SHIP RESTAURANT & BAR PTE. LTD.,THE SHIP RESTAURANT ,,,65 9817 8285,,,,theshipshaw@outlook.com,,,LIVE COMPANY
1374,202509208K,COSMO SOCIAL PTE. LTD.,COSMO SOCIAL CLUB ,,,65 8102 2900,,,,Avy@cosmosocial.club,,,LIVE COMPANY
1375,202227216N,EM OIIIIIIII VIETNAMESE RESTAURANT PRIVATE LIMITED,EM OIIIIIIIII - VIETNAMESE RESTAURANT LIMITED ,,,65 9643 8379,,,,simon.ng.y.j@gmail.com,,,LIVE COMPANY
1376,200910824N,PASSION FOR FOOD PTE. LTD.,PASSION FOR FOOD ,,,65 9113 5336,,,,krislynwong@passionforfood.com.sg,,,LIVE COMPANY
1377,201728316W,BOTANI PTE. LTD.,BOTANI PTE LTD ,,,65 8753 0294,,,,farhan@botanispirits.com,,,LIVE COMPANY
1378,201304713G,LIBERTY COFFEE PTE. LTD.,LIBERTY COFFEE PTE LTD ,,,65 9369 7552,,,,diann@libertycoffee.sg,,,LIVE COMPANY
1379,201838821K,OXFORD ACUITY PTE. LTD.,OXFORD ACUITY ,,,66 1000000000,,,,potjanee@oxfordacuity.com,,,LIVE COMPANY
1380,201315915M,INTERNATIONAL FOODGNOSTICS CORPORATION PTE. LTD.,INTERNATIONAL FOODGNOSTIC ,,,65 9687 4191,,,,richard_tay@foodgnostic.com,,,LIVE COMPANY
1381,200408793M,FOOD-JOY PTE. LTD.,FOOD JOY ,,,65 8499 5150,,,,linus.low@bluecube.com.sg,,,LIVE COMPANY
1382,201404489C,TIONG HOE SPECIALTY COFFEE PTE. LTD.,TIONG HOE SPECIALTY COFFEE ,,,65 9129 9697,,,,accounts@tionghoe.com,,,LIVE COMPANY
1383,202124742H,E-BEST FOOD PTE. LTD.,BEST FOOD ,,,60 125000000,,,,donald@hzgreenpulp.com,,,LIVE COMPANY
1384,201220064G,FLAT WHITE PTE. LTD.,FLAT WHITE PTE LTD ,,,65 9008 9314,,,,mouss@pennyuni.com,,,LIVE COMPANY
1385,200305400H,WESTLAKE 3 PTE. LTD.,WESTLAKE ,,,65 9749 5989,,,,matthew.lim@westlake.com.sg,,,LIVE COMPANY
1386,53359762E,MR. KNEADY'S,MR KNEADY ,,,65 9171 8507,,,,mrkneadys@gmail.com,,,LIVE
1387,202231233G,BBQ MASTER PTE. LTD.,BBQ MASTER ,,,65 8383 5380,,,,aiwinnie@hotmail.com,,,LIVE COMPANY
1388,201226776C,JR F&B CONCEPTS PTE. LTD.,JR F&B CONCEPTS ,,,65 9387 5337,,,,kelvin.lim@jrgroup.com.sg,,,LIVE COMPANY
1389,202008010M,WEWATCH PTE. LTD.,WEWATCH ,,,65 9274 0327,,,,alan.tan.89@hotmail.com,,,LIVE COMPANY
1390,201524005W,EB PTE. LTD.,EB ,,,65 9625 3422,,,,lynn.ho@ebfood.sg,,,LIVE COMPANY
1391,202230104H,BLUE LABEL COFFEE PTE. LTD.,BLUE LABEL COFFEE ,,,65 9337 2156,,,,lish78@gmail.com,,,LIVE COMPANY
1392,201015354N,PIZZAIOLA PTE. LTD.,PIZZAIOLA ,,,65 9816 1049,,,,jean.pizzaiola@gmail.com,,,LIVE COMPANY
1393,200914416K,URBAN GROUP PTE. LTD.,URBAN GROUP ,,,65 8133 4375,,,,damian@outlook.sg,,,LIVE COMPANY
1394,202449343K,VSTECS KU PTE. LTD.,VSTECS ,,,65 8697 7933,,,,jackie.chen@gmail.com,,,LIVE COMPANY
1395,201430042E,EATALIA PTE. LTD.,EATALIA PTE LTD ,,,65 8612 0084,,,,jan.82@hotmail.it,,,LIVE COMPANY
1396,202529489H,SPRUCE & NEST PTE. LTD.,SPRUCE ,,,65 8889 5519,,,,josephzen@spruce.com.sg,,,LIVE COMPANY
1397,201816507W,TEAVANA BUBBLE TEA PTE. LTD.,TEAVANA BUBBLE TEA ,,,65 9229 0802,,,,wilfred_5566@hotmail.com,,,LIVE COMPANY
1398,201712169H,CHILLI PADI HOLDING PTE. LTD.,CHILLI PADI HOLDING PTE LTD ,,,65 9067 6090,,,,sharizal@chillipadi.com.sg,,,LIVE COMPANY
1399,201613903R,KIMLY LIMITED,KIMLY GROUP ,,,65 9617 6573,,,,chongcheng.ooi@kimlygroup.sg,,,LIVE COMPANY
1400,202512703M,KEYSTONE AI PTE. LTD.,KEYSTONE ,,,65 9720 8056,,,,natalie.loowl@gmail.com,,,LIVE COMPANY
1401,202106072C,BEAN ROCK COFFEE PTE. LTD.,BEAN ROCK COFFEE ,,,65 9239 4862,,,,connect@beanrockcoffee.com,,,LIVE COMPANY
1402,202234790M,MERMAID RESTAURANT PTE. LTD.,MERMAID RESTAURANT PTE LTD ,,,65 9800 0519,,,,Joewoo.mermaid@gmail.com,,,LIVE COMPANY
1403,201926068N,SWEET CHEEKS PTE. LTD.,SWEET CHEEKS ,,,65 9731 5077,,,,hello@sweetcheeksgelato.com,,,LIVE COMPANY
1404,201812177D,THE PACK PROTEIN & SALAD BAR PTE. LTD.,THE PACK PROTEIN & SALAD BAR ,,,65 8118 9313,,,,,,,LIVE COMPANY
1405,201435966G,QUALITY ZONE TECHNOLOGIES PTE. LTD.,QUALITY ZONE TECHNOLOGIES ,,,65 9853 5041,,,,germaine@qzonetech.com,,,LIVE COMPANY
1406,198200257N,SODEXO SINGAPORE PTE. LTD.,SODEXO ,,,65 9088 4671,,,,shinhuey.lim@sodexo.com,,,LIVE COMPANY
1407,201421374G,NANTA BBQ PTE. LTD.,NANTA BBQ PTE LTD ,,,65 9114 3921,,,,mirae109@naver.com,,,LIVE COMPANY
1408,199304712R,HANSFORT INVESTMENT PTE. LTD.,HANSFORT INVESTMENT ,,,65 8028 3321,,,,ops@hansfortinvest.com.sg,,,LIVE COMPANY
1409,202439874N,GATTOPARDO NERO PTE. LTD.,GATTOPARDO  ,,,65 8611 6015,,,,gianni@gattopardo.com.sg,,,LIVE COMPANY
1410,199603791C,TATSU SUSHI (S) PTE LTD,TATSU SUSHI  ,,,65 6332 5868,,,,,,,LIVE COMPANY
1411,200912414R,LATTERIA PTE. LTD.,LATTERIA  ,,,65 6866 1988,,,,,,,LIVE COMPANY
1412,201221705Z,BURLAMACCO (PTE.) LTD.,BURLAMACCO  ,,,65 6220 1763,,,,davidwong@burlamacco.com.sg,,,LIVE COMPANY
1413,201303859C,SHABESTAN PTE. LTD.,SHABESTAN  ,,,65 6836 1270,,,,,,,LIVE COMPANY
1414,200209232C,GARIBALDI PTE. LTD.,GARIBALDI  ,,,65 9438 3062,,,,,,,LIVE COMPANY
1415,53228209D,CATHAY CINEPLEX WEST MALL,CATHAY CINEPLEX PTE LTD ,,,65 9787 7935,,,,,,,LIVE
1416,202140990K,APOLO'S FOOD VILLAGE PTE. LTD.,APOLO'S FOOD VILLAGE,,,65 8353 2026,,,,admin@apologroups.com,,,LIVE COMPANY
1417,201737241H,LOVE U FOOD PTE. LTD.,LOVE U FOOD ,,,65 9021 5915,,,,loveufoodsg@gmail.com,,,LIVE COMPANY
1418,200717363H,RELISH BURGER PTE. LTD.,RELISH BURGER (ST) ,,,65 8222 1722,,,,,,,LIVE COMPANY
1419,201730843D,POK POK PTE. LTD.,POK POK THAI ,,,65 8111 5859,,,,wu@pokpokthai.com,,,LIVE COMPANY
1420,202238107M,FLEURSOPHY PTE. LTD.,FLEURSOPHY GROUP ,,,65 9725 0707,,,,events@fleursophygroup.com,,,LIVE COMPANY
1421,53002348B,NEW FUT KAI VEGETARIAN RESTAURANT,NEW FUT KAI VEGETARIAN RESTAURANT (ST) ,,,65 8282 4405,,,,admin@newfutkai.com.sg,,,LIVE
1422,53384322K,803 THAI FOOD,803 THAI FOOD (SC & ST) ,,,65 8310 6459,,,,spaceboytravels@gmail.com,,,LIVE
1423,202025003Z,KEDAI KOPI PTE. LTD.,KEDAI KOPI  ,,,65 9635 8422,,,,paul.lee@tenderfresh.com.sg,,,LIVE COMPANY
1424,200401969N,GRATIFY GROUP PTE. LTD.,GRATIFY GROUP ,,,65 9765 8777,,,,frank.lau@gratifygroup.com,,,LIVE COMPANY
1425,201539692G,LITTLE FARMS PTE. LTD.,LITTLE FARMS ,,,65 9237 4667,,,,,,,LIVE COMPANY
1426,201943248E,MIZNON PTE. LTD.,MIZNON ,,,65 8714 7337,,,,Nadav@foragers.com.sg,,,LIVE COMPANY
1427,202341200W,DA MICHELE PTE. LTD.,DA MICHELE ,,,65 9850 8349,,,,ciao@damichele.sg, marcellomazzotta22@gmail.com,,LIVE COMPANY
1428,200719919K,BOOMARANG BISTRO & BAR PTE. LTD.,BOOMARANG BISTRO & BAR,,,65 6536 4990,,,,boatquay@boomarang.com.sg,,,LIVE COMPANY
1429,201720409C,TABLE AT 7 PTE. LTD.,TABLE AT 7 ,,,65 6836 6362,,,,karl@tableat7.com,,,LIVE COMPANY
1430,200409165E,THE CURRY WOK PTE. LTD.,THE CURRY WOK,,,65 6464 8878,,,,currywok@yahoo.com.sg,,,LIVE COMPANY
1431,201000877E,THE GREEN BAR PTE. LTD.,THE GREEN BAR,,,65 9690 7660,,,,,,,LIVE COMPANY
1432,53348663K,YELLOW CAB PIZZA CO.,YELLOW CAB PIZZA CO ,,,65 6327 9000,,,,tiara@yellowcabpizzasg.com, tiarachopra@outlook.com,,LIVE
1433,201211117H,STAPLE FOOD PTE. LTD.,STAPLE FOOD ,,,65 9739 9626,,,,staplefoodsg@gmail.com,,,LIVE COMPANY
1434,200502110R,SAHARA BAR AND RESTAURANT PTE. LTD.,SAHARA BAR AND RESTAURANT SG ,,,65 6536 6231,,,,sahara58bq@gmail.com,,,LIVE COMPANY
1435,201229652G,QUAYSIDE THREE PTE. LTD.,THREE BUNS QUAYSIDE SG ,,,65 6909 7838,,,,threebuns.quayside@potatohead.co,,,LIVE COMPANY
1436,201129463W,GRIND COFFEE PTE. LTD.,RISE AND GRIND COFFEE CO ,,,65 9800 9099,,,,,,,LIVE COMPANY
1437,201821305D,HIRYU PTE. LTD.,HIRYU (LEAD),,,65 9188 0173,,,,,,,LIVE COMPANY
1438,202117511C,ONE FATTENED CALF PTE. LTD.,ONE FATTENED CALF (LEAD) ,,,65 9148 8316,,,,,,,LIVE COMPANY
1439,201810955Z,THE VERY GREEN COMPANY PTE. LTD.,THE VERY GREEN COMPANY (LEAD) ,,,65 9007 6682,,,,,,,LIVE COMPANY
1440,201535415D,EVO AMUSEMENT PTE. LTD.,AMUSEMENT ,,,65 9520 0517,,,,,,,LIVE COMPANY
1441,201525868Z,TAKAGI RAMEN PTE. LTD.,TAKAGI RAMEN PTE LTD ,,,65 8356 7233,,,,lina@takagiramen.com,,,LIVE COMPANY
1442,200900675C,CRAZY PTE. LTD.,CRAZY 3 ,,,65 9226 2683,,,,vocanlaw@gmail.com,,,LIVE COMPANY
1443,53502663C,CAFE-P,CAFE ,,,86 13488669359,,,,zhangnanhannah@163.com,,,LIVE
1444,201410704C,QUAN JI PTE. LTD.,QUAN JI ,,,65 9852 9793,,,,chloesieww@gmail.com,,,LIVE COMPANY
1445,202243507G,CHARIS CUISINES PTE. LTD.,CHARIS CUISINES ,,,65 8881 2125,,,,gidtan86@gmail.com,,,LIVE COMPANY
1446,53496693D,EMBER EMBER EMBER,AMBER EMBER ,,,65 8428 4188,,,,clarence@amberember.sg,,,LIVE
1447,200907484H,FOOD ON FIRE PTE. LTD.,FOOD ON FIRE PTE LTD ,,,65 9822 5041,,,,hectorcapitalholdings@gmail.com,,,LIVE COMPANY
1448,201409776C,XMJ GROUP PTE. LTD.,XMJ GROUP PTE LTD ,,,65 8530 0439,,,,jyn@ximenjie.com.sg,,,LIVE COMPANY
1449,202326582K,SG KOPITIAM PTE. LTD.,KOPITIAM ,,,65 8727 4560,,,,peishi.tan@fairpricegroup.sg,,,LIVE COMPANY
1450,201919819H,JAX INTERNATIONAL PTE. LTD.,JAX INTERNATIONAL PTE LTD ,,,65 8155 8656,,,,jaxintl.co@gmail.com,,,LIVE COMPANY
1451,202445592G,KARUBI CR PTE. LTD.,KARUBI SINGAPORE ,,,65 9893 4154,,,,ambrosemmf@hotmail.com,,,LIVE COMPANY
1452,200305688G,AL-AZHAR EATING RESTAURANT PTE. LTD.,AL-AZHAR EATING RESTAURANT (SK ),,,65 8247 7408,,,,afrah@alazhar.com.sg,,,LIVE COMPANY
1453,T16LL0812J,J&J COFFEE HOUSE LLP,THE COFFEE HOUSE ,,,48 966191994,,,,duonglephucnguyen@gmail.com,,,LIVE
1454,202214264H,VIE COLLECTION PTE. LTD.,VIE COLLECTION ,,,65 9390 0750,,,,maejeenn@gmail.com,,,LIVE COMPANY
1455,202101344G,BYAP AND CO PTE. LTD.,BYAP AND CO ,,,65 8198 4090,,,,theurbanhideoutsg@gmail.com,,,LIVE COMPANY
1456,202313640E,KANTIN GROUP (ASIA) PTE. LTD.,KANTIN GROUP (ASIA) PTE LTD ,,,60 109696389,,,,kantin.hello@gmail.com,,,LIVE COMPANY
1457,201921434H,HYACINTH CONCEPTS PTE. LTD.,HYACINTH CONCEPTS PTE LTD ,,,65 9764 1101,,,,andrew@hyacinth.sg,,,LIVE COMPANY
1458,202216301G,UNCLE MEOW PTE. LTD.,UNCLE MEOW PTE LTD ,,,65 9232 7085,,,,unclemeow.finance@gmail.com,,,LIVE COMPANY
1459,201812711H,THE BLACK SHEEP CAFE PTE. LTD.,BLACK SHEEP CAFE ,,,65 8613 4026,,,,Sharul@pridesg.co,,,LIVE COMPANY
1460,202304437W,HORHORCHI CHINESE FLAVOUR PTE. LTD.,HORHORCHI CHINESE FLAVOUR PTE. LTD ,,,65 9856 0219,,,,leo.chaolau@gmail.com,,,LIVE COMPANY
1461,201540790K,MY NONNA'S PTE. LTD.,NONNA'S ,,,65 9723 0585,,,,peter@produktive.me,,,LIVE COMPANY
1462,201623817R,THE BURNING OAK PTE. LTD.,THE BURNING OAK PTE LTD ,,,65 9873 6093,,,,hanzj@hotmail.sg,,,LIVE COMPANY
1463,201206097Z,JUNGHEE PTE. LTD.,JUNGHEE PTE.LTD ,,, 9871329,,,,jameskimjung@gmail.com,,,LIVE COMPANY
1464,202242651D,SEVA VEGETARIAN CAFE PTE. LTD.,SEVA VEGETARIAN CAFE PTE LTD ,,,65 9679 6722,,,,sevacafesg@gmail.com,,,LIVE COMPANY
1465,202408233N,CALLIGRAPH COFFEE PTE. LTD.,CALLIGRAPH COFFEE ,,,65 9479 9779,,,,nicholas@calligraphcoffee.com,,,LIVE COMPANY
1466,202345182M,XIAOMING MU KRATHA PTE. LTD.,XIAOMING MU KRATHA ,,,65 9677 4770,,,,sharonleelim@gmail.com,,,LIVE COMPANY
1467,202321340G,KIASU BEANCURD AND WAFFLE SINGAPORE PTE. LTD.,KIASU BEANCURD AND WAFFLES ,,,65 8125 9585,,,,raychiang08@gmail.com,,,LIVE COMPANY
1468,201932239H,HIPPO BOX PTE. LTD.,HIPPO BOX ,,,65 9723 3460,,,,gohyunsze@gmail.com,,,LIVE COMPANY
1469,200205055E,TP PTE. LTD.,TP PTE LTD ,,,65 8202 4879,,,,jing5964@gmail.com,,,LIVE COMPANY
1470,201817189Z,JP MERAKI PTE. LTD.,JP MERAKI PTE LTD ,,,65 8100 7782,,,,jpmeraki.sg@gmail.com,,,LIVE COMPANY
1471,202308597N,WE FOUND EATING PTE. LTD.,WE FOUND EATING PTE LTD ,,,65 9150 2380,,,,aidanwee.biz@gmail.com,,,LIVE COMPANY
1472,202213742W,MGEN COLLAB PTE. LTD.,MGEN COLLAB // TEN+ ,,,65 9680 2445,,,,cs@tenplus.sg,,,LIVE COMPANY
1473,199505794D,NEW-M PTE LTD,NEW ,,,65 8533 1349,,,,lamac8014@gmail.com,,,LIVE COMPANY
1474,196800129N,DIAGEO SINGAPORE PTE. LTD.,DIAGEO SINGAPORE ,,,65 9821 6632,,,,shellen.yong@diageo.com,,,LIVE COMPANY
1475,202320542C,ROYAL FOOD SERVICES (SINGAPORE) PTE. LTD.,ROYAL FOOD SERVICES SINGAPORE ,,,65 9329 4157,,,,alexjames.rfss@gmail.com,,,LIVE COMPANY
1476,202314421W,OAK & EMBER PTE. LTD.,OAK AND EMBER ,,,65 9182 6102,,,,contact.oaknember@gmail.com,,,LIVE COMPANY
1477,201508119W,LIMO MAXI CABS PTE. LTD.,MAXI CABS ,,,65 9478 1394,,,,howard@maxicabs.sg,,,LIVE COMPANY
1478,202437884N,LAVI TACO PTE. LTD.,LAVI TACO ,,,65 8230 6652,,,,brian.work5117@gmail.com,,,LIVE COMPANY
1479,201811525Z,NAYANA FOOD SUPPLIES PTE. LTD.,NAYANA FOOD SUPPLIES PTE LTD ,,,65 9323 4585,,,,zhenyi.nayana@gmail.com,,,LIVE COMPANY
1480,201106680N,MANEKI SIGNAGE PTE. LTD.,MANEKI SIGNAGE PTE LTD ,,,65 9478 8285,,,,admin@maneki-signage.sg,,,LIVE COMPANY
1481,202318374E,MINDCHAMPS+ PTE. LIMITED,MINDCHAMPS PRE LTD ,,,65 8391 8989,,,,kennethmarkyong@mindchamps.org,,,LIVE COMPANY
1482,201808356R,MALA PTE. LTD.,MALA ,,,65 8802 8459,,,,cyk343@hotmail.com,,,LIVE COMPANY
1483,202238640Z,ZENO EXHIBITION PTE. LTD.,ZENO EXHIBITION ,,,65 8767 8937,,,,ken.lim@zenoexhibition.com,,,LIVE COMPANY
1484,202332521R,NAUGHTY FOOD HOLDINGS PTE. LTD.,NAUGHTY FOOD HOLDINGS ,,,65 9667 4849,,,,naughtyfood.sg@gmail.com,,,LIVE COMPANY
1485,200303889N,CREATIVE FOOD CONCEPT PTE. LTD.,CREATIVE FOOD CONCEPT ,,,65 9696 3684,,,,ailee@cfc.com.sg,,,LIVE COMPANY
1486,53410414B,HENG LI HAWKER STALL,HAWKER STALL ,,,65 9115 8251,,,,cc91158251@gmail.com,,,LIVE
1487,202221847M,INDO SPICES CENTRE PTE. LTD.,INDO SPICES CENTRE ,,,65 9180 7918,,,,dpenyetz.oth@gmail.com,,,LIVE COMPANY
1488,200820450E,F.S. NOODLE PTE. LTD., K NOODLE ,,,65 8386 5375,,,,yesiamkylie@gmail.com,,,LIVE COMPANY
1489,201422534C,U 1 COFFEE SHOP PTE. LTD.,COFFEE SHOP ,,,65 8322 8861,,,,sambob316@gmail.com,,,LIVE COMPANY
1490,202023469G,GROCER PTE. LTD.,GROCER ,,,65 9164 1311,,,,khan_u@hotmail.com,,,LIVE COMPANY
1491,201942114M,CALIBRATE HEALTH PTE. LTD.,CALIBRATE HEALTH F&B ,,,65 8766 2638,,,,weijie@gmail.com,,,LIVE COMPANY
1492,202514791W,SUSHI SG PTE. LTD.,SUSHI ,,, 46700408042,,,,,,,LIVE COMPANY
1493,202401121K,KEEN'S BAGELRY PTE. LTD.,KEEN’S BAGELRY ,,,65 9298 1393,,,,keensbagelry@gmail.com,,,LIVE COMPANY
1494,201816398N,FORMAGGIO E PASTA PTE. LTD.,PASTA E FORMAGGIO F&B ,,,65 8752 2100,,,,chefanup@ymail.com,,,LIVE COMPANY
1495,53497847M,D RICE BOWL, RICE BOWL ,,,65 8113 6808,,,,...,,,LIVE
1496,199801563K,L'ANGELUS PTE LTD,L'ANGELUS GROUP PTE LTD ,,,65 8876 4958,,,,valentin@langelusgroup.com,,,LIVE COMPANY
1497,201220313R,ESQUINA PTE. LTD.,ESQUINA ,,,65 8586 7538,,,,carlos@esquina.com.sg,,,LIVE COMPANY
1498,201713535C,TA ENCLAVE PTE. LTD.,ENCLAVE ,,,65 6592 2824,,,,reservations@enclavesg.com,,,LIVE COMPANY
1499,201323418W,SAWADEE THAI CUISINE PTE. LTD.,SAWADEE THAI CUISINE ,,,65 8881 2883,,,,,,,LIVE COMPANY
1500,201733036R,LECKERBAER ASIA PTE. LTD.,LECKERBAER ,,,65 8277 3409,,,,,,,LIVE COMPANY
1501,202024379C,HOUNDS OF THE BASKERVILLES PTE. LTD.,HOUNDS OF THE BASKERVILLES ,,,65 8138 1400,,,,,,,LIVE COMPANY
1502,T11LL0863E,K BAR & RESTAURANT LLP,I WAN BAR & RESTAURANT ,,,65 8339 1811,,,,,,,LIVE
1503,201536299R,THE WHOLE KITCHEN PTE. LTD.,THE WHOLE KITCHEN ,,,65 8673 2702,,,,anne@thewholekitchen.com.sg,,,LIVE COMPANY
1504,200404663N,RUMAH BEBE PTE. LTD.,RUMAH BEBE PTE LTD ,,,65 9816 2177,,,,contact@rumahbebe.com,,,LIVE COMPANY
1505,202031488G,KHAO HOM BY RUNG MAMA PTE. LTD.,KHAO HOM BY RUNG MAMA ,,,65 8202 2512,,,,khaohomsg@gmail.com,,,LIVE COMPANY
1506,53014255D,ANTI:DOTE BAR,ANTI:DOTE ,,,65 9271 1321,,,,sherwin.inoue@fairmont.com,,,LIVE
1507,201901833Z,HOLA PTE. LTD.,HOLA ,,,65 9090 4696,,,,sanish@holamexico.sg,,,LIVE COMPANY
1508,53215134L,D-KPO,KPO ,,,65 9727 3142,,,,,,,LIVE
1509,T09LL0889F,ESPRESSO.SG LLP,ESPRESSO ,,,65 9431 0999,,,,,,,LIVE
1510,201403442W,FOC RESTAURANT PTE. LTD.,FOC RESTAURANT ,,,65 8742 0256,,,,melanie@foc.group,,,LIVE COMPANY
1511,202035917E,KURA PATISSERIE PTE. LTD.,KURA PATISSERIE SINGAPORE ,,,65 9722 2996,,,,rachel@kura.sg,,,LIVE COMPANY
1512,200819357R,EAST OF AVALON WINES PTE. LTD.,EAST OF AVALON WINES PTE LTD ,,,65 9773 9461,,,,,,,LIVE COMPANY
1513,T12LL0632F,YI RESTAURANT LLP,HUA YI RESTAURANT ,,,65 9862 8566,,,,...,,,LIVE
1514,201211117H,STAPLE FOOD PTE. LTD.,STAPLE FOOD CAFE ,,,65 6242 0185,,,,,,,LIVE COMPANY
1515,201509449R,HOME OF SEAFOOD (S) PTE. LTD.,HOME OF SEAFOOD ,,,65 9191 2593,,,,sales@homeofseafood.com,,,LIVE COMPANY
1516,200606901Z,BLEU PTE. LTD.,BLEU ,,,65 8533 2598,,,,,,,LIVE COMPANY
1517,T16LP0116J,LAP VIETNAMESE RESTAURANT LP,LÂP VIETNAMESE RESTAURANT ,,,65 8131 5932,,,,,,,LIVE
1518,201632995M,TANGO PTE. LTD.,TANGO'S ,,,65 8161 4543,,,,tangowinebar@gmail.com,,,LIVE COMPANY
1519,201710680R,BRITISH INDIAN CURRY HUT PTE. LTD.,BRITISH INDIAN CURRY HUT ,,,65 9811 8075,,,,contact@britishindiancurryhut.sg,,,LIVE COMPANY
1520,202002010N,NIRVANA DESSERT CAFE PTE. LTD.,NIRVANA DESSERT CAFE ,,,65 9880 5983,,,,j@gmail.com,,,LIVE COMPANY
1521,202444641K,ARTEASG PTE. LTD.,ARTEASG ,,,65 9155 1694,,,,artea.on@gmail.com,,,LIVE COMPANY
1522,53459905B,VENUSOLOGY,VENUSOLOGY CAFE ,,,65 9339 3824,,,,benny3_@hotmail.com,,,LIVE
1523,201401245H,SUSHI AIRWAYS PTE. LTD.,SUSHI AIRWAYS ,,,65 9681 8861,,,,pilot@sushiairways.com,,,LIVE COMPANY
1524,201423039Z,SICHUAN CHEF PTE. LTD.,SICHUAN CHEF PTE LTD ,,,65 8575 2555,,,,sichuanchefrain@gmail.com,,,LIVE COMPANY
1525,201431834G,GOLDEN JADE RESTAURANT CULINARY GROUP PTE. LTD.,GOLDEN JADE RESTAURANT CULINARY GROUP PTE LTD ,,,65 9777 2267,,,,goldenjaderest@gmail.com,,,LIVE COMPANY
1526,201918160R,ZHOU JI PTE. LTD.,ZHOU JI,,,65 9641 4962,,,,,,,LIVE COMPANY
1527,202417380C,21 CAFE PTE. LTD.,CAFE 21 ,,,65 8146 2121,,,,Jarenhow@hotmail.com,,,LIVE COMPANY
1528,201435993M,HAIG ROAD PUTU PIRING PTE. LTD.,HAIG ROAD PUTU PIRING ,,,65 9797 5635,,,,hrppoffice4@gmail.com,,,LIVE COMPANY
1529,201716476W,PIG N WHISTLE PTE. LTD.,PIG N WHISTLE PTE LTD ,,,65 8866 1666,,,,Frankchen1666@gmail.com,,,LIVE COMPANY
1530,202512210Z,BLACK SHEEP MART PTE. LTD.,BLACK SHEEP ,,,852 65765746,,,,,,,LIVE COMPANY
1531,201714068R,CHILLI PAN MEE (BATU RD) PTE. LTD.,CHILLI PAN MEE (BATU RD) ,,,65 9176 8327,,,,chillipanmee@singnet.com.sg,,,LIVE COMPANY
1532,202434977Z,QIAN SHAN GROUP (SG) PTE. LTD.,QIAN SHAN GROUP ,,,60 162638447,,,,frankie.foo@qianshansg.com,,,LIVE COMPANY
1533,202231649D,MINISTRY OF BIRYANI PTE. LTD.,MINISTRY OF BIRYANI ,,,65 9026 8786,,,,contact@mobiryani.com,,,LIVE COMPANY
1534,202419720R,DRINKAHOLIC PTE. LTD.,DRINKAHOLIC ,,,65 9633 0693,,,,,,,LIVE COMPANY
1535,201829455M,YAN'S DINING PTE. LTD.,YAN‘S DINING ,,,65 8815 3521,,,,,,,LIVE COMPANY
1536,201725426R,THE CAFFEINE EXPERIENCE PTE. LTD.,THE CAFFEINE EXPERIENCE ,,,65 8102 0100,,,,matthew.poh@theofficialtce.com,,,LIVE COMPANY
1537,202006417N,GOPIZZA SINGAPORE PTE. LTD.,GOPIZZA SINGAPORE PTE LTD ,,,1 8225678972, 821054138273,,,jay@gopizza.kr, multipler@gopizza.kr,,LIVE COMPANY
1538,202337148C,CHESS WHIZDOM PTE. LTD., WHIZDOM ,,,65 9431 2437,,,,raphael_c@whizdomconsult.com,,,LIVE COMPANY
1539,201613142Z,ADVOCADO PTE. LTD., ADVOCADO ,,,65 9003 6219,65 9115 3519,,,eric@advocado.me, joval@advocado.me,,LIVE COMPANY
1540,201724297K,KFC ASIA FRANCHISE PTE. LTD., KFC ASIA FRANCHISE PTE LTD ,,,65 6430 2893,65 9030 2418,,,brendan.hill@yum.com,,,LIVE COMPANY
1541,200817833G,GLOBAL SUBWAY PTE. LTD.,SUBWAY ,,,65 9274 5262,,,,goh_k@subway.com,,,LIVE COMPANY
1542,201228520R,TIM HO WAN PTE. LTD.,TIM HO WAN ,,,65 9666 2062,,,,Jin@tlccapm.com,,,LIVE COMPANY
1543,201608344N,KATRINA GROUP LTD.,KATRINA GROUP ,,,65 8587 5718,,,,andreas@katrinagroup.com,,,LIVE COMPANY
1544,201133366R,EURASIA GLOBAL FOOD (S) PTE. LTD.,EURASIA GLOBAL FOOD ,,,65 9008 9841,65 9008 9841,,,kelvin@eurasiaglobalfood.com,,,LIVE COMPANY
1545,201318362E,63CELSIUS PTE. LTD.,63CELSIUS @ PARAGON,,,65 6100 6363,,,,joseph@63celsius.com,,,LIVE COMPANY
1546,06155300W,BAN HENG RESTAURANT,BAN HENG GROUP OF RESTAURANT,,,65 6270 7277,,,,admin-account@banheng.com.sg, thecathay@banheng.com.sg,,LIVE
1547,201411916C,BUDDY HOAGIES PTE. LTD.,BUDDY HOAGIES ,,,65 9005 0556,,,,gabriel@buddyhoagies.com.sg,,,LIVE COMPANY
1548,202403392M,CARNIVORE HUB PTE. LTD.,CARNIVORE ,,,65 6334 9332,,,,chijmes.carnivore@starworth.com.sg,,,LIVE COMPANY
1549,201323350G,DIMBULAH COFFEE (AUST) PTE. LTD.,DIMBULAH COFFEE (S) PTE. LTD.,,,65 6336 4700,,,,Koji@dimbulah.com,,,LIVE COMPANY
1550,200703692R,EIGHTEEN CHEFS PTE. LTD.,EIGHTEEN CHEFS  ,,,65 6748 9484,,,,jonathan.lum@eighteenchefs.com,,,LIVE COMPANY
1551,200702363H,EASTERN RICE DUMPLING PTE. LTD.,EASTERN RICE DUMPLING,,,65 9838 0345,,,,limyujie97@gmail.com,,,LIVE COMPANY
1552,53491717L,U EAT,EAT.,,,65 6779 8980,,,,,,,LIVE
1553,201224261H,FORDHAM & GRAND PTE. LTD.,FORDHAM & GRAND,,,65 6221 3088,,,,info@fng.com.sg,,,LIVE COMPANY
1554,201939862M,U FRESH PTE. LTD.,FRESH+,,,65 8163 4429,,,,enquiries.sg@fresh.com,,,LIVE COMPANY
1555,53444930A,FISH ON SG,FISH & CO  SG,,,65 6224 4480,,,,feedback@fish-co.com,,,LIVE
1556,201315681N,FUN TOAST PTE. LTD.,FUN TOAST ,,,65 9691 7488,,,,info@funtoast.com.sg,,,LIVE COMPANY
1557,201100057G,GENKI SUSHI SINGAPORE PTE. LTD.,GENKI SUSHI,,,65 6732 5711,,,,weiyilee@genkisushi.com.sg,,,LIVE COMPANY
1558,200008360H,GOMOBILE PTE LTD,GOMOBILE-LINK,,,65 9337 1488,,,,edward@gomobilelink.com,,,LIVE COMPANY
1559,202519947K,HAPPY GROUP VENTURES PTE. LTD.,HAPPY VENTURES GROUP,,,65 9617 1642,,,,tedchoo@happyventuresgroup.com,,,LIVE COMPANY
1560,199705733D,HJH MAIMUNAH RESTAURANT PTE. LTD.,HJ MAIMUNAH RESTAURANT,,,65 9109 0803,,,,hjh.maimunah@gmail.com,,,LIVE COMPANY
1561,199408847M,HOMELYRAJ PTE LTD,HOMELYRAJ PTE LTD -,,,65 6295 0179,65 6297 1716,,,ashok@rajrestaurant.com.sg,,,LIVE COMPANY
1562,200706388N,HUGGS COFFEE PTE. LTD.,HUGGS COFFEE,,,65 9754 3080,,,,stefanie@huggscoffee.com;info@huggscoffee.com,,,LIVE COMPANY
1563,199307536E,JOLLIBEAN FOODS PTE. LTD.,JOLLIBEAN,,,65 8354 6956,,,,timlim@jollibean.com.sg,,,LIVE COMPANY
1564,200700084H,KIM'S KITCHEN PTE. LTD.,KIM'S KITCHEN,,,65 9699 4180,,,,kimskitchen@singnet.com.sg,,,LIVE COMPANY
1565,202326582K,SG KOPITIAM PTE. LTD.,KOPITIAM,,,65 6333 3344,,,,jennywong@koptiam.biz, laupatsat@kopitiam.biz,,LIVE COMPANY
1566,201732833D,KOUFU GROUP PTE. LTD.,KOUFU GROUP LIMITED,,,65 6506 0151,,,,banann.tan@koufu.com.sg,,,LIVE COMPANY
1567,201606109R,L'ATELIER TIRAMISU PTE. LTD.,LATELIER TIRAMISU,,,65 9389 8582,,,,contact@latelier-tiramisu.com,,,LIVE COMPANY
1568,53454540L,D'MAISON,MA MAISON,,,65 6333 1656,65 6338 4819,,,mamiason@singnet.com.sg,,,LIVE
1569,201714108N,MAISON IKKOKU HOLDING PTE. LTD.,MAISON IKKOKU,,,65 6294 0078,,,,calvin@maison-ikkoku.net,,,LIVE COMPANY
1570,200002490D,MINOR FOOD GROUP (SINGAPORE) PTE. LTD.,MINOR FOOD GROUP SINGAPORE,,,65 9112 9148,,,,edward_tan@theminorfoodgroup.com,,,LIVE COMPANY
1571,200816063M,MOM'S COOKING PTE. LTD.,MOM'S COOKING,,,65 9001 2393,,,,,,,LIVE COMPANY
1572,200107582M,MR BEAN'S CAFE AND WINE BAR PTE LTD,MR BEAN'S CAFE & WINE BAR PTE LTD,,,65 6333 3100,,,,beancafe@singnet.com.sg,,,LIVE COMPANY
1573,200501547M,MR TEH TARIK CARTEL PTE. LTD.,MR TEH TARIK CARTEL,,,65 9111 6665,,,,info@mrtehtarik.com.sg,,,LIVE COMPANY
1574,200209029R,MOGHUL MAHAL RESTAURANT PTE. LTD.,MOGHUL MAHAL,,,65 9069 6176,,,,moghulmahal@hotmail.com,,,LIVE COMPANY
1575,53107909X,NAKHON THAI KITCHEN,NAKHON KITCHEN,,,65 6286 8785,,,,nakhon.kitchen@gmail.com,,,LIVE
1576,202331923Z,NUDE SEAFOOD (WATER) PTE. LTD.,NUDE SEAFOOD,,,65 9652 2641,,,,wheyhan@nudeseafood.com,,,LIVE COMPANY
1577,201303398H,OLD STREET BAK KUT TEH PTE. LTD.,OLD STREET BAK KUT TEH,,,65 9056 9007,,,,enquiry@oldstreet.com.sg,,,LIVE COMPANY
1578,201220553R,PEZZO SINGAPORE PTE. LTD.,PEZZO,,,65 6844 4222,,,,angela@pezzo.com.sg,,,LIVE COMPANY
1579,200821877C,PINES FOOD CATERING PTE. LTD.,PINES FOOD CATERING PTE LTD,,,65 9190 6911,,,,pineskitchen@singnet.com.sg,,,LIVE COMPANY
1580,201019750N,PLAY NATION PTE. LTD.,PLAY NATION,,,65 9365 6146,,,,zaid@playnation.com.sg,,,LIVE COMPANY
1581,200818316W,QUEEN AND MANGOSTEEN PTE. LTD.,QUEEN & MANGOSTEEN,,,65 6376 9380,,,,,,,LIVE COMPANY
1582,201113920K,RASPUTIN PTE. LTD.,RASPUTIN,,,65 9062 3335,,,,marco@rasputin.com.sg,,,LIVE COMPANY
1583,200818603R,SINGAPORE SAIZERIYA PTE. LTD.,SAIZERIYA  ,,, 68344878100,,,,n.matsuda@saizeriya.co.jp,,,LIVE COMPANY
1584,198702386G,SAKURAYA FOODS PTE LTD,SAKURAYA  ,,,65 6774 8216,,,,info@sakuraya.com.sg,,,LIVE COMPANY
1585,202130705D,SEASALT PTE. LTD.,SEASALT,,,65 8200 5528,,,,ernestang@hotmail.com,,,LIVE COMPANY
1586,53427357B,ANNE'S SECRET RECIPE,SECRET RECIPE,,,65 6853 2126,,,,,,,LIVE
1587,201841332E,STRANGERS AT WORK PTE. LTD.,STRANGERS @ WORK,,,65 6221 8879,,,,enquiries@strangersreunion.com,,,LIVE COMPANY
1588,200912953H,SUN KING RYORIYA PTE. LTD.,SUN KING RYORIYA,,,65 9030 7117,,,,enquiry@sunkingryoriya.com,,,LIVE COMPANY
1589,201317907N,TAO SEAFOOD ASIA (PTE. LTD.),TAO SEAFOOD ASIA ,,,65 6844 9969,,,,taoseafoodasia@gmail.com,,,LIVE COMPANY
1590,201312202R,SPICE FUSION PTE. LTD.,THAI SPICE FUSION,,,65 6224 0292,,,,thaispicefl@comcast.net,,,LIVE COMPANY
1591,200400666C,THE BARK CAFE PTE. LTD.,THE BARK CAFE,,,65 6545 4118,,,,russell@thebarkcafe.com, enquires@thebarkcafe.com,,LIVE COMPANY
1592,200818316W,QUEEN AND MANGOSTEEN PTE. LTD.,THE QUEEN & MANGOSTEEN,,,65 6376 9380,,,,enquiries@queenandmangosteen.com,,,LIVE COMPANY
1593,202416343G,RABBIT HOLE SG PTE. LTD.,THE RABBIT HOLE,,,65 9048 2929,,,,info@therabbitholesala.com,,,LIVE COMPANY
1594,201842759C,ROYALS PTE. LTD.,THE ROYALS,,,65 6557 0083,,,,joy@royalcakes.com,,,LIVE COMPANY
1595,06577500K,TOKYO,TOKYO FOOD PTE LTD,,,65 6884 4435,,,,contract@tokyo-sundubu-singapore.sg,,,LIVE
1596,201321625N,TOSSZ PTE. LTD.,TOSSZ,,,65 9129 0738,,,,sandrasay@gmail.com,,,LIVE COMPANY
1597,201601403M,TURKISH KEBAB HOUSE PTE. LTD.,TURKISH KEBAB HOUSE,,,65 9459 7391,,,,turkishkebabhouse1@gmail.com,,,LIVE COMPANY
1598,200503627N,WHITE TANGERINE PTE. LTD.,WHITE TANGERINE CAFE,,,65 9669 4122,,,,friends@whitetangerine.com.sg,,,LIVE COMPANY
1599,201505626C,TUK TUK CHA (S) PTE. LTD.,TUK TUK CHA  ,,,65 9786 0308,,,,lslchris@hotmail.com,,,LIVE COMPANY
1600,200503563G,DAAWAT TANDOORI RESTAURANT PTE. LTD.,DAAWAT TANDOORI,,,65 9107 4030,,,,enquire@daawattandoori.com,,,LIVE COMPANY
1601,201814637W,YOGURU PTE. LTD.,YOGURU,,,65 6344 8860,,,,care@myoguru.com,,,LIVE COMPANY
1602,201722882W,CHAR-GRILL BAR PTE. LTD.,CHAR-GRILL BAR,,,65 6463 4908,,,,jabglobal88@gmail.com,,,LIVE COMPANY
1603,201633385H,NEW STAR CRUISES PTE. LTD.,STAR CRUISES,,,65 6223 0002,,,,sg.sales@starcruises.com,,,LIVE COMPANY
1604,49819200L,CRAZY ELEPHANT,CRAZY ELEPHANT BAR,,,65 6337 7859,,,,info@crazyelephant.sg,,,LIVE
1605,200901094E,JOE & DOUGH PTE. LTD.,JOE & DOUGH ,,,65 6339 2138,65 9730 1408,,,dawn@joeanddough.com,,,LIVE COMPANY
1606,201437672E,JAPAN FOOD TOWN DEVELOPMENT PTE. LTD.,JAPAN FOOD TOWN DEVELOPMENT ,,,65 6694 6535,,,,hasegawa@jftd.com.sg,,,LIVE COMPANY
1607,202407005M,HOPSCOTCH F&B PTE. LTD.,HOPSCOTCH BAR ,,,65 9320 0107,,,,joel.newin@mixesfrommars.sg,,,LIVE COMPANY
1608,202440082Z,MS DELICACY PTE. LTD.,DELICACY ,,,65 9830 0908,,,,cherry@fnwmerchants.com,,,LIVE COMPANY
1609,200810769C,YANANT THIT PTE. LTD.,YANANT THIT ,,,65 6837 2575,,,,,,,LIVE COMPANY
1610,202039117N,WHAT THE FISH PTE. LTD.,WHAT THE FISH! ,,,65 6296 1891,,,,whathefish.sg@gmail.com,,,LIVE COMPANY
1611,202101622D,SEVENTEEN PTE. LTD.,PUB SEVENTEEN ,,,65 6220 3488,,,,,,,LIVE COMPANY
1612,53471187A,THE SINGAPURA CLUB,SINGAPURA CLUB ,,,65 6438 0168,,,,thesingapuraclub@gmail.com,,,LIVE
1613,201305525H,RUSSKIY DOME PTE. LTD.,RUSSKIY DOME ,,,65 6774 0833,,,,russkiydomesingapore@gmail.com,,,LIVE COMPANY
1614,201713160G,ROOFTOP PTE. LTD.,LIN ROOFTOP BAR ,,,65 9487 4290,,,,info@lin.com.sg,,,LIVE COMPANY
1615,201943591R,RECO AQUAMARINE PRIVATE LIMITED,AQUAMARINE ,,,65 6845 1112,,,,info@aquamarin.com.sg,,,LIVE COMPANY
1616,200505402W,RED OCHRE PTE. LTD.,OCHRE ,,,65 6634 0423,,,,,,,LIVE COMPANY
1617,200304722D,ICEBOX PTE. LTD.,ICEBOX CAFÉ ,,,65 9155 4720,,,,enquiries@iceedgecafe.com.sg,,,LIVE COMPANY
1618,29276200C,LAI HUAT SEAFOOD RESTAURANT,OLD LAI HUAT SEAFOOD RESTAURANT ,,,65 6292 7375,,,,old.lai.huat@gmail.com,,,LIVE
1619,201812560M,PENANG SEAFOOD RESTAURANT PTE. LTD.,PENANG SEAFOOD RESTAURANT ,,,65 6841 3002,,,,penangseafoodrestaurant@gmail.com,,,LIVE COMPANY
1620,201718391G,MURPHY'S TECH PTE. LTD.,MURPHY'S ,,,65 6452 9863,,,,,,,LIVE COMPANY
1621,201308400D,FATTY WENG RESTAURANT PTE. LTD.,FATTY WENG RESTAURANT ,,,65 6221 3822,,,,sales@fattyweng.com.sg,,,LIVE COMPANY
1622,201837425Z,YUAN XIANG VEGETARIAN PTE. LTD.,YUAN XIANG VEGETARIAN FOOD ,,,65 6344 3239,,,,,,,LIVE COMPANY
1623,201409018E,DER BIERGARTEN PTE. LTD.,DER BIERGARTEN ,,,65 6333 0689,,,,,,,LIVE COMPANY
1624,201404737Z,G THAI PTE. LTD.,THAI THAI ,,,65 6737 9107,,,,,,,LIVE COMPANY
1625,52977732X,GILLMAN SEAFOOD RESTAURANT,NEW GILLMAN SEAFOOD RESTAURANT ,,,65 6275 5711,,,,,,,LIVE
1626,200301894Z,TAM KAH SHARK'S FIN PTE. LTD.,TAM KAH SHARK'S FIN ,,,65 6223 1611,,,,sales@tamkahsharksfin.com,,,LIVE COMPANY
1627,200511218Z,HILLTOP GARDEN RESTAURANT PTE. LTD.,HILLTOP GARDEN RESTAURANT ,,,65 6316 5500,,,,,,,LIVE COMPANY
1628,07015500C,TEOCHEW RESTAURANT,TEOCHEW RESTAURANT HUAT KEE ,,,65 6423 4747,,,,,,,LIVE
1629,201021690W,CHAO SHAN CUISINE PTE. LTD.,CHAO SHAN CUISINE ,,,65 6336 2390,,,,,,,LIVE COMPANY
1630,201409391N,212 TEOCHEW CUISINE PTE. LTD.,212 TEOCHEW CUISINE ,,,65 6259 0080,,,,,,,LIVE COMPANY
1631,200910598D,CHIN LEE RESTAURANT PTE. LTD.,CHIN LEE RESTAURANT PTE LTD ,,,65 6449 5454,,,,,,,LIVE COMPANY
1632,202433827E,JAPANESE CUISINE PTE. LTD.,Z'EN JAPANESE CUISINE ,,,65 6732 3110,,,,,,,LIVE COMPANY
1633,201541960W,HUA YU WEE PTE. LTD.,HUA YU WEE ,,,65 6442 9313,,,,,,,LIVE COMPANY
1634,198203967W,THE SEA FOOD INTERNATIONAL MARKET & RESTAURANT PTE LTD,THE SEAFOOD INTERNATIONAL MARKET & RESTAURANT ,,,65 6345 1211,,,,enquiry@lobster.com.sg,,,LIVE COMPANY
1635,53349864C,HOCK HONG HENG RESTAURANT,HOCK LAI HENG RESTAURANT ,,,65 6243 1732,,,,,,,LIVE
1636,201607911N,DONNA CARMELA PTE. LTD.,DONNA CARMELA ,,,65 6463 4206,,,,info@satisfood.com.sg,,,LIVE COMPANY
1637,53441864C,LASH INFUSION,INFUSION ,,,65 6479 6188,,,,,,,LIVE
1638,200515629G,THOHIRAH RESTAURANT PTE. LTD.,THOHIRAH RESTAURANT ,,,65 6481 2009,,,,,,,LIVE COMPANY
1639,202325766C,LOTUS GARDEN CAFE PTE. LTD.,LOTUS GARDEN ,,,65 6265 3718,,,,lotusgarden1@hotmail.com,,,LIVE COMPANY
1640,201435541H,EM BY THE MARINA PTE. LTD.,EM BY THE MARINA ,,,65 6271 2802,,,,embtm@embtm.com.sg,,,LIVE COMPANY
1641,201620807N,BOTTLE TREE SEAFOOD RESTAURANT PTE. LTD.,BOTTLE TREE SEAFOOD RESTAURANT ,,,65 6759 7077,,,,,,,LIVE COMPANY
1642,201025773E,THE RABBIT STASH (PTE. LTD.),RABBIT STASH ,,,65 9858 8607,,,,,,,LIVE COMPANY
1643,201105786W,ARKADAS CAFE PTE. LTD.,ARKADAS CAFE ,,,65 6466 9918,,,,arkadascafe_resto@hotmail.com, reservation@arkadascafe.sg,,LIVE COMPANY
1644,199901533R,THE EASTERN RESTAURANT PTE LTD,SOON EASTERN RESTAURANT ,,,65 6756 2272,,,,,,,LIVE COMPANY
1645,201601452E,THE SKEWER BAR PTE. LTD.,THE SKEWER BAR ,,,65 9642 0837,,,,,,,LIVE COMPANY
1646,53227638L,NAPOLIZZ PIZZA DELIVERY,NAPOLIZZ PIZZA ,,,65 8719 1909,,,,sales@napolizz.sg,,,LIVE
1647,200909905D,HIMALAYA KITCHEN PTE. LTD.,HIMALAYA KITCHEN ,,,65 6844 4170,,,,,,,LIVE COMPANY
1648,07015500C,TEOCHEW RESTAURANT,G7 TEOCHEW RESTAURANT PTE LTD ,,,65 6873 2089,,,,,,,LIVE
1649,200707401G,THE LINE I.D PTE. LTD.,THE LINE ,,,65 6213 4275,,,,,,,LIVE COMPANY
1650,53102887M,MY BEAUTIFUL LIFE,LIFE IS BEAUTIFUL ,,,65 6423 0939,,,,,,,LIVE
1651,200412837N,PHIN'S BEERHAUS N GRILLE PTE. LTD.,PHIN'S BEERHAUS N GRILL ,,,65 6587 1911,,,,,,,LIVE COMPANY
1652,201921810W,KINGDOM HOTPOT PTE. LTD.,HOTPOT KINGDOM ,,,65 6688 7722,,,,,,,LIVE COMPANY
1653,201902916W,TODAMGOL PTE. LTD.,TODAMGOL ,,,65 9755 1944,,,,,,,LIVE COMPANY
1654,202445221D,JIU PTE. LTD.,JIU MAO JIU ,,,65 9118 6170,,,,,,,LIVE COMPANY
1655,200707805H,OSCAR PTE. LTD.,OSCAR'S ,,,65 6432 7481,,,,oscarsauto888@hotmail.com,,,LIVE COMPANY
1656,44002000W,COFFEE BAR,COFFEE BAR K ,,,65 6720 5040,,,,,,,LIVE
1657,201415940Z,UDIPI GANESH VILAS PTE. LTD.,UDIPI GANESH VILAS ,,,65 6348 7708,,,,udipiganeshvilas@gmail.com,,,LIVE COMPANY
1658,201911043N,ARCHES PTE. LTD.,THE ARCHES ,,,65 6270 7517,,,,thearchhivedesigns@gmail.com,,,LIVE COMPANY
1659,201610607G,CASSIA PTE. LTD.,CASSIA ,,,65 6591 5045,,,,cassia.singapore@capellahotels.com,,,LIVE COMPANY
1660,53417137X,CHEF'S TABLE,CHEF D' TABLE ,,,65 6338 4898,,,,chefstable@2015l.com,,,LIVE
1661,202208805W,BRAUHAUS RESTAURANT & PUB PTE. LTD.,BRAUHAUS RESTAURANT & PUB ,,,65 6250 3116,,,,,,,LIVE COMPANY
1662,201018898K,CASA TARTUFO PTE. LTD.,CASA TARTUFO ,,,65 6836 4647,,,,events@casatartufo.com,,,LIVE COMPANY
1663,53219930L,FLAVOURS AT ZHONGSHAN PARK TRADING AS NEW UBIN ZHONGSHAN PARK,FLAVOURS AT ZHONGSHAN PARK ,,,65 6808 6846,,,,,,,LIVE
1664,202232087C,LABRADOR PARK PTE. LTD.,THE LABRADOR ,,,65 6273 2779,,,,,,,LIVE COMPANY
1665,200202409N,MOOI CHIN PLACE PTE. LTD.,MOOI CHIN PLACE ,,,65 6339 7766,,,,,,,LIVE COMPANY
1666,201505921K,NUNG LEN PTE. LTD.,NUNG LEN ,,,65 6238 0184,,,,,,,LIVE COMPANY
1667,201628238G,LAO HUO TANG RESTAURANT PTE. LTD.,LAO HUO TANG RESTAURANT PTE LTD  ,,,65 9616 7013,,,,fonteo67@yahoo.com,,,LIVE COMPANY
1668,201414233C,K. COOK PTE. LTD.,K.COOK ,,,65 6352 6680,,,,,,,LIVE COMPANY
1669,200200796G,TRISHAW UNCLE PTE. LTD.,TRISHAW UNCLE PTE LTD ,,,65 9815 1233,,,,seetoh@trishawuncle.com.sg,,,LIVE COMPANY
1670,200704361Z,FENG BO ZHUANG F&B PTE. LTD.,FENG BO ZHUANG F&B PTE LTD ,,,65 6223 3588,,,,,,,LIVE COMPANY
1671,202444439R,TRIPLE TRIPLE PTE. LTD.,TRIPLE-O'S ,,,65 9231 2215,,,,feedback@tripleos.com.sg,,,LIVE COMPANY
1672,53122375B,A LODGE,THE LODGE ,,,65 6221 3967,,,,thelodge@travelodgehotels.asia,,,LIVE
1673,53510079E,DAY AND NIGHT,DAY N NIGHT ,,,65 6222 6881,,,,,,,LIVE
1674,201733537Z,TIONG BAHRU F&B PTE. LTD.,TIONG BAHRU BAR ,,,65 6438 4380,,,,,,,LIVE COMPANY
1675,201529938C,PLAIN VANILLA GROUP PTE. LTD.,PLAIN VANILLA ,,,65 6465 5942,,,,,,,LIVE COMPANY
1676,202203441E,ENCIK TAN PTE. LTD.,ENCIK TAN ,,,65 8164 5841,,,,,,,LIVE COMPANY
1677,201631956R,OH!CAFE PTE. LTD.,OH MY CAFE ,,,65 9632 0524,65 6466 2454,,,ohmysingapore@gmail.com,,,LIVE COMPANY
1678,T19LL0644E,ICE CAFE LLP,ONE ICE'S CAFE ,,,65 9431 0131,,,,enquiries@iceedgecafe.com.sg,,,LIVE
1679,201410843R,STUFF'D PTE. LTD.,STUFF'D  ,,,65 9850 9563,,,,,,,LIVE COMPANY
1680,201611713G,SPICY HOUSE RESTAURANT MANAGEMENT (S) PTE. LTD.,SPICY HOUSE RESTAURANT ,,,65 6493 7197,,,,lovespicyhouse@gmail.com,,,LIVE COMPANY
1681,200407981K,KAY PTE. LTD.,KAY'S ,,,65 9011 3449,,,,,,,LIVE COMPANY
1682,201305138R,DINING INNOVATION ASIA-PACIFIC PTE. LTD.,DINING INNOVATION ASIA-PACIFIC PTE LTD ,,,65 9677 1674,,,,josephloke@dinsg.com,,,LIVE COMPANY
1683,200723847M,HILL STREET COFFEE SHOP PTE. LTD.,HILL STREET COFFEE SHOP ,,,65 9277 9811,,,,tonylim@select.com.sg,,,LIVE COMPANY
1684,201707175C,CHINATOWN (S) RESTAURANT PTE. LTD.,CHINATOWN SEAFOOD RESTAURANT ,,,65 6222 2224,,,,globallink@hotmail.com,,,LIVE COMPANY
1685,200615361K,SAWASDEE THAI FOOD PTE. LTD.,SAWASDEE THAI ,,,65 6327 1733,,,,rabbit.ruliya@gmail.com,,,LIVE COMPANY
1686,201813286R,GEYLANG CLAYPOT RICE PTE. LTD.,GEYLANG CLAYPOT RICE ,,,65 6816 2754,,,,linwei_123@yahoo.com,,,LIVE COMPANY
1687,201424035M,YOGIYO CHICKEN PTE. LTD.,YOGIYO CHICKEN ,,,65 9617 9785,,,,whitepigz@gmail.com,,,LIVE COMPANY
1688,201409548R,V EATING HOUSE PRIVATE LIMITED,RK EATING HOUSE ,,,65 6289 5379,,,,,,,LIVE COMPANY
1689,201406709R,WONDERFUL DURIAN PTE. LTD.,WONDERFUL DURIAN ,,,65 9678 6550,,,,,,,LIVE COMPANY
1690,37128400K,QUAN XIANG YUAN (JING JI) SEAFOOD RESTAURANT,QUAN XIANG YUAN SEAFOOD RESTAURANT ,,,65 6294 6254,,,,qxypte@gmail.com,,,LIVE
1691,201009486R,LLUVIA PTE. LTD.,LLUVIA CAFE ,,,65 8161 4860,,,,livejulius@hotmail.com,,,LIVE COMPANY
1692,197400672E,WONDERLAND (SINGAPORE) PTE LTD,SHOP WONDERLAND ,,,65 6299 5848,,,,enquiry@wonderland.com.sg,,,LIVE COMPANY
1693,201417664W,SUPER DARIO LASAGNE PTE. LTD.,SUPER DARIO LASAGNE ,,,31 590682,65 8233 3692,,,dario@superdariolasagne.com,,,LIVE COMPANY
1694,201617501C,CAJUN ON WHEELS PS PTE. LTD.,CAJUN AND WHEELS ,,,65 9695 7511,,,,jacqueline@arteastiq.com,,,LIVE COMPANY
1695,200107202G,CUE GURU PTE. LTD.,CUE GURU ,,,65 6280 8800,,,,info@jfortesports.com.sg,,,LIVE COMPANY
1696,202144993H,CHUEN (SG) PTE. LTD.,CHUEN CHUEN ,,,65 6238 6010,,,,,,,LIVE COMPANY
1697,201616452E,NINJA CUT PTE. LTD.,NINJA CUT ,,,65 6264 7727,,,,nina@astronauts.com.sg,,,LIVE COMPANY
1698,201633067C,THE DEMPSEY COOKHOUSE & BAR PTE. LTD.,THE DEMPSEY COOKHOUSE & BAR ,,,86 18003045588,,,,,,,LIVE COMPANY
1699,201802181M,25 DEGREES PTE. LTD.,25 DEGREES ,,,65 6809 7990,,,,25degreessg@randblab.com,,,LIVE COMPANY
1700,53468560M,THE CRACKERJACK,CRACKERJACK ,,,65 8121 1462,,,,zac@crackerjack.sg,,,LIVE
1701,201226580Z,D' BLISSFUL PTE. LTD.,BLISSFUL HUT ,,,65 6493 1999,,,,blissfulhut@gmail.com,,,LIVE COMPANY
1702,202241486K,BULL MARKET NOODLE BAR PTE. LTD.,BULL MARKET NOODLE BAR ,,,65 9223 3472,,,,eat@bullmarketnoodlebar.com,,,LIVE COMPANY
1703,201940990N,CURATE + PTE. LTD.,CURATE ,,,65 6577 7288,,,,curate@rwsentosa.com,,,LIVE COMPANY
1704,201203760W,SUSHI KONDO PTE. LTD.,SUSHI KONDO ,,,65 6373 7120,,,,,,,LIVE COMPANY
1705,202025124K,KITCHEN TABLE PTE. LTD.,THE KITCHEN TABLE ,,,65 6808 7268,,,,thekitchentable.singapore@whotels.com,,,LIVE COMPANY
1706,201203230G,WHISKY WORLD PTE. LTD.,THE WORLD OF WHISKY ,,,65 6818 3305,,,,wow.singaporesentosa@lemeridien.com,,,LIVE COMPANY
1707,201830787G,TWO CHEFS BAR PTE. LTD.,TWO CHEFS BAR ,,,65 6268 8633,,,,reserveren@twochefsbar.nl,,,LIVE COMPANY
1708,52844085C,K & B PROVISION SHOP,THE PROVISION SHOP ,,,65 6347 1928,,,,,,,LIVE
1709,201702044R,TAPAS CLUB PTE. LTD.,TAPAS CLUB ,,,65 6733 2500,,,,rcarmona@dplus1.com,,,LIVE COMPANY
1710,53405322W,ANNALAKSHMI,ANNALAKSHMI MENON ,,,65 9231 0472,,,,annagov@singnet.com.sg,,,LIVE
1711,200707818N,SPA ESPRIT GROUP PTE. LTD.,SPA ESPRIT GROUP  ,,,65 9061 7542,,,,dave@wonderscapeholdings.com,,,LIVE COMPANY
1712,53457922A,DIVINE SG,XIN DIVINE,,,65 8498 1371,,,,,,,LIVE
1713,201814743C,ECLECTIQUE F & B CONCEPTS PTE. LTD.,ECLECTIQUE F&B CONCEPTS ,,,65 8650 5776,,,,,,,LIVE COMPANY
1714,201315308E,CREATIVE GROUP PTE. LTD.,CREATIVE FOOD GROUP,,,65 6338 1233,,,,,,,LIVE COMPANY
1715,201400003K,XYZ PTE. LTD.,XYZ ,,,,,,,,,,LIVE COMPANY
1716,200900347C,EACH-A-CUP PTE. LTD.,EACH A CUP ,,,65 9182 9307,,,,,,,LIVE COMPANY
1717,200416986G,JIA XIANG KUCHING RESTAURANT PTE. LTD.,JIA XIANG KUCHING RESTAURANT ,,,65 9181 3228,65 6221 1720,,,jiaxiang@singnet.com.sg,,,LIVE COMPANY
1718,201412090D,OLD TEA HUT PTE. LTD.,OLD TEA HUT ,,,65 9388 4645,,,,contact@oldteahut.com,,,LIVE COMPANY
1719,201836143D,PENGUIN'S KITCHEN PTE. LTD.,PENGUIN KITCHEN ,,,65 9001 7294,,,,iampenguins@hotmail.com,,,LIVE COMPANY
1720,201531677E,MELLOWER COFFEE (SINGAPORE) PTE. LTD.,MELLOWER COFFEE ,,,65 6255 0820,,,,,,,LIVE COMPANY
1721,201221980R,LLAO LLAO ASIA PTE. LTD.,LLAO LLAO ,,,65 8500 7606,,,,nurhakimah@manna360.com.sg,,,LIVE COMPANY
1722,201416616Z,LAI SOON EXHIBITION & EVENT SERVICES PTE. LTD.,LAI SOON EXHIBITION & EVENT SERVICES PTE LTD - KEE TANNY,,,65 6635 7514,,,,info@laisoonexb.com.sg,,,LIVE COMPANY
1723,201202027E,OUE RESTAURANTS PTE. LTD.,OUE RESTAURANTS ,,,65 9228 1967,,,,esther.ling@ouerestaurants.com,,,LIVE COMPANY
1724,202409934D,HEAVENLY PTE. LTD.,HEAVENLY WANG ,,,65 9843 1754,65 6550 5609,,,jan.onn@wangcafe.com,,,LIVE COMPANY
1725,202344340M,FEI SIONG GROUP PTE. LTD.,FEI SIONG GROUP ,,,65 8518 7207,,,,leolim@feisionggroup.com.sg,,,LIVE COMPANY
1726,196100187D,PONTIAC LAND PRIVATE LIMITED,PONTIAC LAND GROUP ,,,65 6434 9879,,,,tang.leehui@pontiacland.com,,,LIVE COMPANY
1727,201523288E,LONG BEACH (S) PTE. LTD.,LONG BEACH ,,,65 9628 7930,,,,ryanlim@longbeachseafood.com.sg,,,LIVE COMPANY
1728,09287900D,HOTEL ROYAL,PARK ROYAL HOTEL ,,,65 9113 1859,,,,Yus.chean@parkroyahotels.com,,,LIVE
1729,201527011R,TASTE OF THAILAND PTE. LTD.,TASTE OF THAILAND ,,,65 9877 9811,,,,,,,LIVE COMPANY
1730,202540673H,RR CHINESE RESTAURANT PTE. LTD.,CHINESE RESTAURANT ,,,65 9898 5298,,,,,,,LIVE COMPANY
1731,201909190M,GOOD BITES PTE. LTD.,GOOD BITES ,,,65 6970 0233,,,,hello@goodbites.com.sg,,,LIVE COMPANY
1732,201736744W,CHIX HOT CHICKEN PTE. LTD.,CHIX HOT CHICKEN SG ,,,65 9839 0607,,,,holla@chixhotchicken.com,,,LIVE COMPANY
1733,202346846D,CARRARA PRIVATE LIMITED,CARRARA CAFE ,,,65 9027 1679,,,,,,,LIVE COMPANY
1734,200309442G,PEONY JADE PTE. LTD.,PEONY JADE ,,,65 9850 0648,,,,,,,LIVE COMPANY
1735,201108952N,PARIS BAGUETTE SINGAPORE PTE. LTD.,PARIS BAGUETTE SINGAPORE PTE LTD ,,,65 9619 5564,,,,henning@spc.co.kr,,,LIVE COMPANY
1736,201603183D,JIA JIA LE CUISINE F & B PTE. LTD.,JIA JIA LE CUISINE F&B PTE LTD ,,,65 6899 9555,,,,sandy@honghuaholdings.com.sg,,,LIVE COMPANY
1737,200818603R,SINGAPORE SAIZERIYA PTE. LTD.,SAIZERIYA ,,,65 9820 4363,,,,,,,LIVE COMPANY
1738,53340956W,THE RITZ-CARLTON SPA,RITZ CARLTON ,,,65 9003 6163,,,,alfian.haidzer@ritzcarlton.com,,,LIVE
1739,201830713N,BURGER & LOBSTER SINGAPORE PTE. LTD.,BURGER LOBSTER ,,,65 8821 0516,,,,,,,LIVE COMPANY
1740,201615800C,DIAN XIAO ER INC PTE. LTD.,DIAN XIAO ER ,,,65 9154 0021,,,,samantha.yap@dianxiaoer.com.sg,,,LIVE COMPANY
1741,200900111H,8 BAR PTE. LTD.,8 BAR PTE LTD ,,,65 6298 0454,,,,molly.jiang@8ightbar.com,,,LIVE COMPANY
1742,202033604D,SMARTCONNECT PTE. LTD.,HAN'S (F&B)- SMARTCONNECT ,,, 65560089246,,,,wkchew@hans.com.sg,,,LIVE COMPANY
1743,201023803W,FILIPINO PRIME GRILL PTE. LTD.,FILIPINO PRIME GRILL PTE LTD ,,,65 8926 2899,,,,,,,LIVE COMPANY
1744,201228520R,TIM HO WAN PTE. LTD.,TIM HO WAN SINGAPORE ,,,65 6955 0185,,,,,,,LIVE COMPANY
1745,T01PF0706E,PAUL GO & CO,PAUL SINGAPORE ,,,65 9474 5743,,,,dyang@paul-singapore.com,,,LIVE
1746,201405488G,REGENT M&E PTE. LTD.,REGENT,,,65 6725 3192,,,,alethea.tan@regentsingapore.com.sg,,,LIVE COMPANY
1747,201823980K,HOTEL+ PTE. LTD.,HOTEL G SINGAPORE ,,,65 9169 2265,,,,natashashah@hotelgsingapore.com,,,LIVE COMPANY
1748,202033604D,SMARTCONNECT PTE. LTD.,A-ONE SMARTCONNECT ,,,65 9672 1119,,,,aone.ter@aonegroup.sg,,,LIVE COMPANY
1749,202033604D,SMARTCONNECT PTE. LTD.,FISH & CO- SMARTCONNECT,,,62 244480842,,,,dannis.koh@fish-co.com,,,LIVE COMPANY
1750,201837864W,CRYSTAL JADE PTE. LTD.,CRYSTAL JADE - SW ,,,65 8138 2008,,,,my.yeo@crystaljade.com,,,LIVE COMPANY
1751,199508389R,ARNOLD'S FRIED CHICKEN (S) PTE LTD,ARNOLD'S FRIED CHICKEN,,,65 9770 5922,,,,mervyn@arnoldsfriedchicken.com,,,LIVE COMPANY
1752,202446542Z,D SELECT PTE. LTD.,SELECT ,,,65 9073 8627,,,,shermaine_tan@select.com,,,LIVE COMPANY
1753,201013928N,CHANG CHENG GROUP PTE. LTD.,CHANG CHENG GROUP ,,,65 9736 9981,65 6501 5283,,,,,,LIVE COMPANY
1754,201617998K,WOK HEY PTE. LTD.,WOK HEY ,,,65 8186 9437,,,,kaidi@wokhey.sg,,,LIVE COMPANY
1755,198004382K,C M R (FAR EAST) PTE LTD,FAR EAST ,,,65 9113 8102,,,,elisachew@fareast.com.sg,,,LIVE COMPANY
1756,200507292R,MARINA BAY SANDS PTE. LTD.,MARINA BAY SANDS ,,,65 8328 0239,,,,eugene.chow@marinabaysands.com,,,LIVE COMPANY
1757,200302045G,BREADTALK GROUP PTE. LTD.,BREADTALK GROUP ,,,65 9823 6667,,,,natalie.ng@breadtalk.com,,,LIVE COMPANY
1758,197201770G,SATS LTD.,SATS LTD ,,,65 9129 3347,,,,adrian_tan@sats.com.sg,,,LIVE COMPANY
1759,200916227W,ROYAL T GROUP PTE. LTD.,ROYAL T GROUP PTE LTD ,,,65 9222 3422,,,,pamela.ang22@gmail.com,,,LIVE COMPANY
1760,201431093R,PAPITTO GELATO PTE. LTD.,PAPITTO GELATO ,,,65 9450 0030,,,,sam@papitto.com,,,LIVE COMPANY
1761,201509128R,LAO HUO TANG GROUP PTE. LTD.,LAO HUO TANG GROUP PTE LTD ,,,65 8136 3333,,,,david@laohuotang.com.sg,,,LIVE COMPANY
1762,198804047Z,TOSHIBA TEC SINGAPORE PTE. LTD.,TOSHIBA TEC SINGAPORE PTE LTD ,,,65 6486 9602,,,,,,,LIVE COMPANY
1763,201715922G,INTEREL PTE. LTD.,INTEREL ,,,65 9232 2249,,,,tc@interelme.com,,,LIVE COMPANY
1764,200312383W,INFORMA GLOBAL MARKETS (SINGAPORE) PRIVATE LIMITED,INFORMA MARKETS ,,,65 9226 2299,,,,merliyn.low@informa.com,,,LIVE COMPANY
1765,200507539Z,TIMBRE GROUP PTE. LTD.,TIMBRE GROUP ,,,65 9636 2310,,,,enrico.stodomingo@timbregroup.asia,,,LIVE COMPANY
1766,201427345W,CAT & THE FIDDLE PTE. LTD.,CAT & THE FIDDLE ,,,65 9687 4191,,,,richard_tay@foodgnostic.com,,,LIVE COMPANY
1767,200906275C,PRIVE GROUP PTE. LTD.,THE PRIVE GROUP ,,,65 9698 4878,,,,nataliew@prive.com.sg,,,LIVE COMPANY
1768,199704189H,BROADWAY FOOD CENTRE (HOLDINGS) PTE LTD,BROADWAY FOOD HOLDINGS- SC ,,,65 9484 3544,,,,constantelim@broadway.com.sg,,,LIVE COMPANY
1769,202026270C,S&T GOURMET PRIVATE LIMITED,V 3 GOURMET ,,,65 9106 8413,,,,karchiet.loh@v3gourmet.com,,,LIVE COMPANY
1770,200813048M,RE:CHARGE RESIDENCES PTE. LTD.,CHARGE RESIDENCES ,,,65 8787 5023,,,,rechargeresidences@gmail.com,,,LIVE COMPANY
1771,202109348C,GF ENTERPRISE PTE. LTD.,GF ENTERPRISE ,,,65 9028 7951,,,,teozhiqiang@gmail.com,,,LIVE COMPANY
1772,201322149G,KOHAKU GLOBAL PTE. LTD.,KOHAKU GLOBAL PTE LTD ,,,65 8468 7311,,,,koji@tendonkohaku.com,,,LIVE COMPANY
1773,202039842Z,L BISTRO PRIVATE LIMITED,BISTRO ,,,65 8488 9965,,,,doniv_@hotmail.com,,,LIVE COMPANY
1774,202343236N,CHM PTE. LTD.,CHM PTE LTD ,,,65 9450 2829,,,,eugenetankl@hotmail.com,,,LIVE COMPANY
1775,202505832E,WAN LI JIA PTE. LTD.,WAN JIA PTE LTD ,,,65 8543 2562,,,,sleep_21@163.com,,,LIVE COMPANY
1776,201542914N,G & G SUPERMARKET PTE. LTD.,THE SUPERMARKET COMPANY PTE LTD ,,,65 8120 1900,,,,yusof@thesupermarketco.sg,,,LIVE COMPANY
1777,201205603M,F INNOVATORS SINGAPORE PTE. LTD.,F INNOVATORS SINGAPORE ,,,65 8653 1214,,,,taizoharino03@gmail.com,,,LIVE COMPANY
1778,200416190W,OLD CHANG KEE LTD.,OLD CHANG KEE ,,,65 9111 3931,,,,jerry_lim@oldchangkee.com,,,LIVE COMPANY
1779,202215909E,AL MAJLIS PTE. LTD.,AL MAJLIS ,,,65 9229 1310,,,,,,,LIVE COMPANY
1780,202405447K,JOYA ONSEN CAFE PTE. LTD.,JOYA ONSEN CAFE ,,,65 9101 6937,,,,fairozkareem@gmail.com,,,LIVE COMPANY
1781,200604060C,E COFFEE PTE. LTD.,LA COFFEE ,,,65 9651 1709,,,,seah_yong_tat@hotmail.com,,,LIVE COMPANY
1782,202501143C,BREWS & BITES CAFE PTE. LTD.,BITES & BREWS ,,,65 8531 6227,,,,gennadii.bochkar@gmail.com,,,LIVE COMPANY
1783,201711866C,PASTA EXPRESS PTE. LTD.,PASTA EXPRESS ,,,65 9025 8148,,,,Kokjinhui89@gmail.com,,,LIVE COMPANY
1784,201825731C,AMIRTHA'S BANANA LEAF RESTAURANT PTE. LTD.,AMIRTHA’S INDIAN BANANA LEAF RESTAURANT ,,,65 9271 1010,,,,selvam_1302@yahoo.com,,,LIVE COMPANY
1785,201729282E,LAO HUO TANG F&B PTE. LTD.,LAO HUO TANG ,,,65 9750 1747,,,,patrick@laohuotang.com.sg,,,LIVE COMPANY
1786,202140990K,APOLO'S FOOD VILLAGE PTE. LTD.,APOLO ‘S FOOD VILLAGE ,,,65 9385 9304,,,,Amisha1826@gmail.com,,,LIVE COMPANY
1787,200711710M,OLDTOWN SINGAPORE PTE. LTD.,OLDTOWN SINGAPORE ,,,65 9822 5477,,,,madeline.tay@jdecoffee.com,,,LIVE COMPANY
1788,200503352N,SOHAM PTE. LTD.,SOHAM PTE LTD ,,,65 9125 7797,,,,maanish200@gmail.com,,,LIVE COMPANY
1789,201430100G,4FINGERS PTE. LTD.,4FINGERS SINGAPORE PTE LTD ,,,65 9026 1517,,,,adren.teng@4fingers.com,,,LIVE COMPANY
1790,201712930H,RUMI RANGKAYO TRADING PTE. LTD.,RUMI RANGKAYO TRADING PTE. LTD ,,,65 8443 4871,,,,,,,LIVE COMPANY
1791,199500287H,SEOUL GARDEN GROUP PTE. LTD.,SEOUL GARDEN GROUP ,,,65 9637 2743,,,,davywee@singnet.com.sg,,,LIVE COMPANY
1792,199306324E,MASTERCARD ASIA/PACIFIC PTE. LTD.,MASTERCARD ASIA PACIFIC ,,,65 9625 9330,,,,gabriel.tay@mastercard.com,,,LIVE COMPANY
1793,201301921W,WHEELER'S YARD PTE. LTD.,WHEELER'S YARD ,,,65 9798 7400,,,,amanda@wheelersyard.com,,,LIVE COMPANY
1794,201600980W,SRISUN EXPRESS PTE. LTD.,SRISUN EXPRESS PTE LTD ,,,65 9388 3802,,,,sundar@srisunexpress.com.sg,,,LIVE COMPANY
1795,202511665Z,BITES OF WHISKDOM PTE. LTD.,WHISKDOM ,,,65 8198 8972,,,,,,,LIVE COMPANY
1796,202400700E,RARA PTE. LTD.,RARA PTE LTD (F&B) ,,,65 9766 7093,,,,,,,LIVE COMPANY
1797,201811526K,DELIBOWL PTE. LTD.,DELIBOWL GROUP ,,,65 9638 9557,65 9638 9557,,,amanda@delibowl.com, clifford@delibowl.com,,LIVE COMPANY
1798,202423166E,VOGUE VIBE PTE. LTD.,VOGUE VIBE CAFE ,,,65 8368 2868,,,,lilianleell200@gmail.com,,,LIVE COMPANY
1799,202216231K,KEBABS FAKTORY PTE. LTD.,KEBABS FAKTORY PTE LTD,,,65 8190 9812,,,,accounts@kebabsfaktory.com,,,LIVE COMPANY
1800,200409736E,POON RESOURCES PTE. LTD.,POON RESOURCES PTE LTD,,,65 9387 3451,,,,jackpoon@coffeeandtoast.com.sg, finance@coffeeandtoast.com.sg,,LIVE COMPANY
1801,201600980W,SRISUN EXPRESS PTE. LTD.,SRISUN EXPRESS PTE LTD,,,65 6950 1186,,,,Rajes@srisunexpress.com.sg,,,LIVE COMPANY
1802,202023850N,MONSTER PLANET PTE. LTD.,MONSTER PLANET PTE LTD,,,65 6238 1728,,,,trista@endiningbars.com, eunice@endiningbars.com,,LIVE COMPANY
1803,201808873C,OK CHICKEN RICE PTE. LTD.,OK CHICKEN RICE PTE LTD,,,65 6717 6291,,,,danieltanboonnuat@yahoo.com.sg,,,LIVE COMPANY
1804,201430100G,4FINGERS PTE. LTD.,4FINGERS SINGAPORE PTE LTD,,,60 129501991,,,,itsupport@4fingers.com, charis@4fingers.com, ivan.chhua@4fingers.com,LIVE COMPANY
1805,201925135C,BIRYANI CONCEPTS PTE. LTD.,BIRYANI CONCEPTS PTE LTD,,,65 9021 9764,,,,sales@mrbiryanisg.com, accounts@mrbiryanisg.com,,LIVE COMPANY
1806,202239762W,MADE BRANDS PTE. LTD.,MADE BRANDS PTE LTD,,,65 8129 6773,,,,rocky.ng@madegroup.com,,,LIVE COMPANY
1807,201220065W,SIRIUS ENTERTAINMENT PTE. LTD.,SIRIUS ENTERTAINMENT PTE LTD,,,65 9660 0290,,,,finance@geniecollective.sg, sales@thespiceadda.com,,LIVE COMPANY
1808,202330196H,SONG FA RESERVE PTE. LTD.,SONG FA RESERVE PTE LTD,,,65 6281 2315,,,,jiayee.yong@songfa.com.sg, evelyn.wong@songfa.com.sg,,LIVE COMPANY
1809,202402501Z,STBQ PTE. LTD.,STBQ PTE LTD,,,65 9673 0966,,,,koh.guowei89@gmail.com,,,LIVE COMPANY
1810,201536707M,HAAKON PTE. LTD.,HAAKON PTE LTD,,,65 8399 2450,,,,andreas@haakon.com.sg,,,LIVE COMPANY
1811,202114067H,AS & CE PARTNERS PTE. LTD.,AS & CE PARTNERS PTE LTD,,,65 9107 5941,,,,othmane@ascepartners.com, info@josephinesg.com, info@loulousg.com,LIVE COMPANY
1812,202011805N,SAMLIP SINGAPORE PTE. LTD.,SAMLIP SINGAPORE PTE LTD,,,65 8852 1648,,,,glenloi@spc.co.kr, samlipsg_finance@spc.co.kr, edwardkim@spc.co.kr,LIVE COMPANY
1813,202120867W,ROLLGAADI PTE. LTD.,ROLLGAADI PTE LTD,,,65 8200 3689,,,,bhavani@inodei.co,,,LIVE COMPANY
1814,202325792R,BEACON RESTAURANT PTE. LTD.,BEACON RESTAURANT PTE LTD,,,65 9035 5969,,,,miguel@pleasurecraftgroup.sg, finance@hevel.sg,,LIVE COMPANY
1815,201818928E,159ATAS PTE. LTD.,159ATAS PTE LTD,,,65 8282 8963,,,,finance@159atas.sg,,,LIVE COMPANY
1816,202343391K,31 VENTURES PTE. LTD.,31 VENTURES PTE LTD,,,65 8868 8831,,,,31ventures.sg@gmail.com,,,LIVE COMPANY
1817,201810804K,BREAD YARD PTE. LTD.,BREAD YARD PTE LTD,,,65 8843 1169,,,,ivan@grangecollective.com.sg, caleb@grangecollective.com.sg, finance@breadyard.com.sg,LIVE COMPANY
1818,201004183W,CORPUS CALLOSUM PTE. LTD.,CORPUS CALLOSUM PTE LTD,,,65 6533 3545,,,,wui.alvin@gmail.com, thepublichouse.sg@gmail.com,,LIVE COMPANY
1819,202225700R,FEI MAO FOOD SERVICES PRIVATE LIMITED,FEI MAO FOOD SERVICES PTE. LTD.,,,65 8284 4030,,,,tristan.lim@givemeabraek.com, Lishan.lim@givemeabraek.com,,LIVE COMPANY
1820,201528246N,FENG ZHANG PTE. LTD.,FENG ZHANG PTE LTD,,,65 8809 9672,,,,wangping198901@gmail.com,,,LIVE COMPANY
1821,200609484K,G & R FUSION PTE. LTD.,G&R FUSION PTE LTD,,,65 9385 1226,,,,gabrielegaldi@gmail.com, gabrielegaldi@gmail.com,,LIVE COMPANY
1822,201607710N,G.A.D. PTE. LTD.,G.A.D. PTE LTD,,,65 8168 5561,,,,gero@kucinaitalian.com, anna@kucinaitalian.com,,LIVE COMPANY
1823,201506735N,GF CAPITAL PTE. LTD.,GF CAPITAL PTE LTD,,,65 9450 9512,,,,kawai@gfc-sg.com,,,LIVE COMPANY
1824,201106133K,JIMMY MONKEY PTE. LTD.,JIMMY MONKEY CAFE PTE LTD,,,65 9749 3200,,,,mavis@jimmymonkey.com,,,LIVE COMPANY
1825,202033640K,JOYRE KITCHEN PTE. LTD.,JOYRE KITCHEN PTE. LTD,,,65 6255 1052,,,,choonyeowho.joyre@gmail.com,,,LIVE COMPANY
1826,201405929N,KIT&BAR CONCEPTS PTE. LTD.,KIT&BAR CONCEPTS PTE LTD,,,65 9069 6019,,,,vktng@hotmail.com, peirongchow74@gmail.com,,LIVE COMPANY
1827,201621937D,BREWERKZ GROUP PTE. LTD.,BREWERKZ,,,65 6438 2311,,,,finance@brewerkzgroup.com,,,LIVE COMPANY
1828,202202325M,G IZAKAYA PTE. LTD.,MY IZAKAYA,,,65 9780 6030,,,,jameskhoh74@gmail.com,,,LIVE COMPANY
1829,201611102R,PRATA ALLEY PTE. LTD.,PRATA ALLEY PTE LTD,,,65 9181 4511,,,,finance@prataalley.com,,,LIVE COMPANY
1830,201712930H,RUMI RANGKAYO TRADING PTE. LTD.,RUMI RANGKAYO TRADING PTE LTD,,,65 8750 5240,,,,nasitaliwang@outlook.com, nasitaliwanginvoiceS@outlook.com,,LIVE COMPANY
1831,201423039Z,SICHUAN CHEF PTE. LTD.,SICHUAN CHEF PTE LTD,,,65 8575 2555,,,,sichuanchefrain@gmail.com,,,LIVE COMPANY
1832,200701223G,TRAVELERS PALM RESTAURANT PTE. LTD.,TRAVELERS PALM RESTAURANT PTE. LTD,,,65 9692 0596,,,,Mengyang00my@gmail.com,,,LIVE COMPANY
1833,202349511R,PANCHSAKHA PTE. LTD.,PANCHSAKHA PTE LTD,,,65 9455 2421,,,,asha.raul@gmail.com,,,LIVE COMPANY
1834,202314421W,OAK & EMBER PTE. LTD.,OAK & EMBER PTE LTD,,,65 9665 2180,,,,contact.oaknember@gmail.com,,,LIVE COMPANY
1835,200504748C,XXL CONCEPTS PTE. LTD.,XXL CONCEPTS PTE LTD,,,65 8811 1060,,,,accounts.sg@stssco.com,,,LIVE COMPANY
1836,201435541H,EM BY THE MARINA PTE. LTD.,"SG EM BY THE MARINA PTE LTD @ SG
",,,65 6271 2802,,,,"adrian.yeo@embtm.com.sg
 ",,,LIVE COMPANY
1837,201719622H,SOLO RISTORANTE PTE. LTD.,SG SOLO RISTORANTE @ SG,,,65 9641 9682,,,,angelalyx@live.com,,,LIVE COMPANY
1838,201912041H,SAGO HOUSE PTE. LTD.,SG SAGO HOUSE PTE LTD - SINGAPORE,,,65 9662 3401,,,,vanessa.chang@chaosactive.com,,,LIVE COMPANY
1839,202238640Z,ZENO EXHIBITION PTE. LTD.,SG ZENO EXHIBITION @ SG,,, 7678937,,,,ken.lim@zenoexhibition.com,,,LIVE COMPANY
1840,53290197E,GERAI NENEK OBEK,. . CHAT LEAD GERAI NENEK OBEK @ SG,,,65 8611 4560,,,,,,,LIVE
1841,202425634K,BITEMAN GROUP PTE. LTD.,SG BITEMAN GROUP PTE LTD @ SG,,,65 8123 1254,,,,bitemangroup@gmail.com,,,LIVE COMPANY
1842,201909102Z,PELMENI HOUSE PTE. LTD.,SG PELMENI HOUSE @ SG - WEN. TO SG,,,65 9235 6640,,,,welcome@angmohdumplings.com,,,LIVE COMPANY
1843,T15LL1748F,THE CROWDED BOWL LLP,SG - THE CROWDED BOWL @ SG,,,65 9380 8777,,,,yongjoo@thecrowdedbowl.com,,,LIVE
1844,T24LL0900G,13 MILES F N B LLP,SG - 13 MILES F N B LLP @ SG,,,65 8200 9791,,,,sumir33x@gmail.com,,,LIVE
1845,53502663C,CAFE-P,CAFÉ @ SINGAPORE,,,65 9619 2270,,,,hello@graciousnaturals.com,,,LIVE
1846,201409776C,XMJ GROUP PTE. LTD.,XMJ GROUP PTE LTD,Jyn Tan,,65 8530 0349,,,,jyn@ximenjie.com.sg,,,LIVE COMPANY
1847,200906275C,PRIVE GROUP PTE. LTD.,THE PRIVÉ GROUP @ SG,Bernice Fong,,65 9220 5720,,,,bernice.fong@prive.com.sg,,,LIVE COMPANY
1848,201716476W,PIG N WHISTLE PTE. LTD.,PIG N WHISTLE PTE LTD @ SG ..,Lim ,,65 8866 1666,,,,,,,LIVE COMPANY
1849,201912041H,SAGO HOUSE PTE. LTD.,SAGO HOUSE @ SG,Lim ,,65 6578 1213,,,,jam@gmail.com,,,LIVE COMPANY
1850,201525868Z,TAKAGI RAMEN PTE. LTD.,TAKAGI RAMEN @ SG --..,Chin Rong Wong,,60 127525045,,,,chinrongwong@gmail.com,,,LIVE COMPANY
1851,201810804K,BREAD YARD PTE. LTD.,BREAD YARD @ SG  ..,Stella ,,65 9736 7326,,,,,,,LIVE COMPANY
1852,202107904C,MOIN MOIN GELATO PTE. LTD.,MOIN MOIN GELATO @ SG,Patrick Tay,,65 9711 4446,,,,patrick.taycs@gmail.com,,,LIVE COMPANY
1853,202429663D,SAGYE WL PTE. LTD.,SAGYE PTE LTD @ SG -- ..,Nhat Linh Nguyen,,65 8511 3683,,,,sagyekoreanrestaurant@gmail.com,,,LIVE COMPANY
1854,202104471R,GC WATERWAY PTE. LTD.,GC WATERWAY @ SG,Nicole ,,65 9139 1633,,,,hq@senji.com.sg,,,LIVE COMPANY
1855,201620445E,BLUE WAVES FOOD EMPIRE PTE. LTD.,BLUE WAVES FOOD EMPIRE,Kim ,,65 8754 8450,,,,Call .,,,LIVE COMPANY
1856,53428181L,XIANG FU WEI,XIANG WEI @ SG ,Amanda Lu,,65 8105 5172,,,,luyimiao40@gmail.com,,,LIVE
1857,202039958M,TANAMERA PTE. LTD.,TANAMERA PTE LTD,Tiara Aquila,,65 9172 5542,,,,dwi.tiara@tanameracoffee.com,,,LIVE COMPANY
1858,200703633K,ZEN EXHIBITS INTERNATIONAL PTE. LTD.,ZEN EXHIBITS INTERNATIONAL PTE LTD,John Low,,65 9675 2803,,,,john@zen-exhibits.com.sg,,,LIVE COMPANY
1859,53502663C,CAFE-P,CAFE, ,,65 8127 7145,,,,,,,LIVE
1860,202106216W,MOONSHINE PTE. LTD.,MOONSHINE PTE LTD,Deonne Quek,,65 8200 0931,,,,deonnequek@gmail.com,,,LIVE COMPANY
1861,202040854E,STICK WITH IT PTE. LTD.,STICK WITH IT @ SG,Valerie Lieu ,,65 8339 3648,,,,emailvalerieliau@gmail.com,,,LIVE COMPANY
1862,202304352N,S&M RESTAURANT PTE. LTD.,GS RESTAURANT PTE LTD @ SG,Roger Soh ,,65 8777 3180,,,,rogersoh@sukigroup.com.sg,,,LIVE COMPANY
1863,53027759W,PEBBLES PUB,PEBBLE PUB , ,,65 8112 8826,,,,NA ,,,LIVE
1864,202017778Z,BRENNACK F&B PTE. LTD.,BRENNACK ,Zack Zarif ,,65 9229 7626,,,,zack@brennack.com,,,LIVE COMPANY
1865,196700502G,FURAMA PTE. LTD.,FURAMA ,Su Gin Kong ,,65 6739 6417,,,,kongsg@furama.com,,,LIVE COMPANY
1866,201500522C,PASARBELLA SUNTEC PTE. LTD.,PASARBELLA @ SUNTEC ,Meghan ,,65 9641 4627,,,,NA ,,,LIVE COMPANY
1867,202038434N,GREEN KITCHEN PTE. LTD.,GREEN KITCHEN ,Maxamillian Mepham,,65 8346 7267,,,,maxamilian@greenkitchen.co,,,LIVE COMPANY
1868,201210355K,FT GROUP PTE. LTD.,FT GROUP ,Kelvin Tan Wei Man ,,65 8870 9490,,,,kelvintanweimin@gmail.com,,,LIVE COMPANY
1869,201537245E,THE COFFEE ACADEMICS PTE. LTD.,THE COFFEE ACADEMICS ,Shayne Fernandez,,65 8556 5492,,,,"shayne.fernandez@the-coffeeacademics.com

 
",,,LIVE COMPANY
1870,201914708H,39 ANTS PTE. LTD.,39 ANTS ,Patrick Sehoo,,65 9739 3627,,,,"patrick.sehoo@39ants.com

 
",,,LIVE COMPANY
1871,202027968N,KLOUDWORK PRIVATE LTD.,KLOUDWORK PTE LTD @ SG,Ahmad ,,65 9298 5704,,,,"Email:
dzul.ahmad@kloudwork.sg

",,,LIVE COMPANY
1872,202107740Z,THE BLACK HOLE PRIVATE LIMITED,THE BLACK HOLE GROUP @ SG,Afiq Sulaiman ,,65 9651 2346,,,,afiq@theblackhole.sg,,,LIVE COMPANY
1873,202101671R,ALLINALL PTE. LTD.,ALLINALL @ SG,Sonia ,,65 8569 1544,,,,sonia@allinall5l2f.com,,,LIVE COMPANY
1874,201502122R,ONE15 MARINA HOLDINGS PTE. LTD., ONE15 MARINA @ SG,Desmond Goh ,,65 6305 6988,,,,desmond.goh@one15marina.com,,,LIVE COMPANY
1875,201307698W,THE CORNER HOUSE HOLDINGS PTE. LTD.,"THE CORNER HOUSE
",Nicole Nijman ,,1 9546095493,,,,"nrgnijman@hotmail.com
",,,LIVE COMPANY
1876,202105813R,THE SOCIAL ALLEY PTE. LTD.,THE SOCIAL ALLEY,Joseph ,,65 9329 2727,,,,NA ,,,LIVE COMPANY
1877,201625666M,AAYAN INDIAN CUISINE PTE. LTD.,AAYAN INDIAN CUISINE. @ SG-,Jana ,,65 8254 7113,,,,	pepperspice100am@gmail.com,,,LIVE COMPANY
1878,201837864W,CRYSTAL JADE PTE. LTD.,CRYSTAL JADE CHAIN PTE LTD @ SG,Christopher ,,,,,,,,,LIVE COMPANY
1879,201821305D,HIRYU PTE. LTD.,HIRYU @ SG,Liang Neo ,, 88,,,,,,,LIVE COMPANY
1880,198201850C,SHINJUKU RESTAURANT PTE. LTD.,SHINJUKU RESTAURANT @ SG, ,,65 9072 4444,,,,,,,LIVE COMPANY
1881,201201236Z,SAVEUR PTE. LTD.,SAVEUR GROUP PTE LTD @ SG,Jolyn Wong ,,65 9366 4223,,,,"
jolyn@saveur.sg",,,LIVE COMPANY
1882,199300469G,SHINKO IMPORT & EXPORT PTE LTD,SHINKO IMPORT & EXPORT PTE LTD @ SG,Hock Soon ,,65 8886 3282,,,,"
hocksoon8@gmail.com",,,LIVE COMPANY
1883,200917408H,MUM'S KITCHEN CATERING PTE. LTD.,MUM'S KITCHEN CATERING PTE LTD,Lee ,,65 6246 2740,,,,,,,LIVE COMPANY
1884,201433220R,FOOYO PTE. LTD.,FOOYO @ SG,Shao ,,65 8412 7233,,,,shao@fooyo.sg,,,LIVE COMPANY
1885,201811365C,EASTERN HOUSE OF SEAFOOD PTE. LTD.,EASTERN HOUSE OF SEAFOOD @ SG,Nna ,,65 9186 5321,,,,easternhouseofseafood@gmail.com,,,LIVE COMPANY
1886,200300981M,GOKUL VEGETARIAN RESTAURANT AND CAFE PTE. LTD.,GOKUL VEGETARIAN INDIAN RESTAURANT @ SINGAPORE,Ashwin ,,65 8949 1452,,,,gokulrestaurant@yahoo.com.sg,,,LIVE COMPANY
1887,201703470E,CAFFEINE SOLUTIONS PRIVATE LIMITED,CAFFEINE SOLUTIONS @ SG-,Ben Fones,,65 9680 2008,,,,ben@caffeinesolutions.sg,,,LIVE COMPANY
1888,53215990W,HUAT HENG DESSERTS,HUAT HENG DESSERTS @ SG-,Sik Laiping ,,65 8818 4254,,,,liping200992@gmail.com> ,,,LIVE
1889,200818603R,SINGAPORE SAIZERIYA PTE. LTD.,SINGAPORE SAIZERIYA @ SG,Hao Yang Yang ,,65 8189 6226,,,,k.haoyang@saizeriya.com.sg,,,LIVE COMPANY
1890,53500367J,GEYLANG LORONG 20 BANANA FRITTERS,GEYLANG LOR 20 BANANA FRITTERS PTE LTD ,Alan Lee,,65 8183 2747,,,,alan@g20bfrits.com.sg,,,LIVE
1891,201823256R,SINGAPORE F&B LEADERSHIP MANAGEMENT PTE. LTD.,SINGAPORE F&B LEADERSHIP MANAGEMENT PTE LTD,Lim Cheng ,,65 8339 8649,,,,limrichstep@gmail.com,,,LIVE COMPANY
1892,53430073A,BOB & COCO,BOB & COCO @ SG-,Sally ,,65 9129 6401,,,,twoxfour.sg@gmail.com,,,LIVE
1893,53467676J,B N B CAFE,B&T CAFE PTE LTD,Lina ,,65 9450 2019,,,,,,,LIVE
1894,201129153C,FILL-A-PITA PTE. LTD.,FILL A PITA @ SG,Hugo Chia,,65 9764 1600,,,,hugo@fillapita.co,,,LIVE COMPANY
1895,53348663K,YELLOW CAB PIZZA CO.,YELLOW CAB PIZZA CO. (PAGH PTE. LTD) @ SG,Tiara Chopra,,65 8189 7490,,,,tiarachopra@outlook.com,,,LIVE
1896,202117511C,ONE FATTENED CALF PTE. LTD.,ONE FATTENED CALF @ SG,Corrine Lim,,65 9799 3545,,,,corrinelim.chan@gmail.com,,,LIVE COMPANY
1897,201825988K,GLOBAL INNO FOOD PTE. LTD.,GLOBAL INNO FOOD PTE LTD @ SG--SG ,Na Lim ,,65 8533 6703,,,,,,,LIVE COMPANY
1898,202228210E,GEETHAM FOOD HOUSE PTE. LTD.,GEETHAM FOOD HOUSE @ SG,Geetham Katba ,,65 9242 3574,,,,geethamfoodhouse@gmail.com,,,LIVE COMPANY
1899,201819219W,THE HOT GATHERING PTE. LTD.,THE HOT GATHERING @ SG ,Xue Yang ,,65 8800 5533,,,,xuenan.yang@icloud.com,,,LIVE COMPANY
1900,53175755B,BAKES N BITES,BAKES AND BITES @ SG,Lim Andy ,,65 9780 8889,,,,limandy1995@gmail.com,,,LIVE
1901,201104226M,ASMARA LAND (S) PTE. LTD.,ASMARA @ SG ,Na Na,,65 9835 0867,,,,,,,LIVE COMPANY
1902,202103674C,CHONG POH GOURMET PTE. LTD.,CHONG POH GOURMET @ SG ,Long Min Liau ,,65 8418 6725,,,,longminliau@gmail.com,,,LIVE COMPANY
1903,201220339G,MEGUSTA PTE. LTD.,MEGUSTA CAFE @ SG ,Megusta ,,65 8786 8878,,,,megusta.bookkeeping@gmail.com,,,LIVE COMPANY
1904,202010270E,JACK PTE. LTD.,JACK MA @ SG,Jack Ma ,,48 961238923,,,,jackma@jackma.com.sg,,,LIVE COMPANY
1905,200503893H,TIMBRE PTE. LTD.,"TIMBRE+
",Dawni Na,,65 9050 0014,,,,"
dawnni5580@gmail.com",,,LIVE COMPANY
1906,201907130D,AFFINITY CAFE & BAKERY PTE. LTD.,"AFFINITY CAFE & BAKERY PTE LTD
",Kt Tan ,,65 9668 8569,,,,affinitycafe@hotmail.com,,,LIVE COMPANY
1907,202103037R,SPOILMRKT PTE. LTD.,SPOILMRKT @ SG,Cassandra Lau ,,65 9337 8378,,,,"cassandra.lye@gmail.com
",,,LIVE COMPANY
1908,201617998K,WOK HEY PTE. LTD.,"WOK HEY PTE LTD
",Jason Tan ,,65 9827 0484,,,,"jason.tan@wokhey.sg
",,,LIVE COMPANY
1909,201812193E,GOODEARTH SEAFOOD SOUP PTE. LTD.,"GOODEARTH SEAFOOD SOUP PTE LTD @ SG -- SG TO SG
",Ivy Ng ,,65 8346 8399,,,,goodearthseafoodsoup@gmail.com,,,LIVE COMPANY
1910,202127044W,MARCY FOODS PTE. LTD.,"MARCY FOODS @ SG -- SG TO SG
",Cheryl Tay ,,65 9788 3001,,,,"theartisanyard@gmail.com
",,,LIVE COMPANY
1911,202129718W,THE SERANGOON NYONYA PTE. LTD.,"THE SERANGOON NYONYA PTE LTD @ SG -- SG TO SG
",Eugene Tan ,,65 9833 8486,,,,"tandeluneugene@gmail.com
",,,LIVE COMPANY
1912,201736216H,TGAL SINGAPORE PTE. LTD.,"TGAL SINGAPORE PTE LTD @ SG -- SG TO SG
",Terence ,,65 8128 9149,,,,"terence9149@gmail.com
",,,LIVE COMPANY
1913,202201747C,RYO YAKINIKU PTE. LTD.,RYO YAKINIKU @ SG,Ismail Dididh ,,65 9066 0981,,,,"ismaildidih@gmail.com
",,,LIVE COMPANY
1914,53328472D,HOLIDAY INN SINGAPORE LITTLE INDIA,"HOLIDAY INN SINGAPORE LITTLE INDIA @ SG -- SG TO SG
",Shreyas Ladde,,65 9234 5984,,,,"shreyas.ladde@ihg.com
",,,LIVE
1915,201511596H,CORNERSTONE SAFETY & SECURITY PTE. LTD.,"CORNERSTONE SAFETY & SECURITY PTE LTD SINGAPORE AMK
",Patrick Na,,65 9730 2116,,,,"patrickxu@cornerstoness.com.sg
",,,LIVE COMPANY
1916,201821026R,KEYS FRESH PTE. LTD.,"KEYS FRESH PTE LTD @ SG -- SG TO SG
",Stella Chen ,,65 9661 0230,,,,"keysfresh@outlook.com
",,,LIVE COMPANY
1917,201841550W,SOCIETEA PTE. LTD.,"SOCIETEA @ SG -- SG TO SG
","Zi Ning
 Ning ",,65 9738 9460,,,,"au.zi.ning@outlook.com
",,,LIVE COMPANY
1918,201842979R,SHAKE SHACK SINGAPORE JEWEL PTE. LTD.,SHAKE SHACK SINGAPORE JEWEL PTE LTD,Cindy Yeo,,65 9170 9251,,,,cindy_yeo@spc.co.kr,,,LIVE COMPANY
1919,200100783W,MAKANSUTRA (S) PTE LTD,MAKANSUTRA,Gordon Siow,,65 9006 7759,,,,gordon@makansutra.com,,,LIVE COMPANY
1920,201633838K,GOODWILL ENTERTAINMENT HOLDING LIMITED,GOODWILL ENTERTAINMENT HOLDINGS PTE LTD,Lynn Seow,,65 9625 3026,,,,lynn@goodwillsg.com,,,LIVE COMPANY
1921,200702119C,JAVA KITCHEN PTE. LTD.,JAVA KITCHEN,James Harto,,65 8292 9609,,,,james@indochili.com,,,LIVE COMPANY
1922,201331181M,HARMON & CO PTE. LTD.,HARMON & CO PTE LTD,Darren Tan ,,65 8699 6250,,,,darren.tan@frucesg.com,,,LIVE COMPANY
1923,201623115M,BREW PTE. LTD.,BREW PTE LTD,Nehemiah Chong,,65 9298 2896,,,,nehemiah@brewsg.com,,,LIVE COMPANY
1924,52885506M,THE FOOD BARN,FOOD BARN,Amy -,,65 9003 9997,,,,amy.quek@gtk.com.sg,,,LIVE
1925,T17LL0080H,WIRED MONKEY LLP,THE WIRED MONKEY SG,Haslee -,,65 9069 4569,,,,askmonkey@outlook.com,,,LIVE
1926,201431093R,PAPITTO GELATO PTE. LTD.,PAPITTO GELATO,Jonathan -,,65 9627 3501,,,,gelato@papitto.com,,,LIVE COMPANY
1927,201733803C,YAMATO IZAKAYA (PTE. LTD.),YAMATO IZAKAYA PTE LTD,Dani -,,65 9182 7019,,,,dani@yamatoizakaya.com.sg,,,LIVE COMPANY
1928,201113328K,CUCINA 17 SUPPLIES PTE. LTD.,CUCINA SUPPLIES,Jowel Foo,,65 9825 0065,,,,cucina17@yahoo.com.sg,,,LIVE COMPANY
1929,201607038E,KINTSUGI PTE. LTD.,KINTSUGI PTE LTD ,Diana -,,65 9437 7915,,,,dianatby@icloud.com,,,LIVE COMPANY
1930,201837574G,MORNING GRIND PTE. LTD.,MORNING GRIND PTE LTD,Dianna Dianna,,65 9660 3989,,,,pdianna08@gmail.com,,,LIVE COMPANY
1931,201502900E,1 TYRWHITT BISTRO BAR PTE. LTD.,1 TYRWHITT BISTRO BAR,Paul Teo Paul Teo,,65 9766 9483,,,,paul@hyperlink.com.sg,,,LIVE COMPANY
1932,53218466A,RELISH PR,RELISH ,Neelendra -,,65 8125 9701,,,,neelendra@njgroup.sg,,,LIVE
1933,201729770D,THE SOCIAL SPACE PTE. LTD.,SOCIAL SPACE ,Prisca -,,65 6655 0221,,,,prisca@thesocialspace.co,,,LIVE COMPANY
1934,202127219D,JIANG SEAFOOD PTE. LTD.,JIANG JAN SEAFOOD ,Lincoln -,,65 9850 7677,,,,Jiang Nan Seafood - lincolnlzx@gmail.com,,,LIVE COMPANY
1935,201016443C,TIONG BAHRU TIAN BO SHUI KUEH PTE. LTD.,TIONG BAHRU TIAN BO SHUI KUEH,Aileen -,,65 9878 2152,,,,- ,,,LIVE COMPANY
1936,200817973M,KITCHEN LANGUAGE PTE. LTD.,KITCHEN LANGUAGE ,Stanley Yap ,,65 6830 6169,,,,stanleyyap@live.com,,,LIVE COMPANY
1937,202304352N,S&M RESTAURANT PTE. LTD.,PO RESTAURANT ,Alvin Sivam ,,65 8352 5999,,,,alvin.sivam@thewarehousehotel.com,,,LIVE COMPANY
1938,200412515D,HONG KONG CAFE PTE. LTD.,OLD HONG KONG CAFE ,Victoria -,,65 9765 2832,,,,victoria@oldhongkong.com.sg,,,LIVE COMPANY
1939,202123252M,GO GO DIGITAL PTE. LTD.,SG GO DIGITAL ,Alvin -,,65 9763 0707,,,,changhsienlee32@gmail.com,,,LIVE COMPANY
1940,201537245E,THE COFFEE ACADEMICS PTE. LTD.,COFFEE ACADEMICS,Nicole Ng,,65 9299 1078,,,,nicole.ng@the-coffeeacademics.com,,,LIVE COMPANY
1941,200816732E,ORGO PTE. LTD.,ORGO PTE LTD,Nick -,,65 9680 4520,,,,nick@orgo.sg,,,LIVE COMPANY
1942,202020548R,KHEK & CO. PTE. LTD.,KHEK & CO ,Yen -,,65 9745 1759,,,,kheknco@gmail.com,,,LIVE COMPANY
1943,201631865D,TIAN WEI SIGNATURE PTE. LTD.,TIAN WEI SIGNATURE @ SG,Zhen -,,65 8908 1070,,,,zhenyi@herloconsultancy.com,,,LIVE COMPANY
1944,202415376C,I F F F&B PTE. LTD.,F&B ,- -,,65 8750 3193,,,,-,,,LIVE COMPANY
1945,53072300W,RHIZOME CONSULTING,"RHIZOME CONSULTANCY LLP

",Sunil Hegde ,,1 9322212481,,,,	sunil@rhizomesolutions.com,,,LIVE
1946,202023362R,THE FORAGE EXPRESS PTE. LTD.,FORAGE EXPRESS,Lau Kang Yang ,,65 9627 3271,,,,"
lau.kangyang@13honey.sg",,,LIVE COMPANY
1947,201720948N,L&M EATING HOUSE PTE. LTD.,L&M EATING HOUSE@ SG-,Kevin -,,65 9363 5832,,,,	papafood313@gmail.com,,,LIVE COMPANY
1948,202118752H,OMEGA 1 PTE. LIMITED,N-OMEGA @ SG ,Elliot J Sam ,,65 8382 4499,,,,	elliot.j.sam@gmail.com,,,LIVE COMPANY
1949,202023791C,JYJ FOOD PTE. LTD.,JYJ PTE LTD.,Junyang -,,65 9452 1713,,,,- ,,,LIVE COMPANY
1950,201303398H,OLD STREET BAK KUT TEH PTE. LTD.,OLD STREET BAK KUT TEH PTE LTD,Kuan Yiou ,,65 9678 7030,,,,"limkuanyiou@oldstreet.com.sg
",,,LIVE COMPANY
1951,53070985J,AMARA SANCTUARY SENTOSA,AMARA SANCTUARY RESORT SENTOSA,Keshavan Nair ,,,,,,,,,LIVE
1952,201834887G,TEA DOUGH PTE. LTD.,TEA DOUGH @ SG,Anna Ng,,,,,,Na ,,,LIVE COMPANY
1953,202029496K,YAKIZEN PTE. LTD.,YAKIZEN PTE LTD,Diane Chiang ,,65 9788 5550,,,,dianechiang@hotmail.com,,,LIVE COMPANY
1954,201825576W,NA NA & I PTE. LTD.,NA ,Edmund Loh ,,65 9689 7608,,,,bigbossedmund@gmail.com,,,LIVE COMPANY
1955,202122401K,TARDIGRADE DIGITAL PTE. LTD.,TARDIGRADE PTE LTD,Ethan ,,65 8828 8500,,,,tardigrade8as@gmail.com,,,LIVE COMPANY
1956,202529308C,KINARA TECH PTE. LTD.,KINARA,Vani Patro ,,65 9008 4751,,,,vpatro1@babson.edu,,,LIVE COMPANY
1957,200208149Z,PHIN'S STEAKHOUSE PTE. LTD.,PHINÂ€™S STEAKHOUSE,Jason Siew ,,65 9815 0500,,,,siew.jason@hotmail.com,,,LIVE COMPANY
1958,201504698R,STAMFLES GROUP HOLDINGS PTE. LTD.,STAMFLES GROUP HOLDINGS PTE LTD,Tan Jue ,,65 9233 5336,,,,jueni@stamfles.com,,,LIVE COMPANY
1959,200922394C,TAB SG PTE. LTD.,TAB TAB ,Aman Shah,,1 9876543210,,,,shah.aman106@gmail.com,,,LIVE COMPANY
1960,200921461H,EATZ CATERING SERVICES PTE. LTD.,EATZ CATERING SERVICES ,Aberdeen Na,,65 6442 0928,,,,aberdeen@eatzcatering.com,,,LIVE COMPANY
1961,201309322M,TENKAICHI RESTAURANT PTE. LTD.,TENKAICHI RESTAURANT ,Naing Na,,65 9070 6376,,,,,,,LIVE COMPANY
1962,201803698K,JHPK PTE. LTD.,JHPK CAFE ,Chonhak Kim ,,65 9850 5391,,,,jhpk.sg@gmail.com,,,LIVE COMPANY
1963,201834283R,QI XIANG PTE. LTD.,QI XIANG PTE LTD ,Zenith Neo ,,65 9633 1563,,,,zenithneo@gmail.com,,,LIVE COMPANY
1964,201915047D,HK NANYANG PTE. LTD.,HK NANYANG PTE LTD,Winnie Ong Cheong ,,65 8778 2099,,,,winnie.cheong@homekitchen.com.sg,,,LIVE COMPANY
1965,201716903H,TORIDOLL SINGAPORE PTE. LTD.,TORIDOLL ,Kathy Lim ,,65 8133 8244,,,,kathy@trdhy.com,,,LIVE COMPANY
1966,200608485E,UMINOIE NIHON RYORI PTE. LTD.,UMINOIE NIHON RYORI,Jessica Tan Ai Lin Liaw,,65 8661 1597,,,,uminoie.hakata@gmail.com,,,LIVE COMPANY
1967,201816398N,FORMAGGIO E PASTA PTE. LTD.,PASTA E FORMAGGIO PTE LTD,Jacquiline Lui,,65 9247 1384,,,,jacquelineluiyc@gmail.com,,,LIVE COMPANY
1968,201731374R,SAPARI & FAMILY PTE. LTD.,SAPARI & FAMILY ,Kathy Bonyamin,,65 9689 7442,,,,kathybonyamin@yahoo.com,,,LIVE COMPANY
1969,202445693M,REPUBLIC OF ARTS PTE. LTD.,REPUBLIC OF SG,Na ,,65 8588 9969,,,,it@rsyc.org.sg,,,LIVE COMPANY
1970,199805228R,THE PENNY BLACK PTE LTD,PENNY BLACK @ SG--,John -,,65 9119 1123,,,,votewp@gmail.com,,,LIVE COMPANY
1971,53366145E,SEAFOOD@SG,MR. SEAFOOD PTE LTD. ,Na Na ,,65 9731 3133,,,,NA ,,,LIVE
1972,202034647D,PETS AFTERLIFE PTE. LTD.,AFTERLIFE,Charlie Pearson,Co- Founder & CEO,65 8783 6009,,,,charlie@afterlifesg.com,,,LIVE COMPANY
1973,201811573C,EBB & FLOW PTE. LTD.,EBB & FLOW,,,65 9431 8431,,,,herman.shah@ebbflowgroup.com,,,LIVE COMPANY
1974,201708850Z,IFOUNDRIES GROUP PTE. LTD.,IFOUNDRIES,,,65 8511 8459,,,,fairllie.ifoundries@gmail.com,,,LIVE COMPANY
1975,201942231Z,FORAGERS PTE. LTD.,FORAGERS ,Ldw Ittq,OPERATIONS MANAGER,65 8748 4953,60 1345238216,,,wani@foragers.com.sg,,,LIVE COMPANY
1976,201932749N,ARKLEAF ADVISORY PTE. LTD.,ARKLEAF ADVISORY PTE LTD,Yvonne Tay,Managing Director,65 9170 7971,,,,yvonne@arkleaf.com.sg,,,LIVE COMPANY
1977,201504224E,MOBILE COMMUNITY TECH PTE. LTD.,MOBILE COMMUNITY TECH PTE LTD,Trajelim C W,A MEMBER OF SGQR,65 6635 8268,,,,cwlim@m.t,,,LIVE COMPANY
1978,201116877E,GLOBALDATA PTE. LTD.,GLOBALDATA.,Tinn Hill,Key Accounts Director-SEA,65 6994 8601,,,,tim.hill@globaldata.com,,,LIVE COMPANY
1979,202040219C,INEXTLABS PTE. LTD.,INEXTLABS,Sachin,Director,65 9779 9776,,,,msachin@inextlabs.com,,,LIVE COMPANY
1980,201222631R,TAMAGO-YA PTE. LTD.,TAMAGO (S) PTE LTD,Mark Lee,Co-Founder, 201712342,65 9173 2416,,,mark@tamago.com.cn,,,LIVE COMPANY
1981,200804595N,361 DEGREE CONSULTANCY PTE. LTD.,361 DEGREE CONSULTANCY PTE LTD,Sabrina Wee,Partner Manager,65 6515 7906,,,,sclbrina@361dc.com,,,LIVE COMPANY
1982,200312383W,INFORMA GLOBAL MARKETS (SINGAPORE) PRIVATE LIMITED,INFORMA MARKETS,Aemerliyn Low,Senior Business Development Manager I,65 6989 6542,,,,merliynlow@informa.com,,,LIVE COMPANY
1983,200004940E,SARIKA CONNOISSEUR CAFE PTE LTD,SARIKA CONNOISSEUR CAI-E PTE LTD,Patrick Yong,Jperation Managr,65 6336 5675,65 6804 6338,,,patrick_yong@theconnoisseurconcerto.com,,,LIVE COMPANY
1984,201523693C,MARRYBROWN PTE. LTD.,MARRYBROWN,"David, Michael, Joshua Liew",CFO/Business Director/CEO,60 127717086,60 127499663,60 127715963,,david@marrybrown.com / michael@marrybrown.com / joshua@marrybrown.com,,,LIVE COMPANY
1985,201309453R,PACIFIC RIM GROUP PTE. LTD.,PACIFIC RIM,Thai Yue,General Manager  , 46734166541,,,,thaiyue@gmail.com,,,LIVE COMPANY
1986,201816565M,SUPER PARK ASIA GROUP PTE. LTD.,SUPER ASIA GROUP,Usman Ashraf Mughal,Senior Director,1 9242728015,,,,usman@superasia.biz,,,LIVE COMPANY
1987,201210678M,ADYEN SINGAPORE PTE. LTD.,ADYEN,Priyanka Gargava,VP Sales,65 8571 2827,,,,priyanka.gargav@adyen.com,,,LIVE COMPANY
1988,201811877H,WENDY & WENDY PTE. LTD.,THE WENDY'S COMPANY,Andy Oktofian,Design & Engineering Manager,48 658720485,,,,andy.oktofian@wendys.com,,,LIVE COMPANY
1989,202322105W,B&HANS PTE. LTD.,HANS,Alex,Operations Manager,65 9688 2285,,,,wmtan@hans.com.sg,,,LIVE COMPANY
1990,201632138M,COMPASS PTE. LTD.,COMPASS,Cheryl Tong,Manager,65 9237 6960,,,,Cheryl.tong@compass-group.sg,,,LIVE COMPANY
1991,53488381L,KING KONG BURGER,BURGER KING SINGAPORE,Goh Chin Hou,GM,65 9685 7324,,,,Chinhou_goh@burgerking.com.sg,,,LIVE
1992,201837864W,CRYSTAL JADE PTE. LTD.,CRYSTAL JADE,Hoe Ziqian,"Senior Regional Manager, Finance & IS",65 9834 4706,,,,Zq.hoe@crystaljade.com,,,LIVE COMPANY
1993,200512666R,THE DESSERT EMPIRE PTE. LTD.,THE DESSERT EMPIRE,Shaun Sebastian Das,GM ,65 9762 2696,,,,shaun@thedessertempire.com,,,LIVE COMPANY
1994,202512256R,DRAGON 1 PTE. LTD.,DRAGON-I,Shirley Sia,PA to ceo,60 162663221,,,,Shirley.sia@dragon-I.com.my,,,LIVE COMPANY
1995,53509263J,COFFEE MONSTER,MONSTER COFFEE LAB,Shaun Leong,IT manager,60 122811836,,,,Shaunleong@mightymonster.co,,,LIVE
1996,202524119N,AS F&B KITCHEN PTE. LTD.,AS KITCHEN ,Afindo,,81 808223310,,,,As kitchen ,,,LIVE COMPANY
1997,201612747E,H&H PTE. LTD.,H,Alex Yap Chin Lai,GM,60 361274876,,,,Hinglaitrading@yahoo.com,,,LIVE COMPANY
1998,201629933K,ZARCO MEDITERRANEAN PTE. LTD.,ZARCO MEDITERRANEAN ,Peter Alnaimi,GM,65 9445 0500,,,,Peter@kebab.sg,,,LIVE COMPANY
1999,201422032G,UBIQUITOUS COMMUNICATIONS PTE. LTD.,UBIQUITOUS COMMUNICATIONS PTE LTD,Tan Teng Sern,,65 9768 1249,,,,tengsern.tan@ucgroup.sg,,,LIVE COMPANY
2000,201613222H,RIGLOBE PTE. LTD.,RIGLOBE,Bryan Tan,CEO,65 9237 3060,,,,bryan@riglobe.com,,,LIVE COMPANY
2001,201805211G,ID ARENA PTE. LTD.,ARENA,Michael S. Utomo,Director ,62 2129304089,,,,M.utomo@arenacorp.com,,,LIVE COMPANY
2002,202328185W,GOLDEN GATE (SG) PTE. LTD.,GOLDEN GATE,Truong The Minh,No food Procurement Manager,48 972628070,,,,Minh.truong@ggg.com.vn,,,LIVE COMPANY
2003,202117969K,THE PROVIDORE GROUP PTE. LTD.,THE PROVIDORE,Constantin Andreopoulos,Retail & Beverage Manager,65 8202 2460,,,,Constantin@theprovidore.com,,,LIVE COMPANY
2004,201406145R,FOODIE FOOD PTE. LTD.,FOODIE FOOD PTE LTD,Gwee Ren Kai,Director,65 9746 3357,,,,kai.gwee@yahoo.com.sg,,,LIVE COMPANY
2005,201721568W,NUODLE PTE. LTD.,NUODLE ,Jerry Liao,Manager/Owner,65 9710 8000,,,,indo@nuodle.asia,,,LIVE COMPANY
2006,201417275D,KANSHOKU RAMEN PTE. LTD.,KANSHOKU RAMEN,Melvin Ang,Founder,65 9710 3364,,,,melvin@kanshokuramen.com,,,LIVE COMPANY
2007,202507106C,KIN HOTEL FIVE PTE. LTD.,HOTEL FIVE ,Rayziel Yap ,Sales executive ,65 9754 5823,,,,Rayziel@hotelsplendour.sg ,,,LIVE COMPANY
2008,201209514G,TWO BLUR GUYS PTE. LTD.,TWO BLUR GUYS,Kay,Owner,65 9780 8788,,,,Twoblurguys@gmail.com,,,LIVE COMPANY
2009,201617998K,WOK HEY PTE. LTD.,WOK HEY PTE LTD ,Huang Chang Yong,Owner / Director,65 9363 5195,,,,changyong@wokhey.sg,,,LIVE COMPANY
2010,199504712D,THAI VILLAGE RESTAURANT PTE. LTD.,THAI VILLAGE RESTAURANT,Maxtein Oh,Group General Manager,65 9732 6238,,,,maxtein.oh@pavillon.com.sg,,,LIVE COMPANY
2011,201115395Z,TOTAL HOSPITALITY GP PTE. LTD.,HOSPITALITY TOTAL SERVICE ,Gerald Bloor,Consultant ,61 893168699,,,,Gerard@hospitslitytotalservices.com.au,,,LIVE COMPANY
2012,199706979E,FOODFARE CATERING PTE LTD,FOODFARE,Marilyn Tan,Director ,65 9819 8281,,,,Tan_marilyn@foodfare.vom.sg,,,LIVE COMPANY
2013,42577200D,ANANDA BHAVAN CATERING,ANANDA BHAVAN,Viren,Owner,65 9367 6746,,,,viren.my@gmail.com,,,LIVE
2014,200104074Z,POINTSOFT (S) PTE LTD,POINTSOFT,Raymond Goh,Executive Director ,60 122255441,,,,Raymmnd@pointsoft.com.my,,,LIVE COMPANY
2015,202218598Z,BAY BREEZE PTE. LTD.,BAY BREEZE CAFE,Jenny Tan,Cafe Owner,61 466155968,,,,bbcafe4163@gmail.com,,,LIVE COMPANY
2016,201922304M,K HOSPITALITY PTE. LTD.,K HOSPITALITY,Karan Kapur,Executive Director, 922243224306,,,,karan.kapur@k-copr.in,,,LIVE COMPANY
2017,T10LL0699J,P GROUP LLP,GROUP,Jari Niemi,President,60 193575233,,,,jari.niemi@sunborn.com,,,LIVE
2018,200823160D,COFFEE EXPRESS 2000 PTE. LTD.,COFFEE EXPRESS 2000,Tan Boon Kiat,Coffee shop & Foodcourt Operator,65 6748 1818,,,,bqs1973@singnet.com.sg,,,LIVE COMPANY
2019,200809074G,YUM! ASIA FRANCHISE PTE. LTD.,YUM! ASIA FRANCHISE PTE LTD,Jamie,Manager IT,65 9231 6690,,,,jamie.quek@yum.com,,,LIVE COMPANY
2020,53488381L,KING KONG BURGER,BURGER KING,Matthew Rubin,General Manager APAC,65 9753 3756,,,,mrubin@rbi.com,,,LIVE
2021,201525600G,ZEEMART PTE. LTD.,ZEEMART,Neeraj Sundarajoo,CEO,65 9191 4138,,,,neeraj@zeemart.asia,,,LIVE COMPANY
2022,53399053W,S W LOKE,LOKE,Lily Ong,Head of Accounts,65 8700 8510,,,,lily.ong@loke.com.au,,,LIVE
2023,196800306E,DBS BANK LTD.,DBS BANK,Christine Ho,Vice President SME Banking,65 9859 9149,,,,christinehol@dbs.com,,,LIVE COMPANY
2024,201723795E,GREENDOT GROUP PRIVATE LIMITED,GREENDOT,Justin Chou,Director,65 9159 0555,,,,justin.chou.zq@gmail.com,,,LIVE COMPANY
2025,201921811H,SPH 1 PTE. LTD.,SPH,Melvin Wong,Account Manager,65 9118 4380,,,,melvinw@sph.com.sg,,,LIVE COMPANY
2026,201324645H,A STAR PTE. LTD.,A-STAR,See Boon Kiat Ben,Senior Manager,65 6408 2284,,,,ben_see@2r.a-star.edu.sg,,,LIVE COMPANY
2027,201119757N,ARCC HOLDINGS PTE. LTD.,ARCC HOLDINGS,Robert Chen,Director,65 9616 6608,,,,robertchen@arccholdings.com,,,LIVE COMPANY
2028,201726874M,VENTURE CAPITAL NETWORK PTE. LTD.,VENTURE CAPITAL NETWORK ,Ellen Cui,COO,65 9696 9132,,,,ellencui@vc-network.org,,,LIVE COMPANY
2029,200400165W,XPRESSFLOWER.COM PTE. LTD.,XPRESSFLOWERS.COM,Soh Yee How,Managing Director,65 6280 1007,,,,sohyeehow@xpressflower.com,,,LIVE COMPANY
2030,53188134B,CHAI YU TRADING,CHAI YU TRADING,YAP CHAI TING,,65 9838 1812,,,445 SIN MING AVENUE #01-473 SNG 570445,,,,LIVE
2031,201101956D,FIRST STATION (T1) PTE. LTD.,FIRST STATION (T1) PTE. LTD.,MS SHIRLEY,,65 9826 5862,65 6445 6030,,HOUSE 80 AIRPORT BOULEVARD MAIN CHANGI AIRPORT T1 SNG 819642,choicefood@ymail.com,,,LIVE COMPANY
2032,198901553R,DE CHENG XIN XING TRADING PTE LTD,DE CHENG XIN XING TRADING PTE LTD,MS HELEN CHEUNG LIU SUK MS NICOLE,,65 6377 2683,65 9726 2668,,1775 GEYLANG BAHRU #01-03 Singapore 339704,heng328@singnet.com.sg,,,LIVE COMPANY
2033,198903335R,EXPOFIN PTE LTD,EXPOFIN PTE LTD,MR ALI,,65 6339 1772,65 9239 8545,,11 SENANG CRESCENT MAIN SNG 416585,expofinpteltd@gmail.com,,,LIVE COMPANY
2034,201531754C,ELG UTICA ALLOYS SINGAPORE PTE. LTD.,ELG UTICA ALLOYS SINGAPORE PTE. LTD.,"MR. R.WATCTORS
 CONTACT NUMBER",,65 9780 1747,,,"22 PIONEER CRESCENT, #04-07 WEST PARK BIZCENTRAL, Singapore 628556",,,,LIVE COMPANY
2035,200412740R,GREENWAY ENVIRONMENTAL WASTE MANAGEMENT PTE. LTD.,GREENWAY ENVIRONMENTAL WASTE MANAGEMENT PTE. LTD.,MR JAY CAI,,65 9459 4704,65 6862 0065,,HOUSE 6 TUAS SOUTH STREET 8 MAIN SNG 637003,jay.greenwayenv@yahoo.com.sg,,,LIVE COMPANY
2036,199802235G,GKE WAREHOUSING & LOGISTICS PTE LTD,GKE WAREHOUSING & LOGISTICS PTE LTD,TEOH SOK WENG,,65 9683 5323,,,30 PIONEER ROAD MAIN SINGAPORE 628502,teoh@gkegroup.com.sg,,,LIVE COMPANY
2037,52946388A,TANKSTORE,TANKSTORE,MS GOH SWEE HONG TEL,,65 6225 8600,,,200 CANTONMENT ROAD #15-01 SOUTHPOINT SNG 089763,,,,LIVE
2038,199701865M,RONG DE DISTRIBUTION PTE LTD,RONG DE DISTRIBUTION PTE LTD,BENNY LAW KEN ZHANG,,65 9823 8466,65 6222 6833,91847515,HOUSE 7 SOON LEE STREET #01-39 ISPACE SNG 627608,,,,LIVE COMPANY
2039,199003595N,QUALITY TRANSPORT (S) PTE LTD,QUALITY TRANSPORT (S) PTE LTD,MS DOREEN CHANG FAX,,65 9437 5048,65 6543 1071,65 5420 6220,115 AIRPORT CARGO ROAD #02-10 CARGO AGENTS BUILDING C SNG 819466,,,,LIVE COMPANY
2040,199802130W,SINGNET PTE LTD,SINGNET PTE LTD,MS.WONG XIN NI MR. MELVIN KWONG TEL EMAIL,,65 9859 8559,65 9637 7697,,HOUSE 1 RAFFLES BOULEVARD #04-00 CONVENTION & EXHIBITION SUNTEC CITY SNG 039593,xinni.wong@starhub.com,,,LIVE COMPANY
2041,200719259Z,MULTI CHANNELS ASIA PTE. LTD.,MULTI CHANNELS ASIA PTE. LTD.,MS ADELENE,,65 9173 8712,,,"6 EU TONG SEN STREET, #06-19 , Singapore 059817",,,,LIVE COMPANY
2042,201405809N,GENIUS R US PTE. LTD.,GENIUS R US PTE. LTD.,MS VIOLET KHOO,,65 8183 0563,,,HOUSE 3 GATEWAY DRIVE #05-03 WESTGATE SNG 608532,,,,LIVE COMPANY
2043,201425094N,WENQING LEARNING HUB PTE. LTD.,WENQING LEARNING HUB PTE. LTD.,MS SHIRLEY,,65 9223 3638,,,"52, JALAN JURONG KECHIL, MAIN, 598579",WENGQINGLH@GMAIL.COm,,,LIVE COMPANY
2044,201301819W,AMIGOZ TRAVELS & TOURS PTE. LTD.,AMIGOZ TRAVELS & TOURS PTE. LTD.,RAJA,,65 8234 8074,,,37 CUFF ROAD MAIN SNG 209747,Raja.itsme@gmail.com,,,LIVE COMPANY
2045,201421061W,UNIQ LUXE PTE. LTD.,UNIQ LUXE PTE. LTD.,MS. HUI TING LIM,,65 9668 6364,,,28 MAXWELL ROAD #03-04A RED DOT TRAFFIC SNG 069120,,,,LIVE COMPANY
2046,198900160C,TRAVEL 21 (S) PTE LTD,TRAVEL 21 (S) PTE LTD,MS MABEL LEE,,65 9631 3583,,,HOUSE 101 UPPER CROSS STREET #B1-12 PEOPLE'S PARK CENTRE SNG 058357,mabel@travel21.com.sg,,,LIVE COMPANY
2047,199602913N,KINGDOM TRAVEL PTE LTD,KINGDOM TRAVEL PTE LTD,MR VIVTOR,,65 9069 7151,65 6538 6965,,HOUSE 1 PARK ROAD #03-09 SNG 059108,,,,LIVE COMPANY
2048,199901948C,CITY 99 ASIA TRAVEL (S) PTE LTD,CITY 99 ASIA TRAVEL (S) PTE LTD,MR CHENG LIN BENNY,,65 9637 3748,65 8113 5268,,HOUSE 101 UPPER CROSS STREET #B1-17 PEOPLE'S PARK CENTRE SNG 058357,benny@citi99.com.sg,,,LIVE COMPANY
2049,198401774D,CENTOUR TRAVEL & TRADING (S) PTE LTD,CENTOUR TRAVEL & TRADING (S) PTE LTD,LEE GAIK SEE,,65 6344 3492,,,50 EAST COAST ROAD #01-63 ROXY SQUARE SNG 428769,operation@centourtravel.com,,,LIVE COMPANY
2050,199703556Z,GANESH TRAVEL SERVICE PTE LTD,GANESH TRAVEL SERVICE PTE LTD,GANESH,,65 9833 6056,,,"89 SHORT STREET, #02-18 GOLDEN WALL CENTRE, Singapore 188216",ganesh19@singnet.com.sg,,,LIVE COMPANY
2051,52982779D,SUNRAY DESIGN,SUNRAY DESIGN,MR DAVE,,65 8322 8903,,,HOUSE 3 ANG MO KIO STREET 62 #02-13 LINK@AMK SNG 569139,sales@sunrayfilms.com.sg,,,LIVE
2052,53018563J,TERRI LINKS SERVICES,TERRI LINKS SERVICES,MS JAMIE CHENG,,65 6476 6374,65 9438 6201,,HOUSE 1 SOON LEE STREET #06-41 PIONEER CTR SNG 627605,chengauto@tlsgroup.com.sg,,,LIVE
2053,201537611C,NEXTGEN SHOPPING PTE. LTD.,NEXTGEN SHOPPING PTE. LTD.,MS GIGI,,65 9765 7366,,,HOUSE 105 CECIL STREET #22-00 THE OCTAGON SNG 069534,,,,LIVE COMPANY
2054,200003832D,NEW4U SYSTEM PTE LTD,NEW4U SYSTEM PTE LTD,"MS ADEL LIM JI YOUNG
 EMAIL",,65 8611 1522,,,60 AIRPORT BOULEVARD #026-093 CHANGI AIRPORT TERMINAL 2 SNG 819643,adel@new4u.com.sg,,,LIVE COMPANY
2055,201229483G,ADVANCE IT SOLUTIONS PTE. LTD.,ADVANCE IT SOLUTIONS PTE. LTD.,"MR MIKE TAN MS ZHOU MR
 BEN",,65 9792 2244,65 9083 4684,97319685,"4002, ANG MO KIO INDUSTRIAL PARK 1, #01-26, 569623",miketan.sg@gmail.com,,,LIVE COMPANY
2056,52852677D,LANWORX TECHNOLOGY,LANWORX TECHNOLOGY,HAZEL,,6922281,,,28 SIN MING LANE #06-138 MIDVIEW CITY SNG 573972,hazel@rkconsl.com,,,LIVE
2057,201213631N,SEJONG PTE. LTD.,SEJONG PTE. LTD.,MS LEONG ZHEN REN TEL,,65 8188 1452,,,"INTERNATIONAL PLAZA, 10, ANSON ROAD, #10-25, 079903",,,,LIVE COMPANY
2058,200601543M,EMTECH WELLNESS INTERNATIONAL PTE. LTD.,EMTECH WELLNESS INTERNATIONAL PTE. LTD.,MR. EE PIN,,65 9474 9375,,,HOUSE 321 CLEMENTI AVENUE 3 #02-02 SNG 129905,,,,LIVE COMPANY
2059,53023806C,CLIFFORD NUMISMATIC & COLLECTIBLE CENTRE,CLIFFORD NUMISMATIC & COLLECTIBLE CENTRE,MR LAM LAM,,65 9815 2251,,,HOUSE 111 NORTH BRIDGE ROAD #02-04 PENINSULA PLAZA SNG 179098,,,,LIVE
2060,201608279M,PIN XUAN GE PTE. LTD.,PIN XUAN GE PTE. LTD.,MR JACK CHEN,,65 8139 5650,,,231 BAIN STREET #04-11 SNG 180231,jackchen85@hotmail.com,,,LIVE COMPANY
2061,52996775L,WORLDLINK DZI GALLERY,WORLDLINK DZI GALLERY,MR CHUA CHYE HOCK,,65 9008 0084,,,HOUSE 304 ORCHARD ROAD #B1-115 SNG 238863,,,,LIVE
2062,53115155K,ALREIMIS CREATIONS,ALREIMIS CREATIONS,MR ALVING PANG MR. PATRICK,,65 9022 9874,65 9177 9006,,80 MARINE PARADE ROAD #B1-53 PARKWAY PARADE SNG 449269,,,,LIVE
2063,200002124N,MST GOLF (SINGAPORE) PTE LTD,MST GOLF (SINGAPORE) PTE LTD,ANDY,,65 9729 5989,,,101 SELETAR CLUB ROAD MAIN SELETAR COUNTRY CLUB SNG 798273,andythong@mstgolf.com,,,LIVE COMPANY
2064,201213321W,BRILLIANT D CONCEPT (PTE.) LTD.,BRILLIANT D CONCEPT (PTE.) LTD.,MR. NELSON,,65 9029 2992,,,APT/BLK 502 JURONG WEST AVENUE 1 #01-815 SNG 640502,,,,LIVE COMPANY
2065,53199845B,NEWEDGE DESIGN,NEWEDGE DESIGN,MR RAYMOND THAM,,65 9100 9622,,,400 BALESTIER ROAD #02-22 BALESTIER PLAZA SNG 329802,raymond@newedgedesign.com.sg,,,LIVE
2066,53295969L,MISTER BESPOKE,MISTER BESPOKE,MR D. DALL CHIA,,65 9169 3916,,,HOUSE 304 ORCHARD ROAD #02-99 SNG 238863,,,,LIVE
2067,200922596M,GREY CANOPY PRIVATE LIMITED,GREY CANOPY PRIVATE LIMITED,CHUA SALLY,,65 9850 4011,65 6333 5548,,"54A CLUB STREET, , Singapore 069431",sal.chua@greycanopy.com,,,LIVE COMPANY
2068,201136583G,IC2 PREPHOUSE LIMITED,IC2 PREPHOUSE LIMITED,MS JAMUNA RANI JASON YIP,,65 6790 1802,65 9878 6536,,"JURONG POINT, 1, JURONG WEST CENTRAL 2 , #04-02, 648886",,,,LIVE COMPANY
2069,198601011Z,PAP COMMUNITY FOUNDATION,PAP COMMUNITY FOUNDATION,MS FLORENCE,,65 6782 1177,,,887 TAMPINES STREET 81 #01-1006 SNG 520887,,,,LIVE COMPANY
2070,200903939G,LEARNING LEAP PTE. LTD.,LEARNING LEAP PTE. LTD.,MR.ZHANG LU MS.MUMTAZ,,65 9733 4227,65 9733 4227,,"FRONTIER PRI SCH, 20, JURONG WEST STREET 61, MAIN, 648200",,,,LIVE COMPANY
2071,198105972E,NAM KEE CEMENT PRODUCTS PTE LTD,NAM KEE CEMENT PRODUCTS PTE LTD,MS SHIMA,,65 6366 1111,,,HOUSE 2 PIONEER SECTOR 1 MAIN SNG 628414,namkeec@singnet.com.sg,,,LIVE COMPANY
2072,08942500J,CHUAN HUP HUAT,CHUAN HUP HUAT,MR PEN SENG HUAT,,65 6293 1398,65 9626 3360,,112 TAGORE LANE MAIN SNG 787546,,,,LIVE
2073,199400851H,FERROUS ASIA PTE LTD,FERROUS ASIA PTE LTD,MR GOH CHEE SOO,,65 9118 2583,65 6337 7687,,2 PENJURU PLACE #01-10 SNG 608783,info@ferrousasia.com,,,LIVE COMPANY
2074,201025779K,WASSER BATH PRIVATE LIMITED,WASSER BATH PRIVATE LIMITED,JACK OFFICE,,65 9741 2465,,,469 BALESTIER ROAD MAIN SNG 329841,jack.wasserbath@gamil.com,,,LIVE COMPANY
2075,199601713H,SENG FONG PAINTS PTE LTD,SENG FONG PAINTS PTE LTD,CLIFF,,65 9751 1823,,,38 KIAN TECK ROAD MAIN SNG 628782,sengfong@pacific.net.sg,,,LIVE COMPANY
2076,201224224K,ITACHO BM PTE. LTD.,ITACHO BM PTE. LTD.,VINCE,,65 9272 3886,,,311 NEW UPPER CHANGI ROAD #B2-42 BEDOK MALL SNG 467360,,,,LIVE COMPANY
2077,53088100D,BELL DISCO PUB,BELL DISCO PUB,MS AMY,,65 9648 1601,,,227 GEYLANG ROAD MAIN SNG 389287,,,,LIVE
2078,200001660W,PU TIEN RESTAURANT PTE LTD,PU TIEN RESTAURANT PTE LTD,MR. CHUN HOOI TEO CONTACT NUMBER EMAIL,,65 9437 6250,65 6749 6338,,HOUSE 2 ORCHARD TURN #04-12 ION ORCHARD SNG 238801,chunhooi.teo@putien.com,,,LIVE COMPANY
2079,200921229R,EVERBEST RESTAURANT PRIVATE LIMITED,EVERBEST RESTAURANT PTE LTD,MR WU GUO JUN,,65 9179 0996,,,336 BALESTIER ROAD MAIN SNG 329768,S_60066@hotmail.com,,,LIVE COMPANY
2080,200103698Z,MAESTROSOFT PTE LTD,MAESTROSOFT PTE LTD,MR KUMARESAN,,65 9066 3301,,,1 JURONG EAST STREET 21 #02-01 STALL NO. 12 SNG 609606,admin@anjappar.com.sg,,,LIVE COMPANY
2081,201211580Z,CROWN EMPIRE PTE. LIMITED,CROWN EMPIRE PTE LIMITED,MR HOWARD,,65 9363 7641,,,"80 AIRPORT BOULEVARD, #02-39 CHANGI AIRPORT T1, Singapore 819642",howard@standingsushibar.com,,,LIVE COMPANY
2082,199407288K,J.T. NETWORK PTE LTD,J. T. NETWORK PTE LTD,MR ERIC TEO,,65 9880 0033,,,HOUSE 1 HARBOURFRONT WALK #02-57 SNG 098585,eric.teo@jtn.com.sg,,,LIVE COMPANY
2083,200714435W,CHAN JU DE PTE. LTD.,CHAN JU DE PTE. LTD.,MR ANIL KUMAR,,65 9752 5990,,,HOUSE 83 JALAN SULTAN MAIN SNG 198991,AKUM.SG@GMAIL.COM,,,LIVE COMPANY
2084,201111226C,BA SHU FISH POT PTE. LTD.,BA SHU FISH POT PTE. LTD.,HE MIN,,65 9800 2356,,,"45, MOSQUE STREET, #01-01, 059523",hemin79@gmail.com,,,LIVE COMPANY
2085,200516006W,ALKAS REALTY PTE. LTD.,ALKAS REALTY PTE. LTD.,MS. LYNN CHUA,,65 9187 9882,,,"6 SHENTON WAY, OUE DOWNTOWN 1 #06-01 , Singapore 068809",lynn.chua@ap.jll.com,,,LIVE COMPANY
2086,200910552G,FRAGRANCE REALTY PTE. LTD.,FRAGRANCE REALTY PTE. LTD.,MS. CLARIN,,65 9647 9922,,,"68, JALAN JURONG KECHIL, MAIN, 596180",,,,LIVE COMPANY
2087,199000918N,KEPPEL LAND REALTY PTE LTD,KEPPEL LAND REALTY PTE LTD,"MS HWEE LENG MR TEO
 EMAIL",,65 9176 8962,65 9385 2356,,13 COMPASSVALE ROAD #B1-43 THE LUXURIE SNG 544750,pcteo@wisely98.com,,,LIVE COMPANY
2088,199608997W,SONIC SINGAPORE PTE LTD,SONIC SINGAPORE PTE LTD,MS. ANGIE,,65 6455 1800,65 6566 6489,,"TECHQUEST, 7, INTERNATIONAL BUSINESS PARK, #01-07, 609919",angie@sonic.com.sg,,,LIVE COMPANY
2089,52876340K,WL PACKAGING INDUSTRIES,WL PACKAGING INDUSTRIES,MR. WINSON,,65 9362 3805,,,"MIDVIEW BLDG, 50, BUKIT BATOK STREET 23, #01-18, 659578",wlpakind@singnet.com.sg,,,LIVE
2090,198404045D,EVERISE WAREHOUSING & TRANSPORTATION (PTE) LTD,EVERISE WAREHOUSING & TRANSPORTATION PTE LTD,MR LEE LEE HONG TEL,,65 6863 4290,,,"KEPPEL DISTRIPARK, 519, KAMPONG BAHRU, #01-107, 099453",,,,LIVE COMPANY
2091,49099700K,HAND TECH GRAPHIC SERVICE,HAND TECH GRAPHIC SERVICE,MR LIM CHAI HENG LINDA LIM,,65 9622 9811,65 6295 2668,,7 KALLANG PLACE #06-05 SNG 339153,handtechgraphic@hotmail.com,,,LIVE
2092,201006210D,MEDAID SOLUTIONS PRIVATE LIMITED,MEDAID SOLUTIONS PRIVATE LIMITED,"SANDY GOH
 CONTACT NUMBER EMAIL",,65 9177 3032,65 6282 9849,,60 KAKI BUKIT PLACE #08-17 SNG 415979,Sandy@MesaiD.com.sg,,,LIVE COMPANY
2093,197400616M,PHARMACON PTE LTD,PHARMACON PTE LTD,NORMAN TANG,,65 6741 8500,65 9787 8587,,8 KAKI BUKIT ROAD 2 #04-27 RUBY W'HSE CPLX SNG 417841,norman.tang@pharmacon.com.sg,,,LIVE COMPANY
2094,52847850L,TONG DE TANG CAN RONG ZHONG XIN,TONG DE TANG CAN RONG ZHONG XIN,MR VINCENT EYU MR HO MS JURINA WONG,,65 6582 9049,65 9772 9183,97384363,"PASIR RIS PLAZA, 735, PASIR RIS STREET 72, #01-306, 510735",,,,LIVE
2095,52898429B,JIN TAI TONG CHINESE MEDICINE SHOP PASIR RIS,JIN TAI TONG CHINESE MEDICINE SHOP PASIR RIS,MR LIEW,,65 9738 2700,,,735 PASIR RIS STREET 72 #01-354 PASIR RIS PLAZA SNG 510735,jintaitong@163.com,,,LIVE
2096,52898430J,JIN TAI TONG CHINESE MEDICINE SHOP SENGKANG,JIN TAI TONG CHINESE MEDICINE SHOP SENGKANG,MR LIEW,,65 9738 2700,,,118 RIVERVALE DRIVE #01-28 SNG 540118,jintaitong@163.com,,,LIVE
2097,199701418D,DXN (SINGAPORE) PTE LTD,DXN (SINGAPORE) PTE LTD,MR JACK LIM,,65 9777 3896,,,HOUSE 20 MAXWELL ROAD #03-01A SNG 069113,,,,LIVE COMPANY
2098,197500236D,SILKAIR (SINGAPORE) PRIVATE LIMITED,SILKAIR (SINGAPORE) PTE LTD,MR STIFEN,,65 9382 4350,,,"CHANGI AIRPORT T2, 60, AIRPORT BOULEVARD, B16-006, 819643",stifen_1@singaporeair.com.sg,,,LIVE COMPANY
2099,T15FC0051E,FLYFIREFLY SDN BHD SINGAPORE BRANCH,FLYFIREFLY SDN BHD SINGAPORE BRANCH,MR ISMAIL,,65 9616 3036,,,"60 AIRPORT BOULEVARD, B16-012-01 CHANGI AIRPORT T2, Singapore 819643",Ismail.kasim@fiireflyz.com.my,,,LIVE COMPANY
2100,S90FC4114L,EMIRATES,EMIRATES,FELIX,,65 9816 8989,,,80 AIRPORT BOULEVARD #034-02 PASSENGER TERMINAL ONE CHANGI AIRPORT SNG 819642,felix.seah@emirates.com,,,LIVE COMPANY
2101,199406884W,POLYMER TECHNOLOGIES PTE LTD,POLYMER TECHNOLOGIES PTE LTD,WAYE,,65 9005 2720,65 6863 8225,,44 TECH PARK CRESCENT MAIN TUAS TECH PARK SNG 638095,waye@polymertec.com,,,LIVE COMPANY
2102,199608844G,SCANA SINGAPORE PTE LTD,SCANA SINGAPORE PTE LTD,TERRY CHOO,,65 9030 8147,,,HOUSE 21 BUKIT BATOK CRESCENT #18-74 WCEGA TOWER SNG 658065,terry.choo@scana.no,,,LIVE COMPANY
2103,52902543D,HOMEPLUS 2000 BUILDING PRODUCTS,HOMEPLUS 2000 BUILDING PRODUCTS,RICHARD YEOW,,65 6846 8749,,,312 CHANGI ROAD MAIN SNG 419790,homeplus@singnet.com.sg,,,LIVE
2104,200604967H,PETROBRAS SINGAPORE PRIVATE LIMITED,PETROBRAS SINGAPORE PTE LTD,PAOLO,,65 9752 8828,,,"ONE RAFFLES PLACE, 1, RAFFLES PLACE, #37-00, 048616",paolo.anova@petrobras.com,,,LIVE COMPANY
2105,201322409Z,SINGAPORE A&T PTE. LTD.,SINGAPORE A&T PTE. LTD.,MURAKAMI SG.COM,,65 8726 0572,65 6336 9633,,"3 SHENTON WAY, #20-04 SHENTON HOUSE, Singapore 068805",murakami@yamasho-sg.com,,,LIVE COMPANY
2106,52828122D,GAJAH GALLERY,GAJAH GALLERY,MS. TESSA ANN WONG MS. AISHA CONTACT NUMBER EMAIL,,65 9389 4595,65 9127 5848,92346388,HOUSE 39 KEPPEL ROAD #03-04 TG PAGAR DISTRIPARK (BLK 2) KEPPEL WAREHOUSE SNG 089065,tessa@gajahgallery.com,,,LIVE
2107,199905173N,ORIND SINGAPORE PTE LTD,ORIND SINGAPORE PTE LTD,MS SABAR,,65 9747 3124,,,HOUSE 3 ANG MO KIO STREET 62 #06-16 LINK@AMK SNG 569139,sabarmz@gmail.com,,,LIVE COMPANY
2108,53036429L,S.1 MOTORING,S 1 MOTORING,MR. POH HOCK TECK,,65 9749 9535,,,3006 UBI ROAD 1 #01-366 KAMPONG UBI IND EST SNG 408700,,,,LIVE
2109,26914900K,BIAN SOON TRADING COMPANY,BIAN SOON TRADING COMPANY,MR VICTOR ONG,,65 9734 0833,65 6264 0376,92719400,"COGENT 1.LOGISTICS HUB, 1, BUROH CRESCENT, #01-06, 627545",,,,LIVE
2110,200903884C,VISTACHEM SINGAPORE (PTE. LTD.),VISTACHEM SINGAPORE (PTE. LTD.),MR MELVIN TANG,,65 9159 9085,,,"8, PANDAN CRESCENT, #04-03, 128464",,,,LIVE COMPANY
2111,198001046K,THIAM AIK HARDWARE & MACHINERY CO PTE LTD,THIAM AIK HARDWARE & MACHINERY CO PTE LTD,MR KENNY SIM SHUNHAI,,65 9755 1902,65 6368 1138,,HOUSE 18A SUNGEI KADUT LOOP MAIN SNG 729461,KENNYSIM@THIAMAIK.COM.SG,,,LIVE COMPANY
2112,199201934Z,PVS INTERNATIONAL (SINGAPORE) PTE LTD,PVS INTERNATIONAL (SINGAPORE) PTE LTD,MR KATIR,,65 8339 1482,,,HOUSE 14 ROBINSON ROAD #08-02 FAR EAST FINANCE BLDG SNG 048545,ksamraj@pvsinternational.com,,,LIVE COMPANY
2113,38424700L,BAN LEE SENG PAINTS & HARDWARE SUPPLIER,BAN LEE SENG PAINTS & HARDWARE SUPPLIER,MR JOHN KHOO,,65 9638 4600,65 6283 1357,,108 HOUGANG AVENUE 1 #01-1303 SNG 530108,banleeseng@singnet.com.sg,,,LIVE
2114,199806334R,AKRION (S) PTE LTD,AKRION (S) PTE LTD,MR CHAN,,65 9694 6823,,,"TRADEHUB 21, 18, BOON LAY WAY, #10-130, 609966",YHCHAN@AKRIONSYAYTEMS.COM.SG,,,LIVE COMPANY
2115,198500434R,ENG LEONG MEDALLIC INDUSTRIES PTE LTD,ENG LEONG MEDALLIC INDUSTRIES PTE LTD,MS YEW HOOI LING,,65 6487 7777,,,57 YISHUN INDUSTRIAL PARK A MAIN SNG 768730,yewhooiling@medals.com.sg,,,LIVE COMPANY
2116,199608527K,MERLIN FRAME MAKER & ART GALLERY PTE LTD,MERLIN FRAME MAKER & ART GALLERY PTE LTD,MR SEAHYI LING,,65 6863 4290,,,HOUSE 192 PANDAN LOOP #02-18 PANTECH INDUSTRIAL COMPLEX SNG 128381,yiling@merlin.com.sg,,,LIVE COMPANY
2117,53048937J,GOMOTEX SIGNCRAFT STUDIO'99,GOMOTEX SIGNCRAFT STUDIO''99,MR ALAN ONG YEW CHONG,,65 9668 5527,65 6441 0002,62412221,3013 BEDOK INDUSTRIAL PARK E #01-2130 SNG 489979,gomotex@singnet.com.sg,,,LIVE
2118,53133700J,RJ OFFICE SUPPLIES,RJ OFFICE SUPPLIES,JOE,,65 6863 4290,,,808 FRENCH ROAD #03-193 KITCHENER COMPLEX SNG 200808,OFFICESUPPLIES@RJGROUP.COM.SG,,,LIVE
2119,52892423X,CHYE GUAN SIGNS & SILKSCREEN,CHYE GUAN SIGNS & SILKSCREEN,ALVIN KOO ENG CHYE KUNG,,65 9382 1776,65 6747 1962,,HOUSE 134 JOO SENG ROAD #01-03 NOBEL DESIGN HSE SNG 368359,alvin@chyeguan.com,,,LIVE
2120,200106088H,AUTO SPRITZE PTE LTD,AUTO SPRITZE PTE LTD,MR DENNIS NG,,65 9475 4255,,,115 EUNOS AVENUE 3 MAIN EUNOS INDUSTRIAL ESTATE SNG 409839,dennis@autospritze.com.sg,,,LIVE COMPANY
2121,196900714W,THONG LEE TRADING PRIVATE LIMITED,THONG LEE TRADING (PTE) LTD,LIM CHEE HAU,,65 9191 4826,,,HOUSE 3 ANG MO KIO STREET 62 #01-15 LINK@AMK SNG 569139,CH.LIM80@GMAIL.COM,,,LIVE COMPANY
2122,53092491M,RICK YEE FENGSHUI CONSULTANCY,RICK YEE FENGSHUI CONSULTANCY,CHAN POH GEK,,65 9771 3902,,,5001 BEACH ROAD #03-57 Singapore 199588,,,,LIVE
2123,198103843K,TONITA CO PTE LTD,TONITA COMPANY PTE LTD,BERNARD,,65 9733 0373,,,50 UBI CRESCENT #01-06 SNG 408568,bernard.lin@tonita.com.sg,,,LIVE COMPANY
2124,198904033G,MOVA AUTOMOTIVE PTE LTD,MOVA AUTOMOTIVE PTE LTD,MR.YEO POH KHENG FAN YOONG ROAD MAIN,,65 9820 6598,,,"15, FAN YOONG ROAD, MAIN, 629792",kheng@mova.com.sg,,,LIVE COMPANY
2125,201428702H,SOZO WOUND & STOMA CARE PTE. LTD.,SOZO WOUND & STOMA CARE PTE. LTD.,MS ESTHER THNG MS ZAKIAH,,65 8533 1522,65 9725 3244,,"SQUARE 2, 10, SINARAN DRIVE, #09-01, 307506",thngesther@gmail.com,,,LIVE COMPANY
2126,201300440D,ADVANCED PAIN CENTRE PTE. LTD.,ADVANCED PAIN CENTRE PTE. LTD.,MR BRETT,,65 6425 5368,,,"134, JURONG GATEWAY ROAD, #03-307L, 600134",APC@SPINE.SG,,,LIVE COMPANY
2127,200107868R,KORD IT PTE LTD,KORD IT PTE LTD,ZHENG,,65 9088 2638,,,18 SIN MING LANE #06-38 MIDVIEW CITY SNG 573960,zyx@kordit.com,,,LIVE COMPANY
2128,198301399C,NIHON INDUSTRIAL PRODUCTS PTE LTD,NIHON INDUSTRIAL PRODUCTS PTE LTD,SHARON GOH,,65 6552 3809,,,24 SIN MING LANE #02-98 MIDVIEW CITY SNG 573970,sharon@nihons.com.sg,,,LIVE COMPANY
2129,200003659R,LIANG TIA AIR-CON & ENGINEERING PTE LTD,LIANG TIA AIR-CON & ENGINEERING PTE LTD,MS WINNIE SHUM,,65 9636 2215,65 6746 6729,,1038 EUNOS AVENUE 3 #01-78 SNG 409845,liangtiaaircon@singnet.com.sg,,,LIVE COMPANY
2130,196800630C,HIAP TECK METAL CO. (1968 PTE) LIMITED,HIAP TECK METAL CO (1968 PTE) LTD,MS TING TING TEL,,65 6265 7077,,,"35, GUL CRESCENT, MAIN, 629544",,,,LIVE COMPANY
2131,198102980G,NAN WAH MARKETING PTE LTD,NAN WAH MARKETING PTE LTD,MS LILY KHOO,,65 6545 1511,,,4 CHANGI SOUTH LANE #07-01 NAN WAH BUILDING SNG 486127,lilykhoo@nanwah.com.sg,,,LIVE COMPANY
2132,201008279K,METROPOLIS SECURITY SYSTEMS PTE. LTD.,METROPOLIS SECURITY SYSTEMS PTE. LTD.,"MS LER SIAO PEI
 CONTACT NUMBER EMAIL",,65 6352 6769,,,20 SIN MING LANE #08-63 MIDVIEW CITY SNG 573968,hr@metropolis.sg,,,LIVE COMPANY
2133,52948127L,PTC PERSONNEL CONSULTANCY,PTC PERSONNEL CONSULTANCY,MS KAREN CHNG,,65 9631 8848,65 6538 8170,,HOUSE 20 MAXWELL ROAD #08-01 SNG 069113,,,,LIVE
2134,53062695X,THE PERFECT CHOICE @ SIGLAP,THE PERFECT CHOICE @ SIGLAP,MS JUDY KANG,,65 9127 9127,65 6442 0201,,55 SIGLAP ROAD #B1-04 SIGLAP CENTRE SNG 455871,theperfectchoicepl@yahoo.com,,,LIVE
2135,201413939M,SINGMATCH HUMAN RESOURCES PTE. LTD.,SINGMATCH HUMAN RESOURCES PTE. LTD.,MS HUANG HUIFANG,,65 8622 9320,,,HOUSE 51 ANSON ROAD #07-55F ANSON CENTRE SNG 079904,ADA.NG@SINGMATCH.COM,,,LIVE COMPANY
2136,198304925E,SHENG SIONG SUPERMARKET PTE LTD,SHENG SIONG SUPERMARKET PTE LTD,MRS TAN SIOK TIN,,65 9731 0335,65 6895 1888,,"312A, SUMANG LINK, #01-04, 821312",mis@shengsiong.com.sg,,,LIVE COMPANY
2137,53144234M,BAOSHI HR AGENCY,BAOSHI HR AGENCY,MR ANDREW,,65 9856 9593,65 6533 3350,,HOUSE 101 UPPER CROSS STREET #07-11 PEOPLE'S PARK CENTRE SNG 058357,DONGWEI@BAOSHI.COM.SG,,,LIVE
2138,201308429G,OWNDAYS SINGAPORE PTE. LTD.,OWNDAYS SINGAPORE PTE. LTD.,"MS MAKI KUSANO
 EMAIL",,65 6737 0980,65 8571 7871,,HOUSE 311 NEW UPPER CHANGI ROAD #01-42 SNG 467360,m-kusano@owndays.co.jp,,,LIVE COMPANY
2139,202415194R,IWEAR.COM PRIVATE LIMITED,IWEAR.COM,MR. LIM KING LEE,,65 9079 4650,65 6777 1218,,721 CLEMENTI WEST STREET 2 #01-124 SNG 120721,iwear@singnet.com.sg,,,LIVE COMPANY
2140,199907424W,THE LENS MEN PTE LTD,THE LENS MEN PTE LTD,MR. ANDREW CONTACT NUMBER EMAIL,,65 9699 7200,,,HOUSE 80 MARINE PARADE ROAD #B1-77 SNG 449269,andrewfong@lensmen.com,,,LIVE COMPANY
2141,53462723D,EMPEROR OPTICS AND CONTACT LENS,EMPEROR OPTICS AND CONTACT LENS,MR ROBIN,,65 6447 3780,,,HOUSE 80 MARINE PARADE ROAD #B1-72/73 SNG 449269,,,,LIVE
2142,199000379N,KIONG ENG MACHINERY MOVING SERVICES PTE LTD,KIONG ENG MACHINERY MOVING SERVICES PTE LTD,TAN POH ENG,,65 6280 7418,65 9631 0208,,80 PLAYFAIR ROAD #05-06 KAPO FACTORY BUILDING SINGAPORE 367998 (BLK A),petan@kemms.com.sg,,,LIVE COMPANY
2143,53430853L,THE COURIER PEOPLE,THE COURIER PEOPLE,CONTACTL MR CK,,65 6252 0100,,,6 KWONG MIN ROAD MAIN SNG 628709,contact@tcp.com.sg,,,LIVE
2144,199900117Z,EUREKA CONTROL SYSTEMS PTE LTD,EUREKA CONTROL SYSTEMS PTE LTD,RAJESH SARAJ JASMINDER SINGH TEL,,65 9066 5337,65 9011 6871,68615351,2 GUL LINK MAIN SINGAPORE 629372,ecs@eurekacontrol.com.sg,,,LIVE COMPANY
2145,52874069E,POWER WHEEL MOTOR BIKE TRADING,POWER WHEEL MOTOR BIKE TRADING,MR TAN CHEE HWEE,,65 8686 2021,65 6783 2021,,9004 TAMPINES STREET 93 #01-84 SNG 528838,powerwheelbike@pacific.net.sg,,,LIVE
2146,198201025C,SIA ENGINEERING COMPANY LIMITED,SIA ENGINEERING COMPANY LIMITED,MR ROBIN TOH,,65 9675 0140,65 6541 6240,,31 AIRLINE ROAD #03-00 SNG 819831,robin_toh@singaporeair.com.sg,,,LIVE COMPANY
2147,199801683K,EAGLE SERVICES ASIA PRIVATE LIMITED,EAGLE SERVICES ASIA PTE LTD,MR LIM ENG GIAP,,65 9618 4833,65 6548 2444,,51 CALSHOT ROAD BLDG 2 #01-00 ENGINE OVERHAUL COMPLEX SNG 509927,lim.eng.giap@pw.utc.com,,,LIVE COMPANY
2148,199500203D,SHIPBLAST MARINE PTE LTD,SHIPBLAST MARINE PTE LTD,"MR CHEE PENG TAN
 ALVIN",,65 9647 7600,,,"9, TECH PARK CRESCENT, MAIN, 638123",TAN@SHIPBLASTMARINE.COM,,,LIVE COMPANY
2149,201400885K,K H M MARINE ENGINEERING PTE. LTD.,K H M MARINE ENGINEERING PTE. LTD.,MR ALBERT THONG,,65 9663 0219,,,HOUSE 5 SOON LEE STREET #02-32 PIONEER POINT SNG 627607,,,,LIVE COMPANY
2150,T10FC0053E,SAMAYU CO LTD (SINGAPORE BRANCH),SAMAYU CO LTD (SINGAPORE BRANCH),MDM MAR LAR AYE SG,,65 9173 6260,,,HOUSE 18 BOON LAY WAY #09-93 TRADEHUB 21 SNG 609966,sg-br@samayu.co.jp,,,LIVE COMPANY
2151,201204874E,BOEING SINGAPORE PTE. LTD.,BOEING SINGAPORE PTE. LTD.,MAMESH,,65 9679 3024,,,60 AIRPORT BOULEVARD 038-56 CHANGI AIRPORT T2 SNG 819643,,,,LIVE COMPANY
2152,198400531N,STEEL FORMING & ROLLING SPECIALISTS PTE LTD,STEEL FORMING & ROLLING SPECIALISTS PTE LTD,MS RAFIDAH,,65 6862 3461,,,"14, TUAS CRESCENT, 638708",RAFIDAH@STELLFORMING.COM.SG,,,LIVE COMPANY
2153,199206800E,AL-SUS INDUSTRIES PTE LTD,AL-SUS INDUSTRIES PTE LTD,MS CHARMAINE HO,,65 9795 8309,65 6268 1211,,HOUSE 13 KIAN TECK DRIVE MAIN SNG 628830,,,,LIVE COMPANY
2154,197300608W,OLS MANUFACTURING CO. PTE LTD,OLS MANUFACTURING CO PTE LTD,MR.DAVID,,65 9747 1573,,,HOUSE 16 BENOI SECTOR MAIN SNG 629850,DAVID@OLSMFG.COM,,,LIVE COMPANY
2155,199005870K,METALL-TREAT INDUSTRIES PTE LTD,METALL-TREAT INDUSTRIES PTE LTD,MR TAY EMAIL TREAT.COM,,65 9669 4511,,,"28, GUL AVENUE, MAIN, 629668",yetay@metall-treat.com,,,LIVE COMPANY
2156,199201856M,AAA TECHNOLOGY (SINGAPORE) PTE LTD,AAA TECHNOLOGY (SINGAPORE) PTE LTD,MR LEONG,,65 6288 8650,,,65 UPPER PAYA LEBAR ROAD #02-01 GUANG MING INDUSTRIAL BLDG SNG 534817,leong@aaatech.com.sg,,,LIVE COMPANY
2157,199606717N,ETERNAL NICE (PTE) LTD,ETERNAL NICE (PTE) LTD,XUE XIAO XIA GM,,65 6285 5900,65 9128 3814,,HOUSE 730 UPPER SERANGOON ROAD #B1-01 YELEY BLDG SNG 534613,xiaoxia@eternalnice.com.sg,,,LIVE COMPANY
2158,199903842N,CAR CITY LEASING PTE LTD,CAR CITY LEASING PTE LTD,SERENE NG,,65 6344 9990,,,9006 TAMPINES STREET 93 #01-198 TAMPINES INDUSTRIAL PARK A SNG 528840,carcity@singnet.com.sg,,,LIVE COMPANY
2159,198800888M,HANKOOK ENGINEERING PTE LTD,HANKOOK ENGINEERING PTE LTD,SALEH,,65 6745 5377,,,371 BEACH ROAD #13-05/06 KEYPOINT SNG 199597,sari@joegreenpanel.com,,,LIVE COMPANY
2160,199602668H,UNIPAC AUTOMATION PTE LTD,UNIPAC AUTOMATION PTE LTD,PATRICK KEK,,65 9672 2672,,,4009 ANG MO KIO AVENUE 10 #04-30 SNG 569738,unipac@singnet.com.sg,,,LIVE COMPANY
2161,199105994W,SAKURAGAWA PUMP (S) PTE LTD,SAKURAGAWA PUMP (S) PTE LTD,NO CUST DETAILS,,NO DETAILS,,,36 LOR 11 GEYLANG MAIN SNG 388728,,,,LIVE COMPANY
2162,198904636G,TELECOM EQUIPMENT PTE LTD,TELECOM EQUIPMENT PTE LTD,MS ALICIA SIM TEL,,65 9829 2878,,,HOUSE 80 MARINE PARADE ROAD #B1-01 SNG 449269,,,,LIVE COMPANY
2163,200412466D,RICHARDSON RFPD SINGAPORE PTE. LTD.,RICHARDSON RFPD SINGAPORE PTE. LTD.,MS AI LING HENG,,65 9787 1573,65 6749 8117,,HOUSE 750C CHAI CHEE ROAD #01-04 TECHNOPARK @ CHAI CHEE SNG 469003,ailing@trinitycargolink.com,,,LIVE COMPANY
2164,200107789W,COMMS EQUIPMENTS PTE LTD,COMMS EQUIPMENTS PTE LTD,MR. ALVIN TIONG TEL,,65 8388 8572,,,HOUSE 2 ORCHARD TURN #B4-20 ION ORCHARD SNG 238801,,,,LIVE COMPANY
2165,197800990G,PRESION PRIVATE LIMITED,PRESION PTE LTD,MR TONY CHOW,,65 6280 6757,,,20 SHAW ROAD #03-07 CHING SHINE INDUSTRIAL BLDG SNG 367956,presion@singnet.com.sg,,,LIVE COMPANY
2166,198904061D,NOVABELL TECHNOLOGY PTE LTD,NOVABELL TECHNOLOGY PTE LTD,MR LIM TOW SOON,,65 9647 2953,65 6543 1106,,5 CHANGI VILLAGE ROAD #01-2049 SNG 500005,limtowsoon@retell.co.uk,,,LIVE COMPANY
2167,53247379E,HX COMMUNICATIONS,HX COMMUNICATIONS,MR KELVIN SEE,,65 9088 2271,,,APT/BLK 710A ANG MO KIO AVENUE 8 #01-2625 SNG 561710,,,,LIVE
2168,199608643G,BATTERY POWER INTERNATIONAL PTE LTD,BATTERY POWER INTERNATIONAL,MR ANDREW LIM,,65 9797 4428,,,"75, TUAS AVENUE 1, MAIN, 639513",,,,LIVE COMPANY
2169,199403934Z,VECTOR INFOTECH PTE LTD,VECTOR INFOTECH PTE LTD,MR ALBERT CHAI,,65 9188 4521,,,"3015A, UBI ROAD 1, #05-13, 408705",albert@vectorinfotech.com,,,LIVE COMPANY
2170,201208297C,ALLIED FOODSERVICE EQUIPMENT (S) PTE. LTD.,ALLIED FOODSERVICE EQUIPMENT (S) PTE. LTD.,LIM KIAN HOCK,,65 6992 5958,,,13 LOR 8 TOA PAYOH #04-01 BRADDELL TECH SNG 319261,ribbsonlim@afe.com.my,,,LIVE COMPANY
2171,200103491N,FLUID PAC PTE LTD,FLUID PAC PTE LTD,"KEN GN
 CONTACT NUMBER EMAIL",,65 6260 1822,65 9622 0028,,3016 BEDOK NTH AVE 4 #08-24 EASTECH SNG 489947,gncsken@singnet.com.sg,,,LIVE COMPANY
2172,200402669G,OTTE INTERNATIONAL PTE. LTD.,OTTE INTERNATIONAL PTE. LTD.,"CHOO
 CONTACT NUMBER EMAIL",,65 9138 1338,,,1 PEMIMPIN DRIVE #10-11 ONE PEMIMPIN SNG 576151,jschoo@ottegroup.com,,,LIVE COMPANY
2173,200101251C,HAARIBOL PTE LTD,HAARIBOL PTE LTD,CARU NG,,65 9299 7942,,,32 INGGU ROAD MAIN SNG 757369,,,,LIVE COMPANY
2174,199508728G,ANALYTICAL SYSTEMS ENGINEERING PTE LTD,ANALYTICAL SYSTEMS ENGINEERING PTE LTD,STANLEY LEOW,,65 9632 1184,,,448 TAGORE INDUSTRIAL AVENUE MAIN SINGAPORE 787819,stanley@analysys.com.sg,,,LIVE COMPANY
2175,199708012N,PPL SHIPYARD PTE LTD,PPL SHIPYARD PTE LTD,NO CUST DETAILS,,NO DETAILS,,,21 PANDAN ROAD LEVEL 1 PPL SHIPYARD SINGAPORE 609273,,,,LIVE COMPANY
2176,201406975K,ACER PRECISION ENGINEERING & SERVICE PTE. LTD.,ACER PRECISION ENGINEERING & SERVICE PTE. LTD.,MS.DIANA,,65 9723 5563,,,"ISPACE, 7, SOON LEE STREET, #03-34, 627608",,,,LIVE COMPANY
2177,200105112M,GLOBALTECH SYSTEMS ENGINEERING PTE LTD,GLOBALTECH SYSTEMS ENGINEERING PTE LTD,MS. CYNTHIA CHOO MS. JAIME,,65 9637 0220,65 6741 1848,,19 JURONG PORT ROAD GROUND LEVEL SNG 619093,cynthiachoo@gsepl.com,,,LIVE COMPANY
2178,198300574N,EVERBESTING METAL WORKS PTE LTD,EVERBESTING METAL WORKS PTE LTD,MS SHI TING TEL,,65 9621 4952,,,"2 TUAS SOUTH STREET 6, MAIN , Singapore 637118",,,,LIVE COMPANY
2179,199307318M,FLAKECOAT TECHNOLOGY PTE LTD,FLAKECOAT TECHNOLOGY PTE LTD,"MR. RAI
 CONTACT NUMBER",,65 9737 1321,,,"19, TUAS SOUTH STREET 1, MAIN, 638066",,,,LIVE COMPANY
2180,39949200C,HAI FONG INDUSTRIES,HAI FONG INDUSTRIES,"MR. NO KAH HUAT
 CONTACT NUMBER",,65 6482 3739,65 9624 9119,,APT/BLK 5055 ANG MO KIO INDUSTRIAL PARK 2 #01-1147 SNG 569558,,,,LIVE
2181,199900083K,TURN-MASTER ENGINEERING (S) PTE LTD,TURN-MASTER ENGINEERING (S) PTE LTD,MR CALVIN LIM,,65 9680 4581,,,211 WOODLANDS AVENUE 9 #08-72 WOODLANDS SPECTRUM SNG 738960,turnmast@singnet.com.sg,,,LIVE COMPANY
2182,199900030N,GOLDEN WORLD MACHINERY (S) PTE LTD,GOLDEN WORLD MACHINERY (S) PTE LTD,LIEW SIM KIN,,65 9634 7021,,,3018 BEDOK NORTH STREET 5 #01-11 EASTLINK LIGHT IND FACTORY SNG 486132,sales@goldenworld.com.sg,,,LIVE COMPANY
2183,200106627H,WINSCAD ENGINEERING (S) PTE LTD,WINSCAD ENGINEERING (S) PTE LTD,JOHN TAY,,65 9879 0815,,,51 UBI AVENUE 1 #06-29 SNG 408933,winscad@yahoo.com.sg,,,LIVE COMPANY
2184,48171800A,YONG GUAN HYDRAULIC & INDUSTRIAL SUPPLY,YONG GUAN HYDRAULIC & INDUSTRIAL SUPPLY,"AH YONG
 IC.COM",,65 9617 1787,,,APT/BLK 30 DEFU LANE 10 #03-124 SNG 539211,,,,LIVE
2185,53131385M,CHENG & CO,CHENG & CO,WO NOT INSIDE FOLDER,,NO DETAILS,,,HOUSE 5 COLEMAN STREET #03-06 EXCELSIOR HOTEL/SHPG CTR SNG 179805,,,,LIVE
2186,53130986W,A RAJANDRAN,A RAJANDRAN,RAJANDRAN AUDREY,,65 6536 1125,,,"5001 BEACH ROAD, #08-16 GOLDEN MILE COMPLEX, Singapore 199588",a_Rajandran@hotmail.com,,,LIVE
2187,199508222H,TIPTOP CONSULTANTS PTE LTD,TIPTOP CONSULTANTS PTE LTD,NG SAN NA,,65 6226 1107,65 9781 9841,,1 COMMONWEALTH LANE #07-14 ONE COMMONWEALTH SINGAPORE 149544,Sanna.ng@tiptop.com.sg,,,LIVE COMPANY
2188,200821941M,THIRTYTHREE PRIVATE LIMITED,THIRTYTHREE PRIVATE LIMITED,MS. TZE MENG MR. WEN SOOTEL,,65 9835 9433,65 9686 8190,,252 NORTH BRIDGE ROAD #B1-K10 RAFFLES CITY SHOPPING CENTRE SNG 179103,,,,LIVE COMPANY
2189,53131154J,VIRGINIA QUEK LALITA & PARTNERS,VIRGINIA QUEK LALITA & PARTNERS,MS VIRGINIA QUEK,,65 9030 7623,65 6337 1949,,HOUSE 1 COLEMAN STREET #06-08 SNG 179803,virginiaquel@vqlnp.com.sg,,,LIVE
2190,T13LL2214L,CAMPBELL JOHNSTON CLARK SINGAPORE LLP,CAMPBELL JOHNSTON CLARK SINGAPORE LLP,MS LI LI TAN TY,,65 9843 6035,65 9191 7668,,83 AMOY STREET #04-01 SNG 069902,,,,LIVE
2191,199901918D,GMC SERVICES (ASIA-PACIFIC) PTE LTD,GMC SERVICES (ASIA PACIFIC) PTE LTD,MR. SAMUEL SURESH TEL,,65 9687 3817,,,"137, TELOK AYER STREET, #07-01, 068602",,,,LIVE COMPANY
2192,201200804K,ENSTON CORPORATE SERVICES PTE. LTD.,ENSTON CORPORATE SERVICES PTE. LTD.,MR. CHEN SONG ENG,,65 9641 6855,,,HOUSE 77 HIGH STREET #09-11 HIGH STREET PLAZA SNG 179433,,,,LIVE COMPANY
2193,199204781K,WT CONTROLS (S) PTE LTD,WT CONTROLS (S) PTE LTD,MR TANG FOOK KONG,,65 9681 6106,65 6743 8938,,1 KAKI BUKIT AVENUE 3 #04-11 SNG 416087,tangfk@wtcontrols.sg,,,LIVE COMPANY
2194,199707148R,CHANEL ASIA PACIFIC PTE LIMITED,CHANEL ASIA PACIFIC PTE LTD,MR SEBASTIAN GOH EMAIL,,65 9666 6354,,,65 AIRPORT BOULEVARD SHOP UNIT L3 (T)-03-06B CHANGI AIRPORT T3 SNG 819663,,,,LIVE COMPANY
2195,T08LL1230B,LEE SHERGILL LLP,LEE SHERGILL LLP,MR GURMESH SINGH,,65 8717 6256,65 6535 1376,,"111 NORTH BRIDGE ROAD, #07-07 PENINSULA PLAZA, Singapore 179098",,,,LIVE
2196,T13LL2055A,UNICORN PUBLISHING LLP,UNICORN PUBLISHING LLP,MR FRANCIS KWOK,,65 9798 4176,,,HOUSE 91 BENCOOLEN STREET #05-06 SUNSHINE PLAZA SNG 189652,,,,LIVE
2197,53131255X,LAURENCE GOH ENG YAU & CO,LAURENCE GOH ENG YAU & CO,MR ENG YAU LAURENCE GOH,,65 9673 6977,,,HOUSE 21 CANTONMENT ROAD MAIN SNG 089742,,,,LIVE
2198,200823247H,CSR MANAGEMENT SERVICES PTE. LTD.,CSR MANAGEMENT SERVICES PTE. LTD.,MR CHELLA DURAI,,65 9858 2767,65 6337 7526,,HOUSE 35 SELEGIE ROAD #09-22 SNG 188307,csrchella@yahoo.com.sg,,,LIVE COMPANY
2199,53131180E,MIRCHANDANI & PARTNERS,MIRCHANDANI & PARTNERS,MR ASHOK CHUGANI MS GAYANTHI,,65 6323 6800,,,HOUSE 11 KENG CHEOW STREET #02-09 THE RIVERSIDE PIAZZA SNG 059608,lawyers@mirchandani.com.sg,,,LIVE
2200,199804587H,SYSCO ANALYTICS ASIA PTE LTD,SYSCO ANALYTICS ASIA PTE LTD,KELVIN,,65 9889 9406,,,"ISPACE, 7, SOON LEE STREET, #05-10, 627608",kelvin.lim@syscoanalytics.com,,,LIVE COMPANY
2201,S78PF0133F,K K LIM & CO,K K LIM & CO,FAUZIAH HASHIM,,65 9144 1124,,,"47A TRAS STREET, , Singapore 078986",kklimco@singnet.com.sg,,,LIVE
2202,199206729N,IMPACT CONSULTANCY & TRAINING PTE LTD,IMPACT CONSULTANCY & TRAINING PTE LTD,"CONTACT PERSON DR JOHNNY MS CHRISTINE
 CONTACT NUMBER EMAIL",,65 9675 9818,65 9640 8912,,33 UBI AVENUE 3 #04-28 VERTEX SNG 408868,impact@singnet.com.sg,,,LIVE COMPANY
2203,199508916C,ATACORA PTE LTD,ATACORA PTE LTD,CHRIS,,65 9671 9122,,,HOUSE 160 ROBINSON ROAD #25-01 SNG 068914,CHRIS@ATACORA.COM.SG,,,LIVE COMPANY
2204,200600304G,ACCTAX MANAGEMENT CONSULTANCY PRIVATE LIMITED,ACCTAX MANAGEMENT CONSULTANCY PRIVATE LIMITED,CHAI YEE HOI,,65 6592 5130,,,165 BUKIT MERAH CENTRAL #06-3663 SINGAPORE 150165,yeehoi@acctax.sg,,,LIVE COMPANY
2205,201002092M,ECRA BUSINESS SERVICES PTE. LTD.,ECRA BUSINESS SERVICES PTE. LTD.,"CECILIA TAN
 CONTACT NUMBER EMAIL",,65 6570 9137,,,50 SERANGOON NORTH AVENUE 4 #07-05 FIRST CTR SNG 555856,Ecra.biz@gmail.com,,,LIVE COMPANY
2206,201437816C,JENNIFER GREEN PRIVATE LIMITED,JENNIFER GREEN PRIVATE LIMITED,MS JENNIFER TEL,,65 8288 2848,,,HOUSE 2 ORCHARD TURN #B2-59 ION ORCHARD SNG 238801,,,,LIVE COMPANY
2207,T15LL1726D,PURE GEMS JEWELLERY LLP,PURE GEMS JEWELLERY LLP,MR. BOON NGEE LEE,,65 9695 1159,,,HOUSE 390 VICTORIA STREET #02-46 SNG 188061,,,,LIVE
2208,198000507G,CHANEL PTE LIMITED,CHANEL PTE LIMITED,MS YAN YAN TEO EMAIL,,65 9632 7785,,,HOUSE 80 MARINE PARADE ROAD #01-83 PARKWAY PARADE SNG 449269,yanyan.teo@chanel.com.sg,,,LIVE COMPANY
2209,199000805N,PACIFIC SPORTS PTE LTD,PACIFIC SPORTS PTE LTD,MS JOYCE,,65 6749 8444,,,7 KAKI BUKIT ROAD 1 #04-15 SNG 415937,accounts@pacificsingapore.com,,,LIVE COMPANY
2210,199504230N,CORTINA WATCH PTE LTD,CORTINA WATCH PTE LTD,MR. POH AH LENG TEL,,65 9694 3111,,,HOUSE 252 NORTH BRIDGE ROAD #01-36 RAFFLES CITY SHOPPING CENTRE SNG 179103,,,,LIVE COMPANY
2211,201324295N,FOUR NINES SINGAPORE PTE. LTD.,FOUR NINES SINGAPORE PTE. LTD.,MR. MASANAO MR. MASAKI GOTO,,65 8401 1111,65 9019 7104,,HOUSE 391 ORCHARD ROAD #03-09A SNG 238872,,,,LIVE COMPANY
2212,197803343W,ABADI JAYA PTE LTD,ABADI JAYA PTE LTD,"MR PHOON KIT HOONG
 EMAIL",,65 9151 0116,,,"16, SENANG CRESCENT, 416589",abadi@singnet.com.sg,,,LIVE COMPANY
2213,T15FC0069L,WIPAK OY (SINGAPORE BRANCH),WIPAK OY ( SINGAPORE BRANCH ),MR PAUL,,65 9625 9419,,,HOUSE 21 BUKIT BATOK CRESCENT #17-75 WCEGA TOWER SNG 658065,paul.chiange@wipak.com,,,LIVE COMPANY
2214,198602888W,J & R BOSSINI FASHION PTE LTD,J & R BOSSINI FASHION PTE LTD,"MR JOHNNY
 EMAIL",,65 9664 0905,,,HOUSE 80 MARINE PARADE ROAD #01-47 PARKWAY PARADE SNG 449269,johnny.lee@bossini.com.sg,,,LIVE COMPANY
2215,199200346K,EMJAY ENTERPRISES PTE LTD,EMJAY ENTERPRISES PTE LTD,KUNAL,,65 6338 1571,65 9170 3999,,"111 NORTH BRIDGE ROAD, #02-32 PENINSULA PLAZA, Singapore 179098",KUNAL@EMJAY.COM,,,LIVE COMPANY
2216,198304190D,SPORTS FASHION PTE LTD,SPORTS FASHION PTE LTD,CONTACT MR CHNG SWEE SIONG,,65 9822 9859,,,HOUSE 605A MACPHERSON ROAD #02-01 CITIMAC INDUSTRIAL COMPLEX SNG 368240,allenjoey.ching@yahoo.com,,,LIVE COMPANY
2217,52806949K,"THE RITZ-CARLTON, MILLENIA SINGAPORE",THE RITZ-CARLTON MILLENIA SINGAPORE,MR. KENNY LU,,65 9719 4638,,,HOUSE 7 RAFFLES AVENUE MAIN RITZ CARLTON HOTEL SNG 039799,,,,LIVE
2218,53181164J,VILLAGE HOTEL KATONG,VILLAGE HOTEL KATONG,MR TEO,,65 9645 0083,,,"PARAMOUNT HOTEL, 25, MARINE PARADE, 449536",,,,LIVE
2219,33711400E,AMARA SINGAPORE,AMARA SINGAPORE,MR ELTON,,65 9092 3788,,,HOUSE 165 TANJONG PAGAR ROAD MAIN AMARA HOTEL SNG 088539,ace.sg@amarashotel.com,,,LIVE
2220,201313025C,ARTE STRAITS HOLDINGS PTE. LTD.,ARTE STRAITS HOLDINGS PTE. LTD.,MS MIKO,,65 6333 5662,65 9384 3679,,HOUSE 177 RIVER VALLEY ROAD #02-15 LIANG COURT SHOPPING CTR SNG 179030,,,,LIVE COMPANY
2221,52843840M,TREND POINT,TREND POINT,MS JOSEPTHINE LAU AI KHENG,,65 9830 3693,,,HOUSE 60 EU TONG SEN STREET #02-05A SNG 059804,,,,LIVE
2222,198702327C,YEN INVESTMENTS PTE LTD,YEN INVESTMENTS PTE LTD,JASMINE GOH,,65 9776 1626,,,5001 BEACH ROAD #01-54 Singapore 199588,yen_support@yen.com.sg,,,LIVE COMPANY
2223,199701597H,SOLEX LOGISTICS (SINGAPORE) PTE LTD,SOLEX LOGISTICS (SINGAPORE) PTE LTD,XAVIER MEENA,,65 9116 1181,65 6266 3277,,34 PENJURU LANE #01-03 PENJURU LOGISTIC HUB SINGAPORE 609201,Solex.admin@sg.nenkel.com,,,LIVE COMPANY
2224,198905558R,LINER SHIPPING PTE LTD,LINER SHIPPING PTE LTD,ROBIN BAY,,65 6223 6133,65 8128 3133,,"ISPACE, 7, SOON LEE STREET, #05-35, 627608",,,,LIVE COMPANY
2225,198800139W,MAPLE AVIATION PTE LTD,MAPLE AVIATION PTE LTD,MS. REBECCA –,,65 6225 3733,,,30 RAFFLES PLACE #09-01 CHEVRON HSE SNG 048622,rebecca@elyasiana.com,,,LIVE COMPANY
2226,199506235C,C.M.I. MARITIME PTE LTD,C.M.I. MARITIME PTE LTD,MS TAN MICHAEL,,65 6837 2079,65 9166 1657,,31 BUKIT BATOK CRESCENT #04-15 SNG 658070,cmioperations@cmispore.com.sg,,,LIVE COMPANY
2227,200610164M,3R LOGISTICS PTE. LTD.,3R LOGISTICS PTE. LTD.,MS KELLY,,65 6225 2388,,,"MALACCA CENTRE, 20, MALACCA STREET, #10-00, 048979",KELLY@3R.COM.SG,,,LIVE COMPANY
2228,198101175R,CTI LOGISTICS PTE LTD,CTI LOGISTICS PTE LTD,MS FELICIA CHAN,,65 6542 7888,,,7 AIRLINE ROAD #01-10 CARGO AGENT BLDG E SNG 819834,felicia.chan@cti.com.sg,,,LIVE COMPANY
2229,199203993W,BECHTRANS INTERNATIONAL (S) PTE LTD,BECHTRANS INTERNATIONAL (S) PTE LTD,"MS CYLENE CHUA
 EMAIL",,65 6532 0321,,,HOUSE 9 AIRLINE ROAD #01-17 CARGO AGENTS BLDG D SNG 819827,hechua@btisg.com.sg,,,LIVE COMPANY
2230,199905761G,WORLDGREEN SHIPPING PTE LTD,WORLDGREEN SHIPPING PTE LTD,MS CINDY THAM,,65 6392 2268,,,115 AIRPORT CARGO ROAD #04-13 CARGO AGENTS BUILDING C SNG 819466,cindy@wgship.com,,,LIVE COMPANY
2231,201319326N,CTC LOGISTICS (S) PTE. LTD.,CTC LOGISTICS (S) PTE. LTD.,MS CHRISTINA TEL,,65 9007 3939,,,HOUSE 7 KEPPEL ROAD #03-03 TANJONG PAGAR COMPLEX SNG 089053,,,,LIVE COMPANY
2232,26483100D,TRADE MOVERS,TRADE MOVERS,"MR. POH KIM HOCK
 CONTACT NUMBER EMAIL",,65 9633 1929,,,63 JALAN PEMIMPIN #03-11 PEMIMPIN IND BLDG SNG 577219,Lai.bee@newasia.com,,,LIVE
2233,201503361C,CL WORLDLINK (SG) PTE. LTD.,CL WORLDLINK (SG) PTE. LTD.,MR. CT,,65 6871 8914,65 9008 1283,,"HARBOURSIDE BLDG 2, 2, BOON LEAT TERRACE, #08-02, 119844",ct@clworldlink.com,,,LIVE COMPANY
2234,199401256M,CONCORDIA INTERNATIONAL FORWARDING PTE LTD,CONCORDIA INTERNATIONAL FORWARDING PTE LTD,MR QUEK PEOW SOON EMAIL,,65 6542 1249,,,HOUSE 7 AIRLINE ROAD #02-05 CARGO AGENT BLDG E SNG 819834,psquek@concordiafreight.com,,,LIVE COMPANY
2235,198800119M,SAAA CARGO SERVICES PTE LTD,SAAA CARGO SERVICES PTE LTD,MR NG CHIN BENG,,65 9739 8958,65 6545 4721,,"95 AIRPORT CARGO ROAD, Room 107 SATS AIRFREIGHT TERMINAL 2, Singapore 819461",chinbeng.ng@saaa.org.sg,,,LIVE COMPANY
2236,199408059K,UFI EXPRESS (SINGAPORE) PTE LTD,UFI EXPRESS (SINGAPORE) PTE LTD,MR LESLEY FOO,,65 9750 3118,65 6542 2966,,"SATS AIRFREIGHT TERMINAL 1, 95, AIRPORT CARGO ROAD, RM 206C, 819461",lesleyfoo@ufiexpress.com,,,LIVE COMPANY
2237,198903306H,UT-WAYS FREIGHT SERVICES PTE LTD,UT-WAYS FREIGHT SERVICES PTE LTD,MR JAMES GOH,,65 6542 8336,,,"CARGO AGENT BLDG E, 7, AIRLINE ROAD, #02-23, 819834",jamesgoh@utways.com,,,LIVE COMPANY
2238,201225925Z,DENS OCEAN TRANSPORT & SHIPPING PTE. LTD.,DENS OCEAN TRANSPORT & SHIPPING PTE. LTD.,MR HENRIK,,65 8722 6245,,,35A KEONG SAIK ROAD 2ND FLOOR SNG 089142,,,,LIVE COMPANY
2239,200416832E,DIRECT LINK PTE. LTD.,DIRECT LINK PTE. LTD.,MR GOH WEE SIONG TEL,,65 9857 7998,,,200 VICTORIA STREET #03-13A BUGIS JUNCTION SNG 188021,,,,LIVE COMPANY
2240,199408502D,CAST LAUNCH SERVICES PTE LTD,CAST LAUNCH SERVICES PTE LTD,MR BERNARB,,65 9722 7533,,,"PIONEER POINT, 5, SOON LEE STREET, #02-22, 627607",,,,LIVE COMPANY
2241,200307278H,ZION LOGISTICS (S) PTE. LTD.,ZION LOGISTICS (S) PTE. LTD.,LISA,,65 6542 6361,,,"115 AIRPORT CARGO ROAD, #08-10 CARGO AGENTS BUILDING C, Singapore 819466",sin@zionlogistcs.com.sg,,,LIVE COMPANY
2242,199102949Z,MICRO AIRFREIGHT PTE LTD,MICRO AIRFREIGHT PTE LTD,LAY KHIM LIANG,,65 9128 2688,,,"115 AIRPORT CARGO ROAD, #02-11 CARGO AGENTS BUILDING C, Singapore 819466",laykhim@microairfreight.com.sg,,,LIVE COMPANY
2243,200106560H,ASL SOLUTIONS PTE LTD,ASL SOLUTIONS PTE LTD,ERIC EMAIL,,65 9026 0527,,,"115 AIRPORT CARGO ROAD, #08-08 CARGO AGENTS BUILDING C, Singapore 819466",erichkh@aslsolutions.com.sg,,,LIVE COMPANY
2244,T16FC0048K,SILK WAY WEST AIRLINES BRANCH OFFICE SINGAPORE,SILK WAY WEST AIRLINES BRANCH OFFICE SINGAPORE,ANDREW,,65 9270 1168,,,60 AIRPORT BOULEVARD #038-024 Singapore 819643,,,,LIVE COMPANY
2245,T16LL1907K,SPECTRA MARITIME & SURVEYS LLP,SPECTRA MARITIME & SURVEYS PTE LTD,ADI MS HENNY EMAIL MC.COM,,65 9157 1767,65 6221 5458,,"SOON WING IND BLDG, 2, SOON WING ROAD, #08-11, 347893",office@spectra-mc.com,,,LIVE
2246,53094427L,MULTIPLE CHOICES,MULTIPLE CHOICES,NASRIN NISA,,65 9182 2363,,,APT/BLK 34 UPPER CROSS STREET #04-160 SNG 050034,,,,LIVE
2247,201310593M,RS FACILITIES SERVICES PRIVATE LIMITED,RS FACILITIES SERVICES PTE LTD,MR TAY CHIN POH,,65 9029 6030,,,1 PARK ROAD #01-00 PEOPLE'S PARK COMPLEX ATRIUM SNG 059108,MORRIS@RSFS.COM.SG,,,LIVE COMPANY
2248,198801833K,CLEAN SOLUTIONS PTE LTD,CLEAN SOLUTIONS PTE LTD,MR STEVEN,,65 9661 1670,,,HOUSE 60 AIRPORT BOULEVARD B16-098 CHANGI AIRPORT T2 SNG 819643,steventan@cleansolutions.com.sg,,,LIVE COMPANY
2249,199802333Z,SERGENT SERVICES PTE LTD,SERGENT SERVICES PTE LTD,EILEEN NEO,,65 6570 6733,,,7030 ANG MO KIO AVENUE 5 #01-16 NORTHSTAR @ AMK S 569880,sergent@singnet.com.sg,,,LIVE COMPANY
2250,200701857R,7 DAYS HOME FURNISHING PTE. LTD.,7 DAYS HOME FURNISHING PTE. LTD.,MR KEVIN TAN,,65 8110 0940,65 6781 1886,67818768,31 TAMPINES STREET 92 #02-01 SNG 520031,contact@sevendays.com.sg,,,LIVE COMPANY
2251,199300395G,YEW LEE METAL WORKS PTE LTD,YEW LEE METAL WORKS PTE LTD,JOANNE LEE,,65 6383 6868,,,HOUSE 17 TAI SENG DRIVE #01-01 YEW LEE BLDG SNG 535221,joanne@yewlee.com.sg,,,LIVE COMPANY
2252,201620220R,BED BATH N' TABLE SINGAPORE PTE. LTD.,BED BATH N' TABLE SINGAPORE PTE. LTD.,MR ALAN TENG,,65 9188 6893,,,"80 MARINE PARADE ROAD, #B1-41 , Singapore 449269",alan.teng@corporatehouse.com,,,LIVE COMPANY
2253,42458400W,FRESHEN FRUIT TRADING,FRESHEN FRUIT TRADING,MS. TAN KIM LING,,65 9358 3857,,,"495, JURONG WEST STREET 41, #01-94, 640495",,,,LIVE
2254,06120900K,ASIA PRODUCE,ASIA PRODUCE,MS VIVIAN LIM,,65 9489 5948,65 6443 0536,,3017 BEDOK NORTH STREET 5 #04-31 GOURMET EAST KITCHEN SNG 486121,asiaproduce@yahoo.com.sg,,,LIVE
2255,201437318K,SHAN DONG XIAO CHI PTE. LTD.,SHAN DONG XIAO CHI PTE. LTD.,MR. YAY ENG SOON,,65 8171 7899,,,HOUSE 776 NORTH BRIDGE ROAD MAIN SNG 198744,,,,LIVE COMPANY
2256,198001761D,SENG HUA HNG FOODSTUFF PTE LTD,SENG HUA HNG FOODSTUFF PTE LTD,MR. STEPHEN TAN MR. FELIX LI CONTACT NUMBER,,65 9299 0601,65 9176 3677,,HOUSE 181 ORCHARD ROAD #B2-07 ORCHARD CENTRAL SNG 238896,,,,LIVE COMPANY
2257,197801965Z,HIGH TIDE FROZEN FOOD PTE LTD,HIGH TIDE FROZEN FOOD PTE LTD,MR. SIM,,65 9820 5353,,,HOUSE 35 FISHERY PORT ROAD RM 402 NEW FISH MERCHANT BUILDING SNG 619742,,,,LIVE COMPANY
2258,52774200K,KIM HIN EGGS SUPPLIER,KIM HIN EGGS SUPPLIER,MR. KERK PENG SENG,,65 9455 5247,,,HOUSE 1 SUNVIEW ROAD #05-20 SNG 627615,,,,LIVE
2259,29040300J,AH HO FRUIT TRADING CO,AH HO FRUIT TRADING CO,MR. KELVIN,,65 6776 0886,,,230A PANDAN LOOP UNIT 14 SNG 128416,AHHOFRUIT@SINGNET.COM.SG,,,LIVE
2260,52873492W,TOWSENLY FOOD ENTERPRISE,TOWSENLY FOOD ENTERPRISE,MR. ALEX MS. GUO FENG,,65 9027 0798,,,"TAI WEE CO, 31, FISHERY PORT ROAD, #01-04, 619741",,,,LIVE
2261,196900630E,TEE YIH JIA FOOD MANUFACTURING PTE LTD,TEE YIH JIA FOOD MANUFACTURING PTE LTD,KENNETH GOI,,65 6880 9888,65 6880 9856,,1 SENOKO ROAD #07-00 SINGAPORE 758134,kennethgoi@tyjfood.com,,,LIVE COMPANY
2262,199905559M,FENGPLUS TRADING PTE LTD,FENGPLUS TRADING PTE LTD,JOSEPH FONG,,65 6659 9195,65 8139 2151,,20 SIN MING LANE #06-56 MIDVIEW CITY SNG 573968,Joseph_fong@fengplus.com.sg,,,LIVE COMPANY
2263,198803901W,GROMARK CONSUMERS ENTERPRISE PTE LTD,GROMARK CONSUMERS ENTERPRISE PTE LTD,CONTACT MDM LIM,,65 9127 9383,65 6253 0106,,HOUSE 1 GOLDHILL PLAZA #02-03 GOLDHILL PLAZA-PODIUM BLK SNG 308899,sales@mop.com.sg,,,LIVE COMPANY
2264,200810629R,THE ROYALS CAFE PTE. LTD.,THE ROYALS CAFE PTE.LTD.,MS. SOOK MUI TANG,,65 9796 6111,,,HOUSE 1 CREATE WAY #01-03 SNG 138602,joy@royalcafes.com,,,LIVE COMPANY
2265,199104762M,MEGA DEVELOPMENT & TRADING PTE LTD,MEGA DEVELOPMENT & TRADING PTE LTD,MR TAY LIN CHOR,,65 9662 4879,,,HOUSE 1 CREATE WAY #01-06 SNG 138602,megaie@singnet.com.sg,,,LIVE COMPANY
2266,201305685Z,THE GLOBAL K FOOD PTE. LTD.,THE GLOBAL K FOOD PTE. LTD.,MR ROHMYUNG GYUN,,65 8533 0152,65 6443 5435,87108739,APT/BLK 7 TANJONG PAGAR PLAZA #01-106 SNG 081007,bingkibingsu@gmail.com,,,LIVE COMPANY
2267,199700699H,JIN LING ENTERPRISE PTE LTD,JIN LING ENTERPRISE PTE LTD,CONTACT KELISSA,,65 6788 3611,,,243A JALAN KAYU MAIN SNG 799467,jinlingen@singnet.com.sg,,,LIVE COMPANY
2268,201130934N,FIVE BAR PTE. LTD.,FIVE BAR PTE. LTD.,BEN,,65 9296 2506,,,5 CHANGI BUSINESS PARK CENTRAL 1 #01-08 CHANGI CITY SNG 486038,ben@fivebar.sg,,,LIVE COMPANY
2269,198203327Z,JACK INVESTMENT PTE LTD,JACK INVESTMENT PTE LTD,MS SIEW CHIN,,65 6344 2022,,,5 STADIUM WALK #05-02 KALLANG LEISURE PK SNG 397693,,,,LIVE COMPANY
2270,40238800C,GREAT EAST FOREX,GREAT EAST FOREX,MR. WU PANG CHIAT PETER CONTACT NUMBER EMAIL,,65 9636 0530,65 6339 2828,,101 BEACH ROAD #02-02 THE 101 SNG 189703,peterwu141469@gmail.com,,,LIVE
2271,S80FC2839H,AUSTRALIA AND NEW ZEALAND BANKING GROUP LIMITED,AUSTRALIA AND NEW ZEALAND BANKING GROUP LTD,MR RAJ,,65 9822 6651,,,301 UPPER THOMSON ROAD #01-38 THOMSON PLAZA SNG 574408,,,,LIVE COMPANY
2272,52891125B,INSUREMASTER AGENCY,INSUREMASTER AGENCY,MR LEE KOK LAM MERVYN,,65 9757 8218,,,HOUSE 6001 BEACH ROAD #01-20 GOLDEN MILE TWR SNG 199589,INSUREMASTERA@GMAIL.COM,,,LIVE
2273,199101034E,BKK FOREX PTE LTD,BKK FOREX PTE LTD,MR JASMINE GOH,,65 9776 1626,,,"221, BOON LAY PLACE, #01-220, 640221",YEN_SUPPORT@YEN.COM.SG,,,LIVE COMPANY
2274,196900340N,SINGAPURA FINANCE LTD,SINGAPURA FINANCE LTD,MR HUANG MING KANG EMAIL MING,,65 9645 1480,65 6680 0612,,"202, BEDOK NORTH STREET 1, #01-473, 460202",kang.huang@singapurafinance.com,,,LIVE COMPANY
2275,200202068C,FUTURELINKS INTERNATIONAL PTE. LTD.,FUTURELINKS INTERNATIONAL PTE. LTD.,MR ELLIYAS,,65 9363 0552,65 6225 1410,,HOUSE 20 MAXWELL ROAD #10-10 SNG 069113,,,,LIVE COMPANY
2276,201541148D,KS ORKA RENEWABLES PTE. LTD.,KS ORKA RENEWABLES PTE.LTD.,MISS ALLYCIA NG,,65 9844 3000,,,"58 TRAS STREET, , Singapore 078997",ALLYCIA.NG@KSORKA.COM,,,LIVE COMPANY
2277,201432715N,RGB SG PTE. LTD.,RGB SG PTE. LTD.,MICHAEL TAN,,65 9386 9287,,,200 JALAN SULTAN #10-08 Singapore 199018,usbargoos@yahoo.com,,,LIVE COMPANY
2278,T12LL1005B,BFC DEVELOPMENT LLP,BFC DEVELOPMENT LLP,MARK,,65 6654 1390,,,"CONCIERGE COUNTER, 8A, MARINA BOULEVARD, 018984",mark.delacruz@rqam.com.sg,,,LIVE
2279,198502692M,BRICON ASSOCIATES PTE LTD,BRICON ASSOCIATES PTE LTD,MARICRIS HOLASCA,,65 8371 6527,65 6449 3366,,81 UBI AVENUE 4 #07-12 UB.ONE SNG 408830,maricris@bricon.com.sg,,,LIVE COMPANY
2280,199906413W,TAN WEI CREDIT PTE LTD,TAN WEI CREDIT PTE LTD,FOLDER EMPTY,,NO DETAILS,,,81V TAGORE LANE LOT 17 THOMSON USED CAR CTR SNG 787522,,,,LIVE COMPANY
2281,199001084E,RICSIN FREIGHT SERVICES PTE LTD,RICSIN FREIGHT SERVICES PTE LTD,DORIS,,65 9636 9015,,,9 AIRLINE ROAD #03-12 CARGO AGENTS BLDG D SNG 819827,doris@elitecargogroup.com,,,LIVE COMPANY
2282,201117949Z,ROCKWORTH CAPITAL PARTNERS PTE. LTD.,ROCKWORTH CAPITAL PARTNERS PTE. LTD.,ANGELA KOH LAY PENG TEL,,65 9233 7641,,,HOUSE 2 SHENTON WAY #12-02 SGX CTR I SNG 068804,,,,LIVE COMPANY
2283,T13FC0154G,"UNION BANCAIRE PRIVEE, UBP SA",UNION BANCAIRE PRIVEE UBP SA,ALAN KANG,,65 9822 6431,,,HOUSE 1 RAFFLES QUAY #24-01 ORQ SNG 048583,akc@ubp.com,,,LIVE COMPANY
2284,196600262R,OCBC SECURITIES PRIVATE LIMITED,OCBC SECURITIES PTE LTD,ABDUL NAZEER,,65 9668 9534,,,18 CHURCH STREET #02-00 OCBC CENTRE SOUTH SINGAPORE 049479,nazeersa@ocbc.com,,,LIVE COMPANY
2285,201003081E,TEXAS CHICKEN (SINGAPORE) PTE. LTD.,TEXAS CHICKEN (SINGAPORE) PTE. LTD.,NICOLE TAN,,65 9456 1955,,,80 AIRPORT BOULEVARD #031-001B DEPARTURE TRANSIT LOUNGE EAST SNG 819642,,,,LIVE COMPANY
2286,201218997C,ZENSHO FOOD SINGAPORE PTE. LTD.,ZENSHO FOOD SINGAPORE PTE. LTD.,MS.BRENDA MR. JACK,,65 9674 3609,65 9004 7933,,HOUSE 21 CHOA CHU KANG NORTH 6 #01-38 YEWTEE POINT SNG 689578,,,,LIVE COMPANY
2287,200900719D,DOMINO'S PIZZA SINGAPORE PTE. LTD.,DOMINO'S PIZZA SINGAPORE PTE. LTD.,MS KAMARIAH,,65 9833 5209,,,"15, JALAN TEPONG, #04-12, 619336",Kamariah.hamid@dominos.com.sg,,,LIVE COMPANY
2288,201213295R,SUBS@CGH PTE. LTD.,SUBS@CGH PTE. LTD.,MR MURU,,65 6783 1863,,,2 SIMEI STREET 3 #01-03 NEW CHANGI HOSPITAL SNG 529889,,,,LIVE COMPANY
2289,200719016G,ZION F&B PTE. LTD.,ZION F&B PTE. LTD.,MR ANY CHEOK BENG,,65 9387 1129,,,"CAUSEWAY POINT, 1, WOODLANDS SQUARE, #B1-19, 738099",,,,LIVE COMPANY
2290,201434605Z,STUFF'D VENTURES PTE. LTD.,STUFF'D VENTURES PTE.LTD.,MATTHEW,,65 9178 0870,,,"311 NEW UPPER CHANGI ROAD, #B2-22 BEDOK MALL, Singapore 467360",mat@stuffed.com.sg,,,LIVE COMPANY
2291,T11LL1021A,ANTELOPE LLP,ANTELOPE LLP,SELENA TAN,,65 9820 9583,,,"80 HAJI LANE, , Singapore 189271",workatcrayon@gmail.com,,,LIVE
2292,201432377N,RUE MADAME SING PTE. LTD.,RUE MADAME SING PTE. LTD.,RAYMOND INT.COM,,65 9664 6332,,,"NGEE ANN CITY, 391, ORCHARD ROAD, #03-13B, 238872",raymondchoi@kingsmen-int.com,,,LIVE COMPANY
2293,201135967G,NSB APPAREL PTE. LTD.,NSB APPAREL PTE. LTD.,MS. PEGGY,,65 6509 8066,,,HOUSE 100 TRAS STREET #02-21 100 AM SNG 079027,,,,LIVE COMPANY
2294,53260352D,XINRON MARKETING ENTERPRISE,XINRON MARKETING ENTERPRISE,MS. MA AYE MYA,,65 9385 9848,,,"376, BUKIT BATOK STREET 31, #01-124, 650376",,,,LIVE
2295,53310572B,SHAFAYUS INTERNATIONAL,SHAFAYUS INTERNATIONAL,MR. AZAAD,,65 9109 8015,65 6391 9676,,HOUSE 52 BUSSORAH STREET MAIN SNG 199468,,,,LIVE
2296,52972574J,THE BOX SHOWCASE ENSEMBLE,THE BOX SHOWCASE ENSEMBLE,MR JAMES,,65 9762 3948,,,"311 NEW UPPER CHANGI ROAD, #01-22 BEDOK MALL, Singapore 467360",,,,LIVE
2297,199704194G,BTC CLOTHIER (S) PTE LTD,BTC CLOTHIER (S) PTE LTD,MHD NIZAM,,65 9652 9885,,,HOUSE 2 JURONG EAST STREET 21 #02-07 IMM SNG 609601,nidzam@bi.com.my,,,LIVE COMPANY
2298,201414681C,ARENA KTV PRIVATE LIMITED,ARENA KTV PRIVATE LIMITED,"MR. LIM MING HWA
 CONTACT NUMBER",,65 8442 2606,,,"ARENA CLUBHOUSE, 511, UPPER JURONG ROAD, #02-01, 638366",,,,LIVE COMPANY
2299,201510278E,CLUB EMPIRE ENTERTAINMENT PTE. LTD.,CLUB EMPIRE ENTERTAINMENT PTE. LTD.,MR. JONATHAN MR. KIM,,65 9232 5678,65 9029 4449,,3 SENTOSA GATEWAY #01-06 SNG 098544,,,,LIVE COMPANY
2300,201531414G,J'WELS HOLDINGS PTE. LTD.,J'WELS HOLDINGS PTE. LTD.,MR TAN MS JACQUELLINE,,65 8116 8782,65 9710 2781,,530 NORTH BRIDGE ROAD #06-01 BUGIS PONT SNG 188747,,,,LIVE COMPANY
2301,53017095K,LOYAL EMPLOYMENT AGENCY,LOYAL EMPLOYMENT AGENCY,MR KEVIN,,65 9109 8418,,,HOUSE 170 UPPER BUKIT TIMAH ROAD #03-47 BT TIMAH SHOPPING CTR SNG 588179,,,,LIVE
2302,201413560N,GEMINI EMPLOYMENT AGENCY PRIVATE LIMITED,GEMINI EMPLOYMENT AGENCY,MR ASLINFA BINTE ARSAD,,65 9338 1711,,,116 CHANGI ROAD #01-05 WIS@CHANGI SNG 419718,,,,LIVE COMPANY
2303,53115079L,YELLOW MOBILE,YELLOW MOBILE,SOO KWEE SUNG,,65 8349 8383,,,183 TOA PAYOH CENTRAL #01-258 SNG 310183,,,,LIVE
2304,199500579C,WYN SYSTEMS & COMMUNICATIONS PTE LTD,WYN SYSTEMS & COMMUNICATIONS PTE LTD,NO CUST DETAILS,,NO DETAILS,,,12 JURONG PORT ROAD #01-00 SINGAPORE 619090,,,,LIVE COMPANY
2305,198400182K,CHALLENGER TECHNOLOGIES LIMITED,CHALLENGER TECHNOLOGIES LTD,MR. RAJA,,65 9758 6741,,,53 ANG MO KIO AVENUE 3 #B1-58 ANG MO KIO HUB SNG 569933,,,,LIVE COMPANY
2306,200722074E,ELUSH (T3) PTE. LTD.,ELUSH (T3) PTE. LTD.,MR ROGER ISIDRO MS MICHELLE,,65 9827 8873,65 6836 3531,96808198,HOUSE 80 AIRPORT BOULEVARD #02-13 CHANGI AIRPORT T1 SNG 819642,,,,LIVE COMPANY
2307,52850414B,WENG CHEONG COMPUTERS,WENG CHEONG COMPUTERS,"MR RAYMOND MR WILSON
 EMAIL",,65 8518 8823,65 9618 3596,,APT/BLK 503 BISHAN STREET 11 #01-448 SNG 570503,wrdee131526@gmail.com,,,LIVE
2308,53144556M,EPLAY,EPLAY,MR DESMOND MR DARREN,,65 8103 4567,65 9837 0079,,HOUSE 90 HOUGANG AVENUE 10 #03-14 HOUGANG MALL SNG 538766,eplay@singapore.com,,,LIVE
2309,53072988A,MOBILE CONCEPTZ,MOBILE CONCEPTZ,HAZELTEL,,65 9671 1421,,,APT/BLK 960 JURONG WEST STREET 92 #01-188 SNG 640960,hazel@tradelinkasia.com.sg,,,LIVE
2310,198303954R,VALIBEL TECHNOLOGIES PTE LTD,VALIBEL TECHNOLOGIES PTE LTD,CONTACT CHRIS CHOONG,,65 6748 8404,,,621 ALJUNIED ROAD #05-03 LIPO FACTORY BUILDING SNG 389834,valibel@singnet.com.sg,,,LIVE COMPANY
2311,198902241N,PERTAMA MERCHANDISING PTE LTD,PERTAMA MERCHANDISING PTE LTD,MR. JERRY,,65 8588 6219,,,799 NEW UPPER CHANGI ROAD #B1-01 BEDOK POINT SNG 467351,,,,LIVE COMPANY
2312,201432624C,PIONEER ENGINEERING AND TRADING PTE. LTD.,PIONEER ENGINEERING AND TRADING PTE. LTD.,MR. MIZAN MS. AYSHA AKTER,,65 9696 7277,65 8668 7277,,"PIONEER POINT, 5, SOON LEE STREET, #04-42, 627607",,,,LIVE COMPANY
2313,200005928D,PRESTO DRYCLEANERS PTE LTD,PRESTO DRYCLEANERS PTE LTD,MR GAO YING CHAO,,65 8101 8558,65 6344 0590,,"65 AIRPORT BOULEVARD #01-39 CHANGI AIRPORT T3 ARRIVAL HALL,NORTH LEVEL 1 SNG 819663",gao@taikotrading.com.sg,,,LIVE COMPANY
2314,T08LL1563L,SEARCH CONSULTANCY SERVICES LLP,SEARCH CONSULTANCY SERVICES LLP,MS ONG,,65 8613 9657,,,HOUSE 89 SHORT STREET #10-09 GOLDEN WALL AUTO CENTRE SNG 188216,sarahong675@gmail.com,,,LIVE
2315,52927256C,U4RIA-THE ADULT HEALTHY LIFESTYLE SHOP,U4RIA-THE ADULT HEALTHY LIFESTYLE SHOP,MR. GOH,,65 9851 5156,,,HOUSE 777 GEYLANG ROAD MAIN SNG 389669,benson@u4ria.sg,,,LIVE
2316,198701661N,B & H WORLDWIDE (SG) PTE LTD,B & H WORLDWIDE (SG) PTE LTD,TAY KAY LAI,,65 6542 7889,,,19 LOYANG WAY #04-22 CILC BUILDING SNG 508724,taykl@avtrade.co.uk,,,LIVE COMPANY
2317,199201623M,SINGAPORE POST LIMITED,SINGAPORE POST LTD,MR RAYMOND ONG,,65 9731 4531,65 6845 6181,,"BUKIT PANJANG POST OFFICE, 10, CHOA CHU KANG TRACK 10, 689379",raymondong@singpost.com,,,LIVE COMPANY
2318,201204660Z,SPS MART PTE. LTD.,SPS MART PTE. LTD.,MR DULAL CHANDRA GHOSH,,65 9468 2895,,,APT/BLK 557 JURONG WEST STREET 42 #01-391 SNG 640557,,,,LIVE COMPANY
2319,199302238C,TREDI CONSTRUCTION PTE LTD,TREDI CONSTRUCTION PTE LTD,WONG YAN YEE,,65 6365 0318,,,3 CHANGI SOUTH LANE #03-04 SINGAPORE 486118,tredi@tredi.com.sg,,,LIVE COMPANY
2320,200907959W,FORMAT M & E SERVICES PTE. LTD.,FORMAT M & E SERVICES PTE. LTD.,SIONG SWEE SENG,,65 9061 1258,,,5043 ANG MO KIO INDUSTRIAL PARK 2 #01-531 SNG 569546,format@singnet.com.sg,,,LIVE COMPANY
2321,200106250M,VSOLUTIONS PTE LTD,VSOLUTIONS PTE LTD,SIMON TAN,,65 9633 2622,,,28 SIN MING LANE #05-145 MIDVIEW CITY SINGAPORE 573972,simon@vsolutions.tv,,,LIVE COMPANY
2322,198103172R,DAN IMPACT PTE LTD,DAN IMPACT PTE LTD,SHAH,,65 6566 8077,,,"IMM, 2, JURONG EAST ST 21, #05-32, 609601",shah@danimpact.com.sg,,,LIVE COMPANY
2323,198501662W,COMFORT MANAGEMENT PTE LTD,COMFORT MANAGEMENT PTE LTD,SELLEUDURAI,,65 9272 0627,,,"80 MARINE PARADE ROAD, #04-00 , Singapore 449269",,,,LIVE COMPANY
2324,200010489N,LIANG WOOD DESIGN & BUILD PTE LTD,LIANG WOOD DESIGN & BUILD PTE LTD,SEAH BOON LIANGN,,65 9790 3030,,,14 DEFU LANE 3 MAIN SNG 539443,liangwir@singnet.com.sg,,,LIVE COMPANY
2325,198802638M,ASIABUILD ENTERPRISES PTE LTD,ASIABUILD ENTERPRISES PTE LTD,SAM YEO,,65 9665 6251,65 6285 4988,,80 PLAYFAIR ROAD BLK B #07-11 KAPO FACTORY BUILDING SNG 367998,asiabld@singnet.com.sg,,,LIVE COMPANY
2326,201421477N,ISOTOP ENGINEERING PRIVATE LIMITED,ISOTOP ENGINEERING,MS. NANCY LEE KEOK FOON,,65 6484 0036,65 9003 1548,,20 ANG MO KIO INDUSTRIAL PARK 2A #06-16 SNG 567761,,,,LIVE COMPANY
2327,201202321D,SPACE N LIVING PTE. LTD.,SPACE N LIVING PTE. LTD.,"MS. MABEL
 CONTACT NUMBER",,65 9181 1726,,,"IMM, 2, JURONG EAST STREET 21, #03-105, 609601",,,,LIVE COMPANY
2328,198203378N,CHOW & ASSOCIATES ENGINEERING PTE LTD,CHOW & ASSOCIATES ENGINEERING PTE LTD,MS. CHRISTINA,,65 6356 3738,,,2 BALESTIER ROAD #04-653 BALESTIER HILL SHOPPING CTR SNG 320002,enquiry@caepl.com.sg,,,LIVE COMPANY
2329,199500794C,ACCON ENGINEERING PTE LTD,ACCON ENGINEERING PTE LTD,MS ZEN TAN,,65 6382 8228,,,76 PLAYFAIR ROAD #08-03 LHK 2 SNG 367996,zen@accon.com.sg,,,LIVE COMPANY
2330,199202438G,WORKGROUP SYSTEMS PTE LTD,WORKGROUP SYSTEMS PTE LTD,MS SUSAN HO,,65 6555 3777,,,2 WOODLANDS SECTOR 1 #05-08 SNG 738068,hosusan@workgroupsystems.com,,,LIVE COMPANY
2331,201216390E,HENG LEE GUAN CONSTRUCTION PTE. LTD.,HENG LEE GUAN CONSTRUCTION PTE. LTD.,MS NG EE LENG MR RICKY,,65 9459 4875,65 9070 4557,,11 WOODLANDS CLOSE #03-44 WOODLANDS 11 SNG 737853,eelengng@hotmail.com,,,LIVE COMPANY
2332,200003322W,MULTIBASE CONSTRUCTION PTE LTD,MULTIBASE CONSTRUCTION PTE LTD,MS NADIA LIM,,65 6743 0111,,,143 KAKI BUKIT AVENUE 1 MAIN SNG 416006,nadia@multibase.com.sg,,,LIVE COMPANY
2333,199104084W,KOH KOCK LEONG ENTERPRISE PTE LTD,KOH KOCK LEONG ENTERPRISE PTE LTD,MS GOH,,65 9430 5112,,,"24, TUAS AVENUE 2, MAIN, 639455",,,,LIVE COMPANY
2334,198801331R,SENG FOO BUILDING CONSTRUCTION PTE LTD,SENG FOO BUILDING CONSTRUCTION PTE LTD,MS CLARICE ONG,,65 9756 3883,65 6566 7183,,HOUSE 2 BUKIT BATOK STREET 23 #02-02 BUKIT BATOK CONNECTION SNG 659554,clarice@sengfoo.com,,,LIVE COMPANY
2335,52980339M,GOOD-CARE BUILDING SERVICES CONTRACTOR,GOOD-CARE BUILDING SERVICES CONTRACTOR,MS CHUA HUI LING,,65 9661 3092,65 6570 1971,,7030 ANG MO KIO AVENUE 5 #07-03 NORTHSTAR @ AMK SNG 569880,goodcare@singnet.com.sg,,,LIVE
2336,198402338N,YEW ANN CONSTRUCTION PTE LTD,YEW ANN CONSTRUCTION PTE LTD,MS CATHERINE,,65 6456 1122,,,90 TAGORE LANE MAIN SNG 787532,yewann@singnet.com.sg,,,LIVE COMPANY
2337,198802355C,CHIP ENG SENG CONTRACTORS (1988) PTE LTD,CHIP ENG SENG CONTRACTORS (1988) PTE LTD,MR. TOH SENG HUAT MR. JUI CHUAH,,65 9030 2741,65 9366 5667,68480848,"2, TUAS SOUTH STREET 8, 637001",,,,LIVE COMPANY
2338,201605331Z,OMNI DESIGN PTE. LTD.,OMNI DESIGN PTE. LTD.,MR. SONG WEI EMAIL,,65 8444 8196,,,HOUSE 24 SIN MING LANE #01-96 MIDVIEW CITY SNG 573970,shawn@omnidesignn.com.sg,,,LIVE COMPANY
2339,T10LL1310A,JU XING AIR-CON LLP,JU XING AIR-CON LLP,MR. NG KIM TECK,,65 9145 3708,,,HOUSE 5 SOON LEE STREET #03-47 PIONEER POINT SNG 627607,,,,LIVE
2340,201526499G,AO5 PTE. LTD.,AO5 PTE. LTD.,MR. LEE CONTACT NUMBER,,65 9826 8829,,,HOUSE 278A SOUTH BRIDGE ROAD MAIN SNG 058827,,,,LIVE COMPANY
2341,199706385G,SUNJET ALUMINIUM INTERNATIONAL PTE LTD,SUNJET ALUMINIUM INTERNATIONAL PTE LTD,MR. LAKSHMI,,65 6781 5588,,,"62, KIAN TECK ROAD, MAIN, 628794",sunjet.lakshmi@gmail.com,,,LIVE COMPANY
2342,198304806R,LEADS ENGINEERING (S) PTE LTD,LEADS ENGINEERING (S) PTE LTD,MR. COLIN LIM TECK HONG,,65 9657 4043,,,"1, TAO CHING ROAD, MAIN, 618720",,,,LIVE COMPANY
2343,199907923Z,TRITECH ENGINEERING & TESTING (SINGAPORE) PTE LTD,TRITECH ENGINEERING & TESTING (SINGAPORE) PTE LTD,MR ZAN YE MAUNG EMAIL,,65 8651 5629,,,"825A, UPPER THOMSON ROAD, #01-01, 787135",zanym@tritech.com.sg,,,LIVE COMPANY
2344,200001417C,MUN SHENG AIRCONDITIONING & ENGINEERING PTE LTD,MUN SHENG AIRCONDITIONING & ENGINEERING PTE LTD,MR YEO S.S,,65 9877 5006,65 6353 4484,,3026 UBI ROAD 1 #02-180 SNG 408719,munshengaircon@singnet.com.sg,,,LIVE COMPANY
2345,199900581C,AJA ENTERPRISES PTE LTD,AJA ENTERPRISES PTE LTD,MR SAMUEL LILY,,65 6273 2322,,,48 TOH GUAN ROAD EAST #07-151 ENTERPRISES HUB SNG 608586,aja20@aja.com.sg,,,LIVE COMPANY
2346,198001751K,PARICO ELECTRICAL ENGINEERING PRIVATE LIMITED,PARICO ELECTRICAL ENGINEERING PTE LTD,MR RICHARD,,65 9633 3033,65 6283 4644,62854529,126 JOO SENG ROAD #05-12 GULPINE IND BLDG SNG 368355,richard@parico.com.sg,,,LIVE COMPANY
2347,199803301R,HWEE METAL WORKS PTE LTD,HWEE METAL WORKS PTE LTD,MR MARVIN,,65 6264 7545,,,"28, JALAN BUROH, MAIN, 619484",MARVIN@HWEEMETAL.COM.SG,,,LIVE COMPANY
2348,199801034K,GENNAL INDUSTRIES PTE LTD,GENNAL INDUSTRIES PTE LTD,MR MANYAM,,65 9062 4764,,,HOUSE 111 NORTH BRIDGE ROAD #06-18 PENINSULA PLAZA SNG 179098,,,,LIVE COMPANY
2349,201009892D,3D INNOVATIONS DESIGN PTE. LTD.,3D INNOVATIONS DESIGN PTE. LTD.,MR JAYDEN,,65 9455 5542,,,HOUSE 311 NEW UPPER CHANGI ROAD #B1-58 SNG 467360,Jayden.interior@gmail.com,,,LIVE COMPANY
2350,197901804C,ENVIRON CONSTRUCTION CO (PTE) LTD,ENVIRON CONSTRUCTION CO PTE LTD,MR GUNA TEL,,65 9452 5094,,,HOUSE 148G PASIR PANJANG ROAD MAIN SNG 118553,,,,LIVE COMPANY
2351,201116446W,HIGH PINNACLE CONSTRUCTION PRIVATE LIMITED,HIGH PINNACLE CONSTRUCTION PRIVATE LIMITED,MR GAO WEN LEI,,65 9066 5609,65 6557 2726,,HOUSE 195 PEARL'S HILL TERRACE #02-60 SNG 168976,,,,LIVE COMPANY
2352,197100141M,SINGAPORE TAKADA INDUSTRIES PRIVATE LIMITED,SINGAPORE TAKADA INDUSTRIES PTE LTD,MR FREDERICK,,65 8423 6325,,,HOUSE 51 GUL ROAD MAIN SNG 629352,f.sioson@stk.com.sg,,,LIVE COMPANY
2353,201305864M,DOTS 'N' TOTS INTERIOR PTE. LTD.,DOTS 'N' TOTS INTERIOR PTE. LTD.,MR ADIL MS MAGSHI,,65 9846 2547,65 9711 1688,,"CITIGATE RESIDENCE, 168, RANGOON ROAD, #01-04, 218437",,,,LIVE COMPANY
2354,199801477M,REE ELECTRICAL ENGINEERING PTE LTD,REE ELECTRICAL ENGINEERING PTE LTD,MANIAM KRISHNAN,,65 9068 0656,65 6278 3839,,21 TOH GUAN ROAD EAST #05-02 TOH GUAN CTR SNG 608609,reeelect@gmail.com,,,LIVE COMPANY
2355,199803114M,LAM CHUAN CONSTRUCTION PTE LTD,LAM CHUAN CONSTRUCTION PTE LTD,LIM YOU CHENG,,65 6899 0990,,,"TRADEHUB 21, 18, BOON LAY WAY, #09-121, 609966",,,,LIVE COMPANY
2356,200413523K,NORTHWAY FIRE PROTECTION PTE. LIMITED,NORTHWAY FIRE PROTECTION PTE. LIMITED,KEVIN TAY,,65 9107 0733,,,3 ANG MO KIO INDUSTRIAL PARK 2A #04-07 AMK TECH 1 SNG 568050,kevintay@norhtway.com.sg,,,LIVE COMPANY
2357,199708325D,SOON YAN ENGINEERING PTE LTD,SOON YAN ENGINEERING PTE LTD,KEVIN TAN,,65 9618 5238,,,92 GEYLANG BAHRU #01-2774 SNG 339700,kevin_tan@soonyan.com.sg,,,LIVE COMPANY
2358,T15FC0007L,DB ENGINEERING & CONSULTING GMBH SINGAPORE BRANCH,DB ENGINEERING & CONSULTING GMBH SINGAPORE BRANCH,KAVITA LENGLER KAVITA.SELVARAJU,,65 9086 6595,,,"1 NORTH BRIDGE ROAD, #24-05 , Singapore 179094",Lengler@deutschebahn.com,,,LIVE COMPANY
2359,199100842R,SIAC PTE LTD,SIAC PTE LTD,JOENNA CHUA,,65 9007 8836,65 6262 2977,,12 SOON LEE ROAD MAIN SINGAPORE 628076,joennachua@siac.com.sg,,,LIVE COMPANY
2360,198902717N,EVAR AIR-CONDITIONING & ENGINEERING PTE LTD,EVAR AIR-CONDITIONING & ENGINEERING PTE LTD,JESSICA SELIN SOON,,65 6748 9106,,,51 UBI AVENUE 1 #03-31 PAYA UBI INDUSTRIAL PARK SNG 408933,eaepl@singnet.com.sg,,,LIVE COMPANY
2361,200000904M,ARCTURUS SYSTEMS PTE LTD,ARCTURUS SYSTEMS PTE LTD,JANET YONG,,65 9022 6549,65 6753 4470,,20 ANG MO KIO INDUSTRIAL PARK 2A #07-01 SNG 567761,janetyong@asc.sg,,,LIVE COMPANY
2362,200707440G,COOL MASTER AIRCON ENGINEERING PRIVATE LIMITED,COOL MASTER AIRCON ENGINEERING PTE LTD,"FRANKIE YET
 CONTACT NUMBER EMAIL",,65 9847 1780,65 6552 0048,,32 ANG MO KIO INDUSTRIAL PARK 2 #03-15 SING INDUSTRIAL COMPLEX SNG 569510,coolmaster@singnet.com.sg,,,LIVE COMPANY
2363,200800225R,SINO NEW STEEL PTE. LTD.,SINO NEW STEEL PTE. LTD.,BAO,,65 9159 3392,,,"2, TUAS SOUTH STREET 15, MAIN , 637097",bao.915933892@gmail.com,,,LIVE COMPANY
2364,51565000E,EVERBLOOM ELECTRICAL CONTROL ENGINEERING,EVERBLOOM ELECTRICAL CONTROL ENGINEERING,TERENCE LAU,,65 9677 9715,,,3007 UBI ROAD 1 #03-452 KAMPONG UBI IND EST SINGAPORE 408701,aplau@singnet.com.sg,,,LIVE
2365,199400643H,AUTOMATION INSTRUMENT SERVICES PTE LTD,AUTOMATION INSTRUMENT SERVICES PTE LTD,MS CINDY TEO,,65 6567 0011,,,"HENG LOONG BLDG, 61, BUKIT BATOK CRESCENT, #04-03, 658078",cindy.teo@aht.com.sg,,,LIVE COMPANY
2366,199605413K,POCKET TECHNOLOGY PTE LTD,POCKET TECHNOLOGY,MICHELLE,,65 6562 5118,,,"2023, BUKIT BATOK STREET 23, #03-92, 659528",michelle@epocket.com.sg,,,LIVE COMPANY
2367,201205216Z,FRONTIER FMC PTE. LTD.,FRONTIER FMC PTE. LTD.,"MS. SITI
 CONTACT NUMBER",,65 8157 4659,65 6778 8362,,"CITY VIBE BLDG, 3151, COMMONWEALTH AVENUE WEST, #04-01, 129581",,,,LIVE COMPANY
2368,201605129E,THE URBAN CLINIC PTE. LTD.,THE URBAN CLINIC PTE. LTD.,MS YEVETTE,,65 9641 8400,,,HOUSE 252 NORTH BRIDGE ROAD #01-15 RAFFLES CITY SHOPPING CENTRE SNG 179103,,,,LIVE COMPANY
2369,201501443Z,NUFFIELD MEDICAL SIGLAP PRIVATE LIMITED,NUFFIELD MEDICAL SIGLAP PRIVATE LIMITED,MS NOVANIA ALI,,65 9797 5583,,,"THE DOMAIN, 914, EAST COAST ROAD, #01-03, 459108",,,,LIVE COMPANY
2370,39123400E,ORCHARD PHYSIOTHERAPY CENTRE,ORCHARD PHYSIOTHERAPY CENTRE,MR. JOSEPH WONG,,65 9477 7718,,,HOUSE 1 GRANGE ROAD #10-07 ORCHARD BUILDING SNG 239693,,,,LIVE
2371,198901967K,RAFFLES MEDICAL GROUP LTD,RAFFLES MEDICAL GROUP LTD,MR AZIL DOL,,65 9455 1454,,,"CHANGI AIRPORT T3, 65, AIRPORT BOULEVARD, #B1-07, 819663",azli_bd@rafflesmedical.com,,,LIVE COMPANY
2372,22736300X,THE TOW YUNG CLINIC,THE TOW YUNG CLINIC,DR. LIM TECK CHYE CONTACT NUMBER,,65 6737 4433,,,HOUSE 19 TANGLIN ROAD #05-01 TANGLIN SHPG CTR SNG 247909,,,,LIVE
2373,197900084K,SINGAPORE REFINING COMPANY PRIVATE LIMITED,SINGAPORE REFINING CO PTE LTD,MR CHEN VUN CHOK,,65 6742 3223,,,"SINGAPORE REFINERY CTR, 1, MERLIMAU ROAD, 628260",CHOKCV@SRC.COM.SG,,,LIVE COMPANY
2374,200105725E,MAGNETONE SINGAPORE PTE LTD,MAGNETONE SINGAPORE PTE LTD,KATHRYN NG,,65 6746 0668,,,50 GENTING LANE #05-03/04 CIDECO IND CPLX SNG 349558,kathryn@magnetone.com.sg,,,LIVE COMPANY
2375,201607010M,FONG HUP PTE. LTD.,FONG HUP PTE. LTD.,TERR,,65 9756 3737,,,HOUSE 3 ANG MO KIO STREET 62 #01-07 LINK@AMK SNG 569139,hgngian@starlink.com.sg,,,LIVE COMPANY
2376,200704464G,CARS & STARS PTE. LTD.,CARS & STARS PTE. LTD.,JESSE TAN,,65 9618 3333,,,50 UBI AVENUE 3 #01-01 FRONTIER SNG 408866,Jesse.tan@carsandstars.com.sg,,,LIVE COMPANY
2377,201215603K,THE GOOD CAFE PRIVATE LIMITED,THE GOOD CAFE PRIVATE LIMITED,NEO,,65 9681 1119,,,HOUSE 391 ORCHARD ROAD #B1-56 NGEE ANN CITY SNG 238872,,,,LIVE COMPANY
2378,201224192D,CARRY ON PRIVATE LIMITED,CARRY ON PRIVATE LIMITED,"MS SOPHIE KHOO SEOK HWEE ON.COM
 ON.COM",,65 9782 8381,,,348 TANJONG KATONG ROAD MAIN SNG 437115,Sophie.khoo@carry-on.com,,,LIVE COMPANY
2379,52851312E,SAM SOON CAFE,SAM SOON CAFÉ,MR. SAM SOON CONTACT NUMBER,,65 9653 8386,65 6532 6485,,HOUSE 23 NEW BRIDGE ROAD #01-01 SNG 059389,,,,LIVE
2380,200909744N,THE FOOD EXPLORER PTE. LTD.,THE FOOD EXPLORER PTE. LTD.,MR KELVIN INC.COM,,65 9191 9221,,,HOUSE 221 RANGOON ROAD MAIN SNG 218459,kelvin@cookyn-inc.com,,,LIVE COMPANY
2381,53039032M,TINTSY COOL INTERNATIONAL,TINTSY COOL INTERNATIONAL,TRENT CHAN,,65 9383 8687,,,1 KAKI BUKIT ROAD 1 #02-18 ENTERPRISE ONE SINGAPORE 415934,trent@tintsycool.com,,,LIVE
2382,200009259R,DARUL ANDALUS PTE LTD,DARUL ANDALUS PTE LTD,NOORZANA KALID,,65 6746 9167,,,HOUSE 390 VICTORIA STREET #01-45 SNG 188061,NOORZANA@ANDALUCIA.COM.SG,,,LIVE COMPANY
2383,53003943E,BLISS MASSAGE,BLISS MASSAGE,WONG HONG CHANG,,65 9669 5312,,,"20A ANN SIANG ROAD, , Singapore 069700",cherrychang1115@hotmail.com,,,LIVE
2384,201533027G,ALLUMER PTE. LTD.,ALLUMER PTE. LTD.,MS SAYURI TEL,,65 9229 6002,,,HOUSE 328 NORTH BRIDGE ROAD #01-24 RAFFLES SHOPPING ARCADE SNG 188719,,,,LIVE COMPANY
2385,53141348M,NATURAL BEAUTY THERAPY POINT,NATURAL BEAUTY THERAPY POINT,MS LI WEIHUA,,65 9746 7918,,,"6, WHAMPOA DRIVE, MAIN, 327717",jennylwh2013@gmail.com,,,LIVE
2386,201504454M,ICONIQUE HAIR & BEAUTY SALON PRIVATE LIMITED,ICONIQUE HAIR & BEAUTY SALON,MS LI JIA YING TEL,,65 9839 6506,,,"FAR EAST PLAZA, 14, SCOTTS ROAD, #03-51A, 228213",,,,LIVE COMPANY
2387,53163424L,HAIR DE SALON,DE HAIR SALON LLP,MR MUM YEE MOK,,65 9190 5609,,,166B ROCHOR ROAD SNG 188441,,,,LIVE
2388,53321510B,LE MAY'S BEAUTY,LE MAY'S BEAUTY,MR ERIK WONG CHAI CHIN,,65 9862 0115,,,HOUSE 150 SOUTH BRIDGE ROAD #01-06 SNG 058727,,,,LIVE
2389,201539784K,BERELAX SINGAPORE PTE. LTD.,BERELAX SINGAPORE PTE. LTD.,MR ALBERT EDMUND,,65 9661 9021,65 9067 0451,,HOUSE 65 AIRPORT BOULEVARD #02-32 CHANGI AIRPORT T3 SNG 819663,a.chew@berelax.com,,,LIVE COMPANY
2390,52917279L,WEI SOON BEAUTY SALOON,WEI SOON BEAUTY SALOON,MADAM LIM AH GEK NO EMAIL,,65 9839 2329,65 6852 7838,,927 YISHUN CENTRAL 1 #01-161 SNG 760927,,,,LIVE
2391,199607094W,HOT SPA PTE LTD,HOT SPA PTE LTD,"LEONARD TAN
 CONTACT NUMBER EMAIL",,65 6440 6366,65 9046 2123,,50 EAST COAST ROAD #03-00 ROXY SQUARE SNG 428769,hotspa8@yahoo.com,,,LIVE COMPANY
2392,199308237H,FLORRAY PTE LTD,FLORRAY PTE LTD,"MR.SAMUEL LIM
 CONTACT NUMBER EMAIL",,65 6352 1151,65 9863 5838,,49 JALAN PEMIMPIN #05-02 APS INDUSTRIAL BUILDING SNG 577203,florray@singnet.com.sg,,,LIVE COMPANY
2393,199508229E,SAMSONITE SINGAPORE PTE LTD,SAMSONITE SINGAPORE PTE LTD,MR ALAN CHONG,,65 8288 8262,,,63 JURONG WEST CENTRAL 3 #03-61 JURONG POINT SHOPPING CENTER SNG 648331,ALAN.CHONG@MOTIVO.COM.SG,,,LIVE COMPANY
2394,198904415C,STAMFORD TYRES INTERNATIONAL PTE LTD,STAMFORD TYRES INTERNATIONAL PTE LTD,NICHOLAS,,65 6263 2295,65 9172 3427,,HOUSE 10 ANG MO KIO INDUSTRIAL PARK 2A #01-14 SNG 568047,amk@stamfordtyres.com,,,LIVE COMPANY
2395,199705198G,ENG SOON AUTO PTE LTD,ENG SOON AUTO PTE LTD,MR ALEX LIM,,65 9101 1598,65 6853 7997,,13A KAKI BUKIT ROAD 3 MAIN SNG 417834,alex@engsoon.com.sg,,,LIVE COMPANY
2396,200106569G,KIAN HUA MOTOR CO. PTE LTD,KIAN HUA MOTOR CO PTE LTD,JUN XIANG,,65 8123 8678,,,31 VEERASAMY ROAD MAIN SNG 207335,jx@kianhuamotor.com,,,LIVE COMPANY
2397,53061607J,GUAN LEE SENG MOTOR,GUAN LEE SENG MOTOR,MS SIEW MAIL,,65 6264 1181,,,"3, PIONEER ROAD NORTH, #01-20, 628457",guanleemotor@yahoo.com.sg,,,LIVE
2398,35191500A,BAN CHOON MOTOR WORKS,BAN CHOON MOTOR WORKS,MS PAULINE EMAIL,,65 6264 1191,,,"3, PIONEER ROAD NORTH, #01-14, 628457",banchoon@singnet.com.sg,,,LIVE
2399,52888089J,SOON MING VEHICLE REPAIRS,SOON MING VEHICLE REPAIRS,MS LIN CHUN MING,,65 9691 5125,65 6262 6189,,HOUSE 20 GUL CRESCENT MAIN SNG 629529,,,,LIVE
2400,33237400M,HOCK BOO TRANSPORT & TRADING CO,HOCK BOO TRANSPORT & TRADING CO,MR.LIEW / MR.LIEW YAK HUI,,65 9733 4227,65 9771 5993,,"ISPACE, 7, SOON LEE STREET, #05-08, 627608",,,,LIVE
2401,200010037K,SOON SERVICE AUTO CENTRE PTE LTD,SOON SERVICE AUTO CENTRE PTE LTD,MR GOH WEE CHUAN,,65 9125 0804,,,331 BEDOK ROAD MAIN SNG 469504,netgoh64@yahoo.com.sg,,,LIVE COMPANY
2402,197700742M,SQUIRE MECH PRIVATE LIMITED,SQUIRE MECH PTE LTD,YEW CHEE HIAN,,65 9680 3916,,,11 LOR 3 TOA PAYOH #01-16 JACKSON SQ SNG 319579,yewcheehian@squiremech.com,,,LIVE COMPANY
2403,200210147E,SYSTHESIS ENGINEERING (GROUP) PRIVATE LIMITED,SYSTHESIS ENGINEERING (GROUP) PTE LTD,WINSTON CHENG,,65 8113 1203,,,APT/BLK 3023 UBI ROAD 3 #06-02 UBIPLEX SNG 408663,winston@sesgroup.com.sg,,,LIVE COMPANY
2404,198501505Z,IN-SPEC CORPORATION PTE LTD,IN-SPEC CORPORATION PTE LTD,PATRICK TAN,,65 6738 8446,,,10 TUAS AVENUE 18A SNG 638858,patrick@inspec.com.sg,,,LIVE COMPANY
2405,201502952K,LERWICK CORROSION TECHNOLOGIES PTE. LTD.,LERWICK CORROSION TECHNOLOGIES PTE. LTD.,MS VERONICA,,65 6795 2088,,,"ISPACE, 7, SOON LEE STREET, #01-07, 627608",,,,LIVE COMPANY
2406,52928233W,FIREJET ENGINEERING,FIREJET ENGINEERING,MS JACKLYN,,65 9823 6932,,,3014 UBI ROAD 1 #02-326 KAMPONG UBI IND EST SNG 408702,firejetengineering@singapore.com,,,LIVE
2407,53136809B,ARCHITECTS' REGIONAL TEAM,ARCHITECTS' REGIONAL TEAM,MR JEFFREY LIM,,65 9380 2815,65 6222 4917,,HOUSE 34A SAGO STREET MAIN SNG 059026,INFO.ARTEAM@GMAIL.COM,,,LIVE
2408,201215209W,JN ENGINEERING (PRIVATE) LIMITED,JN ENGINEERING (PRIVATE) LIMITED,MR ELANGO RAJESH,,65 9181 6104,65 6765 8589,,"HILLVIEW BUILDING, 48, HILLVIEW TERRACE, #03-07, 669269",,,,LIVE COMPANY
2409,53013574D,H Y LOI CONSULTANTS,H Y LOI CONSULTANTS,LOI HWEE YONG MARGARET,,65 9690 3400,65 6252 5902,,20C LORONG AMPAS MAIN G S BUILDING SNG 328780,loi@hyloi.com.sg,,,LIVE
2410,09096700C,HOCK LEONG AIR-CON & ELECTRICAL WORKS,HOCK LEONG AIR-CON & ELECTRICAL WORKS,LEE CHOW SHUAN,,65 6659 0739,,,20 SIN MING LANE #04-51 MIDVIEW CITY SNG 573968,hockleong@pacific.net.sg,,,LIVE
2411,47177400J,HOW HUAI HOON SURVEYORS,HOW HUAI HOON SURVEYORS,CONTACT SERENE,,65 6293 1566,,,155A TYRWHITT ROAD MAIN QINAN BUILDING SNG 207568,lhprs@singnet.com.sg,,,LIVE
2412,200412977Z,QIB FACILITIES MANAGEMENT PTE. LTD.,QIB FACILITIES MANAGEMENT PTE. LTD.,CLOUDY TSAI,,65 9847 0016,,,"MURAI LODGE ONE DORMITORY, 1B, MURAI FARMWAY, 709155",admin@qibfm.com.sg,,,LIVE COMPANY
2413,196900624R,MALAYSIAN FEEDMILLS FARMS PRIVATE LIMITED,MALAYSIAN FEEDMILLS FARMS (PTE) LTD,MS CHOO KWEE NEO,,65 6793 7158,,,NEO TIEW LANE LOT 119 SNG 719098,,,,LIVE COMPANY
2414,201102123M,ICLICK INTERACTIVE (SINGAPORE) PTE. LTD.,ICLICK INTERACTIVE (SINGAPORE) PTE. LTD.,MS. LI YAO CONTACT NUMBER EMAIL CLICK.COM,,65 9229 5011,,,HOUSE 50 RAFFLES PLACE #14-04 SINGAPORE LAND TOWER SNG 048623,yao.li@i-click.com,,,LIVE COMPANY
2415,199603142C,NUFFNANG PTE. LTD.,NUFFNANG PTE. LTD.,MS. JIAWEN,,65 9836 4703,,,38 KINTA ROAD #02-04 SNG 219107,,,,LIVE COMPANY
2416,T14LL2480E,FANATIC! LIMITED LIABILITY PARTNERSHIP,FANATIC! LIMITED LIABILITY PARTNERSHIP,MR DAVID SUKUMARANZACCHEUS,,65 9664 4386,,,HOUSE 10 ANSON ROAD #23-02A INTERNATIONAL PLAZA SNG 079903,,,,LIVE
2417,201026728M,WHITE LOFT LIMITED,WHITE LOFT LIMITED,MR. RAYMOND EMAIL,,65 9633 7994,,,APT/BLK 59 JALAN PEMIMPIN #01-02 L & Y BUILDING SNG 577218,rayjeffman@gmail.com,,,LIVE COMPANY
2418,201511162H,KEE ENGINEERING & CONSTRUCTION PTE. LTD.,KEE ENGINEERING & CONSTRUCTION PTE. LTD.,TAN SIEW TUAN,,65 6555 3615,,,APT/BLK 118 ALJUNIED AVENUE 2 #02-112 SNG 380118,,,,LIVE COMPANY
2419,199201624D,SINGAPORE TELECOMMUNICATIONS LIMITED,SINGAPORE TELECOMMUNICATIONS LTD,SHAWAL,,65 8518 4599,,,1 RAFFLES BOULEVARD #02-00 CONVENTION & EXHIBITION SUNTEC CITY SINGAPORE 039593,shawalr@singtel.com,,,LIVE COMPANY
2420,198804586M,N S TRADING PTE LTD,S. N. TRADING PTE LTD,MS. LILY,,65 9752 7170,,,HOUSE 3 SHENTON WAY #15-07 SHENTON HOUSE SNG 068805,,,,LIVE COMPANY
2421,201207011H,OUR MUSIC STUDIO PTE. LTD.,OUR MUSIC STUDIO PTE. LTD.,MS. HAZLINA BTE RAHMAN,,65 9155 3220,,,HOUSE 163 TANGLIN ROAD #03-11B SNG 247933,huzzy.ourmusicstudio@gmail.com,,,LIVE COMPANY
2422,52811188D,JSU LANGUAGE SCHOOL,JSU LANGUAGE SCHOOL,MS TAKAHNSHI,,65 9688 1736,,,HOUSE 177 RIVER VALLEY ROAD #05-03 LIANG COURT SHOPPING CTR SNG 179030,,,,LIVE
2423,199105651K,OES PRIVATE LIMITED,OES PTE LTD,MS MOLLY,,65 6545 9515,,,2 LOYANG LANE #05-04 LOYANG INDUSTRIAL ESTATE SNG 508913,oespl@singnet.com.sg,,,LIVE COMPANY
2424,201534388N,WEBARRE PTE. LTD.,WEBARRE PTE. LTD.,MS LINDA,,65 9115 7771,,,"86B TANJONG PAGAR ROAD, , Singapore 088507",linda@webarre.com,,,LIVE COMPANY
2425,199401673D,SIN MUI HENG FOOD INDUSTRIES PTE LTD,SIN MUI HENG FOOD INDUSTRIES PTE LTD,MS LEEYAN,,65 6442 7677,,,3017 BEDOK NORTH STREET 5 #05-06 GOURMET EAST KITCHEN SNG 486121,leeyan@smhfood.com,,,LIVE COMPANY
2426,199201624D,SINGAPORE TELECOMMUNICATIONS LIMITED,SINGAPORE TELECOMMUNICATIONS LIMITED,MS KYLEY TAN MEI YING,,65 9230 9109,65 6838 8966,,1 EXPO DRIVE HALL 5 BOOTH 5002 SINGAPORE EXPO SNG 486150,kyleytan@singtel.com,,,LIVE COMPANY
2427,201015774W,YI YONG PTE. LTD.,YI YONG PTE. LTD.,MS KIM,,65 8687 9655,,,APT/BLK 122 EUNOS AVENUE 7 #03-14 RICHFIELD IND CTR SNG 409575,admin@yiyong.com.sg,,,LIVE COMPANY
2428,198502512R,T. M. TRANSPORT CONTRACTOR PTE LTD,T M TRANSPORT CONTRACTOR PTE LTD,MS FUI CHIN MR LIM,,65 6893 5928,65 9671 3068,,"11, TUAS SOUTH STREET 8, 637005",tmtrans@singnet.com.sg,,,LIVE COMPANY
2429,201214427N,MARLIN DIVERS PTE. LTD.,MARLIN DIVERS PTE. LTD.,MS ELIN MARTIN,,65 9274 1163,65 9685 9487,,"TANGLIN HALT IND EST, 115A, COMMONWEALTH DRIVE, #02-21, 149596",elin@marlindivers.com.sgMr,,,LIVE COMPANY
2430,S27FC0556D,CITIBANK N.A.,CITIBANK N A,MS DIANA,,65 9834 3326,65 6595 8470,,"3, CHANGI BUSINESS PARK CRESCENT, BLK 1 SERVER RM #03-00, 486026",diana.kok.boey.han@citi.com,,,LIVE COMPANY
2431,200512346G,DANCEPOINTE SINGAPORE PTE. LTD.,DANCEPOINTE SINGAPORE PTE. LTD.,MR.TANG EE LIANG,,65 9733 4227,,,"JURONG WEST SPORTS CPX, 20, JURONG WEST STREET 93, #02-10, 648965",,,,LIVE COMPANY
2432,197000563N,ASIA PROJECTS ENGINEERING PRIVATE LIMITED,ASIA PROJECTS ENGINEERING PTE LTD,"MR. V. GUNA
 CONTACT NUMBER EMAIL",,65 9023 5472,,,"8 MARINA GARDENS DRIVE, MARINA BARRAGE, Singapore 018951",guna@apeco.com.sg,,,LIVE COMPANY
2433,201632246W,ALPHA BETA TRAINING PTE. LTD.,ALPHA BETA TRAINING PTE. LTD.,MR. SHAO,,65 9733 2851,,,"200 JALAN SULTAN, #08-10 TEXTILE CENTRE, Singapore 199018",,,,LIVE COMPANY
2434,200715259N,S. F. EXPRESS (SINGAPORE) PRIVATE LIMITED,S F EXPRESS (SINGAPORE) PTE LTD,MR. KENNETH EXPRESS.COM,,65 8323 8025,,,HOUSE 1 PARK ROAD #01-83 SNG 059108,kennethlee@sf-express.com,,,LIVE COMPANY
2435,T16LL1821J,STEPPING STONES LEARNING CENTRE LLP,STEPPING STONES LEARNING CENTRE,MR. ADAM YEO,,65 9760 8117,,,"BUKIT PANJANG NEW TOWN, 258, BUKIT PANJANG RING ROAD, #01-52 LEVEL 2, 670258",,,,LIVE
2436,199102060R,RAFFLES DIGITAL LABS PTE LTD,RAFFLES DIGITAL LABS PTE LTD,"MR TOM KOO
 CONTACT NUMBER EMAIL",,65 6863 4290,,,1008 TOA PAYOH NORTH #04-16 TOA PAYOH IND EST SNG 318996,2012bannerking@gmail.com,,,LIVE COMPANY
2437,200602693G,GT SAN ENGINEERING PTE. LTD.,GT SAN ENGINEERING PTE. LTD.,MR TAN SIOW SIONG,,65 9008 9972,65 6442 9956,,3023 UBI ROAD 3 #06-21 UBIPLEX SNG 408663,sstan@gtsan.com.sg,,,LIVE COMPANY
2438,199907945G,DIRT WHEEL MOTOR & CREDIT PTE LTD,DIRT WHEEL MOTOR & CREDIT,MR ONG KIM HUA,,65 9783 3063,,,81 UBI AVENUE 4 #01-03 UB.ONE SNG 408830,dirtwheel@gmail.com,,,LIVE COMPANY
2439,T22LL0102F,CENTURY SQUARE LLP,CENTURY SQUARE,MR JOHN YEO MR BASKAR EMAIL .COM.S,,65 9641 8999,65 9836 9454,,"2 Tampines Central 5, Singapore 529509",johnyeo@singtel.com,,,LIVE
2440,201012456C,SINGTEL MOBILE SINGAPORE PTE. LTD.,SINGTEL MOBILE SINGAPORE PTE. LTD.,MR JOHN YEO,,65 9641 8999,,,302 TIONG BAHRU ROAD #01-157 TIONG BAHRU PLAZA SNG 168732,johnyeo@singtel.com,,,LIVE COMPANY
2441,201102050D,ZHENG ZHONG ART ENTERPRISE PTE. LTD.,ZHENG ZHONG ART ENTERPRISE PTE. LTD.,MR ERIC YONG,,65 9093 5632,,,2021 BUKIT BATOK STREET 23 #03-182 SNG 659526,zhongart@gmail.com,,,LIVE COMPANY
2442,T05LL0921A,TRUE NORTH LEADERSHIP ASIA LLP,TRUE NORTH LEADERSHIP ASIA LLP,MDM TING CHEOW PHENG,,65 9818 0138,,,201 JOO CHIAT ROAD #02-05 SNG 427472,cpting@tnleadership.com,,,LIVE
2443,52811471M,XUE NI LANGUAGE CENTRE,XUE NI LANGUAGE CENTRE,MDM NG SAIK,,65 6561 9606,,,APT/BLK 134 JURONG GATEWAY ROAD #02-309D SNG 600134,XUENILC@SINGNET.COM.SG,,,LIVE
2444,199501092N,KAISHO TECHNOLOGY PTE LTD,KAISHO TECHNOLOGY PTE LTD,EDMUND TAY,,65 6455 9500,,,HOUSE 1 YISHUN STREET 23 #05-38 YS-ONE SNG 768441,edmund@kaisho.com.sg,,,LIVE COMPANY
2445,200305285R,AVANTUS TRAINING PRIVATE LIMITED,AVANTUS TRAINING PTE LTD,DAVID DO AN,,65 9062 8791,,,80 JURONG EAST STREET 21 #04-04 DEVAN NAIR INSTITUTE SNG 609607,tudoanh@avantustraining.com,,,LIVE COMPANY
2446,200914668E,AONIA PRIVATE LIMITED,AONIA PRIVATE LIMITED,CONTACT MR DANIEL CHUA,,65 9177 6348,,,28 SIN MING LANE #08-145 MIDVIEW CITY SNG 573972,daniel@AONIAnow.com,,,LIVE COMPANY
2447,200823574W,AIRBUS SINGAPORE PRIVATE LIMITED,AIRBUS,BRIAN TAN EMAIL NIL,,65 9863 9493,,,80 AIRPORT BOULEVARD #01-92A CHANGI AIRPORT TERMINAL 1 SNG 819642,,,,LIVE COMPANY
2448,202443244H,VEGETARIAN PRIVATE LIMITED,38 VEGETARIAN,MS. JENNY HO,,65 9839 5558,,,"CAUSEWAY POINT, 1, WOODLANDS SQUARE, #B1-K17, 738099",,,,LIVE COMPANY
2449,201314608M,COCOA COLONY PTE. LTD.,COCOA COLONY (S) PTE. LTD.,MR. KENNY KOH MS. WENDY,,65 9106 1958,,,HOUSE 1 VISTA EXCHANGE GREEN #01-50 THE STAR SNG 138617,,,,LIVE COMPANY
2450,201305127M,SUZETTE INTERNATIONAL PTE. LTD.,SUZETTE INTERNATIONAL PTE. LTD,MR YAGI MS YUKI,,65 9299 4957,65 9025 2916,,HOUSE 181 ORCHARD ROAD #01-18 ORCHARD CENTRAL SNG 238896,,,,LIVE COMPANY
2451,201229971E,CARAMELCRISP PTE. LTD.,CARAMELCRISP PTE LTD,MR STEVEN TAN EMAIL,,65 9029 0530,,,60 AIRPORT BOULEVARD 026-095-05 TERMINAL 2 CHANGI AIRPORT DEPARTURE/TRANSIT LOUNGE SNG 819643,stan@garrettpopcorn.com.sg,,,LIVE COMPANY
2452,200706228D,TALK COCK SING SONG @ THOMSON PTE. LTD.,TALK COCK SING SONG @ THOMSON PTE LTD,MR JOHN,,65 9666 5379,,,HOUSE 244A UPPER THOMSON ROAD MAIN SNG 574369,johntanke@hotmail.com,,,LIVE COMPANY
2453,199900681R,V8 ENVIRONMENTAL PTE LTD,V8 ENVIRONMENT PTE LTD,MS CHERLENE ER,,65 9828 6818,,,"20, JALAN SAMULUN, MAIN, 629130",,,,LIVE COMPANY
2454,200303416N,BIOFUEL INDUSTRIES PTE. LTD.,BIOFUEL INDUSTRIES PTE LTD,MR DANIEL TAY,,65 6515 5318,65 9170 2067,,"2, JALAN SAMULUN, MAIN, 629120",,,,LIVE COMPANY
2455,198301333Z,TEL TRANSPORT & WAREHOUSING PTE. LTD.,TEL TRANSPORT & WAREHOUSING PTE LTD,MR. ALI,,65 9061 0210,,,52 TANJONG PENJURU #04-01 CWT LOGISTICS HUB 3 SNG 609034,,,,LIVE COMPANY
2456,199201312E,MEDIACORP PTE. LTD.,MEDIACORP PTE LTD,MR ALEX ANG,,65 9169 8321,,,. ANDREW ROAD CALDECOTT BROADCAST CENTRE SNG 299939,ALEXANG@MEDIACORP.COM.SG,,,LIVE COMPANY
2457,199407099E,Z FENCING PTE LTD,FENCING SINGAPORE,RYAN QUEK,,65 6255 0086,65 9066 8868,,301 LOR 6 TOA PAYOH #02-06 SWIMMING COMPLEX TOA PAYOH SPORT/FITNESS CTR SNG 319392,ryanquek@fencingsingapore.org.sg,,,LIVE COMPANY
2458,201541449W,ART GRAIN PTE. LTD.,ART GRAIN,MISS MENG HUA,,65 9100 7071,,,200 TURF CLUB ROAD #04-18 THE GRANDSTAND SNG 287994,,,,LIVE COMPANY
2459,200923387W,TRANSTAR TRAVEL & TOURS PTE. LTD.,TRANSTAR TRAVEL & TOURS PTE LTD,TAN LYE HENG,,65 9119 1855,,,"RESORTS WORLD SENTOSA, 26, SENTOSA GATEWAY, #B1-K8, 098138",lyeheng.tan@transtartravel.com,,,LIVE COMPANY
2460,197501608C,ALKANAAH INTERNATIONAL TOURS & TRAVEL PTE. LTD.,ALKANAAH INTL TOURS & TRAVEL PTE LTD,NURUL SECRETARY,,65 9228 0412,,,291 BEACH ROAD #01-01 SINGAPORE 199553,nurul@alkanaah.org,,,LIVE COMPANY
2461,200916093N,LIGHTFOOT TRAVEL PTE. LTD.,LIGHTFOOT TRAVEL PTE LTD,NICO HEATH,,65 6438 4091,,,7 AMOY STREET #03-05 FAR EAST SQUARE SINGAPORE 049949,nico@lightfoottravel.com,,,LIVE COMPANY
2462,200211008G,SHAHID TRAVEL & TOURS PTE. LTD.,SHAHID TRAVEL & TOURS PTE LTD,MS SAMEENAH BINTE ISLAND,,65 9861 5203,65 6293 3733,,HOUSE 181 KITCHENER ROAD #01-12 NEW PARK HOTEL SNG 208533,shahidtt@singnet.com.sg,,,LIVE COMPANY
2463,200821580N,SPA VILLA LEISURE PTE. LTD.,SPA VILLA LEISURE PTE LTD,MS JUNE WEE,,65 9788 2683,65 6270 2238,,"1, MARITIME SQUARE, #01-34, 099253",,,,LIVE COMPANY
2464,201318662H,KKKL TRAVEL & TOURS PTE. LTD.,KKKL TRAVEL & TOURS PTE LTD,MR YEE HON VE,,65 9382 4309,,,30 EAST COAST ROAD #02-13 VILLAGE HOTEL KATONG SNG 428751,kkkl_travel@yahoo.com,,,LIVE COMPANY
2465,200909947R,GLOREE TOURS AND TRAVELS PTE. LTD.,GLOREE TOURS AND TRAVELS PTE LTD,MR ANTHONG TEL,,65 6844 4666,,,"THE PLAZA, 7500A, BEACH ROAD, #12-314, 199591",,,,LIVE COMPANY
2466,25660400B,KIM HENG JEWELLERS AND GOLDSMITHS,KIM HENG JEWELLERS & GOLDSMITHS,MR. HO,,65 9666 4451,65 6533 0077,,HOUSE 1 PARK ROAD #01-40 SNG 059108,,,,LIVE
2467,200818562G,DREAMARVEL PTE. LTD.,DREAMARVEL PTE. LTD,TAN JECK MENG,,65 9118 6312,,,HOUSE 163 GEYLANG ROAD #04-01 SNG 389240,jeckmeng@dreamarvel.com,,,LIVE COMPANY
2468,198101793G,NCS PTE. LTD.,NCS PTE LTD,SOON HUAT,,65 9862 2440,,,38 KIM CHUAN ROAD 9TH FLOOR KIM CHUAN COMPLEX SNG 537055,gcloud_operator@singtel.com,,,LIVE COMPANY
2469,201014591E,COMPUTERGATE ASIA PTE. LTD.,COMPUTERGATE ASIA PTE LTD,"RAYMOND JEFFREY
 MON FRI",,65 9633 7994,,,16 NEW INDUSTRIAL ROAD #04-06 HUDSON TECHNOCENTRE SNG 536204,raymond.jeffrey@computergate.asia,,,LIVE COMPANY
2470,199102746W,AMCONICS TECHNOLOGY PTE. LTD.,AMCONICS TECHNOLOGY PTE LTD,MS PEGGY,,65 9437 5899,,,HOUSE 1 ROCHOR CANAL ROAD #04-36 SIM LIM SQUARE SNG 188504,,,,LIVE COMPANY
2471,200719932Z,ELSE PTE. LTD.,ELSE PTE LTD,MS KRYSTAL NAMR LAW BOON POH,,65 6515 9768,65 9337 7970,,"56, TUAS SOUTH STREET 5, #03-00, 637799",boonpoh@else.com.sg,,,LIVE COMPANY
2472,202447632W,RAJARAJA TECHNOLOGIES PTE. LTD.,RAJARAJA TECHNOLOGIES,MR RAGHU RENGA RAJA KARUPPIAH,,65 9134 1154,,,HOUSE 1 ROCHOR CANAL ROAD #04-47 SIM LIM SQUARE SNG 188504,,,,LIVE COMPANY
2473,201134470N,JUMPER PTE. LTD.,JUMPER ADS PTE. LTD.,MR MARC,,65 9699 0261,,,HOUSE 63 ROBINSON ROAD #03-14 AFRO-ASIA BLDG SNG 068894,,,,LIVE COMPANY
2474,201313421R,NETSENSE BUSINESS SOLUTIONS PTE. LTD.,NETSENSE BUSINESS SOLUTIONS PTE LTD,MR KHALID ABDUL REHMAN,,65 9787 3547,,,228 CHANGI ROAD #04-01 ICON @ CHANGI SNG 419741,abdul@netsensebs.com,,,LIVE COMPANY
2475,S86FC3711E,NEC NETWORKS & SYSTEM INTEGRATION CORPORATION (SINGAPORE BRANCH),NEC NETWORKS & SYSTEM INTEGRATION CORPORATION (S),MR JAMES TAN,,65 6333 9371,,,"A-Z BUILDING, 140, PAYA LEBAR ROAD, #08-14, 409015",james_tan@nesic.com.sg,,,LIVE COMPANY
2476,201302513E,EMARSYS PTE. LTD.,EMARSYS PTE LTD,MR HENDRIK,,65 9108 5387,,,HOUSE 45C BOAT QUAY MAIN SNG 049834,HENDRIK.TJANG@EMRSYS.COM,,,LIVE COMPANY
2477,201315255C,DAILY VANITY PTE. LTD.,DAILY VANITY PTE LTD,MR CHRIS,,65 9741 3625,,,HOUSE 77 HIGH STREET #08-14 HIGH STREET PLAZA SNG 179433,,,,LIVE COMPANY
2478,200103949K,NAMECARDONLINE PTE. LTD.,NAMECARDONLINE PTE LTD,KAT,,65 6224 7050,,,HOUSE 34 CRAIG ROAD #B1-03 CHINATOWN PLAZA SNG 089673,sales@namecardonline.com,,,LIVE COMPANY
2479,200305215G,MCKAL PTE. LTD.,MCKAL PTE LTD,GOH SIOW KIANG,,65 9237 6830,65 6247 5990,,514 CHAI CHEE LANE #03-02 BEDOK INDUSTRIAL ESTATE SNG 469029,gsk@mckal.com,,,LIVE COMPANY
2480,200412028R,FIRST AURORA PTE. LTD.,FIRST AURORA PTE LTD,AY SONIK,,65 9171 0702,65 8112 7934,,"26, CIRCULAR ROAD, #03-00, 049382",,,,LIVE COMPANY
2481,200301517G,BOOKLINK PTE. LTD.,BOOKLINK PTE LTD,"MS NG LAI MIEN
 EMAIL",,65 9685 0577,,,HOUSE 21 TAMPINES AVENUE 1 #01-01 TEMASEK POLYTECHNIC SNG 529757,,,,LIVE COMPANY
2482,200607001E,SECRET CHAMBER PTE. LTD.,SECRET CHAMBER PTE LTD,MR LEENDERT HEINRICH BOER,,65 6748 3886,,,HOUSE 80 MARINE PARADE ROAD #B1-22 SNG 449269,secretchamber@singnet.com.sg,,,LIVE COMPANY
2483,201015728W,BOOKS CELLAR PTE. LTD.,BOOKS CELLAR PTE LTD,MR JACOB,,65 9017 4341,,,HOUSE 19 BUKIT PASOH ROAD MAIN SNG 089833,JAKEFOLKOFF@HOTMAIL.COM,,,LIVE COMPANY
2484,201925073R,TELLUS DESIGN PTE. LTD.,TELLUS DESIGN LLP,MS YVONNE NGAN,,65 6887 4735,,,HOUSE 75 DUXTON ROAD #03-01 SNG 089534,yvonne@tellusad.com,,,LIVE COMPANY
2485,200917018D,AIMER (SINGAPORE) PTE. LTD.,AIMER (SINGAPORE) PTE. LTD,MS CYNTHIA WEI,,65 9693 1311,65 6848 4438,,"PARKWAY PARADE, 80, MARINE PARADE ROAD, #02-61, 449269",cynthia@aimer.com.cn,,,LIVE COMPANY
2486,201407621R,DESIGN CHAPTERZ PTE. LTD.,DESIGN CHAPTERZ PTE LTD,MR TAN BOON CHONG,,65 9858 1418,,,56 JOO CHIAT PLACE MAIN SNG 427780,glenn79@live.com.sg,,,LIVE COMPANY
2487,201618065E,DETAIL PTE. LTD.,DETAIL,MR EDMUND LIM,,65 9363 1663,,,HOUSE 49B KRETA AYER ROAD MAIN SNG 089007,edmund.lim@thedetail.com.sg,,,LIVE COMPANY
2488,201000897K,MOJO STUDIO PTE. LTD.,MOJO STUDIO PTE LTD,JOSEF LEE,,65 6484 6942,65 9695 6440,,7030 ANG MO KIO AVENUE 5 #09-94 NORTHSTAR @ AMK SNG 569880,Jo@mojo.sg,,,LIVE COMPANY
2489,200002745W,RENAISSANCE DESIGNERS & PLANNERS PTE LTD,RENAISSANCE PLANNERS & DESIGNERS P L,HELEN,,65 6291 1545,,,119 JOO CHIAT ROAD MAIN SNG 427408,renai@singnet.com.sg,,,LIVE COMPANY
2490,201304477D,SOTEC SOLUTION PTE. LTD.,SOTEC SOLUTION PTE LTD,"CLEMENT LIM
 CONTACT NUMBER EMAIL",,65 9271 1518,,,7030 ANG MO KIO AVENUE 5 #09-38 NORTHSTAR @ AMK SNG 569880,clement@sotecsolution.com,,,LIVE COMPANY
2491,200511981N,URBAN ATELIER PTE. LTD.,URBAN ATELIER PTE LTD,BRYAN KHOO,,65 9062 0229,,,8 UBI ROAD 2 #03-18 ZERVEX SNG 408538,bryan.khoo@urbanatelier.com.sg,,,LIVE COMPANY
2492,52964721D,BIG JIN PRODUCTIONS,BIG 3 PRODUCTIONS,MR. BEN,,65 9653 2504,,,625 LOR 4 TOA PAYOH #05-01 GENERAL MAGNETICS LTD SNG 319519,,,,LIVE
2493,201416908M,POSSO PRESCHOOL PTE. LTD.,POSSO PRESCHOOL PTE LTD,MS TAN,,65 6922 7615,,,"1, VENTURE AVENUE, #04-11, 608521",,,,LIVE COMPANY
2494,201504591E,EDUGARDEN DISCOVERY PTE. LTD.,EDUGARDEN DISCOVERY PTE LTD,MS SHI JUPING NAMS SHARON ANG,,65 9677 0380,65 9273 3683,68973938,"429, JURONG WEST AVENUE 1, #01-310, 640429",a70sharon@yahoo.com.sg,,,LIVE COMPANY
2495,198800766K,CHILTERN HOUSE PTE. LTD.,CHILTERN HOUSE PTE LTD,FOLDER EMPTY,,NO DETAILS,,,732A GEYLANG ROAD MAIN SNG 389643,,,,LIVE COMPANY
2496,201224616W,INVITROCUE PTE. LTD.,INVITROCUE PTE LTD,SAMUEL GAN,,65 9383 6588,,,11 BIOPOLIS WAY #12-07/08 HELIOS SNG 138667,,,,LIVE COMPANY
2497,200210783Z,HENRY GAS PTE. LTD.,HENRY GAS PTE LTD,MS JACQUELIN EMAIL,,65 9686 3300,,,"2034, BUKIT BATOK STREET 23, #01-306, 659539",jacquelinyeo@henrygas.com.sg,,,LIVE COMPANY
2498,200200432D,PICPUS PTE. LTD.,PICPUS PTE LTD,EUGENE OEN TEL– HP,,65 6841 2817,65 9752 3219,,122 EUNOS AVENUE 7 #03-01 RICHFIELD IND CTR SNG 409575,picpus@singnet.com.sg,,,LIVE COMPANY
2499,53478845M,MUNCH!,I-MUNCH PTE. LTD,WONG CHENG FENG CHRISTINA,,65 9273 4350,65 6336 3366,,HOUSE 122 TELOK AYER STREET MAIN SNG 068591,wong1211@outlook.com,,,LIVE
2500,202112135K,D&N (S) PRIVATE LIMITED,D&N SINGAPORE PTE LTD,SUVIN,,65 9109 2588,,,"PLAZA SINGAPURA, 68, ORCHARD ROAD, #03-84, 238839",,,,LIVE COMPANY
2501,53502663C,CAFE-P,CAFE O SINGAPORE PTE LTD,SALLY,,65 6645 9333,,,"IMM, 2, JURONG EAST STREET 21, #01-101, 609601",,,,LIVE
2502,199504712D,THAI VILLAGE RESTAURANT PTE. LTD.,THAI VILLAGE RESTAURANT PTE LTD,PHILIP LOI M.SG,,65 6487 6182,65 9660 2452,,2 STADIUM WALK #01-02 SINGAPORE INDOOR STADIUM SNG 397691,philip@thaivillagerestaurant.co,,,LIVE COMPANY
2503,200909190G,OSVALDO FAMILY'S KITCHEN PTE. LTD.,OSVALDO FAMILYS KITCHEN PTE LTD,OSVALDO FORLINO KAREN BUI,,65 9297 4151,65 6305 7850,,"23, BOON TAT STREET, MAIN, 069621",osvaldo@osvaldo.sg,,,LIVE COMPANY
2504,201332719N,FAMOUS FOOD CUBE PTE. LTD.,FAMOUS FOOD CUBE PTE LTD,MS. TANG JING,,65 9225 5807,,,HOUSE 133 NEW BRIDGE ROAD #B1-30 CHINATOWN POINT SNG 059413,tangjing81@hotmail.com,,,LIVE COMPANY
2505,201437371K,DUA GROUP PTE. LTD.,DUA GROUP PTE LTD,MS. FAZ MR. SARAVANAN,,65 8322 0459,65 8406 6115,,"8 RAFFLES AVENUE, #01-13B ESPLANADE MALL, Singapore 039802",,,,LIVE COMPANY
2506,201315614W,SUNPARK HOLDINGS PTE. LTD.,SUNPARK SINGAPORE PTE LTD,MS LEE XI XUN ARIEL,,65 9296 8162,65 9741 2706,66928080,"BUKIT PANJANG PLAZA, 1, JELEBU ROAD, #01-64/65, 677743",ariel@sunpark.ne.jp,,,LIVE COMPANY
2507,200809227E,VERVE HOLDINGS PTE. LTD.,VERVE HOLDINGS PTE LTD,MS KAREN,,65 8298 7008,,,3D RIVER VALLEY ROAD #01-09 SNG 179023,,,,LIVE COMPANY
2508,201108504N,LUPA HOLDINGS PTE. LTD.,LUPA HOLDINGS PTE LTD,MS IMELDA CHEW SI HUI MS BAI EMAIL SG.COM,,634658132,,,"GOODMAN ARTS CTR, 90, GOODMAN ROAD, BLK C, 439053",info@labarca-sg.com,,,LIVE COMPANY
2509,201416471M,MC GROUP PTE. LTD.,MC GROUP PTE. LTD,MS CINDY MR JOHN,,65 9699 9974,65 6238 1728,92708388,"80 MARINE PARADE ROAD, #01-11 , Singapore 449269",,,,LIVE COMPANY
2510,201604581R,KEE HIONG ASIA PACIFIC PTE. LTD.,KEE HIONG ASIA PACIFIC PTE LTD,MR. STEPHEN,,65 9832 6283,,,101 UPPER CROSS STREET #01-05L SNG 058357,,,,LIVE COMPANY
2511,200900444D,WEST CO'Z CAFE PTE. LTD.,WEST CO'Z CAFE PTE LTD,MR TAN,,65 9188 5679,,,"YEWTEE POINT, 21, CHOA CHU KANG NORTH 6, #01-28, 689578",,,,LIVE COMPANY
2512,200918733M,TASTE OF INDIA RESTAURANT PTE. LTD.,TASTE OF INDIA RESTAURANT PTE LTD,MR KARTHIK,,65 9028 6401,,,HOUSE 15 WOODLANDS LOOP #01-12 WOODLANDS EAST IND ESTATE SNG 738322,,,,LIVE COMPANY
2513,200818603R,SINGAPORE SAIZERIYA PTE. LTD.,SINGAPORE SAIZERIYA PTE LTD,MR JOSEPH YEAN SIEW WAI,,65 9322 2939,65 6338 8969,,"BEDOK POINT, 799, NEW UPPER CHANGI ROAD, #02-07, 467351",joseph@idbox.com.sg,,,LIVE COMPANY
2514,201113013Z,RAMEN CHAMPION PTE. LTD.,RAMEN CHAMPION PTE LTD,MR HENRY LIM,,65 9617 7167,,,HOUSE 65 AIRPORT BOULEVARD #B2-58 CHANGI AIRPORT T3 SNG 819663,,,,LIVE COMPANY
2515,202225497D,CHILLAX PTE. LTD.,CHILLAX CAFE PTE. LTD.,MR DARREN MR LIU RYAN,,65 9644 7329,65 9828 4707,,HOUSE 50 STAMFORD ROAD #01-01 SMU SNG 178899,darren@astronauts.com.sg,,,LIVE COMPANY
2516,199802488M,FISH & CO. RESTAURANTS PTE. LTD.,FISH & CO. RESTAURANTS PTE LTD,MR CHEN JIN ZHI CO.COM,,65 9474 6881,,,"RESORTS WORLD SENTOSA, 26, SENTOSA GATEWAY, #01-401, 098138",chen.jz@fish-co.com,,,LIVE COMPANY
2517,201305946D,TASTY FOOD CATERING PTE. LTD.,TASTY FOOD CATERING PTE LTD,MR ASRAT ALLI,,65 8399 6646,,,"30, NORRIS ROAD, MAIN, 208272",asrat.alli@yahoo.com,,,LIVE COMPANY
2518,201201446C,SINGAPORE HAI DI LAO DINING PTE. LTD.,SINGAPORE HAI DI LAO DINING PTE LTD,MISS TAN,,65 8588 7089,,,HOUSE 91 BENCOOLEN STREET #06-02 SUNSHINE PLAZA SNG 189652,TANAP@HAIDILAO.COM,,,LIVE COMPANY
2519,199103579R,HARRY'S INTERNATIONAL PTE. LTD.,HARRY'S INTERNATIONAL PTE LTD,MANISH KUMAR PANDEY,,65 6337 0657,65 8518 3163,,20 PASIR PANJANG ROAD #02-14 MAPLETREE BUSINESS CITY SNG 117439,marketing@harrys.com.sg,,,LIVE COMPANY
2520,198500766Z,LONG ISLAND GARDEN SEAFOOD RESTAURANT PTE. LTD.,LONG ISLAND GARDEN SEAFOOD RESTAURANT PTE LTD,JENNY SG ANGIE,,65 6338 9398,65 9628 7930,,1202 EAST COAST PARKWAY #01-04 E.C JUMBO SEAFOOD CTR SNG 449881,jenny@longbeachseafood.com,,,LIVE COMPANY
2521,201108952N,PARIS BAGUETTE SINGAPORE PTE. LTD.,PARIS BAGUETTE SINGAPORE PTE LTD,HAN JONGYUN,,65 8186 7745,,,50 JURONG GATEWAY ROAD #02-20 JEM SNG 608549,Parisman50@spc.co.kr,,,LIVE COMPANY
2522,201301178C,DIM SUM PTE. LTD.,DIM SUM PTE LTD,BENARD LIM JOSHUA,,65 9730 2659,65 9488 0770,,311 NEW UPPER CHANGI ROAD #B1-51 BEDOK MALL SNG 467360,benardlim@hcdesign.com,,,LIVE COMPANY
2523,201216850G,THE P' CLUB GROUP PTE. LTD.,THE P` CLUB GROUP PTE. LTD,PATRICK,,65 8168 9968,,,HOUSE 100 PECK SEAH STREET #09-20 OASIA HOTEL SNG 079333,design@thepclubgroup.com,,,LIVE COMPANY
2524,201410490H,FRONTIER PROPERTY SERVICES PTE. LTD.,FRONTIER PROPERTY SERVICES PTE LTD,MS. AMANDA,,65 8666 6691,,,"WCEGA PLAZA, 1, BUKIT BATOK CRESCENT, #09-35, 658064",,,,LIVE COMPANY
2525,200311601C,HUANG KEE BUILDING MAINTENANCE PTE. LTD.,HUANG KEE BUILDING MAINTENANCE PTE LTD,MS TOH MR TAN,,65 6556 2692,65 9367 1417,92372163,HOUSE 3 ANG MO KIO STREET 62 #06-32 LINK@AMK SNG 569139,Mary.toh@huangkee.com.sg,,,LIVE COMPANY
2526,201118677H,PUNGGOL RESIDENCES PTE. LTD.,PUNGGOL RESIDENCES PTE LTD,MS CHONG LI LI,,65 6417 9208,,,HOUSE 122 PUNGGOL WALK #01-46 TWIN WATERFALLS TWIN WATERFALLS SNG 828771,twinwaterfallsma@gmail.com,,,LIVE COMPANY
2527,200807740N,PAMFLEET ASSET MANAGEMENT (SINGAPORE) PTE. LIMITED,PAMFLEET ASSET MANAGEMENT (S) PTE LTD,MR. DOUGIE CRICHTON,,65 9022 3981,,,21 CLUB STREET #02-11 SNG 069410,Dougie.crichton@pamfleet.com,,,LIVE COMPANY
2528,201304032Z,NEW CENTURY FOOD HOUSE @ 539 PTE. LTD.,NEW CENTURY FOOD HOUSE@539 PTE LTD,MR YEOH AH CHIAH,,65 9383 4686,,,"539, BEDOK NORTH STREET 3, #01-619, 460539",,,,LIVE COMPANY
2529,200107618D,CARENCE PTE. LTD.,CARENCE PTE LTD,MR FOO HAY KHIM,,65 9781 7782,65 6475 0127,,"1 BEACH ROAD, #01-4735 , Singapore 190001",carence@singnet.com.sg,,,LIVE COMPANY
2530,201207383D,GANG BAO SHI BUSINESS MANAGEMENT PTE. LTD.,GANG BAO SHI BUSINESS MANAGEMENT PTE LTD,MR DAVID POH,,65 9084 9962,,,167 GEYLANG ROAD #02-05 SNG 389242,d_danille@hotmail.com,,,LIVE COMPANY
2531,201334180K,JEWEL CHANGI AIRPORT DEVT PTE. LTD.,JEWEL CHANGI AIRPORT DEVT PTE LTD,KOH HI LEI,,65 9017 3734,,,60 AIRPORT BOULEVARD #B16-008 PTB 2 CHANGI AIRPORT SNG 819643,KOH.JILEI@CHANGIAIRPORT.CO,,,LIVE COMPANY
2532,201621391G,LYS WHOLESALE & RETAIL PTE. LTD.,LYS WHOLESALE & RETAIL PTE LTD,EVELYN YONG,,65 9046 3940,,,200 JALAN SULTAN #02-15 Singapore 199018,Peachie_eve@yahoo.com,,,LIVE COMPANY
2533,200302860N,CLASS AUTO PTE. LTD.,CLASS AUTO PTE LTD,PEH CHOON,,65 9616 6810,,,53 UBI AVENUE 1 #03-51 PAYA UBI INDUSTRIAL PARK SNG 408934,enquires@ciassauto.com.sg,,,LIVE COMPANY
2534,200205950C,H TYRE PTE. LTD.,H TYRE PTE LTD,MS TAN BEE HONG DAVID BOSS,,65 6293 3636,65 9815 0977,,46 BENDEMEER ROAD MAIN SNG 339931,sales@htyre.com,,,LIVE COMPANY
2535,200504613N,LNYCO INTERNATIONAL PTE. LTD.,LNYCO INTERNATIONAL PTE LTD,MS FIONG EMAIL CUSTOMER PREFER CALL,,65 6742 3223,,,HOUSE 5002 ANG MO KIO AVENUE 5 #03-06 TECHPLACE 2 SNG 569871,,,,LIVE COMPANY
2536,200706213R,BIO-PACKAGING PTE. LTD.,BIO-PACKAGING PTE LTD,MR LARRY LOW PACKAGING.COM.SG,,65 6755 5233,,,"2, WOODLANDS SECTOR 1, #03-31, 738068",larry@bio-packaging.com.sg,,,LIVE COMPANY
2537,201220312E,FIREFLY PHOTOGRAPHY PTE. LTD.,FIREFLY PHOTOGRAPHY PTE. LTD,KOH SZE WEI,,65 9764 2661,,,1 YISHUN INDUSTRIAL STREET 1 #07-11 APOSH BIZHUB SNG 768160,darren@fireflyphotographysg.com,,,LIVE COMPANY
2538,201301451D,KIONG ONN MEDICAL HALL PTE. LTD.,KIONG ONN MEDICAL HALL,MR CHONG KUOK SENG EMAIL,,65 9768 7112,,,APT/BLK 682 HOUGANG AVENUE 4 #01-374 SNG 530682,,,,LIVE COMPANY
2539,201026458G,ZARE INTERNATIONAL PTE. LTD.,ZARE INTERNATIONAL PTE LTD,JANICE CHEAH,,65 8422 5036,,,HOUSE 101 UPPER CROSS STREET #B1-22 PEOPLE'S PARK CENTRE SNG 058357,janice@drpppars.com,,,LIVE COMPANY
2540,197802775Z,PET LOVERS CENTRE PTE. LTD.,PET LOVERS CENTRE PTE LTD,MR DENNIS,,65 9450 3557,,,HOUSE 165 TANJONG PAGAR ROAD #04-03 AMARA HOTEL SNG 088539,DENNISLOG@PETLOVERSCENTRE.COM,,,LIVE COMPANY
2541,200910817N,CHANGI AIRPORT GROUP (SINGAPORE) PTE. LTD.,CHANGI AIRPORT GROUP (SINGAPORE) PTE LTD,MS KOO SEE LIAN EMAIL,,65 9873 2808,,,HOUSE 555 WEST CAMP ROAD MAIN SELETAR AIRBASE SNG 797793,koo.seelian@changiairport.com,,,LIVE COMPANY
2542,200010605W,TEN TRANSPORT SERVICES PTE LTD,TEN TRANSPORT SERVICES P L,KEAN GUANG NG EMAIL,,65 9846 8959,,,HOUSE 7 AIRLINE ROAD #02-19 CARGO AGENT BLDG E SNG 819834,keanguan@tentransport.com.sg,,,LIVE COMPANY
2543,198802694E,SUNTEC INTERNATIONAL PTE. LTD.,SUNTEC INTERNATIONAL PTE LTD,SHARON,,65 6368 7900,,,1 YISHUN STREET 23 #02-40 YS-ONE SNG 768441,sunteci@singnet.com.sg,,,LIVE COMPANY
2544,53144682D,D'CONNECT,EA-CONNECT PTE LTD,SERENA CHUA,,65 6226 0680,65 9428 2021,,22 SIN MING LANE #04-79/80 SINGAPORE 573969,ckh@eaconnect.sg,,,LIVE
2545,201410581C,VENUS TRADING (S) PTE. LTD.,VENUS INT'L TRADING PTE. LTD.,NAGARAJA,,65 9848 2742,,,10 PERAK ROAD MAIN SNG 208131,,,,LIVE COMPANY
2546,201537223W,SANTE DE BEAUTE PTE. LTD.,SANTE & BEAUTE PTE LTD,MS.WONG YUE,,65 6336 0681,,,HOUSE 111 NORTH BRIDGE ROAD #11-05 PENINSULA PLAZA SNG 179098,,,,LIVE COMPANY
2547,198402983K,PACIFIC RESOURCES PTE. LTD.,PACIFIC RESOURCES PTE LTD,"MS.JENNEFER HARDI
 CONTACT NUMBER EMAIL",,65 9129 9072,,,"GOLDHILL PLAZA-TOWER BLK, 51, GOLDHILL PLAZA, #22-09/10, 308900",hardi.jennifer@yahoo.com,,,LIVE COMPANY
2548,195800167W,BIAN HIN CO. (SINGAPORE) PRIVATE LIMITED,BIAN HIN CO (S) PTE LTD,MS. MOLLY,,65 6515 6715,,,"UNITY CTR, 51, BUKIT BATOK CRESCENT, #06-40, 658077",,,,LIVE COMPANY
2549,202509449C,MAVELI TRADING PTE. LTD.,MAVELI SINGAPORE PTE LTD,MS SOLLY THOMAS,,65 9820 7914,,,"495, JURONG WEST STREET 41, #01-98, 640495",sollygransen@gmail.com,,,LIVE COMPANY
2550,201327203G,M&S OVERSEAS PTE. LTD.,S.V OVERSEAS PTE LTD,MS LYN TEL,,65 8158 6115,,,HOUSE 10 ANSON ROAD #09-22 INTERNATIONAL PLAZA SNG 079903,,,,LIVE COMPANY
2551,199903549G,DATUMSTRUCT (S) PTE LTD,DATUMSTRUCT SOLUTIONS PTE. LTD.,MS EFFALINNY BTE MOHD SHAHIME,,65 9439 8653,65 6546 9874,,33 CHANGI SOUTH AVENUE 2 #03-00 SNG 486445,effalinny@datumstructsolutions.co,,,LIVE COMPANY
2552,201433243N,777 PTE. LTD.,BS 777 SINGAPORE PTE LTD,"MS CYNTHIA YEW HWEE
 FOONG MS ESTHER",,65 8798 8988,65 9662 3976,,HOUSE 80 MARINE PARADE ROAD #01-69 SNG 449269,,,,LIVE COMPANY
2553,200900651M,M & S ACCESSORIES PTE. LTD.,GRI ACCESSORIES (S) PTE. LTD.,MS ANN ANG TEL,,65 6293 3074,,,"SUNTEC CITY MALL, 3, TEMASEK BOULEVARD, #01-1074, 038983",,,,LIVE COMPANY
2554,202410534R,1 TJS PTE. LTD.,TJS PTE LTD,MR. LOH,,65 9106 8413,,,"DOVECHEM HOUSE, 19, TANJONG PENJURU, MAIN, 609021",kc.loh@chemstationasia.com,,,LIVE COMPANY
2555,202139906K,EVER POWER SG PTE. LTD.,EVER-POWER PTE. LTD.,MR YONGFENG SHEN TEL,,65 8173 7586,,,"8 @ TRADEHUB 21, 8, BOON LAY WAY, #05-08, 609964",,,,LIVE COMPANY
2556,200803484Z,ORIENTAL HARDWARE & MARINE PTE. LTD.,ORIENTAL HARDWARE & MARINE PTE LTD,MR YONG LIN,,65 9732 6193,,,"17, TUAS SOUTH STREET 5, MAIN, 637646",orientalhw1@myots.com.sg,,,LIVE COMPANY
2557,201333276C,MAK KEE (S) PTE. LTD.,MAK KEE (S) PTE. LTD,MR SIM SIA JOO,,65 9690 0006,,,"2.8 PENJURU TECH HUB, 6, PENJURU PLACE, #01-24, 608781",simsiajoo@makkee.com,,,LIVE COMPANY
2558,201120649Z,SPECIAL STEELS & ALLOYS PTE. LTD.,SPECIAL STEELS & ALLOYS S.E. ASIA PTE LT,MR RICK TEO,,65 9620 8238,65 6636 5128,,8 UBI ROAD 2 #04-22 ZERVEX SNG 408538,rickteo@ssalloys.com.sg,,,LIVE COMPANY
2559,201317064G,PACIFIC INNOVATIONS PTE. LTD.,INNOVATION PACIFIC SINGAPORE PTE LTD,MR MINHHUNG,,65 8546 3172,,,HOUSE 10 ANSON ROAD #27-02 INTERNATIONAL PLAZA SNG 079903,,,,LIVE COMPANY
2560,52974119M,SIN LI ELECTRONICS TRADING,SING ELECTRONICS TRADING PTE. LTD.,MR LEE,,65 9128 6988,,,258 PASIR RIS STREET 21 #02-341 LOYANG POINT SNG 510258,leeshine33@gmail.com,,,LIVE
2561,200517808M,BATHWORLD PTE. LTD.,BATHWORLD PTE LTD,MR KAIJIE,,65 6252 4828,,,"532, BALESTIER ROAD, MAIN, 329859",kaijie@bathworld.net,,,LIVE COMPANY
2562,202502796C,ASIA PACIFIC SHIPPING PTE. LTD.,ASIA PACIFIC SHIPPING (S) PTE LTD,MR JOSEPH,,65 6773 3333,,,APT/BLK 13 NORTH BRIDGE ROAD #01-3980 SNG 190013,joseph@asiabunker.com.sg,,,LIVE COMPANY
2563,S90FC4154J,"TAIKO TRADING CO., LTD.",TAIKO TRADING CO LTD,MR GAO YING CHAO,,65 8101 8558,65 6344 0590,,HOUSE 80 MARINE PARADE ROAD #08-03 SNG 449269,gao@taikotrading.com.sg,,,LIVE COMPANY
2564,200210140H,SEALAND CONTINENTAL PTE. LTD.,SEALAND CONTINENTAL PTE LTD,JASON WONG YEW CHOY,,65 6858 0020,65 9646 0048,,13 KAKI BUKIT RD 1 #02-03 SNG 415928,admin@sealand.com.sg,,,LIVE COMPANY
2565,201500813D,SILVERSKY & CONSULTING PTE. LTD.,SILVERSKY PTE LTD,ESMOND LOW –,,65 6742 7845,65 9475 7787,,65 UBI CRESCENT #04-01 HOLA CTR SNG 408559,esmondlow@silversky.com.sg,,,LIVE COMPANY
2566,53313648B,HOMEWERKZ SERVICES,HOMEWERKZ PTE LTD,ANG SUAY TUEN SHARON SIM LENG LENG,,65 9688 8236,65 6059 5955,,28 SIN MING LANE #03-144 MIDVIEW CITY SNG 573972,tuen@homewerkz.com.sg,,,LIVE
2567,200904323W,GLOBAL-ALLIED PTE. LTD.,GLOBAL-ALLIED PTE LTD,MS ADELINE GROUP.COM.SG,,,,,HOUSE 8 SUNGEI KADUT STREET 6 MAIN SUNGEI KADUT INDUSTRIAL EST SNG 728856,adelchan@global-group.com.sg,,,LIVE COMPANY
2568,201107833H,ALLIANCE GRAPHICS PTE. LTD.,ALLIANCE GRAPHICS PTE LTD,MR LAWRENCE LOH,,65 6742 3223,,,1020 TAI SENG AVENUE #02-3500 TAI SENG INDUSTRIAL ESTATE SNG 534416,lawrence@alliancegraphics.com.sg,,,LIVE COMPANY
2569,200413182W,XOREX PRESS PTE. LTD.,XOREX PRESS PTE LTD,MR CHRISTOPHER TOH,,65 6863 4290,,,"MEDICAL CENTRE, 1, LOWER KENT RIDGE ROAD, #01-07, 119082",CHRISTOPHER_TOH@XP.COM.SG,,,LIVE COMPANY
2570,200304726G,GLIDE PRODUCTIONS PTE. LTD.,GLIDE PRODUCTIONS PTE LTD,MR CHAN,,65 9822 9003,,,1014 GEYLANG EAST AVENUE 3 #02-210 SINGAPORE 389729,,,,LIVE COMPANY
2571,200515282H,GENCONCEPT PTE. LTD.,GENCONCEPT PTE LTD,LISA,,65 6841 8411,65 9818 8794,,3014 UBI ROAD 1 #01-296 KAMPONG UBI IND EST SNG 408702,-lisa@genconcept.com.sg,,,LIVE COMPANY
2572,200709929E,AIK CHEONG METAL ENGINEERING PTE. LTD.,AIK CHEONG METAL ENGINEERING PTE LTD,LAURENCE,,65 6265 9648,,,13 PIONEER ROAD NORTH #01-76 LOKYANG LIGHT IND PK SINGAPORE 628463,aikcheongmetal@singnet.com.sg,,,LIVE COMPANY
2573,200302687G,CAMTEC MARKETING SERVICES PTE. LTD.,CAMTEC MARKETING SERVICES PTE. LTD,JOANNA CHUA,,65 9046 5727,,,50 KALLANG PUDDING ROAD #06-01 GOLDEN WHEEL INDUSTRIAL BLDG SINGAPORE 349326,joanna@camtec.net,,,LIVE COMPANY
2574,200411520E,DISPLAY EZ PTE. LTD.,DISPLAY EZ PTE LTD,CONTACT AISHA EZ.COM,,65 8571 6750,,,44 KALLANG PLACE #05-04 SNG 339172,aisha@display-ez.com,,,LIVE COMPANY
2575,197902878K,CARKIT (FAR EAST) PTE. LTD.,CARKIT (FAR EAST) PTE LTD,ANDY TAN,,65 6742 3223,,,3 NEW INDUSTRIAL ROAD #04-02C KIMLY BUILDING SNG 536197,carkit@singnet.com.sg,,,LIVE COMPANY
2576,199601362D,PLANET ADS AND DESIGN PTE LTD,PLANET ADS&DESIGN P/L,MS. SUHADAH,,65 8518 8074,,,39 ROBINSON ROAD #11-01 ROBINSON POINT SNG 068911,,,,LIVE COMPANY
2577,201213591R,SAN TEE AUTO PTE. LTD.,SAN TEE AUTO,MISS DEVI,,65 6755 6210,,,1019 YISHUN INDUSTRIAL PARK A #01-388 SNG 768761,santeeauto@singnet.com.sg,,,LIVE COMPANY
2578,201913635D,ENLIGHTEN PTE. LTD.,ENLIGHTEN LIGHT PRIVATE LIMITED,FOLDER EMPTY,,NO DETAILS,,,HOUSE 304 ORCHARD ROAD #B1-122 LUCKY PLAZA SNG 238863,,,,LIVE COMPANY
2579,52860668M,BEST FRIENDS DOGGY AND KITTY SALON CUM LEARNING CENTRE,BEST FRIENDS DOGGY & KITTY SALON CUM LEARNING CENTRE,"CONTACT PERSON MS. IVY ANN
 CONTACT NUMBER EMAIL NIL",,65 9298 4948,,,"321, CHANGI ROAD, MAIN, 419796",,,,LIVE
2580,201435298E,WELLBE GLOBAL (S) PTE. LTD.,WELLBE GLOBAL (S) PTE LTD,MS MAY TEL,,65 6221 4062,,,"INTERNATIONAL PLAZA, 10, ANSON ROAD, #21-09A, 079903",,,,LIVE COMPANY
2581,200906488R,ORCHARD SURGERY CENTER PTE. LTD.,ORCHARD SURGERY CENTER PTE LTD,MS AI SUAN TEL,,65 9649 2632,65 6887 5655,,HOUSE 290 ORCHARD ROAD #16-01 SNG 238859,,,,LIVE COMPANY
2582,201534338K,THE SKIN SPECIALISTS AND LASER CLINIC PTE. LTD.,THE SKIN AND LASER SPECIALISTS PTE. LTD.,MR. VINCENT,,65 8163 8970,,,HOUSE 820 THOMSON ROAD BLK D #07-61 SNG 574623,,,,LIVE COMPANY
2583,201209191W,RENAL LIFE (W) DIALYSIS CENTRE PTE. LTD.,RENAL LIFE (W) DIALYSIS CENTRE PTE LTD,MR KUHAN,,65 9764 3730,65 6288 0686,,"207, BUKIT BATOK STREET 21, #01-110, 650207",,,,LIVE COMPANY
2584,202527703M,VERY NICE PTE. LTD.,VERY NICE ART PTE. LTD.,SHERWIN TAN,,65 6684 9618,65 8100 0087,,20 SIN MING LANE #03-59 MIDVIEW CITY SNG 573968,sherwintan@veryniceart.com,,,LIVE COMPANY
2585,200312911N,ONEBERRY TECHNOLOGIES PTE. LTD.,ONEBERRY TECHNOLOGIES PTE LTD,RITA FANTILAGA,,65 9638 1810,65 6513 2168,,40 SCOTTS ROAD #17-00 ENVIRONMENT BUILDING SINGAPORE 228231,rita@oneberry.com,,,LIVE COMPANY
2586,201131900H,UNITED MEDICARE (ELIZABETH DR) PTE. LTD.,UNITED MEDICARE (ELIZABETH DR) PTE LTD,MS SHIRLEEN MAIL,,65 6760 1555,65 9782 0115,,"72, ELIZABETH DRIVE, 669745",shirleen@unitedmedicare.com.sg,,,LIVE COMPANY
2587,200414707N,THE PEOPLE AT WORK PTE. LTD.,THE PEOPLE AT WORK PTE LTD,MS SERENE HO,,65 9047 5526,,,HOUSE 19 KEPPEL ROAD #03-09 JIT POH BUILDING SNG 089058,serene@thepeopleatwork.com,,,LIVE COMPANY
2588,200709943E,GLOBAL RECRUIT & ELEVATION CENTRE PTE. LTD.,GLOBAL RECRUIT & ELEVATION CENTRE PTE LTD,MS ALICE,,65 8322 9064,,,APT/BLK 465 NORTH BRIDGE ROAD #02-5069 SNG 191465,,,,LIVE COMPANY
2589,200703283R,SELECTIVE MARINE SERVICES PTE. LTD.,SELECTIVE MARINE SERVICE PTE LTD,MS AGNES CHUA,,65 6265 6548,,,"THE ELITIST, 25, BUKIT BATOK CRESCENT, #09-06, 658066",Agnes.chus@selectivemarine.com,,,LIVE COMPANY
2590,200303145W,CRETE SECURITY SERVICES PTE. LTD.,CRETE SECURITY SERVICES PTE LTD,MR. KEON,,65 8399 8221,,,"THE CHADWICK, 81, SCIENCE PARK DRIVE, MAIN, 118257",keon.cheng@apso.com.sg,,,LIVE COMPANY
2591,200308599E,CORROTEC PTE. LTD.,CORROTEC PTE LTD,MR SAMUEL WONG,,65 8180 1414,,,10 ANG MO KIO INDUSTRIAL PARK 2A #02-01 SNG 568047,sw@corrotec.com.sg,,,LIVE COMPANY
2592,199805625C,"RECRUIT, PLACE & TRAIN PTE. LTD.",RECRUIT PLACE & TRAIN PTE LTD,MR PATRICK TEL,,65 9634 5143,,,HOUSE 20 MAXWELL ROAD #10-13A MAXWELL HOUSE SNG 069113,,,,LIVE COMPANY
2593,200415129K,ISAHAYA ELECTRONICS SALES SINGAPORE PTE. LTD.,ISAHAYA ELECTRONICS SALES (S) PTE LTD,MR MATHEW MS RENNY TEL,,65 9668 9337,65 8181 8669,,"INTERNATIONAL PLAZA, 10, ANSON ROAD, #33-13A, 079903",,,,LIVE COMPANY
2594,201001914G,KUIPER INTERNATIONAL PTE. LTD.,KUIPER INTERNATIONAL PTE LTD,MR KRISHNASAMY KESAVAN,,65 9452 6263,,,HOUSE 8 SHENTON WAY #25-01 SNG 068811,admin@kuiperinternational.sg,,,LIVE COMPANY
2595,202037407M,ANN HUAT & CO PTE. LTD.,ANN HUAT & CO,MR ANDY,,65 9199 1471,,,10 FOCH ROAD MAIN SNG 209256,andy_tsk@hotmail.com,,,LIVE COMPANY
2596,200307236R,TORINO AMK PTE. LTD.,TORINO AMK PTE LTD,MR .. KOH,,65 9678 9006,,,APT/BLK 5022 ANG MO KIO INDUSTRIAL PARK 2 #01-09 SNG 569525,torinoamk@gmail.com,,,LIVE COMPANY
2597,200712311C,BOWSTERN & HAUL PTE. LTD.,BOWSTERN & HAUL PTE LTD,MISS SAUDAH,,65 6741 2707,,,3018 BEDOK NORTH STREET 5 #01-34 EASTLINK LIGHT IND FACTORY SNG 486132,saudah@bowsternandhaul.com,,,LIVE COMPANY
2598,201324090K,ABN IMPACT PTE. LTD.,ABN IMPACT PTE LTD,MISS JENNIFER LOH,,65 9747 8458,,,"228B, SOUTH BRIDGE ROAD, 058777",,,,LIVE COMPANY
2599,200409059C,SUPERSPEED LOGISTICS PTE. LTD.,SUPERSPEED LOGISTICS PTE LTD,LAWRENCE,,65 6545 1044,,,"115 AIRPORT CARGO ROAD, #01-32 CARGO AGENTS BUILDING C, Singapore 819466",lawrence@superspeed.sg,,,LIVE COMPANY
2600,200619224D,COMPANION MANPOWER AGENCY PTE. LTD.,COMPANION MANPOWER AGENCY PTE LTD,JAVIER,,65 8139 7880,,,46 LOR 17 GEYLANG #04-01 SNG 388568,javierchua@asknlearn.com,,,LIVE COMPANY
2601,201005575C,HONG MANAGEMENT PTE. LTD.,HONG MANAGEMENT PTE LTD,HONG PH,,65 6296 0077,65 9666 5855,,HOUSE 5001 BEACH ROAD #07-03 GOLDEN MILE CPLX SNG 199588,ALLINONE@OUTLOOK.SG,,,LIVE COMPANY
2602,200104007D,DRA ASIA MARKETING PTE. LTD.,DRA ASIA MARKETING PTE LTD,"CONTACT PERSON KAGI TANI
 CONTACT NUMBER EMAIL",,65 9619 2055,,,7500A BEACH ROAD #06-303 THE PLAZA SNG 199591,kagitani@dra.com.sg,,,LIVE COMPANY
2603,200502529E,LECO AUTOMOBILE PTE. LTD.,LECO AUTOMOBILE PTE LTD,COBIN NG AARON,,65 9671 0210,65 9784 6364,,61 UBI AVENUE 2 #02-15 AML BLDG SNG 408898,cobin@leco.com.sg,,,LIVE COMPANY
2604,200713495W,HPG ACADEMY PTE. LTD.,HPG ACADEMY PTE LTD,CHERYL,,65 6348 8412,65 9791 4941,,86 MARINE PARADE CENTRAL #03-202 SINGAPORE 440086,cherylhengpg@gmail.com,,,LIVE COMPANY
2605,200401233H,BALLY PHOTO ELECTRONICS PTE. LTD.,BALLY PHOTO ELECTRONICS PTE LTD,MR. LEONARD HO MR. LIANG CHIN,,65 9846 4152,65 8228 1319,,HOUSE 1 NORTH BRIDGE ROAD #B1-20 HIGH STREET CENTRE SNG 179094,,,,LIVE COMPANY
2606,200506518G,NAYAK FREIGHT (SINGAPORE) PTE. LTD.,NAYAK FREIGHT (SINGAPORE) PTE LTD,"MS JINU ANNA MATHEW
 SALES",,65 8356 0215,65 6543 4057,65 5434 0910,"AIRFREIGHT TERMINAL 1, 85, AIRPORT CARGO ROAD, #02-204A, 819460",sales-sin@nayakfreight.com,,,LIVE COMPANY
2607,199902033Z,CHIA HOCK TRADING CO. PTE. LTD.,CHIA HOCK TRADING CO. PTE LTD,VINCENT,,65 9487 6187,,,"17, TUAS CRESCENT, 638711",vincentchua@infomedia.com.sg,,,LIVE COMPANY
2608,200201724M,LEATHER ETC. PTE. LTD.,LEATHER ETC. PTE LTD,TONY LOH HP EMAIL,,65 9188 6886,,,50 UBI AVENUE 3 #04-09 SNG 408866,tony@leatheretc.com.sg,,,LIVE COMPANY
2609,201703754G,K-MARINE ENGINEERING PTE. LTD.,SS MARINE ENGINEERING PTE. LTD.,SRINIVASAN KUMAR,,8233673,9488337,,HOUSE 7 SOON LEE STREET #03-23 ISPACE SNG 627608,,,,LIVE COMPANY
2610,200817715H,MKP PTE. LTD.,MKP PTE LTD,ROYSTON TEO JASON,,65 6462 6170,,,48 TOH GUAN ROAD EAST #01-104 ENTERPRISE HUB SNG 608586,mkpbikes@mkp.com.sg,,,LIVE COMPANY
2611,197702583W,CIVIC INTERNATIONAL PTE. LTD.,CIVIC INTERNATIONAL PTE LTD,"MS. DANG
 CONTACT NUMBER",,65 6861 7633,,,"38, BENOI PLACE, MAIN, 629952",,,,LIVE COMPANY
2612,197701787N,AMERICAN EQUIPMENT SERVICES PTE. LTD.,AMERICAN EQUIPMENT SERVICES PTE LTD,MS LINDA TAN,,65 6862 2411,,,"2A, PIONEER SECTOR 1, MAIN, 628415",amereq@singnet.com.sg,,,LIVE COMPANY
2613,200207000Z,LIXIN ENGINEERING PTE. LTD.,LIXIN ENGINEERING PTE LTD,"MR. FAN WEN
 CONTACT NUMBER",,65 9187 5759,65 9182 3519,,"LANCO, 50, TUAS BASIN LINK, MAIN, 638773",,,,LIVE COMPANY
2614,201118949R,QUALITY GROUP PTE. LTD.,QUALITY GROUP PTE LTD,MR. ARUN YESUDHAS,,65 9388 1713,,,HOUSE 7 SOON LEE STREET #04-03 ISPACE SNG 627608,arun.yesudhas@qualitygroup.no,,,LIVE COMPANY
2615,201726875D,CONSILIUM B PTE. LTD.,CONSILIUM MARINE SINGAPORE PTE LTD,MR SHEN LEN MING,,65 9617 7469,,,7030 ANG MO KIO AVENUE 5 #05-58 NORTHSTAR @ AMK SNG 569880,,,,LIVE COMPANY
2616,200602558R,HI - TECH MARINE PTE. LTD.,HI-TECH MARINE PTE LTD,MR DURAI LIZA NAYNES TECHMARINE.COM TECHMARINE.COM,,65 6861 3774,65 8186 7327,,156 GUL CIRCLE #03-00 SNG 629613,Info.sg@hi-techmarine.com,,,LIVE COMPANY
2617,201000243R,M.K.F. ENGINEERING SERVICES PTE. LTD.,M.K.F. ENGINEERING SERVICES PTE. LTD,MR CHEE MUN CHOW KEN,,65 9452 8462,65 8189 5482,,"1, JOO KOON WAY, #02-00, 628942",,,,LIVE COMPANY
2618,200804605N,UNITED GLOBAL FORCE PTE. LTD.,UNITED GLOBAL FORCE PTE. LTD,MR BABU,,65 8344 7410,,,"17, TECK PARK CRESENT TUAS, #01-00, 637845",babu@unitedglobalforce.com.sg,,,LIVE COMPANY
2619,201317791N,CHOON TIAN PTE. LTD.,CHOON TIAN PTE LTD,EU MR. HUNG DHONG LEE,,65 9620 6358,,,HOUSE 21 SERANGOON NORTH AVENUE 5 #06-02 BAN TECK HAN BLDG SNG 554864,,,,LIVE COMPANY
2620,53186145K,L+ AUTOMATION AND ELECTRICAL ENGINEERING,TECHNOLOGIC ELECTRICAL AUTOMATION AND ENGINEERING,CONTACT WEE JAI JEOK,,65 6786 4900,,,9003 TAMPINES STREET 93 #03-192 TAMPINES INDUSTRIAL PARK A SNG 528837,technologies@singnet.com.sg,,,LIVE
2621,200910916W,VIDEO HOUZE PTE. LTD.,VIDEO HOUZE PTE LTD,SULAKSHANA,,65 9680 0735,65 6255 7482,,19 KIM KEAT ROAD #01-06 FU TSU BUILDING SINGAPORE 328804,sue@videohouze.com,,,LIVE COMPANY
2622,201324989G,RIOT CREATIVE PTE. LTD.,RIOT CREATIVE PTE LTD,MR TERENCE TAN,,65 9012 7043,,,2 KALLANG AVENUE #09-05 CT HUB SNG 339407,yangcai@me.com,,,LIVE COMPANY
2623,201801312G,MEDIAVATION PTE. LTD.,MEDIAVATION,MR PAUL CHRISTIAN,,65 9119 5388,,,13B LORONG TELOK MAIN SNG 049026,poul@mediavation.tv,,,LIVE COMPANY
2624,199207095N,TMO MANUFACTURING PTE. LTD.,TMO MANUFACTURING,MS. VANESSA MS. ALICE LIM,,65 9018 5073,65 6564 4880,,"75, JOO KOON CIRCLE, MAIN, 629094",,,,LIVE COMPANY
2625,200400369K,RELIANCE PRODUCTS PTE. LTD.,RELIANCE PRODUCTS PTE LTD,MS HLA HLA,,65 9187 7445,65 6862 2558,,"23, TUAS AVENUE 10, MAIN, 639149",hlahla@reliancegroup.com.sg,,,LIVE COMPANY
2626,199302127D,IRON-MAN FABRICATION PTE. LTD.,IRON-MAN FABRICATION PTE LTD,MS FLORANCE LEE,,65 9450 2134,,,"21, THIRD CHIN BEE ROAD, MAIN, 618694",sales@ironman.com.sg,,,LIVE COMPANY
2627,200912357E,AERODYNAMIC METALS PTE. LTD.,AERODYNAMIC METALS PTE LTD,"MR. JIMMY
 CONTACT NUMBER EMAIL",,65 6558 8911,,,"27, JOO KOON ROAD, MAIN, 628982",jimmy@aerodynamicmetals.com,,,LIVE COMPANY
2628,198600978G,SIN YEH METAL PTE. LTD.,SIN YEH METAL PTE LTD,MR. FRANK,,65 9663 1217,,,"18, KIAN TECK DRIVE, MAIN, 628835",,,,LIVE COMPANY
2629,200616071R,EXCEL ENGINEERING & SERVICES PTE. LTD.,EXCEL ENGINEERING & SERVICES PTE LTD,MR JOSEPH THOMAS SEBASTIAN,,65 6289 1098,,,1020 TAI SENG AVENUE #02-3502 TAI SENG INDUSTRIAL ESTATE SNG 534416,thomasj067@singnet.com.sg,,,LIVE COMPANY
2630,200300189D,BBN INDUSTRIES (S) PTE. LTD.,BBN INDUSTRIES (S) PTE LTD,MR JOHNNY CHONG,,65 9435 9546,,,22 TUAS AVENUE 2 #02-00 SNG 639453,bbnind@singnet.com.sg,,,LIVE COMPANY
2631,201330564C,K PRECISION ENGINEERING PTE. LTD.,TEAM PRECISION ENGINEERING,MR CHENG,,65 9478 9503,,,12 KWONG MIN ROAD MAIN SINGAPORE 628714,shaorong@teamprecisionmetal.com,,,LIVE COMPANY
2632,200609268Z,LIAN SIONG ALUMINIUM & TRADING PTE. LTD.,LIAN SIONG ALUMINIUM & TRADING PTE LTD,LENG,,65 6861 5681,,,1 YISHUN STREET 23 #01-23 YS-ONE SNG 768441,skleng88@gmail.com,,,LIVE COMPANY
2633,201007671E,VISION ONE PTE. LTD.,VISION ONE PTE LTD,LAU MENG FUNG ONE.COM.SG,,65 9800 4423,65 6264 8334,,42 LOK YANG WAY MAIN SINGAPORE 628644,mf.lau@vision-one.com.sg,,,LIVE COMPANY
2634,199905860K,LIAN HOCK HARDWARE INDUSTRIES PTE LTD,SOON HOCK HARDWARE INDUSTRIES PTE LTD,KOK KIAN HUAT,,65 6286 2911,,,24 DEFU LANE 7 MAIN SNG 539344,shhipl@singnet.com.sg,,,LIVE COMPANY
2635,200305050N,BENG SIANG MACHINERY PTE. LTD.,BENG SIANG MACHINERY PTE LTD,MS WANG,,65 9871 9345,,,HOUSE 67J TUAS SOUTH AVENUE 1 MAIN SNG 637588,enquiry@bsforklift.com.sg,,,LIVE COMPANY
2636,200800093N,SHINNER ELECTRIC (S) PTE. LTD.,SHINNER ELECTRIC (S) PTE LTD,MS SERENE,,65 9880 7571,,,59 UBI AVENUE 1 #07-13 SNG 408938,shinner@singnet.com.sg,,,LIVE COMPANY
2637,200312788K,MAGUIRE PRODUCTS ASIA PTE. LTD.,MAGUIRE PRODUCTS ASIA PTE LTD,"MS SCHERRIE WONG
 PRODUCTS.COM.SG",,65 6848 7117,,,15 CHANGI NORTH STREET 1 #01-15 SNG 498765,,,,LIVE COMPANY
2638,200311068G,TOOL-TEMP ASIA PTE. LTD.,TOOL-TEMP ASIA PTE LTD,"MS SCHERRIE WONG
 PRODUCTS.COM.SG",,65 6848 7117,,,15 CHANGI NORTH STREET 1 #01-15 SNG 498765,,,,LIVE COMPANY
2639,200813514D,21 MAX NEW SOLUTION PTE. LTD.,21 MAX NEW SOLUTION PTE LTD,MS ANNIE WONG,,65 6755 5657,,,18 SIN MING LANE #05-16 MIDVIEW CITY SNG 573960,maxnew@pacific.net.sg,,,LIVE COMPANY
2640,201113042G,LBM ENTERPRISE PTE. LTD.,LBM ENTERPRISE PTE LTD,MR YEE,,65 9689 5766,,,9010 TAMPINES STREET 93 #03-85 TAMPINES INDUSTRIAL PARK A SNG 528844,ibm@pacific.net.sg,,,LIVE COMPANY
2641,T10FC0107K,"KUNIMORI ENGINEERING WORKS CO., LTD. SINGAPORE BRANCH",KUNIMORI ENGINEERING WORKS CO. LTD.,MR TOMOYUKI HIRONAKA,,65 9658 9164,65 6226 0321,,HOUSE 101 CECIL STREET #16-02 TONG ENG BUILDING SNG 069533,,,,LIVE COMPANY
2642,200503649C,CM GLOBAL TECHNOLOGIES PTE. LTD.,CM GLOBAL TECHNOLOGIES PTE LTD,MR TAN,,65 9711 2219,,,7030 ANG MO KIO AVENUE 5 #08-74 NORTHSTAR @ AMK SNG 569880,Derek.tan@cmglobal.com.sg,,,LIVE COMPANY
2643,201406035H,AIMS PRODUCTIONS (SG) PTE. LTD.,AIMS PRODUCTIONS LLP,"MR RAY RAHMAN
 MARKETING.COM",,65 9799 7490,65 6646 5243,,47 KALLANG PUDDING ROAD #05-15 THE CRESCENT @ KALLANG SNG 349318,ray@aims-marketing.com,,,LIVE COMPANY
2644,201412388C,TAKARA BELMONT SINGAPORE PTE. LTD.,TAKARA BELMONT SINGAPORE PTE LTD,MR NORRIS,,65 6316 1110,,,"THE STRATEGY, 2, INTERNATIONAL BUSINESS PK, #01-20, 609930",nori@takarabelmont.sg,,,LIVE COMPANY
2645,53494555D,COMMERCIAL.SG,JK COMMERCIAL,"MR LOW
 CONTACT NUMBER EMAIL",,65 9172 2323,,,8 UBI ROAD 2 #06-17 ZERVEX SNG 408538,jklow@singnet.com.sg,,,LIVE
2646,200801203E,SYMBIAN MOBILE PTE. LTD.,SYMBIAN MOBILE PTE LTD,MR JOHN CHAM,,65 9452 2911,65 6346 6088,,83 MARINE PARADE CENTRAL #01-550 SNG 440083,symbian_mobile@hotmail.com,,,LIVE COMPANY
2647,197302253C,ITW CONSTRUCTION PRODUCTS (SINGAPORE) PTE. LTD.,ITW CONSTRUCTION PRODUCTS (SINGAPORE) PTE LTD,MR CHUA,,65 9023 8899,65 6746 1177,,"NAN WAH BUILDING, 4, CHANGI SOUTH LANE, #05-05, 486127",kcchua@itwcpsea.com,,,LIVE COMPANY
2648,201117549C,ECO GREEN LVD (S) PTE. LTD.,ECO GREEN LVD (S) PTE LTD,MR ALEX MS SHEILA,,65 9070 9966,65 9795 6361,,"TRADEHUB 21, 18, BOON LAY WAY, #08-104, 609966",,,,LIVE COMPANY
2649,197700840E,TOKYO SANGYO SINGAPORE PTE. LTD.,TOKYO SANGYO SINGAPORE PTE LTD,LIM KOK ENG,,65 9007 0207,,,51 UBI AVENUE 1 #05-02 PAYA UBI INDUSTRIAL PARK SNG 408933,tokyosangyosin@singnet.com.sg,,,LIVE COMPANY
2650,200702148H,KIAN CHUE HWA (INDUSTRIES) PTE. LTD.,KIAN CHUE HWA (INDUSTRIES) PTE LTD,GARY IND.COM.SG,,65 9878 7987,,,"ISPACE, 7, SOON LEE STREET, #01-30, 627608",gary.tim@keh-ind.com.sg,,,LIVE COMPANY
2651,201303876N,NOVUS TECHNOLOGIES PTE. LTD.,NOVUS TECHNOLOGIES PTE LTD,"BALA
 CONTACT NUMBER EMAIL",,65 9660 3656,,,152 BEACH ROAD #13-05 THE GATEWAY EAST SNG 189721,Ricardos.khoury@novususch.com.sg,,,LIVE COMPANY
2652,198204256H,HEWLETT-PACKARD SINGAPORE (SALES) PTE. LTD.,HEWLETT-PACKARD SINGAPORE (SALES) PTE LTD,ANAND NATARAJAN CC ZHENG,,65 6337 3461,,,1 SERANGOON NORTH AVENUE 5 #04-03A TEPL BUILDING SNG 554915,anand.natarajan@hp.com,,,LIVE COMPANY
2653,200509231C,MPH CRANES (FAR - EAST) PTE. LTD.,MPH CRANES (FAR?EAST) PTE LTD,MS. MANDY,,65 6747 7276,,,"ENTERPRISE HUB, 48, TOH GUAN ROAD EAST, #08-124, 608586",,,,LIVE COMPANY
2654,200205482H,ALCO ENGINEERING & TRADING PTE. LTD.,ALCO ENGINEERING & TRADING PTE LTD,MS THERESA,,65 6863 4598,,,"WESTLINK TWO, 71, TUAS VIEW PLACE, #02-04, 637434",ALCOETPL@SINGNET.COM.SG,,,LIVE COMPANY
2655,198105012W,TRIANGLE PRECISION INDUSTRY PTE. LTD.,TRIANGLE PRECISION INDUSTRY PTE LTD,MS SIAW LI WEN,,65 6542 3711,,,"5, LOYANG STREET, 508840",accounts@triangle.com.sg,,,LIVE COMPANY
2656,200819478G,STAR ARRAY PTE. LTD.,STAR ARRAY PTE LTD,MR XUDONG ZENG,,65 9146 7372,,,HOUSE 20 SCIENCE PARK ROAD #01-04 TELETECH PARK SNG 117674,,,,LIVE COMPANY
2657,200514993W,CUBIT PTE. LTD.,CUBIT PTE LTD,MR MAE MAQUILAN MS BAIG SAQIB HABIB,,65 9176 2064,65 9012 5026,65 5552 3950,HOUSE 32 ANG MO KIO INDUSTRIAL PARK 2 #06-02 SING INDUSTRIAL COMPLEX SNG 569510,selina@cubit.com.sg,,,LIVE COMPANY
2658,201500240C,TUCK YUEN M&E PTE. LTD.,TUCK YUEN M&E,MR LEONG KOK CHOON,,65 9747 2389,,,48 TOH GUAN ROAD EAST #09-126 SNG 608586,,,,LIVE COMPANY
2659,199601961Z,ATTAS FAR EAST PTE. LTD.,ATTAS FAR EAST PTE LTD,MR KC MR AH WENG,,65 9720 0172,65 9814 0908,,HOUSE 7 SOON LEE STREET #03-16 ISPACE SNG 627608,,,,LIVE COMPANY
2660,200707965Z,LOR ENGINEERING OILFIELD SERVICES PTE. LTD.,LOR ENGINEERING OILFIELD SERVICES PTE LTD,MR HAFIZ AHMAD,,65 9876 4849,65 6542 4578,,25 LOYANG CRESCENT BLK 302 TOPS AVE 1 #01-07/08 LOYANG OFFSHORE SUPPLY BASE SNG 508988,hafiz@lorengrg.com.sg,,,LIVE COMPANY
2661,200602808R,VALUTEMP PTE. LTD.,VALUTEMP PTE LTD,MR GEORE NG,,65 9835 0912,65 6425 1635,,2022 BUKIT BATOK STREET 23 #03-120 SNG 659527,george@valutemp.com.sg,,,LIVE COMPANY
2662,200411975C,PERFECT CREATION PTE. LTD.,PERFECT CREATION P/L,MR CHIN CHING HIN,,65 9816 2271,65 6570 1729,,HOUSE 2 BUKIT BATOK STREET 23 #02-12 BUKIT BATOK CONNECTION SNG 659554,pcsale@perfectcreation.com.sg,,,LIVE COMPANY
2663,198300334N,EVERLINK INVESTMENT AND REALTY PTE LTD,EVERLINK INVESTMENT & REALTY PTE LTD,MR BRIAN NG,,65 9781 8813,65 6534 0518,,HOUSE 101 UPPER CROSS STREET #04-51 PEOPLE'S PARK CENTRE SNG 058357,,,,LIVE COMPANY
2664,201005990K,UNIQUE PRECISION PTE. LTD.,UNIQUE PRECISION PTE LTD,MISS SANDY CONTACT NUMBER EMAIL,,65 6899 8832,65 6749 0131,,3015A UBI ROAD 1 #03-04 KAMPONG UBI IND EST SNG 408705,admin@uppl.com.sg,,,LIVE COMPANY
2665,199002990C,ENERCOV (S) PTE. LTD.,ENERCOV (S) PTE LTD,JOHNSON ONG,,65 9272 2086,,,80 GENTING LANE #06-02 GENTING BLK RUBY INDUSTRIAL COMPLEX SINGAPORE 349565,johnson.ong@enercov.com.sg,,,LIVE COMPANY
2666,201600149H,FOCUS DE LIGHTINGS PTE. LTD.,FOCUS DE LIGHTINGS,RONNIE CHING,,65 9682 6775,,,519 BALESTIER ROAD #01-01 SNG 329852,ronnie@focusdelightings.com.sg,,,LIVE COMPANY
2667,199707306M,SERVICEWORKS PTE. LTD.,SERVICEWORKS PTE LTD,STEPHANIE LEE,,65 6284 4680,,,780 UPPER SERANGOON ROAD #02-04 SNG 534649,stephanielee@servicesworks.com.sg,,,LIVE COMPANY
2668,201315048M,REVIVAL MEDICAL (SINGAPORE) PTE. LTD.,REVIVAL MEDICAL (SINGAPORE) PTE. LTD,MS. SABRINA MS. LINDA CHUA TEL,,65 9145 7909,65 6337 2707,,HOUSE 252 NORTH BRIDGE ROAD #B2-26 RAFFLES CITY SHOPPING CENTRE SNG 179103,,,,LIVE COMPANY
2669,200507717C,FLAME COMMUNICATIONS PTE. LTD.,FLAME COMMUNICATIONS PTE LTD,MS. FLORENCE,,65 9768 8186,,,HOUSE 100 BEACH ROAD #22-07 SHAW TOWERS SNG 189702,,,,LIVE COMPANY
2670,200006608K,WAH CHAN CONSOLIDATED PTE. LTD.,WAH CHAN CONSOLIDATED PTE LTD,MS WINNIE TEL,,65 8201 1820,,,391B ORCHARD ROAD #21-05A NGEE ANN CITY TOWER B SNG 238874,,,,LIVE COMPANY
2671,200922556C,BMI TAX SERVICES PTE. LTD.,BMI TAX SERVICES PTE LTD,MS SIM LEE KOON SHERIN,,65 6535 9595,,,1 COLEMAN STREET #08-07 THE ADELPHI SNG 179803,,,,LIVE COMPANY
2672,201231429D,OCEAN CONSULTANT & EMPLOYMENT PTE. LTD.,OCEAN CONSULTANT & EMPLOYMENT PTE LTD,MS MAGDALENE LIM,,65 8654 3053,,,285A TANJONG KATONG ROAD MAIN SNG 437068,,,,LIVE COMPANY
2673,200511464H,ICONNECT SOLUTIONS PTE. LTD.,ICONNECT SOLUTIONS PTE LTD,"MS LYNN TEO
 ASIA.COM",,65 6260 2466,,,60D KALLANG PUDDING ROAD #02-03 INGOLSTADT CENTRE SNG 349321,lynn@iconnect-asia.com,,,LIVE COMPANY
2674,200613145G,NGEE ANN POLYTECHNIC GLOBAL PTE. LTD.,NGEE ANN POLYTECHNIC,MS KIARA,,65 6468 0060,,,HOUSE 535 CLEMENTI ROAD MAIN NGEE ANN POLYTECHNIC SNG 599489,,,,LIVE COMPANY
2675,200515179W,NRG ENGINEERING PTE. LTD.,NRG ENGINEERING PTE LTD,MS JAN CHONG,,65 9665 6407,65 6304 5312,,HOUSE 3 FUSIONOPOLIS WAY #05-20 SYMBIOSIS SNG 138633,finance@nrgengineering.com,,,LIVE COMPANY
2676,200700603D,XN PROTEL SYSTEMS (ASIA) PTE. LTD.,XN PROTEL SYSTEMS (ASIA) PTE LTD,MS FIONA,,65 9732 4397,,,HOUSE 1 NORTH BRIDGE ROAD #21-05 HIGH STREET CENTRE SNG 179094,,,,LIVE COMPANY
2677,200400265M,CLS INTERNATIONAL (1993) PTE. LTD.,CLS INTERNATIONAL (1993) PTE LTD,MS EUNICE,,65 8511 9985,,,1 PEMIMPIN DRIVE #06-04 ONE PEMIMPIN SNG 576151,eunice@clsintl.com,,,LIVE COMPANY
2678,201906723N,S & S MANAGEMENT SERVICES PTE. LTD.,GL MANAGEMENT SERVICES PTE. LTD.,MR. AMOS ANG CONTACT NUMBER,,65 9026 5640,65 6223 0081,,"SUNTEC TWR FOUR, 6, TEMASEK BOULEVARD, #25-02, 038986",,,,LIVE COMPANY
2679,201324914D,DEVOTE MANAGEMENT PTE. LTD.,DEVOTE MANAGEMENT PTE LTD,"MR WAYNE TAN PEI WEI
 OM",,65 9723 8057,65 6336 0726,,"THE SIGNATURE, 51, CHANGI BUSINESS PARK CENTRAL 2, #08-12, 486066",,,,LIVE COMPANY
2680,199401442E,CAPELLE CONSULTING PTE. LTD.,CAPELLE CONSULTING PTE LTD,"MR VICTOR SANTOSO
 COM",,65 8322 0379,65 6325 4982,,11 EUNOS ROAD 8 #05-04 SNG 408601,,,,LIVE COMPANY
2681,202333706K,MUSTARD SEED CONSULTING GROUP PTE. LTD.,MUSTARD SEED GROUP PTE LTD,MR TARRY,,65 9855 4167,,,HOUSE 59 KIM YAM ROAD MAIN SNG 239360,tarry@mustardseedgroup.com.sg,,,LIVE COMPANY
2682,200304671C,JAS WORLDWIDE ASIA PTE. LTD.,JAS WORLDWIDE ASIA PTE LTD,MR TAN TEOH CHONG,,65 9789 8376,,,223 MOUNTBATTEN ROAD #02-07 SNG 398008,teohchong.tan@jas.com,,,LIVE COMPANY
2683,199803934N,BDP (ASIA PACIFIC) PTE. LTD.,BDP (ASIA PACIFIC) PTE LTD,MR KELVIN,,65 9635 9534,,,"20, GUL WAY, #05-07, 629196",Kelvin.lee@bdpint.com,,,LIVE COMPANY
2684,199801355K,NUCLEUS HOLDINGS ASIA PACIFIC PTE. LTD.,NUCLEUS HOLDINGS ASIA PACIFIC PTE LTD,MR GEORGE COLADILLA,,65 9722 0058,,,7500A BEACH ROAD #17-302 Singapore 199591,GEORGE.COLADILLA@NUCLEUSCENTRAL.XOM,,,LIVE COMPANY
2685,201305893Z,DLD INTERNATIONAL PTE. LTD.,DLD INTERNATIONAL PTE LTD,MR DAVID,,65 8168 9057,,,"ONE SHENTON, 1, SHENTON WAY, #01-11, 068803",DAVID@FRESHPRESSED.SG,,,LIVE COMPANY
2686,200002780N,THE NUANCE GROUP (SINGAPORE) PTE. LTD.,THE NUANCE GROUP (SINGAPORE) PTE LTD,MR CHRIS YAP GILBERT EMAIL,,65 9384 0094,65 8313 9449,,80 AIRPORT BOULEVARD #02-29 CHANGI AIRPORT T1 SNG 819642,chris.yap@dufry.com,,,LIVE COMPANY
2687,200206793M,ANGLERS' HUT PTE. LTD.,ANGLERS' HUT PTE LTD,"RICHARD FOONG
 CONTACT NUMBER EMAIL",,65 9730 0492,,,19 KIM KEAT ROAD #08-01 FU TSU BUILDING SNG 328804,anglershut@singnet.com.sg,,,LIVE COMPANY
2688,200411739E,RED ARMY WATCHES PTE. LTD.,RED ARMY WATCHES PTE LTD,MS SOPHIA BIEN,,65 6732 6043,,,HOUSE 435 ORCHARD ROAD #03-02 SNG 238877,,,,LIVE COMPANY
2689,201323042M,LOVISA GLOBAL PTE. LTD.,LOVISA SINGAPORE PTE LTD,MS SIMONEE ELLIS EMAIL,,65 9170 4978,,,"PARKWAY PARADE, 80, MARINE PARADE ROAD, #01-23A, 449269",simonee@lovisa.com.au,,,LIVE COMPANY
2690,196400059D,WATCHES OF SWITZERLAND PTE. LTD.,WATCHES OF SWITZERLAND (PTE) LTD,MR. JASON TAN,,65 9030 2840,,,HOUSE 1 HARBOURFRONT WALK #01-66 SNG 098585,jason.tan@thehourglass.com,,,LIVE COMPANY
2691,200917670Z,J.S JEWELLER'S PTE. LTD.,J.S JEWELLER'S PTE LTD,MR MD MAZIBUR,,65 9793 4792,,,HOUSE 33 UPPER DICKSON ROAD MAIN SNG 207492,jstrumphant@gmail.com,,,LIVE COMPANY
2692,201213752E,LUVENUS JEWELLERY PTE. LTD.,LUVENUS JEWELLERY PTE LTD,CONTACT MR ADARSH GHOSH,,65 9062 4246,65 8167 3853,,60 AIRPORT BOULEVARD #026-110-02 CHANGI TERMINAL 2 SNG 819643,,,,LIVE COMPANY
2693,200618115K,HELEN ACCESSORIES PTE. LTD.,HELEN ACCESSORIES PTE LTD,BOON LI SHIEN,,65 6746 1363,,,1 KAKI BUKIT RD 1 #04-27 ENTERPRISE ONE SNG 415934,accounts@helenaccessories.com,,,LIVE COMPANY
2694,53460658W,FO GUANG HANG TRADING AND ENTERPRISE,FO GUANG HANG TRADING & ENTERPRISE,WILLIE HENG,,65 6291 7244,,,100 JALAN SULTAN #04-13 SULTAN PLAZA SNG 199001,,,,LIVE
2695,200811278G,SAYON PTE. LTD.,SAYON PTE LTD,MS. MALOU,,65 9109 9345,,,"191 ROCHOR ROAD, #B2-00 BUGIS DOWNTOWN MRT STN, Singapore 188476",,,,LIVE COMPANY
2696,201409352N,ENDO LIGHTING SE ASIA PTE. LTD.,ENDO LIGHTING SE ASIA PTE LTD,MS PATSY LIGHTING.COM.SG,,65 6333 9051,65 9820 2749,,108 MIDDLE ROAD #06-01 SNG 188967,PATSY.SNG@ENDO-LIGHTING.COM.SG,,,LIVE COMPANY
2697,202336132G,ONE OFFICE PTE. LTD.,OFFICE ONE PTE LTD,MS JUDY TAN MR,,65 9455 5980,65 9624 5185,,HOUSE 2 JURONG EAST STREET 21 #04-03 IMM SNG 609601,judy@officeone.sg,,,LIVE COMPANY
2698,200311941R,ABM INTERNATIONAL GROUP PTE. LTD.,ABM INTERNATIONAL GROUP PTE LTD,MS JENNY BOO,,65 9754 5262,,,"APT/BLK 205 HOUGANG STREET 21 #02-30 HEARTLAND MALL,KOVAN SNG 530205",abmever@singnet.com.sg,,,LIVE COMPANY
2699,40881300L,ILEX STATIONERY AND PAPERS SUPPLIES,ILEX STATIONERY & PAPER SUPPLIES,MR THO G,,65 9823 0987,,,9005 TAMPINES STREET 93 #03-220 TAMPINES INDUSTRIAL PARK A SNG 528839,tho@ilex.com.sg,,,LIVE
2700,201327283H,WALLAFFAIRS PTE. LTD.,WALLAFFAIRS PTE LTD,MR PAUL TAN,,65 9010 1219,,,65 UBI CRESCENT #08-05 HOLA CTR SNG 408559,paul.lawrence@wallaffairs.com.sg,,,LIVE COMPANY
2701,200710569H,CHANGI COVE PTE. LTD.,CHANGI COVE PTE LTD,MR ROBIN XU,,65 9271 7009,65 6922 6122,,"351, CRANWELL ROAD, MAIN, 509866",robinxu@changicove.com,,,LIVE COMPANY
2702,201503123D,EIGHTEEN M PTE. LTD.,EIGHTEEN M PTE LTD,MR ELENA,,65 9108 1083,,,18 MOSQUE STREET #01-04 HOTEL MONO SNG 059498,,,,LIVE COMPANY
2703,197101072D,SOUTH EAST ASIA HOTEL (PRIVATE) LIMITED,SOUTH EAST ASIA HOTEL (PTE) LTD,KENNY,,65 8128 3058,,,HOUSE 190 WATERLOO STREET MAIN SOUTH EAST ASIA HOTEL SNG 187965,seahotel@singnet.com.sg,,,LIVE COMPANY
2704,201118222M,FARRER PARK HOSPITAL PTE. LTD.,FARRER PARK HOSPITAL PTE LTD,TRACEY,,65 6705 2958,,,"LEVEL 5 ICU CONNEXION, 1, FARRER PARK STATION ROAD, #05-00, 217562",,,,LIVE COMPANY
2705,201431716H,QUEST LIFESTYLE (PTE. LTD.),QUEST LIFESTYLE PTE LTD,MS. TRINA JUAN MR. RAJ CONTACT NUMBER,,65 9111 3633,,,252 NORTH BRIDGE ROAD #02-27C RAFFLES CITY SHOPPING CENTRE SNG 179103,,,,LIVE COMPANY
2706,201306822R,MINICUTS STUDIO PTE. LTD.,MINICUTS STUDIO PTE LTD,MS. JANICE,,65 9228 7833,,,"347, BUKIT BATOK STREET 34, #01-256, 650347",,,,LIVE COMPANY
2707,201004860C,EVOLVE SALON (PTE.) LTD.,EVOLVE SALON (PTE) LTD,MS DIANA,,65 6336 1358,,,HOUSE 177 RIVER VALLEY ROAD #02-09 LIANG COURT SHOPPING CTR SNG 179030,,,,LIVE COMPANY
2708,201618889K,HAIRPAGE UNDERGROUND PTE. LTD.,HAIRPAGE UNDERGROUND PTE. LTD,MS ANG XIAO,,65 9733 4227,65 9771 5993,,HOUSE 26 BEACH ROAD #B1-25 SNG 189768,,,,LIVE COMPANY
2709,202208916R,CHEZVOUS HAIR 3 PTE. LTD.,CHEZVOUS PLUS 3 PTE LTD,MR TAN EE CHEW,,65 9799 4554,,,435 ORCHARD ROAD #02-01B SNG 238877,,,,LIVE COMPANY
2710,201104957D,REDMART PTE. LTD.,REDMART LIMITED,MR. KENETH LANGOYAN,,65 9648 6428,,,HOUSE 52 TANJONG PENJURU #04-00 SNG 609034,keneth@redmart.com,,,LIVE COMPANY
2711,201023811H,DAWN SUPERMARKET PTE. LTD.,DAWN SUPERMARKET PTE LTD,ANSON TAY,,65 9855 8563,,,32 LORONG 23 GEYLANG SNG 388367,ansontay@hotmail.com,,,LIVE COMPANY
2712,200503852G,SKYWING SERVICES PTE. LTD.,SKYWING SERVICES PTE. LTD,YEO KWANG,,65 9271 6999,,,246 MACPHERSON ROAD #03-02 BETIME BUILDING SNG 348578,,,,LIVE COMPANY
2713,201135739C,LINTAS SETIA PTE. LTD.,LINTAS SETIA PTE LTD,TAN SHIOK PHENG,,65 6545 0018,,,"7 AIRLINE ROAD, #02-24 CARGO AGENTS BUILDING E, Singapore 819834",lintas@singnet.com.sg,,,LIVE COMPANY
2714,37853800D,N.Y. EXPRESS,U.N.I EXPRESS (S) PTE LTD,SHERRY TAN LIM SIEW MUI,,65 6545 6322,,,9 AIRLINE ROAD #01-26 CARGO AGENTS BLDG D SNG 819827,uniexpress@singnet.com.sg,,,LIVE
2715,200615144H,MBS CONSULTANTS PTE. LTD.,MBS-CONSULTANTS PTE LTD,PETER,,65 9137 6472,65 9669 7120,,"AFRO-ASIA BLDG, 63, ROBINSON ROAD, #04-18, 068894",,,,LIVE COMPANY
2716,200203877R,MIDWEST AIR INTERNATIONAL PTE. LTD.,MIDWEST AIR INTERNATIONAL PTE LTD,NEO GEOK PENG,,65 9101 9993,,,HOUSE 115 AIRPORT CARGO ROAD #07-13 CARGO AGENTS BUILDING C SNG 819466,Geokpeng.airport@midwest.com.sg,,,LIVE COMPANY
2717,201117519D,VENUS MARITIME PTE. LTD.,VENUS MARITIME PTE LTD,MS. ANGELA LOH,,65 9151 5111,,,HOUSE 100 PASIR PANJANG ROAD #05-08 BEHN MEYER BUILDING SNG 118518,finance@venusmaritime.org,,,LIVE COMPANY
2718,202418044G,TRANS LOGISTICS PTE. LTD.,ASIA TRANS LOGISTICS PTE LTD,MS NORELA MOHAMMAD EMAIL,,65 6542 3230,,,HOUSE 115 AIRPORT CARGO ROAD #01-16 CARGO AGENTS BUILDING C SNG 819466,nora.md@asiatranslogistics.com,,,LIVE COMPANY
2719,198602712H,DAN AIRFREIGHT PTE. LTD.,DAN AIRFREIGHT PTE LTD,MS LYNN MAH EMAIL,,65 9712 0029,,,HOUSE 7 AIRLINE ROAD #03-14 CARGO AGENT BLDG E SNG 819834,lynn@danair.com,,,LIVE COMPANY
2720,201215077R,ENC CARGO PTE. LTD.,ENC CARGO PTE LTD,MS KYLIE KAHEE YOON,,65 9647 6060,,,9 AIRLINE ROAD #04-22 CARGO AGENTS BLDG D SNG 819827,kylie.yoon@enworld.net,,,LIVE COMPANY
2721,200908117E,AVIATION SOLUTIONS GSA PTE. LTD.,AVIATION SOLUTIONS GSA PTE LTD,MS JOAN DIZON GSA.COM,,65 9753 5644,,,45 AIRPORT CARGO ROAD #02-00 UNIT 219 DNATA CIAS CARGO CENTRE SNG 819478,joan@avs-gsa.com,,,LIVE COMPANY
2722,200502793W,ABSOLUTE CARGONET PTE. LTD.,ABSOLUTE CARGONET PTE LTD,MS DOREEN KUEH,,65 9735 9498,65 6542 1938,,"CG CARGO AGENTS MEGAPLEX 1, 119, AIRPORT CARGO ROAD, #03-02, 819454",doreen@absolutecn.com,,,LIVE COMPANY
2723,200201134W,ALLIANCE 21 PTE. LTD.,ALLIANCE 21 PTE LTD,MS CAMILLE GARCIA,,65 6572 4406,,,"CARGO AGENTS BLDG D, 9, AIRLINE ROAD, #04-14, 819827",camille@a21.com.sg,,,LIVE COMPANY
2724,200814688G,CMS LOGISTICS GROUP (S) PTE. LTD.,CMS LOGISTICS GROUP(S) PTE LTD,MS ALLISON TOH,,65 6238 5115,,,HOUSE 7B KEPPEL ROAD #18-08 TANJONG PAGAR COMPLEX SNG 089055,allison@cmsgroup.com.sg,,,LIVE COMPANY
2725,200917658C,TRINITY CARGO LINK PTE. LTD.,TRINITY CARGO LINK PTE LTD,MS AI LING HENG,,65 9787 1573,65 6749 8117,,HOUSE 988 TOA PAYOH NORTH #06-06 SNG 319002,ailing@trinitycargolink.com,,,LIVE COMPANY
2726,200312759D,INTANK SERVICES PTE. LTD.,INTANK SERVICES PTE LTD,MR.LIEW,,65 9049 3083,,,HOUSE 8 EU TONG SEN STREET #17-86 THE CENTRAL SNG 059818,Khee.yu@intankservices.com,,,LIVE COMPANY
2727,201010871W,OHC SHIPMANAGEMENT PTE. LTD.,OHC SHIPMANAGEMENT PTE LTD,MR. NEO,,65 9247 5092,,,"WESTGATE, 1, GATEWAY DRIVE, #09-16, 608531",neo@ohcgroup.com.sg,,,LIVE COMPANY
2728,200509539M,ISHIMA PTE. LTD.,ISHIMA PTE LTD,MR. MICAEL VALERI CONTACT NUMBER EMAIL,,65 9656 0557,65 6854 7649,,HOUSE 6 BATTERY ROAD #34-02 SNG 049909,valeri.m@damicoship.com,,,LIVE COMPANY
2729,200106625G,SATS AEROLOG EXPRESS PTE. LTD.,AEROLOG EXPRESS PTE LTD,MR WU CHIH CHENG,,65 9616 0284,65 6542 8635,,"AIRFREIGHT TERMINAL 5, 30, AIRLINE ROAD, #05-00, 819830",chihcheng_wu@sats.com.sg,,,LIVE COMPANY
2730,200603956H,RIO LOGISTICS (S) PTE. LTD.,RIO LOGISTICS (S) PTE LTD,MR RAO PRASAD,,65 9025 0567,65 6863 4644,,HOUSE 115 AIRPORT CARGO ROAD #04-06 CARGO AGENTS BUILDING C SNG 819466,rao@riolog.com,,,LIVE COMPANY
2731,200006582M,RHENUS LOGISTICS PTE. LTD.,RHENUS LOGISTICS PTE LTD,MR LOUISE HOGAN,,65 9784 3827,65 6543 2305,,115 AIRPORT CARGO ROAD #01-34 CARGO AGENTS BUILDING C SNG 819466,louise.hogan@sg.rhenus.com,,,LIVE COMPANY
2732,201539722M,MK EMPIRE PTE. LTD.,MK EMPIRE PTE LTD,MR JOVLIN TEO,,65 9326 1275,,,HOUSE 89 SHORT STREET #01-08 GOLDEN WALL AUTO CENTRE SNG 188216,,,,LIVE COMPANY
2733,201509298Z,MEGARIG HEAVY LIFT SERVICES PTE. LTD.,MEGARIG HEAVY LIFT SERVICES PTE LTD,MR FOO CHEE PANG,,,,,HOUSE 32 TUAS WEST AVENUE MAIN SNG 638439,,,,LIVE COMPANY
2734,199400396C,AGILITY INTERNATIONAL LOGISTICS PTE. LTD.,AGILITY INTERNATIONAL LOGISTICS PTE LTD,MR EDWIN TAN,,65 9664 7830,,,6 CHANGI NORTH WAY #01-01 SNG 498795,etan@relianceglobalcom.com,,,LIVE COMPANY
2735,197502267E,ALLIED CONTAINER SERVICES PTE. LTD.,ALLIED CONTAINER SERVICES PTE LTD,MR DOMINIC,,65 6316 2455,,,"1, BANYAN PLACE, MAIN, 627841",da@allied.com.sg,,,LIVE COMPANY
2736,201622744K,N-BOX SHIPPING (S) PTE. LTD.,N-BOX SHIPPING (S) PTE LTD,KHIN MYAT NANDAR AYE,,65 9830 5770,,,"171 TRAS STREET, #02-181 , Singapore 079025",nandaraye1@gmail.com,,,LIVE COMPANY
2737,199500276E,CEVA LOGISTICS ASIA PTE. LTD.,CEVA LOGISTICS SINGAPORE PTE LTD,"KARAM JEET SINGH
 S.COM",,65 8488 3220,65 6507 2880,,15 CHANGI SOUTH STREET 2 MAIN SNG 486068,,,,LIVE COMPANY
2738,200308865G,SKILL EXPRESS (S) PTE. LTD.,SKILL EXPRESS (S) PTE LTD,FADZULI EX.COM,,65 6542 9641,,,25 CHANGI SOUTH AVENUE 2 #01-02 SHENG BEE BUILDING SNG 486594,fadzuli@skill-ex.com,,,LIVE COMPANY
2739,198402221K,HIAP WOON SHIPPING (SINGAPORE) PTE. LTD.,HIAP WOON SHIPPING (S) PTE LTD,EDWIN,,65 9784 2082,,,HOUSE 14 ROBINSON ROAD #03-01 FAR EAST FINANCE BLDG SNG 048545,,,,LIVE COMPANY
2740,197101116E,SANKYU (SINGAPORE) PTE LTD,SANKYU (S'PORE) PTE LTD,DEREK KUAH TECK SOON,,65 9782 5005,65 6469 3911,,100 BANYAN DRIVE MAIN SNG 627571,Tecksoon.kuah@sankyu.com.sg,,,LIVE COMPANY
2741,197902951D,HANDLING SYSTEM CO. PTE. LTD.,HANDLING SYSTEM CO PTE LTD,DENNIS,,65 8722 6053,,,HOUSE 20 GUL ROAD #04-00 SNG 629345,dennis@handlingsystem.com.sg,,,LIVE COMPANY
2742,200708858C,GLOMAX MAINTENANCE SERVICES PTE. LTD.,GLOMAX MAINTENANCE SERVICES PTE LTD,SOMA,,65 9127 1977,,,48 SERANGOON ROAD #02-23 BLOCK B LITTLE INDIA ARCADE SNG 217959,glomax@singnet.com.sg,,,LIVE COMPANY
2743,47197900K,P&Y MAINTENANCE SERVICES,A & P MAINTENANCE SERVICES PTE LTD,MS EUNICE,,65 6542 3475,65 9694 2196,,31 AIRLINE ROAD #07-N SIA ENGINEER COMPANY HANGAR SNG 819831,,,,LIVE
2744,200304458D,ABSOLUTE MAINTENANCE SERVICES PTE. LTD.,ABSOLUTE MAINTENANCE SERVICES PTE LTD,"MR CHEE LAI KIE
 MS.COM.SG
 MS.COM.SG",,65 9019 9755,65 6742 0308,,20 AIRPORT BOULEVARD SICC1 SNG 819659,abs@absolute-ms.com.sg,,,LIVE COMPANY
2745,201204421K,RIGHT SERVICE PTE. LTD.,RIGHT SERVICE PTE LTD,EU MISS. ELIZA,,65 6440 3929,,,1 BROOKE ROAD #01-13 KATONG PLAZA SNG 429979,,,,LIVE COMPANY
2746,201217181K,CARPENTERS DESIGN GROUP PTE. LTD.,CARPENTERS DESIGN GROUP PTE LTD,MR.ISHAK,,65 8511 1835,,,HOUSE 26 BOON LAY WAY #01-75 TRADEHUB 21 SNG 609970,,,,LIVE COMPANY
2747,201305274W,AMLA PTE. LTD.,AMLA PTE LTD,MR BEN JIN LI MS ANNIE,,65 9832 2218,65 9638 8681,,HOUSE 177 RIVER VALLEY ROAD #01-20 LIANG COURT SHOPPING CTR SNG 179030,,,,LIVE COMPANY
2748,201318512K,G & G UPHOLSTERY PTE. LTD.,G & G UPHOLSTERY PTE LTD,EU MR GAN,,65 9827 0862,,,"1031, EUNOS AVENUE 6, #01-61, 409626",,,,LIVE COMPANY
2749,199901180H,2010 LIFESTYLE PTE. LTD.,2010 LIFESTYLE PTE LTD,MS YU TING POH,,65 9234 4966,,,"T.T.INTL'L TRADEPARK, 10, TOH GUAN ROAD, #01-08, 608838",yuting@2010lifestyle.com.sg,,,LIVE COMPANY
2750,201607994H,HOME & GIVING PARKWAY PTE. LTD.,HOME & GIVING PARKWAY PTE LTD,MS RENA LIM EMAIL,,65 9677 3820,,,80 MARINE PARADE ROAD #03-32 PARKWAY PARADE SNG 449269,renalim.pc@gmail.com,,,LIVE COMPANY
2751,201909889Z,TEMBUSU (SG) PTE. LTD.,TEMBUSU TREE PTE LTD,"ANTHONY SEAH
 CONTACT NUMBER EMAIL",,65 8118 8809,65 6842 1868,,2 KALLANG PUDDING ROAD #05-10 MACTECH INDUSTRIAL BUILDING SNG 349307,jdvchocolates@live.com,,,LIVE COMPANY
2752,200312963Z,C & J CLARK (S) PTE. LTD.,C & J CLARK (S) PTE LTD,MR. SHAWN KOH MR. DENNIS CONTACT NUMBER,,65 9699 3031,65 9112 1229,,HOUSE 2 ORCHARD TURN #B2-22 ION ORCHARD SNG 238801,,,,LIVE COMPANY
2753,201226082H,DC FASHION WEAR PTE. LTD.,DC FASHION WEAR PTE LTD,MR NICHOLAS,,65 8118 9949,,,"311 NEW UPPER CHANGI ROAD, #B1-66 BEDOK MALL, Singapore 467360",,,,LIVE COMPANY
2754,200414981Z,FORTUNE FOOD (S) PTE. LTD.,FORTUNE FOOD (S) PTE LTD,MS YEO GUEK ENG EMAIL,,65 9753 5525,,,3 SIMEI STREET 6 #B1-K6 SNG 528833,weiling@fortunefood.sg,,,LIVE COMPANY
2755,200208271E,JUMAIN SATAYSFACTION PTE. LTD.,JUMAIN SATAYSFACTIONS PTE LTD,MS NORSIAH SULIMAN,,65 9880 8882,65 6245 7885,,"121, DEFU LANE 10, #02-01, 539231",norsiah@ash.asia,,,LIVE COMPANY
2756,201220834E,MANNA 360 PTE. LTD.,MANNA 360 PTE LTD,MR.RIZAL,,65 9365 8060,,,"SUNTEC CITY MALL, 3, TEMASEK BOULEVARD, #01-419, 038983",rizal@manna360.com.sg,,,LIVE COMPANY
2757,201323350G,DIMBULAH COFFEE (AUST) PTE. LTD.,DIMBULAH COFFEE (S) PTE LTD,MR. DAVID CHANG,,65 9119 5158,,,8 MARINA BOULEVARD #01-01A SNG 018981,david@dimbulah.com,,,LIVE COMPANY
2758,199806411M,NECTARS & VINE (SINGAPORE) PTE LTD,NECTARS & VINE (S) PTE LTD,MR PETER LIM JIT MENG,,65 9060 4687,65 6372 1125,,752 UPPER SERANGOON ROAD MAIN SNG 534623,peter@nectarsvine.com,,,LIVE COMPANY
2759,201434312R,KAI YOUNG HUAT EGGS PTE. LTD.,KAI YOUNG HUAT EGGS PTE LTD,MR LEE,,65 9139 9061,65 6316 7287,,"ENTERPRISE CTR, 20, BUKIT BATOK CRESCENT, #13-06, 658080",,,,LIVE COMPANY
2760,200714327M,ECB FOOD SUPPLIER PTE. LTD.,ECB FOOD SUPPLIER PTE LTD,MR KELVIN NG JIAN RONG MR NG KHEAM BEE,,65 9436 3621,65 6245 0588,96163129,3015 BEDOK NORTH STREET 5 #01-04 SHIMEI EAST KITCHEN SNG 486350,kelvin@ecbfood.com.sg,,,LIVE COMPANY
2761,199704453H,N.Y. MANHATTAN INC. PTE LTD,EAST MANHATTAN,MR JOHN,,65 9639 4179,,,"TAN QUEE SWEE BUILDING, 19, LORONG KILAT, #01-03, 598120",,,,LIVE COMPANY
2762,200605441C,MILLENIUM TRADING PTE. LTD.,MILLENIUM TRADING PTE. LTD,MR JASON HO,,65 9757 8803,,,"TAI WEE CO, 31, FISHERY PORT ROAD, #01-09, 619741",,,,LIVE COMPANY
2763,200919263N,CHAI HUAT TRADING PTE. LTD.,CHAI HUAT TRADING PTE. LTD,LAU SIEW HONG,,65 6264 6977,65 9832 8456,,HOUSE 11 CHIN BEE DRIVE MAIN SNG 619862,,,,LIVE COMPANY
2764,200208964G,CHILLI API CATERING PTE. LTD.,CHILLI API CATERING PTE LTD,JUDY,,65 6247 9531,,,3015 BEDOK NORTH STREET 5 #06-27 SHIMEI EAST KITCHEN S 486350,judy@chillipadi.com.sg,,,LIVE COMPANY
2765,201022345C,TINGE GROUP PTE. LTD.,TINGE GROUP PTE. LTD,STEVE GOH S.J.,,65 9191 0940,,,2 TELOK BLANGAH WAY #01-04 SAFRA MT. FABER SINGAPORE 098803,stevegsj@ministryofsteak.com,,,LIVE COMPANY
2766,200711630D,XWS PTE. LTD.,XWS PTE LTD,MS.MABEL MR.WANG,,65 6440 3929,65 9853 0191,,"FAIRPRICE HUB, 1, JOO KOON CIRCLE, #01-32, 629117",,,,LIVE COMPANY
2767,201533460Z,KHOONG INVESTMENT PTE. LTD.,KHOONG INVESTMENT PTE LTD,MR. LAWRENCE MR. SATTAR,,65 9730 2801,65 8606 2913,,HOUSE 6 EU TONG SEN STREET #01-15 THE CENTRAL THE CENTRAL SNG 059817,,,,LIVE COMPANY
2768,201409341K,THE LOCO GROUP PTE. LTD.,THE LOCO GROUP PTE LTD,MR. GILBERT NISPEROS MS. BRENDA,,65 8163 1299,65 9696 4749,,HOUSE 70 COLLYER QUAY #01-04 SNG 049323,nisperos@8build.com.sg,,,LIVE COMPANY
2769,200611124W,PARK 10 PTE. LTD.,PARK 10 PTE LTD,MR. FAIZAL MS TEO,,65 8455 8397,65 8100 6365,,HOUSE 3B RIVER VALLEY ROAD #01-14 CLARKE QUAY-THE FOUNDRY SNG 179021,,,,LIVE COMPANY
2770,201118375D,DE-PROSPERO PTE. LTD.,DE-PROSPERO PTE LTD,MR SPENSER PROSPERO.COM.SG,,65 9747 0454,,,60 AIRPORT BOULEVARD #036-087 CHANGI AIRPORT T2 SNG 819643,spencer@de-prospero.com.sg,,,LIVE COMPANY
2771,201502900E,1 TYRWHITT BISTRO BAR PTE. LTD.,1 TYRWHITT BISTRO BAR PTE. LTD,MR PAUL,,65 9766 9483,,,HOUSE 1 TYRWHITT ROAD MAIN SNG 207522,,,,LIVE COMPANY
2772,200920344E,TIAN TIAN HOLDINGS (CRM) PTE. LTD.,TIAN TIAN HOLDINGS (CRM) PTE LTD,MR NICK YEONG,,65 9322 4344,65 6449 6008,,12 JALAN PARI BURONG MAIN SNG 488678,nick.yeong@tiantiangroup.com,,,LIVE COMPANY
2773,201532334N,DISTRICT 20 PTE. LTD.,DISTRICT 20 PTE LTD,MR DANNY M.SG,,65 8833 3838,,,38 JALAN PEMIMPIN #01-04 M38 SNG 577178,crawford_dev@singnet.co,,,LIVE COMPANY
2774,200909797K,KONTIKI INC. PTE. LTD.,KONTIKI INC. PTE LTD,MISS SIO LENG PEK,,65 9739 2005,,,"57, JALAN MEMPURONG, MAIN, 759057",,,,LIVE COMPANY
2775,200813691G,REAL YOGA PTE. LTD.,REAL YOGA PTE LTD,MS MICHELLE LUI,,65 6836 0721,,,"PARKWAY PARADE, 80, MARINE PARADE ROAD, #17-01, 449269",michelle@realyoga.com.sg,,,LIVE COMPANY
2776,201427123C,FLY SPORTS (TRAMPOLINE) PTE. LTD.,FLY SPORTS (TRAMPOLINE) PTE LTD,MS JOANNA LEE,,65 9746 2346,,,"200, PANDAN GARDENS, #01-13, 609336",joanna@zoomparkasia.com,,,LIVE COMPANY
2777,201102063H,KERISVALE PTE. LTD.,KERISVALE PTE. LTD,SAMSON,,65 9766 9970,65 6536 0826,,"NEDLLOYD HOUSE, 1, FINLAYSON GREEN, #01-00, 049246",samson.cheong@cbre.com.sg,,,LIVE COMPANY
2778,201003296C,GOLDEN CREDIT (S) PTE. LTD.,GOLDEN CREDIT (S) PTE LTD,SAM,,65 9796 6887,,,1 TRAS LINK #02-05 SNG 078867,goldencredit@singnet.com.sg,,,LIVE COMPANY
2779,201017290Z,CAPITOL RESIDENTIAL DEVELOPMENT PTE. LTD.,CAPITOL RESIDENTIAL DEVELOPMENT PTE. LTD,MS. OH WEE MS. EVE TAN,,65 9456 1573,65 9663 5674,,HOUSE 11 STAMFORD ROAD #03-01 SNG 178884,,,,LIVE COMPANY
2780,200801224C,OM MANAGEMENT PTE. LTD.,OM MANAGEMENT PTE LTD,MS. NORWEN OH,,65 9029 1314,,,HOUSE 6 EU TONG SEN STREET #12-21 THE CENTRAL THE CENTRAL SNG 059817,norwenohcc@gmail.com,,,LIVE COMPANY
2781,201020251D,TRILLION CREDIT SOLUTIONS PTE. LTD.,TRILLION CREDIT SOLUTIONS PTE. LTD,MS MICHELLE LIEW,,65 9654 9199,,,204 BEDOK NORTH STREET 1 #01-421 SNG 460204,michelleliew@trillioncredit.com.sg,,,LIVE COMPANY
2782,200404385W,CHANGI AIRPORTS INTERNATIONAL PTE. LTD.,CHANGI AIRPORTS INTERNATIONAL PTE LTD,MS CYNTHIA ONG EMAIL,,65 6541 1922,,,60 AIRPORT BOULEVARD #048-054 CHANGI AIRPORT TERMINAL 2 SNG 819643,cynthia.ong@cai.sg,,,LIVE COMPANY
2783,201528701C,WADDELL HOLDINGS PTE. LTD.,WADDELL HOLDINGS PTE LTD,MS CYNTHIA,,65 8125 7919,,,HOUSE 2 HAVELOCK ROAD #07-25 SNG 059763,cyngani@hotmail.com,,,LIVE COMPANY
2784,199905033H,SINGAPORE INSTITUTE OF ARCHITECTS HOLDINGS PTE LTD,SINGAPORE INSTITUTE OF ARCHITECTS,MS CATERINE,,65 6226 2668,,,HOUSE 79B NEIL ROAD MAIN SNG 088904,,,,LIVE COMPANY
2785,202013402R,M CAPITAL MANAGEMENT PTE. LTD.,MB CAPITAL MANAGEMENT PTE LTD,MR. IVAN CONTACT NUMBER,,65 6223 2765,65 9185 8197,,HOUSE 8 EU TONG SEN STREET #22-82 THE CENTRAL SNG 059818,,,,LIVE COMPANY
2786,201134784N,LEONTEQ SECURITIES (SINGAPORE) PTE. LTD.,LEONTEQ SECURITIES (SINGAPORE) PTE LTD,MR. ANAND SONAR,,65 8182 1488,65 6690 5290,,8 MARINA VIEW #36-03 ASIA SQUARE TOWER 1 SNG 018960,anand.sonar@leonteq.com,,,LIVE COMPANY
2787,201605630M,KOIPY GLOBAL PTE. LTD.,KOIPY GLOBAL PTE. LTD,MR XIE XIN,,65 9730 9995,,,HOUSE 470 NORTH BRIDGE ROAD #01-04 NORTH BRIDGE COMMERCIAL CPX SNG 188735,,,,LIVE COMPANY
2788,200806399C,MONEYMAX GROUP PTE. LTD.,MONEYMAX GROUP PTE LTD,MR SUNNY TEO,,65 8268 5015,,,HOUSE 304 ORCHARD ROAD #01-03 SNG 238863,,,,LIVE COMPANY
2789,200817973M,KITCHEN LANGUAGE PTE. LTD.,KITCHEN LANGUAGE PTE LTD,MR RODEL,,65 9115 5674,65 9761 5395,,HOUSE 181 ORCHARD ROAD #11-03 ORCHARD CENTRAL SNG 238896,,,,LIVE COMPANY
2790,200210790Z,KINGSMEN CREATIVES LTD.,KINGSMEN CREATIVES LTD,"MR PHUA KIAN YONG
 INT.COM",,65 9369 1244,65 6880 4237,68800088,3 CHANGI SOUTH LANE MAIN SNG 486118,phuakianyong@kingsmen-int.com,,,LIVE COMPANY
2791,197201770G,SATS LTD.,SATS LTD,MR KAMARUDIN KIMAT EMAIL,,65 9106 0065,65 6541 1299,,"PTB2 CHANGI AIRPORT PASSENGER TERMINAL 2 DEPARTURE HALL ROW B,11 & 12 SNG 819643",kamarudin_kimat@sats.com.sg,,,LIVE COMPANY
2792,201018509D,G31 PLATINUM HOLDINGS PTE. LTD.,G31 PLATINUM HOLDINGS PTE LTD,MR JEREMY TAN,,65 9101 1157,,,11 LOR 31 GEYLANG MAIN PEOPLE`S MANSION SNG 388021,jeremytancs@gmail.com,,,LIVE COMPANY
2793,201019483C,KAIYI INVESTMENT PTE. LTD.,KAIYI INVESTMENT PTE. LTD,DONALD LIM,,65 6532 2338,65 9191 9617,,9 TAGORE LANE #04-19 9 @ TAGORE SNG 787472,donald@energyresource.sg,,,LIVE COMPANY
2794,201003759R,UNITED CREDIT PTE. LTD.,UNITED CREDIT PTE LTD,ALVIN QUEK,,65 8333 4444,,,186 TOA PAYOH CENTRAL #01-410 SNG 310186,unitedcredit2525@yahoo.com.sg,,,LIVE COMPANY
2795,201013748K,PRIME PACIFIC PTE. LTD.,PRIME PACIFIC PTE LTD,MR. SHEMIEN ASUNCION,,65 9757 4204,,,1 YUAN CHING ROAD #01-05A SNG 618640,awen.asuncion@hotmail.com,,,LIVE COMPANY
2796,201009024Z,JT PREMIER BTP PTE. LTD.,JT PREMIER BTP PTE LTD,MR SHERWIEN,,65 9757 4204,,,1 JALAN ANAK BUKIT #B2-FB1 SNG 588996,,,,LIVE COMPANY
2797,202036853N,M VISION PTE. LTD.,K VISION,"MS EMILY GOH
 TEL",,65 9644 4956,,,HOUSE 311 NEW UPPER CHANGI ROAD #01-38 SNG 467360,,,,LIVE COMPANY
2798,200416862D,ELITA & CO. PTE. LTD.,ELITA & CO PTE LTD,MR ZHI YANG BRENDAN,,65 9105 6568,,,HOUSE 80 MARINE PARADE ROAD #01-81/82 SNG 449269,Tan91056568brendan@thestation.com.sg,,,LIVE COMPANY
2799,201003419C,SONG & SONG FASHION PTE. LTD.,SONG & SONG FASHION PTE LTD,MR DESMOND,,65 8223 8500,,,83 MARINE PARADE CENTRAL #01-560 SNG 440083,,,,LIVE COMPANY
2800,200210443E,MEETING MATTERS INTERNATIONAL PTE. LTD.,MEETING MATTERS INTERNATIONAL PTE LTD,"WEI SHIEN SHRE TAN
 CONTACT NUMBER EMAIL",,65 9125 9292,65 8181 3415,,1 COMMONWEALTH LANE #06-23 ONE COMMONWEALTH SNG 149544,wilson@meetmatt.net,,,LIVE COMPANY
2801,201703456E,NEURO TECH SOLUTIONS PTE. LTD.,NEURO TECH SOLUTIONS,"MR ONG PING
 SHENG",,65 9699 3448,,,55 SERANGOON NORTH AVENUE 4 #02-11 S9 SNG 555859,vince@bigjasia.com,,,LIVE COMPANY
2802,200813681N,PINK APPLE PTE. LTD.,PINK APPLE PTE. LTD,ALAN WANG,,65 8127 3222,,,20 SIN MING LANE #05-52 MIDVIEW CITY SNG 573968,alan@pinkapple.com.sg,,,LIVE COMPANY
2803,201532607M,BERMUDA TRIANGLE PTE. LTD.,BERMUDA TRIANGLE PTE LTD,MR ONG KAH HUA,,65 8222 8890,,,9 BUKIT PASOH ROAD #01-01 SNG 089823,KELVIN8270@GMAIL.COM,,,LIVE COMPANY
2804,200900861N,HOMEKEEPER INTERNATIONAL PTE. LTD.,HOMEKEEPER INTERNATIONAL PTE LTD,"MS. YUNA
 CONTACT NUMBER",,65 6292 0126,65 9125 4225,,APT/BLK 725 ANG MO KIO AVENUE 6 #01-4146 SNG 560725,,,,LIVE COMPANY
2805,53463387X,EMPLOYMENT AGENCY,JAS EMPLOYMENT AGENCY,LORRAINE LEE,,65 6282 8747,,,22 YIO CHU KANG ROAD #01-21 HIGHLAND CENTRE SNG 545535,Jasac_lee@yahoo.com.sg,,,LIVE
2806,200403899K,HANDPHONESHOP PTE. LTD.,HANDPHONESHOP PTE LTD,MS.QIAN QING TAN,,65 9326 3001,,,"JURONG POINT SHOPPING CENTRE, 63, JURONG WEST CENTRAL 3, #B1-87, 648331",,,,LIVE COMPANY
2807,201221065N,SHRI TECHNOLOGIES PTE. LTD.,SHRI TECHNOLOGIES PTE. LTD,MR. SRIDHAR,,65 8459 5101,,,HOUSE 200 WOODLANDS INDUSTRIAL PARK E7 #01-15 SNG 757177,,,,LIVE COMPANY
2808,200609621K,FUNZ CENTRE PTE. LTD.,FUNZ CENTRE PTE LTD,CHRIS NG,,65 9847 8889,,,HOUSE 1 BUKIT BATOK CENTRAL LINK #04-15 WEST MALL SNG 658713,CHRIS@FUNZCENTRE.COM,,,LIVE COMPANY
2809,53088160L,CRISTOFORI MUSIC SCHOOL,CRISTOFORI MUSIC PTE LTD,YEE TING EMAIL II,,65 9795 7508,65 6243 9555,,"5, TAMPINES STREET 32, #02-10, 529284",ii-goh@cms.edu.sg,,,LIVE
2810,198202199E,BEST DENKI (SINGAPORE) PTE. LTD.,BEST DENKI (SINGAPORE) PTE LTD,MS VIVIAN LIM,,65 9833 1899,,,311 NEW UPPER CHANGI ROAD #B1-01 BEDOK MALL SNG 467360,,,,LIVE COMPANY
2811,199604172R,KIM HONG SOON ELECTRICAL PTE LTD,KIM HONG ELECTRICAL CO,"MR CHUA
 TEL",,65 8323 0627,,,HOUSE 1801 GEYLANG BAHRU 4A-3 KALLANG DISTRIPARK SNG 339709,,,,LIVE COMPANY
2812,201437011K,FRONTLINE ENGINEERING & TRADING PTE. LTD.,FRONTLINE ENGINEERING & TRADING PTE LTD,MS. CHRISTINE LEE,,65 9092 9518,,,"28B, PENJURU CLOSE, #01-06, 609130",christine.ee@megawatts.com.sg,,,LIVE COMPANY
2813,201117513W,STARGAZER LINK TECHNOLOGY (ASIA) PTE. LTD.,STARGAZER LINK TECHNOLOGY (ASIA) PTE LTD,CHRIS TEO,,65 6252 8566,65 9720 9548,,50 KALLANG AVENUE #01-02 NOEL CORPORATE BLDG SNG 339505,Chris.teo@strangazerlink.com,,,LIVE COMPANY
2814,201219643G,COIN WASH PTE. LTD.,COIN WASH PTE LTD,MR LU XUN GUANG,,65 9672 5468,,,APT/BLK 6 TELOK BLANGAH CRESCENT #01-422 SNG 090006,rufus_200788@hotmail.com,,,LIVE COMPANY
2815,201525427Z,DUAL ENERGI PTE. LTD.,DUAL ENERGI PTE LTD,NG WEN JIE DARYL,,65 9107 5216,,,63 HILLVIEW AVE #09-08 LAM SOON IND BLDG SNG 669569,daryl@skylinevisual.com,,,LIVE COMPANY
2816,201318973R,CK88 WHOLESALE CENTRE PTE. LTD.,CK88 WHOLESALE CENTRE PTE LTD,MS. BEH ZOO KEE,,65 9829 5583,,,APT/BLK 465 NORTH BRIDGE ROAD #01-5097 SNG 191465,,,,LIVE COMPANY
2817,201218016W,THE LIFECYCLE CONCEPTS PTE. LTD.,THE LIFECYCLE CONCEPTS PTE LTD,MS JANIZ HUI,,65 9111 2829,65 6465 4466,,"CHANGI CIVIL SERVICE CLUB, 2, NETHERAVON ROAD, #D01-01, 508503",,,,LIVE COMPANY
2818,200801748D,SUNRISE ADVISORS PTE. LTD.,SUNRISE ADVISORS PTE LTD,MR ENG ENG,,65 9880 1666,65 6738 1121,,163 TANGLIN ROAD #02-35 TANGLIN MALL SNG 247933,,,,LIVE COMPANY
2819,200208302C,OGAWA HEALTH-CARE PTE. LTD.,OGAWA HEALTH-CARE PTE LTD,MR COLIN GOH,,65 9182 0666,,,2 JURONG EAST STREET 21 #02-57A IMM BUILDING SNG 609601,colin.goh@ogawaworld.net,,,LIVE COMPANY
2820,201428995E,X-KIMI PTE. LTD.,X-KIMI PTE LTD,MR CHONG YONG CHIEN,,65 9001 9082,,,HOUSE 1 ROCHOR CANAL ROAD #02-09 SIM LIM SQUARE SNG 188504,,,,LIVE COMPANY
2821,200703789N,LYJ INTERNATIONAL PTE. LTD.,LYJ INTERNATIONAL PTE LTD,MR ADAM,,65 9222 8862,,,8 KAKI BUKIT ROAD 2 #02-28 RUBY W'HSE CPLX SNG 417841,adam@skapglobal.com,,,LIVE COMPANY
2822,201221938Z,R&C DENTAL PTE. LTD.,R&C DENTAL PTE. LTD,RAYMOND LIM,,65 9386 8973,,,449 CLEMENTI AVENUE 3 #01-261 SNG 120449,lylccc@aol.com,,,LIVE COMPANY
2823,200606388K,DE DENTAL PRACTICE PTE. LTD.,DE DENTAL PRACTICE PTE LTD,MS EMILY KOH LIK YONG EMAIL,,65 9785 0632,,,"EASTPOINT MALL, 3, SIMEI STREET 6, #03-13, 528833",,,,LIVE COMPANY
2824,200723600R,KILLINEY DENTAL CENTRE PTE. LTD.,KILLINEY DENTAL CENTRE PTE LTD,MR. WEI XIANG TEL,,65 6705 9888,,,56 TANGLIN ROAD #02-01 SNG 247964,,,,LIVE COMPANY
2825,201408606C,ELITE DENTAL GROUP PTE. LTD.,ELITE DENTAL GROUP PTE. LTD,MR. ALAN,,65 9723 9791,,,1 GRANGE ROAD #12-03 ORCHARD BUILDING SNG 239693,,,,LIVE COMPANY
2826,201404941R,T32 DENTAL PEARL AT BEDOK PTE. LTD.,T32 DENTAL PEARL AT BEDOK PTE LTD,MR VINCENT,,65 9666 0100,,,"208, NEW UPPER CHANGI ROAD, #01-661, 460208",Vincent.tan@etechit.net,,,LIVE COMPANY
2827,201003768W,TOOFDOCTOR (PINNACLE) PTE. LTD.,TOOFDOCTOR (PINNACLE) PTE LTD,MR RAYMOND POH SENG CHUAN MICHELLE,,65 6634 1811,,,1 CANTONMENT ROAD #01-03 SNG 080001,dr.raymondpoh@toofdoctor.com.sg,,,LIVE COMPANY
2828,201438349R,LUMINOUS DENTAL CLINIC @ BEDOK MALL PTE. LTD.,LUMINOUS DENTAL CLINIC @ BEDOK POINT PTE. LTD.,MR KEVIN LEE,,65 9792 4534,,,"BEDOK POINT, 799, NEW UPPER CHANGI ROAD, #03-27, 467351",kevinlee_78@hotmail.com,,,LIVE COMPANY
2829,201419928G,DENTAL DESIGNS CLINIC PTE. LTD.,DENTAL DESIGNS CLINIC PTE LTD,MR JONATHAN GIAM,,65 9663 2916,,,HOUSE 120 TELOK AYER STREET MAIN SNG 068589,jonathan@questek.com.sg,,,LIVE COMPANY
2830,201129495W,T32 DENTAL PEARL AT JURONG PTE. LTD.,T32 DENTAL PEARL AT JURONG PTE LTD,EMMA,,65 6684 3833,,,"JCUBE, 2, JURONG EAST CENTRAL 1, #B1-15, 609731",jcube@T32dental.com,,,LIVE COMPANY
2831,201221690E,PYSEA PTE. LTD.,PYSEA PTE LTD,MS EILEEN TAN,,65 9435 9651,,,"ONE DEGREE 15, 11, COVE DRIVE, BLK B #01-17, 098497",eileen@princessyachtssea.com,,,LIVE COMPANY
2832,197802628N,MEGA INDAH CARGO PTE. LTD.,MEGA INDAH CARGO PTE LTD,MR AZHAR,,65 6546 2246,,,"CARGO AGENTS BUILDING C, 115, AIRPORT CARGO ROAD, #02-07, 819466",aza@megaindah.com.sg,,,LIVE COMPANY
2833,201305864M,DOTS 'N' TOTS INTERIOR PTE. LTD.,DOTS 'N' TOTS INTERIOR PTE. LTD,WAYNE CHUAN TECK SIANG,,65 8338 9292,,,158 RANGOON ROAD #01-00 SNG 218433,waynechuan@dotsntots.com.sg,,,LIVE COMPANY
2834,201609467D,ASIT TECHNICAL SERVICES PTE. LTD.,ASIT TECHNICAL SERVICES,TIANG KUANG,,65 9816 9693,,,1 KAKI BUKIT AVENUE 3 #08-03 SNG 416087,asittech@yahoo.com,,,LIVE COMPANY
2835,201411774G,ONE CONCEPT DESIGN PTE. LTD.,ONE DESIGN CONCEPT,STEPHANYE,,9821103,,,69 FRANKEL AVENUE MAIN SNG 458197,stephanye@onedesignconcept.com.sg,,,LIVE COMPANY
2836,200822735K,SKY CREATION DESIGN PTE. LTD.,SKY CREATION DESIGN PTE. LTD,SKY TAN,,65 9025 1711,,,8 KIM KEAT LANE MAIN SNG 328865,sky@skycreation.com.sg,,,LIVE COMPANY
2837,199307625R,ZHONG JIANG (SINGAPORE) INTERNATIONAL PTE LTD,ZHONG JIANG (S) INTERNATIONAL PTE LTD,SIM CHUI LIAN,,65 6223 6225,,,81 UBI AVENUE 4 #08-11 UB.ONE SNG 408830,sim@zhongjiang.com.sg,,,LIVE COMPANY
2838,200608338Z,KELINGTON ENGINEERING (S) PTE. LTD.,KELINGTON ENGINEERING (S) PTE. LTD,RAYMOND YEAP GROUP.COM,,65 9838 1460,,,29 MANDAI ESTATE #07-08 SINGAPORE 729932,reymond.yeap@kelington-group.com,,,LIVE COMPANY
2839,201019107Z,SAS M & E PTE. LTD.,SAS M & E PTE. LTD,NG CHOR GEK DORIS,,65 6763 9981,65 9670 3626,,1 TOH TUCK LINK 3RD LEVEL SNG 596222,,,,LIVE COMPANY
2840,201718730W,COOLMAX SERVICES PTE. LTD.,COOLMAX SERVICES,MS. TAN,,65 9299 0033,65 6487 5751,,50 SERANGOON NORTH AVENUE 4 #02-17 FIRST CTR SNG 555856,A_santacool@singnet.com.sg,,,LIVE COMPANY
2841,200720047G,D & D INDUSTRIES PTE. LTD.,D & D INDUSTRIES PTE. LTD,"MS. MICHELLE SOE
 TEL",,65 9448 8864,,,"BLOCK 3, 45, KIAN TECK DRIVE, BLOK 3, 628859",,,,LIVE COMPANY
2842,200500246C,I-CONCEPT PTE. LTD.,I-CONCEPT PTE LTD,"MS. KAREN
 CONTACT NUMBER",,65 9642 3626,,,HOUSE 3 ANG MO KIO STREET 62 #07-03 LINK@AMK SNG 569139,,,,LIVE COMPANY
2843,201006821N,ZIP SECURITY SERVICE PTE. LTD.,ZIP SECURITY SERVICE PTD LTD,MS THING RACHEL,,,,,"WCEGA PLAZA, 1, BUKIT BATOK CRESCENT, #08-05, 658064",,,,LIVE COMPANY
2844,201002118K,EAST ASIA ENGINEERING & CONSTRUCTION PTE. LTD.,EAST ASIA ENGINEERING & CONSTRUCTION PTE LTD,MS TAN PEK CHUN,,65 9181 9745,65 6392 4905,,"351, JALAN BESAR, #02-05, 208988",peichun@eastasiaconstruction.com.sg,,,LIVE COMPANY
2845,201026906N,MULTI SCAFF ENGINEERING PTE. LTD.,MULTI SCAFF ENGINEERING PTE LTD,MS NIEZEL SCAFF.COM,,65 9388 5030,,,"15, CHANGI NORTH STREET 1, #01-28, 498765",accounts@multi-scaff.com,,,LIVE COMPANY
2846,201017658N,KONG GENERAL CONTRACTOR PTE. LTD.,KONG GENERAL CONTRACTOR PTE. LTD,MS MICHELLE,,65 9829 0080,,,2024 BUKIT BATOK STREET 23 #02-52 SNG 659529,michelleyyk@yahoo.com.sg,,,LIVE COMPANY
2847,200307116R,SUN JIN HONG CONSTRUCTION PTE. LTD.,SUN JIN HONG CONSTRUCTION PTE LTD,MS LEE MEI LENG,,65 6358 2181,,,HOUSE 1 BUKIT BATOK CRESCENT #06-36 WCEGA PLAZA SNG 658064,sunjinhong@live.com,,,LIVE COMPANY
2848,200807603C,EARTHSCAPE CONCEPTS PTE. LTD.,EARTHSCAPE CONCEPTS PTE LTD,MS KOH GUAT YAN,,65 9672 9766,65 6848 9449,,1 PEMIMPIN DRIVE #12-03 ONE PEMIMPIN SNG 576151,guatyan.koh@earthscape.com.sg,,,LIVE COMPANY
2849,201226294M,BRIGHTLINK ELECTRICAL PTE. LTD.,BRIGHTLINK ELECTRICAL PTE LTD,MS HELEN YEE EMAIL HELEN,,65 9295 1166,65 6265 5725,,"36, KIM KEAT ROAD, MAIN, 328812",helen-2525@hotmail.com,,,LIVE COMPANY
2850,200200673N,TS LANDSCAPE & CE PTE. LTD.,TS LANDSCAPE & CE PTE LTD,MS DIXITA EMAIL,,65 6543 0281,,,"372A, EAST COAST ROAD, 428982",ts_landscape_ce@singnet.com.sg,,,LIVE COMPANY
2851,200802567E,GOODLAND GROUP CONSTRUCTION PTE. LTD.,M/S GOODLAND GROUP CONSTRUCTION PTE LTD,MS AMIE,,65 6570 0002,,,"42, LOK YANG WAY, MAIN, 628644",amie@goodlandgroup.com.sg,,,LIVE COMPANY
2852,52938478K,E-TECH ENGINEERING,TECH ENGINEERING PTE LTD,"MR. TONY LEE
 CONTACT NUMBER",,65 9691 8867,,,HOUSE BLK8 PANDAN LOOP 130 SNG 129999,,,,LIVE
2853,200802121K,HOCK ANN METAL SCAFFOLDING PTE. LTD.,HOCK ANN METAL SCAFFOLDING PTE LTD,"MR. JIMMY
 CONTACT NUMBER",,65 6862 0348,65 9734 6255,,"12, GUL ROAD, MAIN, 629343",,,,LIVE COMPANY
2854,53059554X,WONG CONSTRUCTION,W W WONG CONSTRUCTION PTE LTD,MR WONG WEI WAH,,65 9619 3762,65 6282 2170,62822172,203 HOUGANG STREET 21 #01-65 SNG 530203,wwwong8@hotmail.com,,,LIVE
2855,198300486N,HI-TEK CONSTRUCTION PTE. LTD.,HI-TEK CONSTRUCTION PTE LTD,MR VINCENT NG TEK.COM.SG,,65 9877 8044,,,9 TAGORE LANE #04-25 9 @ TAGORE SNG 787472,vincent@hi-tek.com.sg,,,LIVE COMPANY
2856,200812775D,MCWYN ENGINEERING PTE. LTD.,MCWYN ENGINEERING PTE LTD,MR VICTOR CHOW KWAN KENG,,65 9635 8466,65 6555 6556,,7030 ANG MO KIO AVENUE 5 #03-61 NORTHSTAR @ AMK SNG 569880,mcwyn@singnet.com.sg,,,LIVE COMPANY
2857,53201450B,C K PLUMBING CONTRACTOR,ABLE PLUMBING CONTRACTOR,MR TONY CHUA,,65 9009 8890,65 6785 2893,67853382,9010 TAMPINES STREET 93 #02-107 TAMPINES INDUSTRIAL PARK A SNG 528844,ableplumbing@singnet.com.sg,,,LIVE
2858,200609775M,AUTO SYSTEM PTE. LTD.,AUTO SYSTEM PTE LTD,"MR TAN
 TEL",,65 9746 8900,,,HOUSE 1 SIMS LANE #03-11 SNG 387355,,,,LIVE COMPANY
2859,199101610D,ASAHI KOKUSAI TECHNEION SINGAPORE PTE. LTD.,ASAHI KOKUSAI TECHNEION SINGAPORE PTE LTD,MR SHANGKAR,,65 9376 6487,,,HOUSE 10 SAKRA AVENUE SNG 627887,,,,LIVE COMPANY
2860,202216088C,MORNINGSIDE EAST PTE. LTD.,MORNINGSIDE PTE LTD,MR ROGER OH ID.COM,,65 8468 7775,65 6746 1198,,HOUSE 26 SIN MING LANE #08-116 MIDVIEW CITY SNG 573971,rogeroh@morningside-id.com,,,LIVE COMPANY
2861,199004859G,WAH LOON ENGINEERING PTE. LTD.,WAH LOON ENGINEERING PTE LTD,MR PRAVEEN,,65 6420 0164,,,10 TAGORE DRIVE MAIN WAH LOON SNG 787625,itsupport@wahloon.com.sg,,,LIVE COMPANY
2862,200704646M,RICH AIRE PTE. LTD.,RICH AIRE PTE LTD,MR NICK BOK LIANG CHEK,,65 8188 4948,65 6844 7389,,9008 TAMPINES STREET 93 #03-09 TAMPINES INDUSTRIAL PARK A SNG 528843,bok@richaire.com.sg,,,LIVE COMPANY
2863,201013835Z,LIANHE CONSTRUCTION PTE. LTD.,LIANHE CONSTRUCTION PTE LTD,MR IVAN CHEW MS ANGIE,,65 9170 1781,65 6456 1626,,"554, ANG MO KIO AVENUE 10, #01-2040, 560554",lianheconstruction@gmail.com,,,LIVE COMPANY
2864,53253334L,HO ENGINEERING,SAN HO ENGINEERING,MR GARY CHUA EMAIL,,65 9271 2798,,,1003 TOA PAYOH INDUSTRIAL PARK #03-1527 SNG 319075,gary@sanhoengrg.com.sg,,,LIVE
2865,53312247C,S*STAR ENGINEERING,STAR ENGINEERING PTE LTD,MR GAO MS SHEN JIN JIN MR LAI,,65 9469 8818,65 9075 7698,84034603,50 TUAS AVENUE 9 MAIN SNG 639192,,,,LIVE
2866,200207072K,U-HOME INTERIOR DESIGN PTE. LTD.,U-HOME INTERIOR DESIGN PTE LTD,MR DESMOND EMAIL HOME.COM.SG,,65 9487 9178,,,HOUSE 81 UBI AVENUE 4 #01-20 UB.ONE SNG 408830,,,,LIVE COMPANY
2867,200508079N,AUMADA PTE. LTD.,AUMADA PTE LTD,MR ASHLEY EMAIL ASHLEY CHONG,,65 6846 4774,,,2 BALESTIER ROAD #01-695 BALESTIER HILL SHOPPING CTR SNG 320002,cci.ashley@gmail.com,,,LIVE COMPANY
2868,199308009D,GUARDFIRE SINGAPORE PTE. LTD.,GUARDFIRE SINGAPORE PTE LTD,"MR ALFRED KOH
 EMAIL",,65 8288 7073,,,"A-Z BUILDING, 140, PAYA LEBAR ROAD, #09-07, 409015",alfred.koh@guardfire.com,,,LIVE COMPANY
2869,201835745R,VEI FONG BUILDER PTE. LTD.,VEI FONG BUILDER,MR ALAN LAI,,65 9636 1578,65 6547 4998,,701 GEYLANG ROAD #02-05 SNG 389687,vfbuilder@yahoo.com.sg,,,LIVE COMPANY
2870,200923252K,SH ENGINEERING & CONSTRUCTION PTE. LTD.,SH ENGINEERING & CONSTRUCTION PTE LTD,MR ALAGAR SAMY,,65 9126 5164,65 6784 1024,,9012 TAMPINES STREET 93 #04-181 TAMPINES INDUSTRIAL PARK A SNG 528845,samyckm@yahoo.com,,,LIVE COMPANY
2871,202042241E,K J INTERNATIONAL PTE. LTD.,Y J INTERNATIONAL PTE LTD,MICHELLE KONG,,65 9006 5869,65 6450 0314,,159 SIN MING ROAD #05-05 AMTECH BUILDING SNG 575625,kmy@yj.com.sg,,,LIVE COMPANY
2872,200311143C,TEH ENGINEERING PTE. LTD.,TEH ENGINEERING PTE LTD,FOLDER EMPTY,,NO DETAILS,,,3012 BEDOK INDUSTRIAL PARK E #01-2052 SNG 489978,,,,LIVE COMPANY
2873,200913573M,ESPRO GLOBAL (S) PTE. LTD.,ESPRO GLOBAL (S) PTE LTD,"ELAINE CHNG
 SG",,65 9889 0044,65 6746 6927,,3 LORONG BAKAR BATU #06-03 BRIGHTWAY BUILDING SNG 348741,elaine.chng@esproglobal.com,,,LIVE COMPANY
2874,200804425K,SYSTEMS INTEGRATORS PTE. LTD.,SYSTEMS INTEGRATORS PTE. LTD,DEREK LIM INTEGRATORS.COM.SG,,65 9009 7111,,,3026 UBI ROAD 1 #04-186 SNG 408719,dereklim@systems-integrators.com.sg,,,LIVE COMPANY
2875,200613764H,JOE GREEN PTE. LTD.,JOE GREEN PTE LTD,DAVID CHONG,,65 6283 8813,,,17 TANNERY ROAD MAIN SNG 347727,david@johndav.com.sg,,,LIVE COMPANY
2876,200409601W,YDL CONSTRUCTION PTE. LTD.,YDL CONSTRUCTION PTE LTD,CINDY CHAI,,65 6886 9091,65 6481 9585,,5 ANG MO KIO IND PARK 2A #06-01 AMK TECH II SNG 567760,cindy.chai@ydl.com.sg,,,LIVE COMPANY
2877,198302269E,CHIU TENG CONSTRUCTION CO. PTE. LTD.,CHIU TENG CONSTRUCTION CO PTE LTD,CEDRIC NG,,65 6250 9000,,,4193A SENGKANG WEST WAY MUKIM 20 SNG 159471,,,,LIVE COMPANY
2878,200914362R,RICH DIMENSION PTE. LTD.,RICH DIMENSION PTE LTD,"CARINE HO
 CONTACT NUMBER EMAIL",,65 6570 8378,,,7030 ANG MO KIO AVENUE 5 #05-06 NORTHSTAR @ AMK SNG 569880,carineho@richbuilt.com.sg,,,LIVE COMPANY
2879,200819360M,LEE AND LEONG FIRE SYSTEMS AND ENGINEERING PTE. LTD.,LEE AND LEONG FIRE SYSTEMS AND ENGINEERING PTE LTD,"ASRIN B. MOHAMED
 TEL FIRESYSTEMS.COM.SG",,65 6747 3769,65 9829 2744,,3025 UBI ROAD 3 #03-149 KAMPONG UBI IND EST SNG 408653,asrinmd@II-firesystems.com.sg,,,LIVE COMPANY
2880,199600436G,GIKEN SEISAKUSHO ASIA PTE. LTD.,GIKEN SEISAKUSHO ASIA PTE LTD,ACE,,65 9748 0350,,,HOUSE 10 HOE CHIANG ROAD #14-01 KEPPEL TOWERS SNG 089315,ace@okamura.com.sg,,,LIVE COMPANY
2881,52935250L,PRACTICAL ANSWER SERVICES,PRACTICAL ANSWER PTE. LTD,TAN ANSWER.COM,,65 9002 7475,,,50 SERANGOON NORTH AVENUE 4 #05-03 FIRST CTR SINGAPORE 555856,tanas@practical-answer.com,,,LIVE
2882,200815622C,EDACPOWER ELECTRONICS PTE. LTD.,EDACPOWER ELECTRONICS PTE LTD,MS FRISCA,,65 6457 7877,,,6 TAGORE DRIVE #01-02 SNG 787623,frisca@edac.com.sg,,,LIVE COMPANY
2883,200610380D,SAMSUNG ASIA PTE. LTD.,SAMSUNG ASIA PTE LTD,MR KEAVEN NA,,65 9146 6151,,,80 MARINE PARADE ROAD #02-34 PARKWAY PARADE SNG 449269,,,,LIVE COMPANY
2884,200312306H,LINXENS SINGAPORE PTE. LTD.,LINXENS SINGAPORE PTE LTD,"MR FREDERICK NICOLAS
 EMAIL",,65 9296 1386,,,"22, CHANGI NORTH WAY, MAIN, 498810",frederick.nicolas@linxens.com,,,LIVE COMPANY
2885,200300277D,TUNITY TECHNOLOGIES PTE. LTD.,TUNITY TECHNOLOGIES PTE LTD,ANG CHIAP HONG MS.CHRISTINIA,,65 9660 4222,65 9697 1021,,"8 @ TRADEHUB 21, 8, BOON LAY WAY, #10-16, 609964",,,,LIVE COMPANY
2886,200810572H,KOWAYO BY E MEDI PTE. LTD.,KOWAYO BY E MEDI PTE LTD,MS. APPLE,,65 9728 2087,65 6884 4280,,"1 RAFFLES LINK, #01-03B ONE RAFFLES LINK, Singapore 039393",,,,LIVE COMPANY
2887,200902578M,HK FAMILY CLINIC & SURGERY PTE. LTD.,HK FAMILY CLINIC & SURGERY PTE. LTD,MS YEO,,65 9777 1483,,,APT/BLK 410 ANG MO KIO AVENUE 10 #01-817 SNG 560410,HL_CLINIC@YAHOO.COM.SG,,,LIVE COMPANY
2888,202435055W,THE ENT PRACTICE PTE. LTD.,THE ENT PRACTICE PTE LTD,MS VIVIAN TEO,,65 9648 0600,,,38 IRRAWADDY ROAD #06-62 SNG 329563,vivteo@singnet.com.sg,,,LIVE COMPANY
2889,200312193C,BEIJING TONG REN TANG SCIENCE ARTS (SINGAPORE) CO PTE. LTD.,BEIJING TONG REN TANG SCIENCE ARTS (S) CO PTE LTD,MS ANN,,65 9732 8273,,,"637, BALESTIER ROAD, MAIN, 329921",,,,LIVE COMPANY
2890,200506807G,ACACIA PYT PTE. LTD.,ACACIA PYT PTE LTD,MR. PANG CONTACT NUMBER,,65 9856 5020,,,3 MOUNT ELIZABETH #16-11 MT ELIZABETH HOSPITAL SNG 228510,,,,LIVE COMPANY
2891,201226530R,DR NATASHA LIM EYE CENTRE PTE. LTD.,DR NATASHA LIM EYE CENTRE PTE LTD,MR VINCENT QUEK,,65 8163 8970,65 6552 5975,,38 IRRAWADDY ROAD #04-31 SNG 329563,design_revelation@hotmail.com,,,LIVE COMPANY
2892,201006994K,PROHEALTH MEDICAL GROUP @TAMAN JURONG PTE. LTD.,PROHEALTH MEDICAL GROUP @JURONG WEST PTE. LTD.,MR MATTHEW ONG,,65 9845 5308,,,"601A, JURONG WEST STREET 62, #01-02, 641601",MATTHEWWONG@PHMGPL.COM,,,LIVE COMPANY
2893,200305142W,KINDER CLINIC PTE. LTD.,KINDER CLINIC PTE LTD,AUGUSTINE,,65 9003 1035,,,80 MARINE PARADE ROAD #05-10 Singapore 449269,augustine@kinderclinic.com.sg,,,LIVE COMPANY
2894,201219566K,LEE RESPIRATORY AND SLEEP CLINIC PTE. LTD.,LEE RESPIRATORY AND SLEEP CLINIC PTE LTD,ALVIN,,65 8230 1916,,,38 IRRAWADDY ROAD #08-27 SNG 329563,alvin@liquidspacegroup.com,,,LIVE COMPANY
2895,200506193R,MEMSTAR PTE. LTD.,MEMSTAR PTE LTD,YANTO,,,,,23 BUKIT BATOK STREET 22 MAIN TUAS AUTOMATIC INDUSTRIAL SNG 659590,yanto@memstar.com.sg,,,LIVE COMPANY
2896,200506341Z,SINGGAS (LPG) PTE. LTD.,SINGGAS (LPG) PTE LTD,WENDY PHAY,,65 6863 4290,,,31 DEFU LANE 9 MAIN SNG 539271,Wendy.phay@singgas.com.sg,,,LIVE COMPANY
2897,200207005N,CERPLAS CHEMICALS PTE. LTD.,CERPLAS CHEMICALS PTE LTD,MS GELINE TAN,,65 6287 3677,,,38 DEFU LANE 10 #02-05 SNG 539215,geline@cerplaschemicals.com,,,LIVE COMPANY
2898,198200257N,SODEXO SINGAPORE PTE. LTD.,SODEXO SINGAPORE PTE LTD,MR CHRIS HO MR JAMIL,,65 9768 2145,65 9678 4924,,25 AIRLINE ROAD 7C AIRLINE HOUSE FIRE CONTROL ROOM SNG 819829,chris.ho@sodexo.com,,,LIVE COMPANY
2899,201604336W,AUTOPRESTIGE GALLERY PTE. LTD.,AUTOPRESTIGE GALLERY PTE LTD,MR.JEFF PHUA CONTACT NUMBER EMAIL,,65 9424 4651,,,HOUSE 26 SIN MING LANE #05-126 MIDVIEW CITY SNG 573971,jeffphuaca@hotmail.com,,,LIVE COMPANY
2900,200901094E,JOE & DOUGH PTE. LTD.,JOE & DOUGH PTE LTD,SHUYING,,65 9730 1408,,,"IMAGES OF SINGAPORE, 40, IMBIAH ROAD, 099700",,,,LIVE COMPANY
2901,200719798M,VONS DESSERT PTE. LTD.,VONS DESSERT PTE LTD,MR. NICHOLAS LOO,,65 9791 0410,65 6779 1156,,"321, CLEMENTI AVENUE 3, #03-02, 129905",,,,LIVE COMPANY
2902,53421855E,SCOOP,SCOOP & SCOOP PTE. LTD.,MR. LEE JIUNN SHYAN,,65 9787 0031,65 6338 2931,,HOUSE 200 VICTORIA STREET #01-60 BUGIS JUNCTION BUGIS JUNCTION SNG 188021,,,,LIVE
2903,200703146D,GOLDEN DONUTS PTE. LTD.,GOLDEN DONUTS PTE LTD,MR. BENEDICT TEO,,65 9631 5554,,,2 JURONG EAST CENTRAL 1 #B1-K06A SNG 609731,benedict@dunkindonuts.com.my,,,LIVE COMPANY
2904,200814911E,XI DE LI (ION) PTE. LTD.,XI DE LI (ION) PTE. LTD,MR KOH MIN QUAN PATHOM,,65 9639 6418,,,"LOT ONE SHOPPERS' MALL, 21, CHOA CHU KANG AVENUE 4, #B1-K2, 689812",pathomkoh@xideli.com.sg,,,LIVE COMPANY
2905,200516387N,D' COFFEESHOP PTE. LTD.,D' COFFEESHOP PTE LTD,MR KEITH,,65 9115 2385,,,311 NEW UPPER CHANGI ROAD #B1-37 BEDOK MALL SNG 467360,,,,LIVE COMPANY
2906,201511964G,SF (BEDOK) PTE. LTD.,SF (BEDOK) PTE LTD,MR FRANCIS,,65 9835 8857,,,311 NEW UPPER CHANGI ROAD #B2-K15 BEDOK MALL SNG 467360,bdeco@singnet.com.sg,,,LIVE COMPANY
2907,200208213K,YA KUN CAFE PTE. LTD.,YA KUN CAFE PTE LTD,KEAN,,65 8425 9171,,,"311 NEW UPPER CHANGI ROAD, #01-12 BEDOK MALL, Singapore 467360",,,,LIVE COMPANY
2908,200002490D,MINOR FOOD GROUP (SINGAPORE) PTE. LTD.,MINOR FOOD GROUP (SINGAPORE) PTE LTD,JACKY,,65 9363 2274,,,311 NEW UPPER CHANGI ROAD #B2-44 BEDOK MALL SNG 467360,,,,LIVE COMPANY
2909,201100799C,SF (CHANGI CITY PT) PTE. LTD.,SF (CHANGI CITY PT) PTE LTD,AGRES,,65 9152 6688,,,5 CHANGI BUSINESS PARK CENTRAL 1 #B1-37 SNG 486038,steveflo@starhub.net.sg,,,LIVE COMPANY
2910,197301402Z,MIN HWA ENVELOPE MANUFACTURERS PTE. LTD.,MIN HWA ENVELOPE MANUFACTURERS PTE LTD,JASMINE NG,,65 6861 9911,,,59 GUL DRIVE MAIN SINGAPORE 629499,jasmine@anchorenvelope.com,,,LIVE COMPANY
2911,201118026G,SCENTUARY LIFESTYLE PTE. LTD.,SCENTUARY LIFESTYLE PTE LTD,PEGGY FOO,,65 9852 9297,,,54 BAYSHORE ROAD #01-06 BAYSHORE PARK SNG 469979,Scentuary77@yahoo.com.sg,,,LIVE COMPANY
2912,201333799M,ELEGANCE BEAUTY & SLIMMING CENTRE PTE. LTD.,ELEGANCE BEAUTY & SLIMMING CENTRE,MS. KARIS,,65 6221 8058,65 8235 2067,,HOUSE 10 ANSON ROAD #02-27 INTERNATIONAL PLAZA SNG 079903,,,,LIVE COMPANY
2913,202505354Z,PAMPERLOFT HEAD SPA PTE. LTD.,PAMPERLOFT LLP,MS SUN YING,,65 9336 0180,,,APT/BLK 102 TOWNER ROAD #01-260 SNG 322102,,,,LIVE COMPANY
2914,202232641M,TIFF.F PTE. LTD.,TIFF'S PTE LTD,MS SERENE TAN,,65 9693 7797,,,"2 EVERTON PARK, #01-61 , Singapore 081002",,,,LIVE COMPANY
2915,201416374K,TANG DYNASTY FOOT SPA PTE. LTD.,TANG DYNASTY FOOT SPA PTE LTD,MS HONG XIAOXIA,,65 9662 8781,,,HOUSE 786 NORTH BRIDGE ROAD MAIN SNG 198754,,,,LIVE COMPANY
2916,53444173D,U SPA & WELLNESS,A & A WELLNESS SPA PTE LTD,MS ANGEL LIU,,65 9099 7659,,,HOUSE 233B VICTORIA STREET MAIN SNG 188026,angiel233b@gmail.com,,,LIVE
2917,202418059N,WAN YANG HEALTH PRODUCT AND FOOT REFLEXOLOGY CENTRE PTE. LTD.,WAN YANG HEALTH PRODUCT & FOOT-REFLEXOLOGY CENTRE,MR. JASON WEE,,65 9690 2406,,,"FAIRPRICE HUB, 1, JOO KOON CIRCLE, #03-23, 629117",,,,LIVE COMPANY
2918,201502396W,RABBIT FOOT MASSAGE AND THERAPY PTE. LTD.,RABBIT FOOT MASSAGE AND THERAPY PTE LTD,MR. CHIA,,65 9828 5008,,,APT/BLK 271 BUKIT BATOK EAST AVENUE 4 #01-146 SNG 650271,,,,LIVE COMPANY
2919,199608369N,ASTERSPRING INTERNATIONAL (S) PTE. LTD.,ASTERSPRING INTERNATIONAL (S) PTE LTD,MR PATRICK JONG EMAIL,,65 9759 3177,,,HOUSE 311 NEW UPPER CHANGI ROAD #B1-46 SNG 467360,patrick.jong@estheticsgroup.com,,,LIVE COMPANY
2920,201311504E,KALO BEAUTY PTE. LTD.,KALO BEAUTY PTE LTD,MR PANG VAN KHUEN,,65 9876 5211,,,2 TAMPINES CENTRAL 5 #02-09 CENTURY SQUARE SNG 529509,kalobeauty@yahoo.com.sg,,,LIVE COMPANY
2921,201604642K,DOUBLE R PTE. LTD.,DOUBLE R PTE LTD,MR OTSUKA RYU MR KATO YUSUKE,,65 8726 2116,65 9681 6101,,HOUSE 7 NEIL ROAD MAIN SNG 088807,,,,LIVE COMPANY
2922,53403082C,VIOLET WELLNESS,VIOLET SPA & WELLNESS PTE LTD,MR MICHEAL,,65 9113 8971,,,HOUSE 221 BALESTIER ROAD #02-09 SNG 329928,michael@sporebranch.com,,,LIVE
2923,201107189R,EC HOUSE PTE. LTD.,EC HOUSE PTE LTD,MR HENRY LIM,,65 9617 7167,65 6805 8986,,HOUSE 311 NEW UPPER CHANGI ROAD #B2-49A SNG 467360,henry.lim@netpluz.asia,,,LIVE COMPANY
2924,200909438C,FAYE BEAUTY PTE. LTD.,FAYE BEAUTY PTE LTD,MR GOH EMAIL,,65 9735 1270,,,"PARKWAY PARADE, 80, MARINE PARADE ROAD, #02-71, 449269",fayebeauty@gmail.com,,,LIVE COMPANY
2925,200203954M,CLS INTERNATIONAL MARKETING PTE. LTD.,CLS INTERNATIONAL MARKETING PTE LTD,"KRISTY CHANG
 TOUCHE.COM",,65 6222 5279,,,1 KAKI BUKIT AVENUE 3 #09-08 SNG 416087,kristychang@cls-touche.com,,,LIVE COMPANY
2926,201217415H,SHILLA TRAVEL RETAIL PTE. LTD.,SHILLA TRAVEL RETAIL PTE LTD,MS ADEL LIM JI YOUNG,,65 8611 1522,,,"CHANGI AIRPORT TERMINAL 3, 65, AIRPORT BOULEVARD, #02-24, 819663",adel@new4u.com.sg,,,LIVE COMPANY
2927,200107846H,AMOREPACIFIC SINGAPORE PTE. LTD.,AMOREPACIFIC SINGAPORE PTE LTD,MR JACK LEONG TEL,,65 9830 1211,,,HOUSE 435 ORCHARD ROAD #B1-20 SNG 238877,,,,LIVE COMPANY
2928,201223847Z,BEYONLAB PTE. LTD.,BEYONLAB PTE LTD,MISS PEH PEH,,65 9875 2299,,,"RESORTS WORLD SENTOSA, 26, SENTOSA GATEWAY, #01-36, 098138",pehpehang@beyonlab.net,,,LIVE COMPANY
2929,201218638M,BAGZX (PTE. LTD.),BAGZX PTE LTD,MS LIANG HUI LING EMAIL,,65 9691 9801,65 6749 8131,,90 HOUGANG AVENUE 10 #01-K9 HOUGANG MALL SNG 538766,,,,LIVE COMPANY
2930,198002737G,BLUEBELL (ASIA) PTE LTD,BLUEBELL SINGAPORE PTE LTD,MS CECILIA ONG,,65 9736 5829,,,HOUSE 391A ORCHARD ROAD #02-00 NGEE ANN CITY TWR A SNG 238873,,,,LIVE COMPANY
2931,202240567N,DOLCE & GABBANA BEAUTY SINGAPORE PTE. LTD.,DOLCE & GABBANA SINGAPORE PTE.LTD.,MR. CIRO SALERNO TEL,,65 9754 4189,,,B1-55A MARINA BAY SANDS 2 BAYFRONT AVENUE SNG 018972,,,,LIVE COMPANY
2932,200808463E,ACTUALLY TRADING PTE. LTD.,ACTUALLY TRADING PTE LTD,MR PAUL KHOR MS GINA OR MS ERIKA,,65 9760 5157,65 6735 3118,67480721,HOUSE 277 ORCHARD ROAD #03-18 ORCHARD GATEWAY SNG 238858,SHOP@ACTUALLY.SG,,,LIVE COMPANY
2933,200714820H,STYLE & STYLE PTE. LTD.,HI STYLE (SINGAPORE) PRIVATE LIMITED,MR CHONG SENG PWA,,65 9327 7610,,,"TAMPINES ONE, 10, TAMPINES CENTRAL 1, #02-32, 529536",derrick.pwa8@gamil.com,,,LIVE COMPANY
2934,200704431R,TACHYON MOTOR PTE. LTD.,TACHYON MOTOR PTE LTD,MR TEO YEE TAK,,65 8113 9137,65 6783 1948,,9004 TAMPINES STREET 93 #01-108 TAMPINES INDUSTRIAL PARK A SNG 528838,tyt_tak@hotmail.com,,,LIVE COMPANY
2935,200915883C,HORIZON AUTO TUNERS PTE. LTD.,HORIZON AUTO TUNERS PTE LTD,MR POON,,65 9681 6469,,,9A KAKI BUKIT ROAD 3 MAIN SNG 417830,julian@horizonautotuners.com,,,LIVE COMPANY
2936,201401306D,AXWERKZ GARAGE PTE. LTD.,AXWERKZ GARAGE PTE LTD,MR ANDY,,65 9753 5445,,,"PIONEER POINT, 5, SOON LEE STREET, #03-37, 627607",,,,LIVE COMPANY
2937,200206731N,DIESEL INJECTRONIC PTE. LTD.,DIESEL INJECTRONIC PTE LTD,MISS LIEW,,65 6339 1155,,,"PIONEER CTR, 1, SOON LEE STREET, #05-27, 627605",PIONEER@EURO5DIESEL.COM.SG,,,LIVE COMPANY
2938,200713227C,SHAO FOOK ENGINEERING PTE. LTD.,SHAO FOOK ENGINEERING PTE LTD,XEON MOH,,65 9117 1680,65 6861 1918,,13 TUAS AVENUE 18 MAIN SINGAPORE 638897,,,,LIVE COMPANY
2939,201023286E,ATLANTIC ENGINEERS PTE. LTD.,ATLANTIC ENGINEERS PTE LTD,MS SURESH MAHARSI,,65 9886 3442,,,44 KALLANG PLACE #03-03A SNG 339172,atlanticengineer@gmail.com,,,LIVE COMPANY
2940,201024771G,TANABE ENGINEERING SINGAPORE PTE. LTD.,TANABE ENGINEERING SINGAPORE PTE LTD,MS KAREN,,65 9766 9178,,,2 INTERNATIONAL BUSINESS PARK #09-02 THE STRATEGY SNG 609930,karenyew@tanabe.com.sg,,,LIVE COMPANY
2941,201323033K,PERCEPTIVE ENGINEERING PTE. LTD.,PERCEPTIVE ENGINEERING SOLUTIONS PTE. LTD.,MR. THIMOTHY LIU,,65 9660 0831,,,HOUSE 3 FUSIONOPOLIS PLACE #03-50 GALAXIS SNG 138523,TLIU@PERCEPTIVEAPC.COM,,,LIVE COMPANY
2942,200912217Z,MALKEN ENGINEERING PTE. LTD.,MALKEN ENGINEERING PTE LTD,MR. CHIA CHOO KIANG,,65 9002 2222,,,7030 ANG MO KIO AVENUE 5 #02-42 NORTHSTAR @ AMK SNG 569880,Malken_engrg@live.com,,,LIVE COMPANY
2943,201401950H,TML ENGINEERING PTE. LTD.,TML ENGINEERING PTE LTD,MR LEE TEL,,65 9816 7125,,,HOUSE 27 JALAN BUROH MAIN SNG 619483,,,,LIVE COMPANY
2944,199806037E,FUGRO HOLDING SINGAPORE PTE LTD,FUGRO SINGAPORE PTE LTD,MR JOSHUA SATYAN,,65 9651 9794,,,25 LOYANG CRESCENT BLOCK 302 TOPS AVENUE 3 #03-07 LOYANG OFFSHORE SUPPLY BASE SNG 585988,s.balachandaram@fugro.com,,,LIVE COMPANY
2945,200923372K,EZ SEMICONDUCTOR SERVICE PTE. LTD.,EZ SEMICONDUCTOR SERVICE PTE. LTD,"JASMINE PHUA
 TECH.COM.TW",,65 8188 2035,,,7030 ANG MO KIO AVENUE 5 #02-29 NORTHSTAR @ AMK SNG 569880,jasmine_phua@ez-tech.com.tw,,,LIVE COMPANY
2946,200501918D,SEA2SEA INTERNATIONAL PTE. LTD.,SEA2SEA INTERNATIONAL PTE. LTD,CALVIN WANG YILIANG,,65 6299 1377,65 9848 5282,,103 NEYTHAL ROAD MAIN SINGAPORE 628591,,,,LIVE COMPANY
2947,198804128Z,NAVA 1872 PTE. LTD.,NAVA 1872 PTE LTD,MR. LEE JERVIS,,65 9694 5655,,,"252 NORTH BRIDGE ROAD, #B1-48 RAFFLES CITY SHOPPING CENTRE, Singapore 179103",,,,LIVE COMPANY
2948,201419096D,ABUNDANT PRODUCTIONS PTE. LTD.,ABUNDANT PRODUCTIONS,MS AMMIE,,65 8318 9716,,,HOUSE 24 SIN MING LANE #05-100 MIDVIEW CITY SNG 573970,AMMIE@ABUNDANTPRODUCTIONS.COM,,,LIVE COMPANY
2949,201100288E,DATA COMMUNICATIONS TECHNOLOGY PTE. LTD.,DATA COMMUNICATIONS TECHNOLOGY PTE LTD,MR. CHIA,,65 9831 8200,,,HOUSE 20 SIN MING LANE #04-55 MIDVIEW CITY SNG 573968,,,,LIVE COMPANY
2950,201616793K,ADFORM TECHNOLOGIES PTE. LTD.,ADFORM TECHNOLOGIES PTE LTD,MR SUKESH,,65 9665 5264,,,HOUSE 43A TRAS STREET MAIN SNG 078982,Sukesh.singh@adform.com,,,LIVE COMPANY
2951,201327569M,APPIER PTE. LTD.,APPIER PTE LTD,MR GAVIN MR MARC MR MAH JIA JUN,,65 6327 9489,65 9363 6159,88699636,8 MARINA VIEW #14-11 ASIA SQUARE TOWER 1 SNG 018960,,,,LIVE COMPANY
2952,197901543W,CALVARY ASSEMBLY OF GOD LTD.,CALVARY ASSEMBLY OF GOD LTD,MS AMY LEE,,65 9183 4066,65 6439 3172,,490 UPPER EAST COAST ROAD MAIN SNG 466521,amylee@calvaryag.com.sg,,,LIVE COMPANY
2953,197100578E,DISCIPLESHIP TRAINING CENTRE LTD,DISCIPLESHIP TRAINING CTR LTD,"MR TZENG HENG LOONG
 TEL",,65 6256 3208,,,"33A, CHANCERY LANE, MAIN, 309554",,,,LIVE COMPANY
2954,198402740W,FEDERAL EXPRESS (SINGAPORE) PTE LTD,FEDERAL EXPRESS (S) PTE LTD,ZEUS,,65 9627 2306,,,90 ALPS AVENUE MAIN SNG 498746,zeus.villafuerte@fedex.com,,,LIVE COMPANY
2955,201012362R,CLICK.COM PTE. LTD.,CLICK . COM,VIROD,,65 9061 6365,,,452 MACPHERSON ROAD MAIN SINGAPORE 368171,,,,LIVE COMPANY
2956,201000298N,PACIFIC INTERNET (S) PTE. LTD.,PACIFIC INTERNET (S) PTE LTD,TIAM HOE LIM,,65 9634 8089,,,5052 ANG MO KIO INDUSTRIAL PARK 2 #01-1089 Singapore 569555,,,,LIVE COMPANY
2957,S86PF0380G,J B CHUA & CO.,J B CHUA & COMPANY,TEO SIOK FIENG,,65 6345 6631,,,"BRIGHT CTR, 55, LOR L TELOK KURAU, #03-63, 425500",siokfieng@jbchua.com.sg,,,LIVE
2958,200201077G,VANCO (ASIA PACIFIC) PTE. LTD.,VANCO (ASIA PACIFIC) PTE LTD,STORE MANAGER TEL,,65 6835 7449,,,"SUNTEC CITY MALL, 3, TEMASEK BOULEVARD, #01-304, 038983",,,,LIVE COMPANY
2959,201012456C,SINGTEL MOBILE SINGAPORE PTE. LTD.,SINGTEL MOBILE,STEPHAN,,65 9100 4982,,,"5 Ang Mo Kio Street 62, NCS Hub Block A, #01-01, Singapore 569141",sstephan@ncs.com.sg,,,LIVE COMPANY
2960,202216422W,SINGTEL LAND PTE. LTD.,SINGTEL,SHIRIN WOO,,65 8189 9577,,,8 CHANGI BUSINESS PARK AVENUE 1 #08-23 UE BIZHUB NORTH TOWER SNG 486018,Shirin.woo@ruckuswireless.com,,,LIVE COMPANY
2961,201318806E,ASPIRE HUB EDUCATION CENTRE @ BEDOK MALL PTE. LTD.,ASPIRE HUB EDUCATION CENTRE @ BEDOK MALL PTE LTD,SAMUEL EMAIL,,65 8222 3260,,,"311 NEW UPPER CHANGI ROAD, #B1-06 BEDOK MALL, Singapore 467360",samuelseah@ahecgroup.com,,,LIVE COMPANY
2962,202434860R,PERFECT FIT PTE. LTD.,PERFECT FIT,MS. YUIN YAN NG,,65 9424 5673,,,1 RAFFLES LINK #B1-10A ONE RAFFLES LINK SNG 039393,info@perfectfit.sg,,,LIVE COMPANY
2963,202310562H,THE DRAWING MINT PTE. LTD.,THE DRAWING MINT,MS. TAW CHEW MEI CONTACT NUMBER,,65 9745 1575,,,"6, MOHAMED SULTAN ROAD, #02-01, 238956",,,,LIVE COMPANY
2964,201327900R,SENTOSA DEVELOPMENT PTE. LTD.,SENTOSA DEVELOPMENT CORPORATION,MS VALERIE,,65 9479 0210,,,HOUSE 37 ARTILLERY AVENUE MAIN SENTOSA SNG 099957,,,,LIVE COMPANY
2965,26233600J,ENG HO BEE AND COMPANY,ENG HO BEE & CO,MS TEO AI HUA EMAIL,,65 9850 2229,65 6294 8429,,"SIM LIM TOWER, 10, JALAN BESAR, #02-15, 208787",enghobee@yahoo.com.sg,,,LIVE
2966,200910421D,RELIANZ ENGINEERING (PTE.) LTD.,RELIANZ ENGINEERING PTE LTD,MS JENNY WEE,,65 9451 0111,,,"WCEGA PLAZA, 1, BUKIT BATOK CRESCENT, #06-54, 658064",jennywee@relianz.net,,,LIVE COMPANY
2967,200917183M,SCS GLOBAL PAC,SCS GLOBAL,MS JENNY FONG,,65 6223 8382,65 9752 8223,,HOUSE 10 ANSON ROAD #13-15 INTERNATIONAL PLAZA SNG 079903,jenny@scsglobalaudit.com,,,LIVE COMPANY
2968,201211015M,ASIA PETROLEUM TECHNOLOGY PTE. LTD.,ASIA PETROLEUM TECHNOLOGY PL,MS HO AI LEE,,65 9650 9911,65 6583 0813,,11 TAMPINES CONCOURSE #03-06 SNG 528729,hoailee9@gmail.com,,,LIVE COMPANY
2969,202516440M,NOVO NOVO PTE. LTD.,NOVO PTE LTD,MS FENDY MR ANDY YAO,,65 9125 6622,65 9182 5977,,"2 ORCHARD TURN, #B2-62B ION ORCHARD, Singapore 238801",,,,LIVE COMPANY
2970,200805459H,TRANSACTION NETWORK SERVICES SG PTE. LTD.,TRANSACTION NETWORK SERVICES SG PTE LTD,MS EILEEN,,65 9829 7455,,,HOUSE 1 HARBOURFRONT PLACE #04-00 HARBOURFRONT TOWER ONE SNG 098633,EILEEN.HL.PANG@EXXONMOBIL.COM,,,LIVE COMPANY
2971,201312357H,A S CONSULTING GROUP PTE. LTD.,EA CONSULTING GROUP PTE. LTD.,MS ALISSON,,65 9776 7721,,,HOUSE 68 TRAS STREET #02-02 SNG 079007,alison.loh@eaconsultinggroup.com,,,LIVE COMPANY
2972,200709333E,THINKEL LEARNING LAB PTE. LTD.,THINKEL LEARNING LAB PTE LTD,MR.SIM YEOW HENG,,65 9069 2869,,,"CSC BT BATOK CLUB HSE, 91, BUKIT BATOK WEST AVENUE 2, #03-02, 659206",,,,LIVE COMPANY
2973,200101029C,EAST ASIA INSTITUTE OF MANAGEMENT PTE. LTD.,EAST ASIA INSTITUTE OF MANAGEMENT PTE LTD,MR. TANIKA,,65 9019 1337,,,HOUSE 9 AH HOOD ROAD MAIN EASB INSTITUTE OF MANAGENENT SNG 329975,thanika_krishnasamy@easb.edu.sg,,,LIVE COMPANY
2974,199501022E,G.S. CLINIC & SURGERY PTE LTD,TONG CLINIC & SURGERY,"MR TONG
 EMAIL",,65 6452 8311,,,APT/BLK 316B ANG MO KIO STREET 31 #01-05 SNG 563316,thtong72@hotmail.com,,,LIVE COMPANY
2975,201000583K,PIONEER TRAINING CENTRE PTE. LTD.,PIONEER TRAINING CENTRE PTE LTD,MR TAN LAY TSUEY,,65 6316 3290,,,"PIONEER CTR, 1, SOON LEE STREET, #03-50, 627605",tan@pioneertrainingcentre.com,,,LIVE COMPANY
2976,200606757Z,A'S M & E PTE. LTD.,A'S M&E PTE LTD,MR SAKTHI,,65 9244 5017,,,APT/BLK 1 THOMSON ROAD #04-336F BALESTIER HILL SHOPPING CTR SNG 300001,SAKTHI@ASMECHENG.COM,,,LIVE COMPANY
2977,199900512D,SAVITAR PTE. LTD.,SAVITAR PTE LTD,MR RIZAL HASSAN,,65 9646 7130,65 6100 8367,,80 BRAS BASAH ROAD FAIRMONT HOTEL SNG 189560,rizal@savitar.sg,,,LIVE COMPANY
2978,200505050C,INTEC TRAINING AND CERTIFICATION PTE. LTD.,INTEC TRAINING AND CERTIFICATION PTE LTD,MR RAJENDRAM,,65 9062 8683,,,"PIONEER JUNCTION, 3, SOON LEE STREET, #01-28, 627606",raja@renu.com.sg,,,LIVE COMPANY
2979,201836188H,DAVID PHEE ENTERPRISE PTE. LTD.,DAVID PHEE ENTERPRISE,MR PHEW,,65 9672 8852,,,30 KAKI BUKIT ROAD 3 #05-08 SNG 417819,davidphee@gmail.com,,,LIVE COMPANY
2980,201012189H,LEARNERS' LODGE PTE. LTD.,LEARNERS' LODGE PTE LTD,MR NG,,65 6567 3007,65 9451 3022,,134 JURONG GATEWAY ROAD #03-307 SNG 600134,junjia@learnerslodge.com.sg,,,LIVE COMPANY
2981,53457627C,V-NEXGEN,NEXGEN F&B PTE LTD,MR MAMUN RAJA,,65 9756 5476,,,HOUSE 20 CROSS STREET #01-23 CHINA SQUARE SNG 048422,mamunraja@madpoet.com.sg,,,LIVE
2982,200413856E,BRIDGE MOBILE PTE. LTD.,BRIDGE MOBILE PTE LTD,"MR KEE GHIM HUI
 EMAIL",,65 9185 6314,,,"TECHNOPARK @ CHAI CHEE, 750, CHAI CHEE ROAD, #03-02/03, 469000",ghimhui@bridgealliance.com,,,LIVE COMPANY
2983,201012456C,SINGTEL MOBILE SINGAPORE PTE. LTD.,SINGTEL MOBILE SINGAPORE PTE LTD,"MR JOHN YEO MR AFEEF
 EMAIL OM.SG",,65 9641 8999,65 9457 5467,,HOUSE 112 EAST COAST ROAD #01-01 112 KATONG SNG 428802,johnyeo@singtel.com,,,LIVE COMPANY
2984,201012456C,SINGTEL MOBILE SINGAPORE PTE. LTD.,SINGTEL MOBILE (S) PTE LTD,MR JOHN YEO,,65 9641 8999,,,495 JURONG WEST STREET 41 #01-114 SNG 640495,johnyeo@singtel.com,,,LIVE COMPANY
2985,198302829C,INGRAM MICRO ASIA PTE. LTD.,INGRAM MICRO ASIA LTD,"MR HERRY SUNACY
 ASIA.COM",,65 9172 5659,,,"40, CHANGI NORTH CRESCENT, MAIN, 499639",,,,LIVE COMPANY
2986,200103313Z,SF JURONG EAST PTE. LTD.,SF (JURONG) PTE LTD,MR FRANCIS,,65 9835 8857,65 6752 3983,,50 JURONG GATEWAY #B1-K8 JEM SNG 608549,bdeco@singnet.com.sg,,,LIVE COMPANY
2987,202336206G,A PERFORMANCE PTE. LTD.,SA PERFORMANCE PTE. LTD.,MR ANG SI SAM,,65 9170 1900,,,3006 UBI ROAD 1 #01-396 KAMPONG UBI IND EST SNG 408700,samang89@live.com.sg,,,LIVE COMPANY
2988,53048781X,G ARCHITECTS,R G ARCHITECTS,MR ADRIAN GOH,,,,,450 NORTH BRIDGE ROAD #04-10 NORTH BRIDGE CENTRE SNG 188727,,,,LIVE
2989,202505564C,JO GLOBAL EMPIRE PTE. LTD.,EMPIRE GLOBAL PTE LTD,MOSSES TAN MR SEE YEW CHYE,,65 9855 5509,65 9117 2202,,513 BISHAN STREET 13 #01-514 SNG 570513,,,,LIVE COMPANY
2990,196900654N,STANDARD PHOTO (PRIVATE) LIMITED,STANDARD PHOTO PTE LTD,"MOHAN
 CONTACT NUMBER EMAIL RAJAN_MOHANYAHOO.COM",,65 8112 7490,,,1 SENGKANG SQUARE #B1-21 COMPASS PT SNG 545078,,,,LIVE COMPANY
2991,53377471C,E+A RECRUITMENT SERVICES,REED RECRUITMENT SERVICES,MISS LEW JANICE,,65 8533 6810,,,HOUSE 192 WATERLOO STREET #07-02 SKYLINE BUILDING SNG 187966,,,,LIVE
2992,199804111R,MID-AMERICA OVERSEAS (S) PTE. LTD.,MID-AMERICA OVERSEAS (S) PTE LTD,MICHELLE TAN,,65 6543 4424,65 9792 4484,,9 AIRLINE ROAD #04-26 CARGO AGENTS BLDG D SNG 819827,michelletan@mao.com.sg,,,LIVE COMPANY
2993,201012456C,SINGTEL MOBILE SINGAPORE PTE. LTD.,SINGTEL MOBILE PTE. LTD.,MICHAEL,,65 9640 9599,,,185 UPPER EAST COAST ROAD #07-00 BEDOK TELEPHONE EXCHANGE SINGAPORE 455282,chyeheng@singtel.com,,,LIVE COMPANY
2994,201905242Z,JULIE BAKES PTE. LTD.,JULIE BAKES,JULIANAH BTE JAHAYER,,65 9647 9027,,,HOUSE 14 BAGHDAD STREET MAIN SNG 199653,,,,LIVE COMPANY
2995,202328958H,HARMONY LODGE PTE. LTD.,APEX HARMONY LODGE,JOANNE,,65 9677 3471,,,10 PASIR RIS WALK #01-00 HARMONY,,,,LIVE COMPANY
2996,200006582M,RHENUS LOGISTICS PTE. LTD.,RHENUS PROLOG LOGISTICS PTE LTD,HERMAN,,65 9722 2562,65 6346 7277,,115 AIRPORT CARGO ROAD #01-34 CARGO AGENTS BUILDING C SINGAPORE 819466,Herman.yau@sgrhenus.com,,,LIVE COMPANY
2997,201800211E,C&A PRINTING PTE. LTD.,C&A PRINTING,FONG WAI LOONG PRINTING.COM.SG,,65 9099 2060,65 6741 2363,,1 KAKI BUKIT AVENUE 3 #04-15 SNG 416087,wailoong@cna-printing.com.sg,,,LIVE COMPANY
2998,201608023N,SEKOLAH INDONESIA(SINGAPURA) LTD.,SEKOLAH INDONESIA SINGAPURA,DRS AGUS TRIYANTO MMPD,,65 6448 0722,,,"SEKOLAH INDONESIA, 20A, SIGLAP ROAD, 455859",agustry_pbg@yahoo.co.id,,,LIVE COMPANY
2999,201702403M,MINISTRY OF PRINT PTE. LTD.,MINISTRY OF PRINT,BEN,,65 6742 3223,,,1002 TOA PAYOH INDUSTRIAL PARK #07-1461 SNG 319074,ben@fivebar.sg,,,LIVE COMPANY
3000,201218262G,COMBIND SUPPLIES PTE. LTD.,COMBIND SUPPLIES PTE LTD,ALEX,,65 9154 1319,,,"80, JOO KOON CIRCLE, MAIN, 629100",alec@combinesupplies.com,,,LIVE COMPANY
3001,201318507M,3A COFFEEHOUSE PTE. LTD.,3A COFFEEHOUSE PTE LTD (INQUIRY) ,,,65 9770 6148,,,,3acoffeehouse@gmail.com,,,Live Company
3009,202306677K,WINGS RIVERSIDE PTE. LTD.,WINGS BAR ,,,65 8298 7008,,,,karen@verve.sg,,,Live Company
3010,201525786H,HOPIN ENGINEERING SERVICE PTE. LTD.,HOPII MUNG BEAN SMOOTHIE SG ,,,65 6784 2421,,,,hopiisg@gmail.com,,,Live Company
3012,53113387K,MEN ICHI,MEN-ICHI @ NEX ,,,65 6634 4638,,,,contactus@res.com.sg, ooisiewsin@gmail.com,,Live
3015,201928984Z,4POINTX PTE. LTD.,4POINT3 CAFE,,,65 6227 0331,65 6532 9006,,,kian@deliinthepark.com.sg, marinabaysteamboat@yahoo.com.sg,,Live Company
3024,202222541Z,LIN YU MEI PRIVATE LIMITED,LIN YU MEI PTE LTD ,,,65 9865 9743,,,,andrea.ngo.ey@gmail.com,,,Live Company
3026,53148928X,LONG PHUNG,LONG PHUNG (CANVASSING - JOO CHIAT),,,65 9105 8519,65 6440 6959,,,longphung09@gmail.com,,,Live
3035,201107504W,MAHOTA FOOD PTE. LTD.,MAHOTA COMMUNE ,,,65 6299 6809,,,,hello@mahota.sg,,,Live Company
3039,200906024W,ITACHO PTE. LTD.,ITACHO SUSHI,,,65 6227 8911,,,,office@itacho.com.sg, office@itacho.com.sg,,Live Company
3047,201724155D,SHA MEI PTE. LTD.,SHA MEI PTE LTD66 MALA LUCK LUCK & 66 MALA MOOKATA @ SG,Tweety Chong ,,65 9188 6848,,,,tweetychong83@gmail.com,,,Live Company
3049,201113244W,DELCIE'S DESSERTS AND CAKES PTE. LTD.,DELCIE'S DESSERTA AND CAKES ,,,65 6282 2951,,,,order@delciesdesserts.com,,,Live Company
3052,201541888R,GUSTOSO PTE. LTD.,GUSTOSO WESTERN CUISINE SG ,,,65 8766 6833,,,,,,,Live Company
3059,202133960D,DALBAM PTE. LTD.,DAL BAM,,,65 9639 1506,,,,mimi64487228@gmail.com,,,Live Company
3063,200409165E,THE CURRY WOK PTE. LTD.,CURRY WOK (LEAD) ,,,65 8131 2813,,,,,,,Live Company
3064,52966167E,BEST HAWA RESTAURANT CHICKEN RICE & SEAFOOD,"BEST HAWA RESTAURANT @ SG--ONAN ROAD -- INCOMING ISH TO SG
",Lee ,,65 9635 8322,,,,NA ,,,Live
3069,201833682G,SOI THAI PTE. LTD.,SOI THAI KITCHEN ,,,65 6282 3788,65 6784 2421,,,soithaigardens@gmail.com,,,Live Company
3071,201224751H,BEE'S CAKE PTE. LTD.,BEE'S CAKE PTE LTD ,,,65 9742 3872,65 9742 3872,,,bee@bees-cake.com, bee@bees-cake.com,,Live Company
3075,200920979E,AYAM PENYET RIA PTE. LTD.,AYAM PENYET RIA - WOODLANDS,,,65 9639 9131,,,,chryssa@ayampenyetria.com,,,Live Company
3092,201607584W,2SIX PTE. LTD.,2SIX CAFE  (COLD CALL),,,65 8107 6191,,,,,,,Live Company
3094,202518591N,OTARU AI PTE. LTD.,OTARU SUISAN ,,,65 6238 1011,,,,mjgigante@yahoo.com,,,Live Company
3096,201620957M,MO'MOR IZAKAYA PTE. LTD.,MOMOR IZAKAYA ,,,65 6463 8080,,,,martin@momor.com.sg,,,Live Company
3100,53457747D,SG BBQ BAR,BAR @ SG--(ON LEASE), ,,65 9125 6369,,,,,,,Live
3101,202140605G,JMS HOSPITALITY CONSULTANCY PTE. LTD.,JMS HOSPITALITY & MGMT,Joseph Scerri,Manager Director,61 417585768,,,,Joseph.scerri@jmshospitality.com.au,,,Live Company
3102,201711983H,MIN JI PTE. LTD.,MIN JIANGAT DEMPSEY SG ,,,65 6774 0122,,,,mjdempsey@goodwoodparkhotel.com,,,Live Company
3108,201403866E,RITZ APPLE STRUDEL PTE. LTD.,RITZ APPLE STRUDEL,,,65 6469 3470,65 6702 4011,,,sales@ritzapplestrudel.com,,,Live Company
3112,199804157M,CAFFE BEVIAMO PTE LTD,BEVIAMO (COLD KNOCK) ,,,65 9825 4320,,,,,,,Live Company
3123,202440794R,COLONY CAFE PTE. LTD.,COLONY BUFFET ,,,65 6434 5288,,,,rc.sinrz.restaurantreservations@ritzcarlton.com, (huiyu.tan@ritzcarlton.com),,Live Company
3135,202447894E,HOLLA JUICE PTE. LTD.,HOLLA JUICE ,,,65 9025 4700,,,,Qyueping@gmail.com,,,Live Company
3136,53135256X,YAYOI MARKETING,YAYOI JAPANESE RESTAURANT ,,,65 6338 7170,,,,maylim@yayoi.sg,,,Live
3140,198105981G,FANSIDA FAR EAST PTE LTD,FANSIDA WINE & DINE ,,,65 6841 7770,,,,,,,Live Company
3143,53381211M,THE CURRY CULTURE,THE CURRY CULTURE @ ROBERTSON QUAY ,,,65 8268 9230,,,,sandeep@thecurryculture.com.sg,,,Live
3145,53400011L,SASCO,SASCO @CHOA CHU KANG (HQ),,,65 9782 8354,,,,pa3@giventake.sg,,,Live
3149,201430292W,HPL (PADDINGTON) PTE. LTD.,PADDINGTON HOUSE OF PANCAKES ,,,65 6612 9029,65 9682 2596,,,cs@delicepl.com, charles@delicepl.com,,Live Company
3150,201915251Z,THE FORAGE CAFE PTE. LTD.,THE FORAGE CAFE (COLD CALL) ,,,65 8123 9903,,,,,,,Live Company
3152,202040457Z,DONKY BY BEANSPARTY PTE. LTD.,BEANSPARTY KLADIATORS (PAY LATER) ,,,65 8223 9390,,,,admin@beansparty.com,,,Live Company
3159,53162418L,THE PUBLIC HOUSE,THE PUBLIC HOUSE BAR & RESTAURANT ,,,65 9005 3324,,,,thepublichouse.sg@gmail.com,,,Live
3162,202534136E,JUBILEE FORTUNE STAR COFFEE SHOP PTE. LTD.,JUBILEE COFFEE HOUSE ,,,65 6543 0060,,,,enquiry@jubileecoffeehouse.com,,,Live Company
3165,201722364C,OMU PTE. LTD.,OMU  (NORTH POINT OUTLET),,,65 9789 3535,65 8719 6988,,,,,,Live Company
3166,51349600M,MIZ APPARELS,MIZ JAPANESE RESTAURANT,,,65 6225 5761,,,,marichan0143@hotmail.com,,,Live
3169,53488656J,AYAM PENYET CIK YAM,AYAM PENYET PRESIDENT- SMARTWEB/KIOSK,,,65 9005 3215,,,,bahar@ayampresident.com,,,Live
3174,53132829E,C. YUAN VEGETARIAN FOOD,VEGETARIAN EXPRESS CAFE ,,,65 6383 5672,,,,vegetarianexpresscafe@gmail.com <vegetarianexpresscafe@gmail.com,,,Live
3187,53334068C,AWESOME!,AWESOME COFFEE ,Marc -,,65 8123 0027,,,,hello@awesomecoffee.sg,,,Live
3192,202432083E,YUMMY SG PTE. LTD.,SG YUMMY PUNJABY INTERNATIONAL PTE. LTD. @ SG RAPTOR . - WEBSITE .,,,65 9176 6939,,,,yummypunjaby@gmail.com,,,Live Company
3194,201833465E,ANNETTE PTE. LTD.,ANNETTE TUK TUK,,,65 9431 8838,,,,nexusng3@gmail.com,,,Live Company
3196,53425753D,PINHOLE,PINHOLE COFFEE BAR ,,,65 8161 3700,,,,,,,Live
3205,199404977Z,CULINA PTE. LTD.,CULINA DEMPSEY,,,65 6474 7338,,,,cynthia@culina.com.sg, bistro@culina.com.sg,,Live Company
3210,201531878E,KAI GARDEN PRIVATE LIMITED,KAI GARDEN (SMARTTERMINAL) ,,,65 8786 9319,,,,admin@kaiduck.com.sg,,,Live Company
3218,201634414Z,SEOUL YUMMY PTE. LTD.,SEOUL ZIP ,Shannon Wong ,,65 8333 3483,,,,contact@taskup.sg,,,Live Company
3221,202028740H,SG ASIAN COFFEE SHOP PTE. LTD.,COFFEE SHOPS  @ SG,Sean Yeam ,,65 9384 2374,,,,Sean.yeam@gmail.com,,,Live Company
3222,202313365C,SPIZE CARTEL PRIVATE LIMITED,SPIZE (SMARTTERMINAL) ,,,65 9733 1442,,,,anil@spizesg.com, operations@spizesg.com,,Live Company
3225,201319608N,BABETTE PTE. LTD.,BABETTE - RESTAURANT & BAR ,,,65 6341 7727,,,,,,,Live Company
3235,200601676W,ELLIOTT ASSOCIATES PTE. LTD.,THE THAI SOCIETY,,,65 6252 5565,,,,eat@imperiumgroup.asia,,,Live Company
3236,202025709G,HANS SOLUTIONS PRIVATE LIMITED,HANS I'M GLÜCK  (TERMINALS) SG,,,65 9750 1488,,,,info@hig-burgergrill.sg,,,Live Company
3239,202108434D,GLAND PHARMA INTERNATIONAL PTE. LTD.,GLANDY WESTERN ,,,65 9380 7764,,,,andywph@gmail.com,,,Live Company
3243,202504057M,AI IMPLEMENTATION GROUP PTE. LTD.,SINGAPORE - IMPLEMENTATION CONFIRMATION QUOTE 908,,,65 9692 0596,,,,Mengyang00my@gmail.com,,,Live Company
3244,53488299D,XING LONG JAPANESE KOREAN CUISINE,XING XING KOREA RESTAURANT ,,,65 9006 7074,,,,,,,Live
3254,202414303D,SHAN CHENG (BPP) PTE. LTD.,SHAN CHENG ,,,65 6386 4564,,,,admin@shancheng.com.sg,,,Live Company
3260,199203129W,HONG SEAFOOD PTE LTD,TAI HONG SENG FOOD (COLD KNOCKS),,,65 9861 3351,,,,,,,Live Company
3262,53281606D,NAN YUAN FISHBALL NOODLE,NANYUAN NOODLE SG ,,,1 6938890788,,,,pondkwang123@gmail.com,,,Live
3270,201618135C,I-INNOVA SOLUTIONS PTE. LTD.,I-INNOVA SOLUTIONS PTE LTD (UEN/GST REG NO.201618135C),Gjames Nc Re,BUSINESS DEVELOPMENT MANAGER,65 6950 1828,65 9781 0935,,,james.ng@i-innova.com.sg,,,Live Company
3271,202144805C,DENZY GELATO (BEDOK) PTE. LTD.,DENZY GELATO @ SG,Lim ,,65 9386 4782,,,,,,,Live Company
3272,201815962C,IB HQ SINGAPORE PTE. LTD.,IB HQ SINGAPORE ,,,65 9152 4550,,,,info@ibhqsingapore.com,,,Live Company
3275,200709933M,KIM'S PLACE SEAFOOD RESTAURANT PTE. LTD.,KIM'S PLACE SEAFOOD,,,65 6348 9635,65 6742 1119,,,tanhongtect@gmail.com, enquiry@kims.com.sg,,Live Company
3277,53010409A,MR. PRATA,MR PRATA5 OUTLETS ,,,65 9759 9660,,,,kamalnmn@yahoo.com,,,Live
3282,201622361E,DRINKS & CO PTE. LTD.,DRINKS & CO KITCHEN ,,,65 8779 8295,,,,cheryl@thegong.com.sg,,,Live Company
3283,202130549H,WIN HAN HOLDING PTE. LTD.,HAN HOLDING COMPANY PTE LTD,,,65 8188 1021,,,,amy@rollieolie.com,,,Live Company
3288,201715286E,VICTORY THAI BOAT NOODLES PTE. LTD.,VICTORY THAI BOAT NOODLE CAFE (COLD CALL) ,,,65 8900 7537,,,,,,,Live Company
3290,201119548D,FOOD CANOPY PTE. LTD.,FOOD CANOPY @ SG - 10 OUTLETS - REQUEST OF .,,,65 8111 0535,,,,joey_tan@foodcanopy.com.sg,,,Live Company
3294,202522673E,BINU HAUS PTE. LTD.,BINU HALIMLLP CAFE3-4 OUTLETS,Binu Halim,,65 8812 7741,,,,binuhalim@gmail.com,,,Live Company
3295,201301799E,IZMIR GRILL PTE. LTD.,IZMIR GRILL PTE LTD,,,65 9146 4735,,,,Izgarasg@gmail.com,,,Live Company
3298,199505904W,WAN PO HOLDINGS PTE LTD,WAN PO TEA SHOP ,,,65 9232 3756,,,,,,,Live Company
3301,200509318G,SALVO PTE. LTD.,SALVO'S ITALIAN RESTAURANT AND BAR ,,,65 6777 1466,,,,sean@sossg.com,,,Live Company
3304,201904921H,MR.K PTE. LTD.,MR TAY  (LEAD),,,65 8703 6581,,,,,,,Live Company
3310,202308096K,BARRIO PTE. LTD.,BARRIO CALIENTE ,,,65 9005 3482,,,,ali.zaouane@qualiency.com,,,Live Company
3314,201617998K,WOK HEY PTE. LTD., WOKHEY ,,,65 9827 0484,65 6694 0088,,,jason.tan@wokhey.sg, liyana@wokhey.sg, jake@wokhey.sg,Live Company
3317,53509848X,COCOTTE BISTRO,COCOTTE ,,,65 6298 1188,,,,am@restaurantcocotte.com,,,Live
3320,53453652B,MR.ONIGIRI,MR ONIGIRI ,,,65 9855 9630,,,,,,,Live
3322,201326985R,QSR ASIA PTE. LTD.,QSR 2024-ABAAVO GROUP PRIVATE LIMITED ,,, 659456195506562430108,65 9732 4435,65 6243 0108,,nicole.tan@obaavo.com, henny@abaavo.com, joanne.tan@abaavo.com,Live Company
3329,202425669D,CHUCHEN GLOBAL PTE. LTD.,CHUNCHEON DAKGALBI ,,,65 6324 3009,,,,,,,Live Company
3331,201633067C,THE DEMPSEY COOKHOUSE & BAR PTE. LTD.,DEMPSEY HOUSE ,,,65 6475 3250,,,,hairmie.juhair@dempseyhouse.com,,,Live Company
3335,202403582H,EFG ISLAAMIC FOODS EXPRESS PTE. LTD., EFG EXPRESS FOOD GROUP ,,,65 9189 0201,855 78777809,,,martin.darby@expressfoodgroup.com,,,Live Company
3341,53309315E,DAPUR PENYET,DAPUR PENYAT SG ,,,65 9177 5394,65 6734 2840,,,dapurpenyet.sg@gmail.com,,,Live
3344,201317037C,OKG EXPRESS (PTE.) LTD.,OKG EXPRESS OLD KIM GUAN,,,65 9850 3683,,,,enquiries@oldkimguan.sg,,,Live Company
3353,201934244Z,CENTRE FOR EVIDENCE AND IMPLEMENTATION SINGAPORE L...,"SINGAPORE - IMPLEMENTATION CONFIRMATION - ROLLGAADI @ I12, CENTURY SQUARE QUOTE 809",,,65 8200 3689,,,,Bhavani@inodei.co,,,Live Company
3354,53500845K,D DAILY GRIND,DAILY GRIND BY SPINELLI SG ,,,65 6702 1845,,,,,,,Live
3359,200817356M,EAST ROCK PTE. LTD.,ROCKY MASTER ,,,65 9229 1606,65 6904 3608,,,meisiang.chiang@rockymaster.com.sg,,,Live Company
3360,202224308H,LA SALA PTE. LTD.,LA SALSA (SMARTWEB) ,,,65 8612 1412,,,,lasalsa@singapore.com,,,Live Company
3361,201930971C,MAKAN CHAPTER PTE. LTD.,MAKAN CHAPTER (COLD CALL) ,,,65 8522 5290,,,,,,,Live Company
3364,201737245M,5 LITTLE BEAR TAIWAN FOOD PTE. LTD.,5 LITTLE BEARS TAIWAN FOOD & BEVERAGES RESTAURANT,,,65 9004 6525,,,,,,,Live Company
3366,53422009J,J 5-SENSES,5 SENSES BISTRO ,,,65 6339 1435,,,,5sensesbistro@gmail.com,,,Live
3368,53476815J,GONG CHA ASIA,GONG CHA ,,,65 9621 2139,,,,,,,Live
3370,199503375W,CHINA CLASSIC PTE LTD,CHINA CLASSIC (COLD KNOCK) ,,,65 9636 2215,,,,,,,Live Company
3373,53367880C,HAO LAI WU BBQ,HAO LAI WU BBQ AND STEAMBOAT (CHINATOWN/ BUGIS),,,65 6221 0065,65 8339 8649,,,geziwcq@163.com, limrichstep@gmail.com,,Live
3379,200505308H,SQUARE PEG DESIGN ASIA PTE. LTD.,BOULEVARD ASIA SQUARE ,,,65 6336 6855,,,,info@blvd.sg,,,Live Company
3382,201540011W,INSPIRE HOUSE PTE. LTD.,INSPIRIT HOUSE ,,,65 6920 6388,,,,info@inspirithouse.com, excel@inspirithouse.com,,Live Company
3390,202339446R,SOONICE PTE. LTD.,SOONICE (SMARTWEB) ,,,65 9387 7368,,,,Sjleow.associates@gmail.com,,,Live Company
3391,201524128K,INANIWA PTE. LTD.,INANIWA YOSUKE SG ,,,65 6262 3279,,,,,,,Live Company
3392,200003741K,GUCCI SINGAPORE PTE LTD,GUCCIO RISTORANTE,,,65 6224 1684,,65 8799 1538,,reservations@guccioristorante.com,,,Live Company
3395,199405285E,SUSHI-TEI PTE LTD,SUSHI TEI @ JEM,,,65 6376 2221,,,,danielong@sushitei.com, jingwen@sushitei.com,leejanice@sushitei.com,Live Company
3397,200204372E,DELIGHT CUISINE PTE. LTD.,DELIGHT CUISINE (COLD CALL),,,65 9177 8931,,,,,,,Live Company
3399,202030689K,CLOS PASOH PTE. LTD.,CLOS PASOH ,,,65 8402 4615,,,,geoffrey@clos.sg,,,Live Company
3401,201615348G,YI QI PIN LAO SICHUAN RESTAURANT PTE. LTD.,LAO SI CHUAN RESTAURANT ,,,65 6226 3658,,,,,,,Live Company
3402,202543083D,PAPA AYAM SINGAPORE PTE. LTD.,PAPA AYAM @ SG -- . . TO . PTE LTD,Tarun ,,65 8497 3714,,,,,,,Live Company
3405,201317844W,SHINZO JAPANESE CUISINE PTE. LTD.,SHINKO JAPANESE (COLD CALL),,,65 9461 3818,,,,,,,Live Company
3410,202224954R,DON OYSTER BAR PTE. LTD.,DON BAR BISTRO SG ,,,65 9050 5427,,,,donbarbistro@gmail.com,,,Live Company
3417,200717363H,RELISH BURGER PTE. LTD.,RELISH BURGER BAR CONCEPT (COPY),,,65 8222 1722,,,,relishburger@gmail.com,,,Live Company
3420,202002832W,HUIZHE FAMILY OFFICE PTE. LTD.,GALLOP FAMILY RESTAURANT ,,,65 9028 6151,,,,,,,Live Company
3421,53330362A,JOOHZ PRESS,JOOHZ COLD PRESSED ,,,65 9662 9632,,,,,,,Live
3423,201537245E,THE COFFEE ACADEMICS PTE. LTD.,COFFEE ACADEMICS @ RAFFLES CITY,,,65 9116 0584,,,,dinie.effandy@the-coffeeacademics.com,,,Live Company
3424,53194486K,LUKE'S OYSTER BAR AND CHOP HOUSE,LUKE'S OYSTER BAR  CHOP HOUSE @ ROBINSONS ORCHARD ROAD,,,65 8125 5256,,,,suban@lukes.com.sg,,,Live
3426,53200025X,OLD BIBIK KITCHEN,OLD BIBIK PERANAKAN (CANVASSING - JOO CHIAT),,,65 9848 1140,,,,clarachang13@gmail.com,,,Live
3428,201634859D,MM (BL) PTE. LTD.,MM SHN BHD ,Mae Wong,,60 125281288,,,,maewong_88@hotmail.com,,,Live Company
3431,201823980K,HOTEL+ PTE. LTD.,HOTEL BANGI-PUTRAJAYA,,,81 382102222,,,,tracychong@hotelbangi-putrajaya.com,,,Live Company
3437,200106173R,TRE 21 PTE LTD,TRE ,,,65 6237 8439,,,,watson@tre.com.sg,,,Live Company
3440,53330778C,BOK,BOK KITCHEN  (COLD CALL),,,65 9062 0528,,,,,,,Live
3442,201103019G,NEW INDIAN CURRY HOUSE PTE. LTD.,NEW INDIAN CURRY HOUSE - . ISH 85242144,,,65 8524 2144,,,,,,,Live Company
3443,200201178M,GURKHA PALACE RESTAURANT PTE. LTD.,GURKHA PALACE,,,65 6292 4316,,,,,,,Live Company
3449,201736744W,CHIX HOT CHICKEN PTE. LTD.,CHICKEN HOT POT,,,65 6636 9179,,,,,,,Live Company
3452,200800196C,YEN INTERNATIONAL RESOURCES PTE. LTD.,YEN IZAKAYA (SMARTTERMINNAL) ,,,65 9613 2615,,,,yck@gmail.com,,,Live Company
3466,197000546C,MOUNT FABER LEISURE GROUP PTE. LTD.,MOUNT FABER LEISURE GROUP PTE LTD - A K,,,65 9271 8283,,,,ananthan@onefabergroup.com,,,Live Company
3471,201815174Z,HOLEY MOLEY PTE. LTD.,HONEY MOLEY GOLF CLUB (BAR/PUB) IN,Jason Siew Caroll,,65 9767 1255,,,,jcarroll@holeymoley.com.sg,,,Live Company
3472,53114345K,ORCHID LIVE SEAFOOD,ORCHID LIVE SEAFOOD (COLD CALL),,,65 9666 4483,,,,,,,LIVE
3473,53482958M,FRIENDS THAI TABLE,THAI TABLE ,,,65 6443 3533,,,,,,,Live
3474,201735794E,KUCINA ITALIAN CATERING PTE. LTD.,KUCINA ITALIAN RESTAURANT,Gero Dimaria,,65 9172 9662,,,,"gero@kucinaitalian.com
 ",,,Live Company
3481,201109460H,IPPIN PTE. LTD.,IPPIN CAFE BAR,,,65 6733 4794,,,,ippin.cafebar@gmail.com,,,Live Company
3485,201108015E,M-RAMEN PTE. LTD.,M-RAMEN PTE LTD : KAJIKEN,,,65 9125 3784,,,"10 Sinaran Drive #02-01-03, Square 2, Singapore 307506",letchumy@m-ramen.com,,,Live Company
3488,202245653N,JLM RESTAURANT PTE. LTD.,JLM RESTAURANT PTE. LTD : LA BU LA @ YISHUN,,,65 8901 1608,,,20 Mactaggart Road #01-02 Singapore 368079,jlmfinance.ad@gmail.com, jlmplsoa@gmail.com,,Live Company
3507,201013938G,CAFE FRIENZIE PTE. LTD.,FRIENZIE BAR & BISTRO ,,,65 8318 8850,,,,,,,Live Company
3508,202315753W,JK MARRIOTT INTERNATIONAL HOLDINGS PTE. LTD.,MARRIOT INTERNATIONAL ,,,65 9009 0769,,,,Budi.Aryono@marriott.com,,,Live Company
3509,201810949K,MEET MEE TRADING SINGAPORE PTE. LTD.,MEET CASUAL DINING ,,,65 6909 0568,,,,will@meetdining.com,,,Live Company
3513,201227411D,SANKAI (S) PTE. LTD.,SANKAI JAPANESE RESTAURANT ,,,65 6336 0384,,,,sankai0304@hotmail.com,,,Live Company
3514,53289006W,COBA COBA,COBACOBA ,,,65 6382 2622,,,,hello@cobacoba.sg,,,Live
3519,201919680K,FORESTA RESTAURANT PTE. LTD.,FOREST RESTAURANT (RWS),,,65 6577 7788,,,,forest@rwsentosa.com,,,Live Company
3521,201903831K,HAN'S UNION PTE. LTD.,HAN &APOS; S (F & B) PTE LTD,H3Cavincent Ang Bp,Manager,65 6556 0089,,,,bpang@hans.sg,,,Live Company
3531,200304879W,THE WINE COMPANY PTE. LTD.,THE WINE COMPANY @ SENTOSA ,,,65 6376 9029,,,,,,,Live Company
3534,201429335W,YU CUN PTE. LTD.,YUCUN KITCHEN ,,,65 6222 8128,,,,yucunrenjia@gmail.com,,,Live Company
3535,202418796N,SHINRAI DC PTE. LTD.,SHINRAI (SMARTWEB) ,,,65 8868 8831,,,,stephen@gamil.com,,,Live Company
3536,201411299N,THE WHITE OMBRE PTE. LTD.,THE WHITE OMBRÉ SG ,,,65 6254 6434,,,,info@thewhiteombre.com,,,Live Company
3541,202228060Z,YOUNGS GAME PTE. LTD.,YOUNGS BAR & RESTAURANT (EPOINT) ,,,65 8238 9246,,,,jason_kong@teeinvestments.com,,,Live Company
3543,201526138R,TOCHA BISTRO PTE. LTD.,TOCHA BISTRO  (COLD KNOCK),,, 9639543,,,,,,,Live Company
3547,201808418C,KING AND THE PAWN PTE. LTD.,KING AND PAWN (COLD CALL) ,,,61 383945136,,,,contact@hwatu.com.au,,,Live Company
3550,201326985R,QSR ASIA PTE. LTD.,QSR 2024-HANBAOBAO PTE LTD (LICENSEE OF MCDONALD'S) ,,,65 6462 0800,,,,yenni.soh@sg.mcd.com,,,Live Company
3554,202336599W,MEATY WESTERN PTE. LTD.,MEATY WESTERN (SMARTTERMINAL) ,,,65 9061 4956,,,,,,,Live Company
3558,201425435G,KAZO PTE. LTD.,KAZO TAIWANESE BAKERY ,,,65 8887 8782,,,,hello@kazo.sg,,,Live Company
3562,53081206A,ALICE,ALICE YAP ,,,65 9791 6703,,,,alice@junhanggroup.com.sg,,,Live
3567,202136237H,SG BURGER PTE. LTD.,B3 - BURGER BEER BISTRO ,,,65 9298 6129,,,,C.edwin@b3smu.com,,,Live Company
3568,53075839C,KACY HOME SERVICES,KACYO ,,,65 6327 8414,,,,sg-reservations@kacyo.com,,,Live
3574,201803657H,BLUE OCEAN SYSTEM TECHNOLOGIES PTE. LTD.,BLUE OCEN SYSTEM TECHNOLOGIES PTE LTD ,,,65 8382 8653,,,,yjham@blueoceansys.com.sg,,,Live Company
3576,201301924K,COFFEE EAST OCEAN (CEO) CAFE PTE. LTD.,CREO CAFE PTE LTD,,,65 9022 1840,,,,creo.cafe@yahoo.com,,,Live Company
3581,197800823R,YOKOWO (SINGAPORE) PTE LTD,YOKOWA JAPANESE RESTAURANT ,,,65 8341 3304,,,,Suhyunbae@atozholdings.sg,,,Live Company
3583,201305315G,HAI DI LAO HOLDINGS PTE. LTD.,HAI DI LAO,,,65 6733 4985,,,,xjphdl@haidilao.com,,,Live Company
3594,202003217R,TULASI AURUM PTE. LTD.,TULASI VEGETARIAN RESTAURANT ,,,65 9864 3232,65 6299 3809,,,,,,Live Company
3595,53381462J,BAR CICHETI,CICHETI  4X OUTLETS ,,,65 9785 9641,,,,ronald@cicheti.com,,,Live
3599,202324980N,SHI SHANG WEI PTE. LTD.,SHI SHANG CHUAN WEI HOT POT ,,,65 9687 0482,,,,,,,Live Company
3600,202033387N,WINE & KITCHEN PTE. LTD.,"WINE & KITCHEN @ SG -- SG TO SG
",Jonathan Ng,,65 8613 4949,,,,"
jonathan.ng@winekitchensg.com
 ",,,Live Company
3604,202107740Z,THE BLACK HOLE PRIVATE LIMITED,THE BLACK HOLE 9X OUTLETS (REVEL) ,,,65 9060 1284,,,,calvin@theblackhole.sg,,,Live Company
3605,53259614E,KOREAN FUSION BBQ,KOREAN FUSHION BBQ SG ,,,65 9232 2367,,,,cv.kfbbq@gmail.com,,,Live
3612,202210870Z,RED HOT BAR & GRILL PTE. LTD.,HOT GRILL (COLD CALL),,,65 9716 3378,,,,,,,Live Company
3615,202319672D,PAIK'S NOODLE (S) PTE. LTD.,PAIK'S BIBIM BIBIMBAP,,,65 6694 4696,,,,jamesols@yahoo.com.sg,,,Live Company
3617,201202750H,BBQ STATION PTE. LTD.,BBQ GENERATION ,,,65 6547 1567,,,,,,,Live Company
3620,52801542K,JUST THE PLACE,JUST THE PLACE EUROPEAN BISTRO ,,,65 6702 7370,,,,,,,Live
3627,202328849M,EPIC EATS SG PTE. LTD.,SG EATS @ SG-, ,,65 9696 5137,,,,,,,Live Company
3631,200007239W,TAMAKO MEAL PTE LTD,TAMAKO DINING ,,,65 6553 4128,,,,sanpachiro@gmail.com,,,Live Company
3636,201708511R,UMI-NAMI PTE. LTD.,UMI SUSHI / NEO GROUP ,Timothy Leong,Assistant IT Manager,65 6833 7966,,,,timothy.leong@neogroup.com.sg,,,Live Company
3639,202135570K,NIKU IKU PTE. LTD.,NIKU KAPPO ,,,65 6509 9366,,,,enquiries@watami.com.sg,,,Live Company
3646,201216329N,MENYA KOJI (S) PTE. LTD.,MENYA MUSASHI @ WESTGATE,,,65 6465 9381,,,,feedback@jfh.com.sg,,,Live Company
3647,201701017N,OOPEN PTE. LTD.,OOPEN PASTA & GRILL SINGAPORE,,,65 6808 9815,,,,emm.goh@thefoodexplorer.com.sg,,,Live Company
3651,199002369N,AIRPAK EXPRESS PTE LTD,HONZEN EXPRESS,,,65 9622 2983,,,,honzen@ymail.com,,,Live Company
3653,202000495R,SYUN TRADING PTE. LTD.,SYUN,,,65 6577 8888,,,,irene.altan@rwsentosa.com,,,Live Company
3655,53357642C,VENUE BY SEBASTIAN,VENUE BY SABASTIAN ,,,65 6904 9688,,,,info@venuebysebastian.com,,,Live
3657,202422635M,LOONG JIANG EAST SNOW RESOURCES PTE. LTD.,LONG JIANG CHINOS RESTAURANT & BAR ,,,65 8571 8592,,,,sales@longjiang.sg,,,Live Company
3664,202448381D,SHIOK PARADISE GROUP PTE. LTD.,PARADISE GROUP @ JEWEL,,,65 9060 8744,65 9060 8744,,,kuanloung@paradisegroup.com.sg, it@paradisegroup.com.sg,,Live Company
3667,201612999Z,UPIN DINING PRIVATE LIMITED,UPIN HOT POT ,,,65 6221 5550,,,,enquiry@upindining.com,,,Live Company
3669,201926639N,THE GOODBURGER PTE. LTD.,THE GOODBURGER ,,,65 9855 0412,65 8484 9984,,,ken@thegoodburger.sg, hi@thegoodburger.sg,,Live Company
3674,202422114D,FIRST FRONTIER FOOD PTE. LTD.,FRONTIER RESTAURANT @ SG,"
Charissa Lamba ",,65 6258 3366,,,,"
charissa.leung667@gmail.com",,,Live Company
3678,34252500W,LI BAI RESTAURANT,LI BAI CANTONESE RESTAURANT ,,,65 6839 5623,,,,libai@sheratonsingapore.com,,,Live
3679,201720978M,GARANG GRILL PTE. LTD.,GARANG GRILL BY NEW UBIN SEAFOOD ,,,65 9245 0184,,,,garanggrill@slake.sg,,,Live Company
3680,201025319R,TOBY'S ESTATE COFFEE (ASIA) PTE. LTD.,TOBY’S ESTATE,,,65 9022 2880,,,,,,,Live Company
3683,200104582D,TIE SG LIMITED,TIE BAN SHAO ,,,65 9122 3002,,,,rikki-js@hotmail.com,,,Live Company
3688,202419776E,RALOVS PTE. LTD.,RALOVS CAFE ACADEMY ,,,65 8388 2856,,,,ralovs.cafe.academy@gmail.com,,,Live Company
3689,201735737C,WEROC GROUP PTE. LTD.,WEROC VENTURES PTE LTD,,,65 6284 8860,,,,,,,Live Company
3696,202120125D,FAT BOSS FOODSTUFF PRIVATE LIMITED,FAT BOSS FOODSTUFF PRIVATE LIMITED,,,65 8111 4855,,,,fatboss_icecream@hotmail.com,,,Live Company
3698,200000508W,THE OCTO CONSULTING PTE LTD,THE REFECTORY,,,65 9628 5180,,,,claudio@mojitocollective.group,,,Live Company
3699,202416153K,BAR.TER HDGS PTE. LTD.,HOGS BAR & RESTAURANT,,,65 6342 0382,,,,rajj@hogsbar.com,,,Live Company
3707,53048527C,BETHEL CONFECTIONERY,BETHEL CONFECTIONERY,,,65 9012 2972,,,,elaine_dolce@hotmail.com,,,Live
3708,200913773C,DOUGH CULTURE PTE. LTD.,DOUGH CULTURE ,,,65 6757 7219,,,,inquiry@doughculture.com.sg,,,Live Company
3709,201111821N,HAKATA GENYO-SHA PTE. LTD.,HAKATA IKKOUSHA,,,65 6538 1880,,,,Izumistyle1229@gmail.com, izumi@ikkousha.com,,Live Company
3710,201303388R,BEAR BITES PTE. LTD.,BEARBITES CAFE,,,65 9025 5121,,,,,,,Live Company
3711,202009430M,IMARATU CAPITAL PTE. LTD.,IMAKATSU SG,,,65 6694 6148,,,,tajitsu@ophd.com.sg,,,Live Company
3713,202210874D,KEBUKE PTE. LTD.,KABUKE ,,,65 8822 5525,,,,connect@kabuke.sg, connect@kabuke.sg,,Live Company
3716,202410429D,ALADDIN'S CASTLE PTE. LTD.,ALADDIN'S CASTLE (PEACE CENTRE),,,65 9652 1742,,,,abdul@khemfert.com,,,Live Company
3717,201842987G,SHAKE SHAKE PTE. LTD.,SHAKE SHAKE LOK LOK (LEAD),,,65 8111 7477,,,,,,,Live Company
3718,201612132K,TALKING FOOD PTE. LTD.,TALKING FOOD @ SG -- MARKET RESEARCH 2022,Eileen T,,65 9173 9696,,,,talking_food@yahoo.com,,,Live Company
3720,201423039Z,SICHUAN CHEF PTE. LTD.,SICHUAN CHEF NORTHPOINT ,,,65 8575 2555,,,,aiyongsheng123@gmail.com,,,Live Company
3721,53274913L,THE OUTPOST HOTEL SENTOSA,THE OUTPOST HOTEL ,,,65 8776 2114,,,,,,,Live
3722,201015918N,OSTERIA ITALIA PTE. LTD.,OSTERIA L'OPERETTA PIZZERIA,,,65 6438 4792,,,,info@operetta.sg,,,Live Company
3723,53476815J,GONG CHA ASIA,GONG CHA,Mike Lum,Asst. Supply chain manager ,65 9689 2360,,,,Mikelim@gong-cha-sg.com,,,Live
3724,53278177E,THE PUBLIC IZAKAYA,THE PUBLIC IZAKAYA BY HACHI,,,65 6333 9622,,,,melissa@fkdunamis.com,,,Live
3728,201617501C,CAJUN ON WHEELS PS PTE. LTD.,CAJUN ON WHEELS PLAZA SINGAPURA ,,,65 9179 7674,,,,kristantb@gmail.com,,,Live Company
3731,201704859M,8 PLUS SEAFOOD PTE. LTD.,8PLUS SEAFOOD SG ,,, 73823939,,,,,,,Live Company
3733,201918462C,CSM GOURMET PTE. LTD.,CSM GOURMET PTE LTD,,,65 9834 6543,,,,stanley@muyoo.com.sg,,,Live Company
3736,201305138R,DINING INNOVATION ASIA-PACIFIC PTE. LTD.,DINNING INNOVATION ASIA-PACIFIC PTE LTD ,,,65 9677 1674,,,,angelatan@dinsg.com,,,Live Company
3747,52926074C,EN JAPANESE DINING BAR,EN DINING (PAY ONLY - RAPTOR) ,,,65 6423 0110,,,,,,,Live
3750,201918217D,ARV TRADERS PTE. LTD.,ARV COFFEE ROASTERS,Adrianto L.,Owner,62 811957300,,,,adrianto@arvcoffee.com,,,Live Company
3755,53463147M,NOTI ELEPHANT,NOTI ,,,65 6222 0089,,,,toni@noti.asia,,,Live
3756,53020330L,YUMEYA,YUMEYA JAPANESE RESTAURANT ,,,65 6887 0282,,,,info@yumeya.com.sg,,,Live
3761,201941978M,TIARA WATERFRONT PTE. LTD.,TIARA WATERFRONT1 OUTLET @ SG, ,,65 9106 7779,,,,NA ,,,Live Company
3762,201309355D,JNM DINING CONCEPTS PTE. LTD.,JNM DINING CONCEPT (WING ZONE),,,65 9067 9504,65 6679 5631,,,johnny.mayani@wingzone.com.sg, contact@jnmcorporation.com, mmayani@jnmcorporation.com,Live Company
3763,200008383G,SUPER CITY PTE LTD,SUPER LOCO ,,,65 6532 2090,,,,hola.ch@super-loco.com,,,Live Company
3765,53414570A,KEZ CLEANING SERVICES,KEZ’S BAKERY & RESTAURANTS ,Vivi,Owner, 85100000253,,,,Vivifebriany@yahoo.com,,,Live
3766,200717330W,ECO-HARMONY GLOBAL NETWORK LTD.,ECO-HARMONY CAFE SG ,,,65 6749 8509,,,,erns@eco-harmony.net,,,Live Company
3772,52974821E,SI CHUAN DOU HUA RESTAURANT TOP OF UOB PLAZA,SI CHUAN DOU HUA RESTAURANT ,Chan ,,65 6505 5722,,,,NA ,,,Live
3774,201937504C,RAW KITCHEN BAR PTE. LTD.,RAWR KITCHEN ,,,65 9026 0249,,,,,,,Live Company
3776,201420558W,ROYZ ET VOUS PTE. LTD.,ROYZ ET VOUS SPECIALITY COFFEE,,,65 6293 0270,,,,rizuan@royzetvous.com.sg,,,Live Company
3784,201621937D,BREWERKZ GROUP PTE. LTD.,BREWERKS / EASY & LIGHT GROUP PTE LTD,Tan Wee Han,CEO,65 9665 1336,,,,weehan@easylight.com.sg,,,Live Company
3786,53218718X,HOCK KEE BIRD NEST DRINKS,HOCK KEE BIRDS NEST DRINK SG ,,,65 9757 3256,,,,hockkee50s@gmail.com,,,Live
3787,201016177Z,DA LUCA PTE. LTD.,DA LUCA ITALIAN RESTAURANT ,,,65 6258 4846,,,,,,,Live Company
3788,53498375L,SAFE WITH SHILA,SUN WITH MOON JAPANESE DINING & CAFE,,,65 6733 6636,65 6336 2901,,,info@sfbi.com.sg,,,Live
3789,52907409E,CLUB HERITAGE ONE,HERITAGEONE SG ,,,65 6554 4174,,,,Contactus@heritageone.com.sg,,,Live
3790,201411562D,COSMIC DINER SINGAPORE PTE. LTD.,COSMIC DINER - YOASOBI,,,65 9071 1339,,,,boon@cosmicdiner.sg,,,Live Company
3794,201135741G,IKI CONCEPTS PTE. LTD.,IKI CONCEPTS (COLD KNOCK) ,,,65 9111 8238,,,,junguang.guo@ikiconcepts.com,,,Live Company
3795,198800761R,COMIDA MEXICANA PTE LTD,COMIDA MAXICANA SG ,,,65 6440 8030,,,,comidamexsg@gmail.com,,,Live Company
3802,201526120R,ORCHID-TENYA PTE. LTD.,"TENYA SINGAPORE PTE LTD
",Chris Sim,,65 9066 1443,,,,"chrissim@tenya.com.sg
",,,Live Company
3813,53250517D,MEN MEN DON DON,MEN MEN DON DON (SUPER DINING) ,,,65 6794 5472,,,,,,,Live
3821,202100301G,PROJECT BURGS PTE. LTD.,BURGS BY PROJECT WARUNG ,,,65 9023 0584,,,,enquire@projectwarung.com,,,Live Company
3825,200917556E,CACIO E PEPE PRIVATE LIMITED,CACIO E PEPE ITALIAN RESTAURANT,,,65 6760 3534,,,,askme@cacioepepe.com.sg,,,Live Company
3826,201715679D,GOMGOM (PRIVATE LTD.),GOMGOM (PRIVATE LTD),,,65 9451 4349,,,,gomgom.sg@gmail.com,,,Live Company
3831,201900578E,AH LIM MEE POK (JALAN TUA KONG) PTE. LTD.,. PTE. LTD.,Meenakshii Singh,,65 9644 4298,,,,meenakshii@..com,,,Live Company
3833,200900741N,BURGER KING SINGAPORE PTE. LTD.,BURGER KING (FRANCHISEE FOR MALAYSIA & SINGAPORE),Ng Lee Tieng ,CEO,81 123268311,,,,leetieng.ng@burgerking.com.my,,,Live Company
3835,53398057K,MR.PIGLET,MR.PIGLET,,,65 8481 6938,,,,jennylawngieyu@yahoo.com.SG,,,Live
3837,200610943M,KWEE INC. PRIVATE LIMITED,KWEE ZEEN,,,65 6708 8310,,,,h9474-fb@sofitel.com,,,Live Company
3840,201538447M,THE ANIMAL DOCTORS (TIONG BAHRU) PTE. LTD.,THE TIONG BAHRU CLUB,,,65 9720 1068,,,,jerry@wow-holdings.com,,,Live Company
3844,53173793D,YOI,YOI SAKE BAR ,,,65 6358 3565,,,,info@murasaki.sg,,,Live
3845,53463273D,THE VIET ROTI,THE RÖSTI FARM ,,,65 9389 4900,,,,,,,Live
3848,53392019A,ECON BEE HOON,BEE HOON @ SG,Lee Na,,65 6352 1227,,,,fjmniga@gmail.com,,,Live
3852,201326985R,QSR ASIA PTE. LTD.,QSR 2024-AMPERSAND 7 PTE LTD ,,,65 8399 7675,,,,sean@amps7.com,,,Live Company
3853,201508344K,KAILASH PARBAT HOLDINGS PTE. LTD.,KAILASH PARBAT @ SYED ALWI ,,,65 6836 5545,,,,admin@kailashparbat.com.sg,,,Live Company
3856,201510463G,SEA SCENT RESTAURANT PTE. LTD.,SEASCENT RESTAURANT SG ,,,65 9662 5930,,,,sebastian@cjscatering.com.sg,,,Live Company
3863,201120841C,ARASHI YAKINIKU PTE. LTD.,ARASHI YAKINIKU CHARCOAL GRILL RESTAURANT,,,65 6265 1004,,,,shiuyakiniku@gmail.com,,,Live Company
3864,200706666K,SKY VIEW PTE. LTD.,SKY VIEW PAVILION SG ,,,65 6854 5245,,,,skyview@singaporeflyer.com,,,Live Company
3868,201631621Z,GUO JIAN ENGINEERING PTE. LTD.,GUO SE TIAN XIANG ,,,65 6538 3371,,,,,,,Live Company
3870,201540175M,AZABU PTE. LTD.,AZABU SABO,,,65 9423 5594,,,,,,,Live Company
3874,39997500D,SHISEN HANTEN,SHISEN HANTEN BY CHEN KENTARO SG ,,,65 6831 6262,,,,shisenhanten.orchard@meritushotels.com,,,Live
3877,202212001W,NALATI SG PTE. LTD.,NALATI RESTAURANT & EVENTS SG ,,,65 9710 6471,,,,enquiry@nalati.com.sg,,,Live Company
3880,202540673H,RR CHINESE RESTAURANT PTE. LTD.,"CHINESE RESTAURANT HOT
  POT",,,65 9647 3930,,,,,,,Live Company
3883,201305315G,HAI DI LAO HOLDINGS PTE. LTD.,HAI DI LAO-SMARTKIOSK ,,,65 9469 1335,,,,xjp1d@haidilao.com,,,Live Company
3893,201532963H,PPH GROUP PTE. LTD.,PPIH GROUP,,,65 9152 5007,,,,hanafi.razali@dondodonki.com,,,Live Company
3895,201536707M,HAAKON PTE. LTD.,HAAKON SUPERFOOD ,,,65 8399 2450,,,,dale@haakon.com.sg,,,Live Company
3896,201015918N,OSTERIA ITALIA PTE. LTD.,OSTERIA ART,,,65 6877 6933,,,,marco@osteriaart.com,,,Live Company
3899,53289006W,COBA COBA,COBA COBA HALAL 2 RESTAURANTS @ SG --. TO . PTE LTD, ,,65 9630 2292,,,,,,,Live
3900,200911897M,GURNEY DRIVE PTE. LTD.,GURNEY DRIVE @ COMPASS ONE,,,65 6848 1225,,,,ricky.lim@GDgroup.com.sg,,,Live Company
3902,201612999Z,UPIN DINING PRIVATE LIMITED,UPIN HOT POT - ASHLEY LIM,,,65 9133 3513,,,,ashley_w.shan@hotmail.com,,,Live Company
3905,201320592Z,HATTER STREET PTE. LTD.,HATTER STREET - BAKEHOUSE & CAFÉ,,,65 6988 4591,,,,,,,Live Company
3907,53200541D,SPRG SINGAPORE,SPRGSINGAPORE--NON CHAIN--,Videl Ng,,65 9769 7704,,,,videl.ng@sprg.com.sg,,,Live
3908,201108384G,WHARF PTE. LTD.,WHARF OYSTER BAR & SEAFOOD @ CHIJMES ,,,65 6332 6789,65 6235 2466,,,sophie@dinelike.sg,,,Live Company
3910,201807962R,PARK VISTA PRIVATE LIMITED,PARK HV ,,,65 9721 3815,,,,,,,Live Company
3911,202019384D,SUN SPRING FOODSTUFFS PTE. LTD.,SUN SPRING FOODSTUFFS PTE LTD:RIGHTEOUS TEPPAN,,, 9028816790852255,,,,jasminechiasunspring@gmail.com,,,Live Company
3917,201221273N,TUAN YUAN PORK RIBS SOUP PTE. LTD.,TUAN YUAN PORK RIBS SOUP (BAK KUT TEH) ,,,65 9018 3560,,,,fiona@tuanyuan.sg,,,Live Company
3918,201824372H,OUR HAPPY COMPANY PTE. LTD.,OUR TAPROOM - OT ,,,65 6291 8001,,,,,,,Live Company
3919,201721958D,MYO RESTOBAR PTE. LTD.,MYO RESTROBAR ,,,65 6931 1247,,,,angchongngan@gmail.com, hello@myo.sg,,Live Company
3924,201327871C,SYNC PTE. LTD.,SYNC KOREAN FUSION BISTRO,,,65 6369 9913,,,,sync_wg@galaxybistro.sg,,,Live Company
3927,201409341K,THE LOCO GROUP PTE. LTD.,THE LOCO GROUP - CHRISTIAN TAN,,,65 9187 8893,,,,christian@super-loco.com,,,Live Company
3929,53198150M,THE NAUGHTY KIDS,THE NAUGHTY CORNER SG ,,,65 8836 1574,,,,tncgelato@gmail.com,,,Live
3932,201700696R,THE BETTER CRAFT PRIVATE LIMITED,THE BETTER CRAFT (INQUIRY) ,,,65 9018 2832,,,,meijia@bettercraft.com.sg,,,Live Company
3937,53148928X,LONG PHUNG,LONG PHUNG VIETNAMESE RESTAURANT ,,,65 6440 6959,,,,longphung09@gmail.com,,,Live
3942,53309015J,DAYAN,DAYAN CLAYPOT & HERBAL SOUP ,,,65 9722 9857,,,,dayan@gmail.com,,,Live
3944,201803963C,SEASONS&CO PTE. LTD.,SEASONS BISTRO ,,,65 9351 8242,,,,info@seasonsbistro.com.sg,,,Live Company
3945,196400136Z,YTC CORPORATION LTD,YTC GROUP (SPINELLI) ,,,65 6416 2200,,,,eileen.yap@ytc.com.sg,,,Live Company
3947,201736423W,REDDOT@SG PTE. LTD.,REDDO SUSHI,,,65 6834 3693,,,,nancynguyenquan@gmail.com,,,Live Company
3952,201623499C,MENZO GLOBAL PTE. LTD.,MENZO BUTAO,,,65 6338 0840,,,,,,,Live Company
3953,202444751W,JUMINO PRIVATE LIMITED,JUMIKO AUTHENTIC THAI,Na Na,,65 9642 4623,,,,,,,Live Company
3954,201916792K,ZORBA THE GREEK PTE. LTD.,ZORBA THE GREEK TAVERNA ,,,65 8558 1704,,,,reservation@zorba.sg,,,Live Company
3956,53309315E,DAPUR PENYET,DAPUR PENYET 3 OUTLETS,Ruben ,,65 9817 5571,,,,ruben@dapurpenyet.com.sg,,,Live
3957,201501430N,YOLE SINGAPORE PTE. LTD.,YOLE YOGURT  ,,,65 8858 1231,,,,rcarmona@dplus1.com,,,Live Company
3961,53133606M,BEST BAKES,BEST BAKES,,,65 9387 1097,,,,alexhong97@yahoo.com,,,Live
3962,201106133K,JIMMY MONKEY PTE. LTD.,JIMMY MONKEY CAFÉ & BAR @ PLQ  ST ,,,65 9749 3200,,,,mavis@jimmymonkey.com,,,Live Company
3965,201527620E,GEYLANG LOR 9 FROG PORRIDGE PTE. LTD.,GEYLANG LOR 9 FROG PORRIDGE ,,,65 8828 4888,,,,,,,Live Company
3973,202100171G,VIETSEA WHOLESALE PRIVATE LIMITED,VIETSEA ,,,65 8366 8886,,,,Ellie.vietsea@gmail.com,,,Live Company
3975,201304873W,PHO 4A PTE. LTD.,PHO 4 ALL ,,,65 6294 0703,,,,pho4a@outlook.sg,,,Live Company
3978,201819219W,THE HOT GATHERING PTE. LTD.,HOT GATHERING (LEAD) ,,,65 9833 1891,,,,,,,Live Company
3991,202400435N,HELPMAN PTE. LTD.,HELPMAN'S PASTA'S - GEORGE ARAKEL,,,31 657987538,,,,georgearakel@me.com,,,Live Company
3992,201832867H,THE CHEF'S PLACE PTE. LTD.,THE CHEFS PLACE SG ,,,65 9473 6013,,,,,,,Live Company
3998,201708511R,UMI-NAMI PTE. LTD.,UMI SUSHI / NEO GROUP ,Agnes Ting,Assistant Manager (Business Development),65 6833 7922,,,,agnes.ting@neogroup.com.sg,,,Live Company
4000,201225686D,WUHAN BBQ STEAMBOAT PTE. LTD.,STEAM BOX ,,,65 6281 6939,,,,,,,Live Company
4003,202425997D,KUMOYO PTE. LTD.,KUMOYA ,,,65 6297 3727,,,,hello@kumoya.sg, hello@kumoya.sg,,Live Company
4008,201507347G,HOTTOH DESIGN PTE. LTD.,HOTTO MOTTO PLENUS CO.,,,65 6224 9422,,,,limhuili@plenusmk.com.sg,,,Live Company
4011,201120632K,HOUSE OF ANLI PTE. LTD.,HOUSE OF ANLI BISTRO SG ,,,65 6235 3851,,,,mail@houseofanli.com,,,Live Company
4012,202123029C,MODASIA PTE. LTD.,MOD ASIA,,,65 9680 8014,,,,,,,Live Company
4014,201229990Z,GC BOMBAY PTE. LTD.,GC - SEAN TEY / TEY GC,,,65 9799 1231,,,,seantey@gaincity.com,,,Live Company
4015,42899000B,TANG KAY KEE EATING STALL,TANG KAY KEEP FISH HEAD BEE HOON ,,,65 8157 2641,,,,debbieywg@gmail.com,,,Live
4018,200502110R,SAHARA BAR AND RESTAURANT PTE. LTD.,SAHARA BAR (LEAD) ,,,65 9635 7568,,,,,,,Live Company
4019,201910880M,ASPEN & CO PTE. LTD.,ASPEN & CO PTE LTD-FRUCE,,,65 8299 6250,,,,darren.tan@frucesg.com,,,Live Company
4023,53233947M,BBA GARAGE,BBA KOREAN RESTAURANT @ SG -- MARKET RESEARCH 2022, ,,48 588696979,,,,,,,Live
4024,200500018R,OH CHIN HING HOLDINGS PTE. LTD.,OH SOME BOWL (COLD CALL) ,,,65 8399 0945,,,,,,,Live Company
4026,201415432R,XI YAN SHAW PTE. LTD.,XI YAN @ SHAW CENTRE ,,,65 6733 3476,,,,shaw@xiyan.com.sg,,,Live Company
4030,53324632J,SUPER SIMPLE,SUPER SIMPLE 3 OUTLETS,Irvine Goh,,65 9631 0288,,,,gohchaiseng@hotmail.com,,,Live
4032,201313941N,IN THE BRAVERY PTE. LTD.,THE BRAVERY (SMARTTERMINAL) ,,,65 9248 4391,,,,inthebravery@gmail.com,,,Live Company
4039,202421060M,COMEDIA PTE. LTD.,COD MEDIA - DONNA HOOD,,,1 8016862141,,,,donnashood7@gmail.com,,,Live Company
4042,202228060Z,YOUNGS GAME PTE. LTD.,YOUNGS BAR & RESTAURANT ,,,65 8799 7685,,,,,,,Live Company
4046,200716025Z,TCC INTERNATIONAL HOTEL SCHOOL PTE. LTD.,TCC @ANCHORPOINT,,,65 6475 6233,,,,,,,Live Company
4050,201826636W,WIZ JOINT PTE. LTD.,WIZJOINT PTE LTD @ SG,"Keita
 Ogata
",,65 9824 5630,,,,"wizjoint.ogata@gmail.com
",,,Live Company
4055,201717000C,BLUE LABEL PTE. LTD.,BLUE LABEL PIZZA AND WINE ,,,65 9821 9362,,,,info@bluelabelpizza.com,,,Live Company
4056,201821012Z,ROAST & TOAST PTE. LTD.,TOAST & ROAST FOOD SDN BHD,Mark Ong Tse Lee,Director,60 127843366,,,,tlong_assc@yahoo.co.uk,,,Live Company
4059,200407624D,THE FLAME CENTRE PTE. LTD.,THE FLAME CAFE SG ,,,65 6282 0251,,,,events@flamecafe.com.sg,,,Live Company
4060,53470428W,BEST ACE,ACER BEST PROJECTS PTE LTD,Tina Tan ,,65 8380 7416,,,,acerbest1995@gmail.com,,,Live
4068,201133366R,EURASIA GLOBAL FOOD (S) PTE. LTD.,EURASIA GLOBAL FOOD (GOCHISO - TAMPINES) ,,,65 6536 5336,,,,account@eurasiaglobalfood.com,,,Live Company
4069,201018298D,WO PENG CUISINE PRIVATE LIMITED,WO PENG CANTONESE CUISINE ,,,65 6634 7666,65 6534 2282,,,wopeng08@gmail.com,,,Live Company
4071,200817356M,EAST ROCK PTE. LTD.,ROCK MASTER,Shi Yan,Operations Manger,65 9824 0751,,,,shiyan.poh@rockymaster.com.sg,,,Live Company
4072,53472046C,THE GRILL,5 GRILL KITCHEN SG ,,,65 6295 0017,,,,,,,Live
4076,05410800D,NELSON BAR AND RESTAURANT,NELSON BAR & RESYAURANT ,,,65 6752 6093,,,,contact@nelsonbar.com,,,Live
4084,201608519Z,THE ASIA COLLECTIVE PTE. LTD.,THE ASIA (SG) ,,,65 9181 0244,,,,,,,Live Company
4085,201201814Z,JOHNKEN PTE. LTD.,JOHN KEN PTE LTD ,,,65 9812 9582,,,,jj.com.fishmart@gmail.com,,,Live Company
4086,202536195D,GABBA VENDING PTE. LTD.,GABBAR BISTRO & BAR PTE LTD ,,,60 165393419,,,,mitul@eclectiqueconcepts.com,,,Live Company
4088,200302011E,OASIS PTE. LTD.,OASIS TAIWAN PORRIDGE ,,,65 6346 4418,,,,,,,Live Company
4089,53379986D,QINDE,QINDE EGG TARTS & PASTRIES SG ,,,65 9058 7398,,,,dpcreations.sg@gmail.com,,,Live
4094,201837294H,GLYPH SUPPLY CO PTE. LTD.,GLYPH SUPPLY CO - SMART WEB & SMART TERMINALS ,,,65 9171 7981,,,,ben@glyphsupply.co,,,Live Company
4097,201724351H,PIZZA HUT ASIA PACIFIC FRANCHISE PTE. LTD.,PIZZA HUT ASIA PACIFIC,,,65 6430 2852,,,,,,,Live Company
4099,53054602K,QI XIANG METAL WORKS,QI XIANG (SMARTTERMINAL) 2X OUTLETS ,,,65 9633 1563,,,,zenith@qixiang.com,,,Live
4103,201926208G,KER PTE. LTD.,TAI KER SONG  (COLD KNOCK),,,65 9138 8031,,,,,,,Live Company
4108,53383765X,X-ORDINARY FOOD,FOOD ORDIE ,,,65 9449 7176,,,,hello@foodordie.sg,,,Live
4109,201708208R,CALIDO HOLDING PTE. LTD.,CALIDO ASSET ,,, 9223456,,,,fleex@hotmail.com,,,Live Company
4110,52972361A,BQ BAR,BQ BAR + DHARMA'S KEBABS,,,65 8250 0323,,,,party@bqbar.com,,,Live
4119,53437665K,HECS CYCLES,HECS @ SG,Anders Tay ,,65 9749 5817,,,,anders.tay@hecs.com.sg,,,Live
4120,201737203Z,TAIWAN C.Y.L PTE. LTD.,TAIWAN RAILWAY BENTO,,, 6538001990605404,,,,glen.chua@foodconceptasia.com, mymitfood@gmail.com,,Live Company
4125,201939691K,STOVVE FOODS (S) PTE. LTD.,STOVVE PTE LTD- SW ,,,65 8150 5518,,,,utso@stovve.com.sg,,,Live Company
4126,53452468X,KUROKI,KUROKIN,,,65 6462 1213,,,,josonchew77@hotmail.com,,,Live
4128,53411406K,MASALAA BAR,MASALAA BAR (INQUIRY),,,65 8314 0926,,,,,,,Live
4129,200808622M,ENO-OKA JAPANESE RESTAURANT PTE. LTD.,ORKA RESTAURANT ,,,65 9038 2771,,,,,,,Live Company
4135,201721958D,MYO RESTOBAR PTE. LTD.,MYO RESTO BAR ,Ang Chong Ngan ,,65 9794 1979,,,,angchongngan@gmail.com,,,Live Company
4136,201801270G,PING KANG GENERAL CONTRACTOR PTE. LTD.,PIND BALLUCHI BAR & GRILL,,,65 9667 4307,,,,feedback@pindballuchi.com,,,Live Company
4138,199805627D,AWFULLY CHOCOLATE PTE LTD,AWFULLY CHOCOLATE INCOMING CALL . TO SG,Yaani Na,,65 9645 7291,,,,,,,Live Company
4141,202300331M,ONE VIBES VEND-CAFE PTE. LTD.,VIBES CAFE SG ,,,65 8868 3339,,,,vibes@stylebystylevibes.com,,,Live Company
4143,200312603Z,YANTI NASI PADANG RESTAURANT PTE. LTD.,YANJI RESTAURANT,,,65 8346 8399,,,,goodearthseafoodsoup@gmail.com,,,Live Company
4144,201737268K,YES HARDWARE AND TRADING PTE. LTD.,HARDWARE REPLACEMENT FOR SUKIYA 313 AND SUKIYA MARINA SQUARE QUOTE 924,,,65 9359 4534,,,,kenichirou.hirose@zensho.com,,,Live Company
4145,201727216G,SIXTY SIX PTE. LTD.,2 SIX PTE LTD @ SG -- SG,Annee Lai,,65 6746 2112,,,,anneelai@2six.com.sg,,,Live Company
4146,201825989C,ARQ CAP PTE. LTD.,ARQ+ - GARY CHAGLASYAN,,, 79035892288,,,,g@arq.plus,,,Live Company
4151,53507581B,SODAM,SODAM,,,65 6444 0090,,,,iamckhong@naver.com,,,Live
4159,198304539D,SCALLOP (S) PTE LTD,SCALLOP-Q,,,65 8168 3653,,,,scallopqsg@gmail.com,,,Live Company
4160,53105623J,THE WHITE,THE WHITE ROCKET ,,,65 6221 0108,,,,thewhiterocketsg@gmail.com,,,Live
4162,201937679Z,J2BK VENTURES PTE. LTD.,J2BK VENTURES PTE. LTD.,,,65 9009 7712,,,,j2bkventures@gmail.com,,,Live Company
4164,200700005W,AS-SUFI FOOD INDUSTRIES PTE. LTD.,SUFI @ ARAB STREET ,,,65 6396 5302,65 6298 1196,,,aaliakbar786@gmail.com,,,Live Company
4166,201834304Z,MIZZIMA PTE. LTD.,MASIZZIM,,,65 6509 5808,,,,-,,,Live Company
4168,53225482A,FOUR LEAVE CLOVER,LEAVE CORNER ,,,65 9773 4873,,,,admin@camprojects.com.sg,,,Live
4177,53307385E,GOOD THYME,GOOD THYME BISTRO ,,,65 6452 9741,,,,,,,Live
4178,201009311W,THE AULD ALLIANCE PTE. LTD.,THE ALUD ALLIANCE,,,65 9127 4677,,,,,,,Live Company
4181,201733639R,YOLE GLOBAL PTE. LTD.,YOLE SG ,,,65 6733 2500,,,,info@dplus1.com,,,Live Company
4187,53207429K,FANG DONG,DONG FANG HONG KOREAN CHINESE RESTAURANT ,,,65 6327 9036,,,,mrbento3334@yahoo.com,,,Live
4189,201700115K,THUS COFFEE PTE. LTD.,THUS COFFEE (COLD CALL) ,,,65 8411 7565,,,,,,,Live Company
4190,202242439R,FOUR SQUARED PTE. LTD.,FOUR SQUARE ,,,65 9636 3886,,,,929zhangying@gmail.com,,,Live Company
4192,53035184J,LAGNAA,LAGNAA BAREFOOT DINING ,,,65 9239 9702,,,,barefootdining@lagnaa.com,,,Live
4193,201523977D,SABAR SINGAPORE PTE. LTD.,SABAR SG ,,,65 6262 3453,,,,,,,Live Company
4197,53168095M,THE CHUPITOS BAR,CHUPITOS BAR (COLD CALL),,,65 9635 9565,,,,,,,Live
4198,4FINGERS,4FINGERS SINGAPORE PTE. LTD.,4 FINGERS SINGAPORE PTE LTD.,Jean Loke,Real Estate Manager,65 6338 7668,,,,jean.loke@4fingers.com,,,Live Company
4209,200105049M,MS II TECHNOLOGY PTE LTD,.MO-II ,,,65 8251 4776,,,,hr@mo-ii.com,,,Live Company
4210,201812215Z,DURIANMAN (1998) PTE. LTD.,1998 - KENANDU596 AYDOGAN,,,60 9987163,,,,kenandu594@gmail.com,,,Live Company
4215,53444524A,K-FOOD @ DOSIRAK,DOSIRAK / CHILLAX SEAFOOD .IN GROUP,Eric ,,65 8777 0305,,,,"eric@.in.sg
",,,Live
4216,200600109M,TIONG LIAN FOOD PTE. LTD.,TIONG LIAN,,,65 9625 5055,,,,raymond@tlfood.com.sg,,,Live Company
4217,201432173C,NOVITEE PTE. LTD.,NOVITEE PTE LTD ,,,65 9848 9994,,,,owen.lu@koomi.com.sg,,,Live Company
4220,202126536D,TZE CHAR PTE. LTD.,TZE CHAR EATERY @ SG,Geraldine Soh ,,65 9836 5926,,,,	sspgeraldine@gmail.com,,,Live Company
4222,201216329N,MENYA KOJI (S) PTE. LTD.,MENYA MUSASHI WATERWAY POINT,,,65 6385 8195,,,,feedback@jfh.com.sg,,,Live Company
4225,53400384B,THE DURIAN LAB,DURIAN LAB (COLD KNOCK) ,,,65 9811 2830,,,,,,,Live
4234,53118240A,PACBEV,PACBEV (ONLINE WAREHOUSE SALES) SG ,,,65 8518 6486,,,,sallyteo@pacbev.sg,,,Live
4237,202226581R,DOCSG PTE. LTD.,DOCOSG ,,,65 9049 9926,,,,,,,Live Company
4238,202429342D,AHCAI FOOD PTE. LTD.,AHCAT'S KITCHEN @ SG,Regine Liew,,65 8814 2018,,,,regineliewjn@gmail.com,,,Live Company
4239,201403400E,SAPORI ITALIANI PTE. LTD.,SAPORE ITALIAN RESTUARANT SG ,,,65 9127 1128,,,,mtham.sapore@gmail.com,,,Live Company
4240,200108022Z,TWG TEA COMPANY PTE. LTD.,TWG TWG TEA ,,,65 9106 8413,,,,,,,Live Company
4245,201133471H,TIONG BAHRU BAKERY PTE. LTD.,TIONG BAHRU BAKERY,,,65 8287 8148,,,,kristine@tiongbahrubakery.com,,,Live Company
4248,201621178H,INDULGE MALL GROUP PTE. LTD.,INDULGE TEPPANYAKI & GRILL HOUSE ,,,65 8525 2525,,,,martin@gmail.com,,,Live Company
4249,202039337H,LIVE NATION SINGAPORE VENUES PTE. LTD.,CURRY NATIONS SG ,,,65 8755 3929,,,,dt@dishahotels.com,,,LIVE
4254,201707912H,KEONG SAIK BAKERY PTE. LTD.,KEONG SAIK BAKERY (COLD CALL),,,65 8537 8901,,,,,,,Live Company
4257,200723326D,TRIBE HOUSE SQUAD PTE. LTD.,TRIBE AT THE ARTS HOUSE SG ,,,65 9223 1252,,,,hello@tribe.com.sg,,,Live Company
4258,53401121K,VANDA TONG CONSULTANCY,VANDA TERRACE - ORCHID COUNTRY CLUB,,,65 6750 2200,,,,,,,Live
4266,53031055D,EXOTIC LIVING,NEO EXOTIC ,,,60 124125251,,,,muimui_chia@hotmail.com,,,Live
4268,201106133K,JIMMY MONKEY PTE. LTD.,JIMMYMONKEY,,,65 9111 5579,,,"#01-51 One-North
Residences, 9 Onenorth Gateway,
138643",mavis@jimmymonkey.com, alfred@ciy.sg, accounts@ciy.sg,Live Company
4272,28293900L,"FOUR POINTS BY SHERATON SINGAPORE, RIVERVIEW",RIVERVIEW HOTEL,,,65 6349 4897,,,,eileen.tan@riverview.com.sg,,,Live
4274,202319672D,PAIK'S NOODLE (S) PTE. LTD.,PAIK'S BIBIM @ TBP ,,,65 9876 8992,,,,,,,Live Company
4276,53342160L,THE SILK CHAMBER,THE CHAMBER / THE OPEN GRILL / AUNTY ROSIE (COLD KNOCK) ,,,65 9661 9960,,,,,,,Live
4279,201410853H,JIN FINE DINING PTE. LTD.,JIN FINE DINING ,,,65 6536 6258,,,,jindining@singnet.com.sg,,,Live Company
4280,201106088N,YAM'S KITCHEN PTE. LTD.,YAM'S KITCHEN (COLD CALL) ,,,65 9833 6719,,,,,,,Live Company
4282,200402569M,DA PAOLO PIZZA BAR PTE. LTD.,PIZZA BAR DA DONATO ,,,65 6219 7562,,,,,,,Live Company
4284,201834710G,SUSHI JIRO KEPPEL BAY PTE. LTD.,BAY SUSHI ,,,65 6688 7707,,,,,,,Live Company
4293,201313941N,IN THE BRAVERY PTE. LTD.,THE BRAVERY  (COLD KNOCK),,,65 9388 2973,,,,,,,Live Company
4294,53474644J,TACO,TACO MANTRA,,,65 8749 3698,,,,tacomantra@gmail.com,,,Live
4297,53366381D,FOREST4 DARTS CAFE,FOREST DART CAFE,Lena ,,65 8484 2606,,,,	forestdartscafe@gmail.com,,,Live
4302,201707780G,ZODIAC MILPRO ASIA PTE. LTD.,ZODIAC WINE BISTRO (COLD KNOCK) ,,,65 8688 8217,,,,,,,Live Company
4307,201414329H,GENTING MZW PTE. LTD.,GENTING MALAYSIA BERHAD,,,65 6101 0515,,,,danny.teo@rwgenting.com,,,Live Company
4308,201603141K,TSUTA GLOBAL PTE. LTD.,TSUTA SOBA ,,,65 6272 2000,,,,brianchua@hersing.com.sg,,,Live Company
4310,201212643M,NIVEKEN PTE. LTD.,NIVEKEN PTE LTD ,,,65 9689 1318,,,,kevin@niveken.com,,,Live Company
4311,53436032K,SOSIG,SISIG SOCIETY SG ,,,65 8868 2916,,,,,,,Live
4312,201823980K,HOTEL+ PTE. LTD.,HOTEL BANGI PUTRAJAYA ,Jessie Chan ,Front office manager ,60 122188810,,,,Jessie@hotelbangi-putrajaya.com,,,Live Company
4316,201605984D,BUMBU (KANDAHAR) PTE. LTD.,BUMBU @ SG 44 KANDAHAR ST . WEB & . TAB - MARKET RESEARCH 2022,Hui Jie,,65 9231 7579,,,,bumbusg@gmail.com,,,Live Company
4321,202318304R,LTT COASTAL AND MARINE MANAGEMENT PTE. LTD.,THE COASTAL SETTLEMENT SG ,,,65 9230 2020,,,,enquiry@tcsmailbox.com,,,Live Company
4325,52936718A,AL HAMRA LEBANESE AND MIDDLE EASTERN CUISINE,AL HAMRA LEBANESE & MIDDLE EASTERN RESTAURANT,,,65 6464 8488,,,,alhamraaz@gmail.com,,,Live
4326,53097030M,TOP UP FOOD SUPPLY,DRY FOOD POP UP STALLS ,,,65 8802 1918,,,,,,,Live
4329,202317231K,HWANG KOREAN CUISINE PTE. LTD.,HWANGS KOREAN ,,,65 9753 0781,65 9833 0603,,,,,,Live Company
4338,202506082H,SINPOO PTE. LTD.,SINPOPO BRAND ,,,65 8345 8218,,,,,,,Live Company
4343,201801003C,566 SEAFOOD PTE. LTD.,566 SEAFOOD & BEER GARDEN ,,,65 6365 6566,,,,enquiry@566seafood.sg,,,Live Company
4346,06577500K,TOKYO,TOKYO CHOPPED SALAD ,,,65 6266 0152,,,,tokyochoppedsalad@ycp-dining.com,,,Live
4350,200304497D,LE PIN WINE BAR PTE. LTD.,BAR A VIN,,,65 6438 9982,,,,Julia@vinegroup.com.sg,,,Live Company
4351,201202750H,BBQ STATION PTE. LTD.,BBQ GENERATION ,,,65 9185 5524,,,,WENTING8888@GMAIL.COM,,,Live Company
4354,53468910L,BINCHO BREWS,BINCHO ,,,65 6438 4567,65 9049 9388,,,joe.chan@bincho.com.sg, info@bincho.com.sg,,Live
4355,202231435W,TSUI WAH APAC PTE. LTD.,TSUI WAH SG ,,,65 6250 9270,,,,cssg@tsuiwah.com,,,Live Company
4360,53242401L,THE MANHATTAN BAR,THE MANHATTAN FISH MARKET  SG,,,65 6684 4208,65 6853 4744,,,info@manhattanfishmarket.com,,,Live
4366,201623792H,RED HOUSE AT CLARKE QUAY PTE. LTD.,QUAY HOUSE ,,,65 8223 0925,,,,dianah@quayhouse.com.sg,,,Live Company
4371,202541697N,WEN DAO PTE. LTD.,WEN DAO SHI ,,,65 6746 4757,,,,,,,Live Company
4376,200812001H,XIAN DE LAI DELICACIES PTE. LTD.,XIAN DE LAI (COLD CALL) ,,,65 9297 5725,,,,,,,Live Company
4380,200915715Z,BEER MARKET PRIVATE LIMITED,BEER MARKET ,,,65 9661 8283,,,,,,,LIVE
4388,201224410D,HAPPY MOOKATA PTE. LTD.,HAPPY MOOKATA THAI STEAMBOAT,,,65 9380 9028,65 8138 7654,,,happymookata@gmail.com,,,Live Company
4396,200718128Z,CASTEL PTE. LTD.,CASTEL PIZZA ,,,65 9228 1818,,,,castel.italiano@gmail.com,,,Live Company
4401,199805156W,LAWRY'S THE PRIME RIB SINGAPORE PTE LTD,LAWRY'S THE PRIME RIB STEAK HOUSE ,,,65 9277 7792,65 8188 6406,,,mktg@lawrys.com.sg, reservations@lawrys.com.sg, Executivechef@lawrys.com.sg,Live Company
4402,53162418L,THE PUBLIC HOUSE,THE PUBLIC HOUSE BAR & RESTAURANT,,,65 6533 3545,65 9090 7512,,,thepublichouse.sg@gmail.com,,,Live
4405,53398196D,QUEEN OF VIRGO,QUEEN OF FORK,Adam ,,65 8792 8891,,,,NA ,,,Live
4411,202227107W,EAT ME GLOBAL SG PTE. LTD.,EAT ME GLOBAL @ SG -- PARTNERSHIP .,Naveed Wangsa,,65 6012 9591,,,,naveed.w@eatmeglobal.com,,,Live Company
4412,53496747K,AV. VIETNAM FOOD,VIETNAM FOODS & BEV SERVICE (FRANCHISEE FOR VIETNAM),Nguyen Si Tue,GM,84 909667182,,,,tue.nguyen@vfbs.vn,,,Live
4418,200401144W,TEN DOLLAR CLUB PTE. LTD.,TEN DOLLAR CLUB KTV ,,,65 6225 1231,,,,shaunlau301190@gmail.com,,,Live Company
4419,201609024C,KIN LI CONTRACTOR PTE. LTD.,KIN MOO (RE-CONTRACT),,,65 9792 1188,,,,jamie@kin-moo.com,,,Live Company
4420,201413550C,ROCK AND ROLL RICHIE PTE. LTD.,ROLL UP,,,65 9006 6337,,,,management@rollup.sg,,,Live Company
4423,53031157K,BLUE POTATO,BLUE POTATO RESTAURANT ,,,65 6239 1899,,,,,,,Live
4429,201302089G,THE TIARA SOCIETY PRIVATE LIMITED,THE SOCIETY BISTRO,,,65 6733 6635,,,,mg_info@thesociety.com.sg,,,Live Company
4430,53248188K,LEQUINZ,LE QUINZE VINS ,,,65 6222 8266,,,,garino.victor@gmail.com,,,Live
4434,201308982Z,WU FU (SG KALLANG) PTE. LTD.,HAWKER STALL @ SG -- NEEDS IMMEDIATE SIGN UP,"Lim, ",,65 9060 5534,,,,,,,Live Company
4438,53451317D,KIN SEN THAI NOODLE,NOODLE THAI THAI KITCHEN @ BEACH ROAD ,,,65 6909 0759,,,,thainoodlesbar@gmail.com,,,Live
4443,201833682G,SOI THAI PTE. LTD.,SOI 60 THAI,,,65 6635 6675,,,,megan@reddoor.com.sg,,,Live Company
4451,202019033E,SUPER THAI PTE. LTD.,SUPER THAI BY SOI AROY (SMARTWEB) ,,,65 9725 7730,,,,georgeseah@thelightanalyticscompany.com,,,Live Company
4452,201333649N,NOVOTEL CLEANING PTE. LTD.,NOVOTEL MANILA ,Michael Schauss,Executive Chef,63 9989675075,,,,Ex.novotel.manila.ac@gmail.com,,,Live Company
4454,53444524A,K-FOOD @ DOSIRAK,DOSIRAK SG ,,,65 6536 6034,,,,info@dosirak.com.sg,,,Live
4463,53471674A,QSR RENO SERVICES,QSR 2023ZENSHO ,,,65 8123 8876,,,,t-hasegawa@zensho.com,,,Live
4469,201839209C,CHAPTER3 PTE. LTD.,CHAPTER3 RESTAURANT ,,,65 8112 9794,,,,,,,Live Company
4470,202401109M,JUNE COFFEE PTE. LTD.,COSTA COFFEE,,,65 6636 9774,,,,talktocosta@costacoffee.com,,,Live Company
4476,53241055J,ESCAPE RESTAURANT,ESCAPE RESTAURANT AND LOUNGE ,,,65 8698 6625,65 6705 7828,,,escape@onefarrer.com,,,Live
4479,201305315G,HAI DI LAO HOLDINGS PTE. LTD.,HAI DI LAO ,,,65 8668 1011,,,,xjp8dwm@haidilao.com,,,Live Company
4480,53470428W,BEST ACE,ACER BEST PROJECTS PTE LTD ,,,65 6388 1379,,,,acerbest1995@gmail.com, esales@acerbest.sg,,Live
4481,53460510M,SAN REN HOT AND COLD DESSERT,DESERT DESSERT  (COLD CALL),,,65 9696 8992,,,,,,,Live
4486,201927771H,THE NAKED BELLY PTE. LTD.,THE NAKED BELLY ,Marcus Wong ,,65 8569 0949,,,,jianbo.sixthavenue@gmail.com,,,Live Company
4490,201227439R,BOON KENG PTE. LTD.,BOON KENG CHICKEN POT ,,,65 6635 5799,,,,komaqhy@gmail.com,,,Live Company
4493,201835852K,LOTUS THAI PTE. LTD.,LOTUS THAI ,,,65 6702 3308,,,,lotusthai.cherylho@gmail.com, lotusthai.ops@gmail.com,,Live Company
4495,201607153K,GOOD IDEA CONCEPTS PTE. LTD.,GOOD IDEA CONCEPTS PTE LTD(XW WESTERN GRILL) : XW WESTERN GRILL - JEM,,,65 9737 4063,,,"2 Alexandra Road
#05-04/05 Delta House",finance@minorfoodsingapore.com,,,Live Company
4504,202207259C,HANA K PTE. LTD.,HANA K-FOOD SG ,,,65 6635 6077,,,,,,,Live Company
4513,53507471M,MY OPPA,OPPA BBQ ,,,65 9755 8546,,,,,,,Live
4514,51373600W,THE LOFT,THE LOFT CAFE,,,65 6221 2103,,,,info@theloft.com.sg,,,Live
4525,202504057M,AI IMPLEMENTATION GROUP PTE. LTD.,SINGAPORE - IMPLEMENTATION CONFIRMATION QUOTE 961,,,65 8904 0014,,,,radyah60@gmail.com,,,Live Company
4531,201806877M,LITTLE ELEPHANT PTE. LTD.,LITTLE ELEPHANT SG THAI BISTRO ,,,65 6224 1646,,,,Little Elephant SG Thai Bistro,,,Live Company
4532,201624537N,DIM SUM HAUS PTE. LTD.,DIM SUM HAUS (JALAN BESAR),,,65 9180 9836,,,57 Jln Besar Singapore 208809,yvonne.qss@gmail.com,,,Live Company
4536,199505904W,WAN PO HOLDINGS PTE LTD,WAN PO (COLD LEAD) ,,,65 9797 4758,,,,,,,Live Company
4538,200407005C,GUITAR CONNECTION PTE. LTD.,GUIGA,,,65 9113 6611,,,,,,,Live Company
4547,197602130Z,ESSEN PRIVATE LIMITED,ESSEN - COLIN KOH,,,65 8787 9998,,,,colinkoh@pivotal-international.com,,,Live Company
4548,201901839E,THREE LIONS PTE. LTD.,THREE FIFTEEN ,,,65 8857 6925,,,,,,,Live Company
4549,202510888K,OLD WORLD BAK KUT TEH PTE. LTD.,OLD WORLD BAKHUTEH ,,,65 9388 5288,,,,jemmyyeo@yahoo.com,,,Live Company
4551,201403243Z,EAST BISTRO PTE. LTD.,EAST BISTRO (PAY LATER- EPOINT) ,,,65 8338 7752,,,,,,,Live Company
4558,201837864W,CRYSTAL JADE PTE. LTD.,CRYSTAL JADE - SMARTWEB +SMARTCONNECT,,,65 9005 5588,,,,christopher.toh@crystaljade.com,,,Live Company
4561,202509566H,A2B VEG RESTAURANT PTE. LTD.,A2B VEG RESTAURANT ,,,65 8147 7767,,,,,,,Live Company
4562,202137287H,RAMEN KING PTE. LTD.,SELECT GROUP PTE LTD : RAMEN KING,,,65 9388 3951,,,"24A Senoko S Rd,
Singapore 758099",veery_souw@select.com.sg,,,Live Company
4563,201504569N,JINJJA GROUP PTE. LTD.,JINJJA CHICKEN ,,,65 6837 0937,,,,bernard@jinjjachicken.com,,,Live Company
4564,199500028N,POLAR PUFFS & CAKES PTE LTD,"POLAR PUFF, #OUTLET:31 ",,,65 9232 3277,,,,apple.wou@polarpuffs.com.sg,,,Live Company
4568,200009151N,L-TAC MACHINE TOOLS PTE LTD,"L'EUPHORIZ  AUTHENTIC VIETNAMESE 
  CUISINE",,,65 6221 8785,,,,info@leuphoriz.com,,,Live Company
4570,201709044K,HANS SCHICK GLASS SYSTEM PTE. LTD.,HANS IM GLUCK H2 PTE LTD ,,,86 86995,,,,m.basile@hig-burgergrill.sg,,,Live Company
4573,202305868C,SELA HOLDINGS PTE. LTD.,SELA ,,,65 6337 6358,,,,enquiry@restaurantsela.com.sg,,,Live Company
4583,200715868D,GEM BAR & LOUNGE PTE. LTD.,GEM BAR & KITCHEN,,,65 6224 7762,,,,info@gemsingapore.com,,,Live Company
4593,202115107D,HA HAHA PTE. LTD.,NEW - HA NGUYEN,,,61 420869044,,,,ha.vinh.nguyen@gmail.com,,,Live Company
4595,201900599C,OBA SG PTE. LTD.,OBAR,,,65 9050 0973,,,,obarpub@gmail.com,,,Live Company
4601,24672300M,GRAND HYATT SINGAPORE,"GRAND HYATT SINGAPORE @ SINGAPORE -- SG TO SG
",Lorraine Garrido ,,65 9321 4373,,,,"lorraine.garrido@hyatt.com
",,,Live
4605,201829073W,PRETTY EASY GLOBAL PRIVATE LIMITED,PRETTY EASY CAFE SG ,,,65 6337 7790,,,,prettyeasycafe@gmail.com,,,Live Company
4606,53495246A,UYA UNAGI,UNAGI VS SALMON SG ,,,65 9112 6929,65 8812 4884,,,unagivssalmon@gmail.com,,,Live
4609,201808774W,G&B BISTRO PTE. LTD.,G&B BISTRO -- . ON INVOICE,Lim ,,65 9827 6887,,,,billing@..com,,,Live Company
4610,47488000A,THE 2ND POST,THE 2ND FLOOR ,,,65 6739 4329,,,,,,,Live
4611,201438086K,CREME MAISON BKY GROUP PTE. LTD.,CREME MAISON BAKERY SG ,,,65 8181 3689,,,,hello@crememaison.com,,,Live Company
4616,200912687G,MING CHAIN PTE. LTD.,CHAI MING CHIN,Chai Ming Chin,Dir,60 138320820,,,,Ming3431@gmail.com,,,Live Company
4620,200610274Z,WAN CHAI (WS) TEA ROOM PTE. LTD.,WAN CHAI HONG KONG TEA ROOM,,,65 6569 1633,65 9634 2039,,,office@wanchai.sg,,,Live Company
4621,201909227N,MADLY GOOD PTE. LTD.,MADLY GOOD (COLD CALL),,,65 9144 7470,,,,,,,Live Company
4623,199201657N,COCA-COLA SINGAPORE HOLDINGS PTE. LTD.,SOZA HOLDINGS PTE LTD @ SINGAPORE-,Tike Kee ,,65 9662 9401,,,,"phuatikekee@hotmail.com

 
",,,Live Company
4627,52974821E,SI CHUAN DOU HUA RESTAURANT TOP OF UOB PLAZA,SI CHUAN DOU HUA ,,,65 6535 6006,,,,linda.loke@sichuandouhua.com," ""top@sichuandouhua.com """,,Live
4631,202030882D,DAI-ICHI FISHMART PTE. LTD.,DAI-ICHI FISHMART - JAPANESE DINING · IZAKAYA 第一居酒屋 ,,,65 9438 1415,,,,daiichii0104@gmail.com,,,Live Company
4633,201023059K,RAS PHARMA & BIOCHEM PTE. LTD.,RAS BITES ,,,65 6783 5330,,,,rasbites@palatevine.com.sg,,,Live Company
4634,201024391N,PERFECT TREATS PTE. LTD.,PREFECT TREATS SDN BHD ,,,60 123812160,,,,jeffrey_goh@morganfields.com,,,Live Company
4644,201819539G,CHILLI MANIS CATERING PTE. LTD.,CHILLI @ SG  2 CAFE ,Samme ,,65 9820 6613,,,,"samme@chilli.com.sg
",,,Live Company
4647,201612657D,ACQUA E FARINA PTE. LTD.,AQUA E FARINA ,,,65 6462 0926,,,,acquaefarinasg@gmail.com,,,Live Company
4654,53430166E,LOLA FAYE CAFE,LOLA CAFE (ENQUIRY) ,,,65 9666 8772,,,,Weiming@bettercraft.com.sg,,,Live
4655,201821692H,BBW FOOD INVESTMENTS PTE. LTD.,BBW FOOD INVESTMENTS PTE LTD KOREAN FOOD TAKEAWAY KIOSK -- SG,Eugene Tin,,65 9648 8636,,,,eugenetin78@gmail.com,,,Live Company
4658,202040750G,GOLDEN CHARCOAL PTE. LTD.,GOLDEN CHARCOAL -- . ON QUOTATION SIGNING,Justin ,,65 9191 8843,,,, justinchewky89@gmail.com,,,Live Company
4659,201935147N,NESUTO ATELIER PTE. LTD.,NESUTO ,,,65 6920 2922,,,,dear.nesuto@gmail.com,,,Live Company
4662,202134898K,YI PIN XIANG DINING PTE. LTD.,PINK DINING & BAR ,,,65 6222 5007,,,,,,,Live Company
4664,201635165G,SHOWA HAKATA RAMEN & IZAKAYA PTE. LTD.,HAKATA IKKOUSHA RAMEN ,,,65 9471 0237,,,,,,,Live Company
4665,53346400E,ROOTS,ROOTS ONE NORTH ,,,65 6463 4206,,,,info@therootsrestaurants.com,,,Live
4667,201836326Z,DUBAI SHAWARMA (DS) PTE. LTD.,DUBAI SHAWARMA @ SG,Vincent ,,65 8542 7219,,,,,,,Live Company
4670,201007220M,BEE CHENG HIANG PTE. LTD.,BEE CHENG HIANG GRILLERY SG ,,,65 6500 0888,,,,bch@bch.com.sg,,,Live Company
4671,202222738M,OVAL CANAL PTE. LTD.,OVAL CORPORATION ,,,65 6275 2298,,,,kelvin@shinkushiya.com,,,Live Company
4673,201930043N,FOOD SCIENTIST PTE. LTD.,FOOD SCIENTIST PTE LTD,,,65 6293 0329,,,,jessica.chin@two-bakers.com,,,Live Company
4679,201412090D,OLD TEA HUT PTE. LTD.,OLD TEA HUT (COLD CALL) ,,,65 9388 4645,,,,,,,Live Company
4684,201716476W,PIG N WHISTLE PTE. LTD.,PIG N WHISTLE (SMARTWEB) ,,,48 657474367,,,,pignwhistle.singapore@gmail.com,,,Live Company
4689,53486905W,THE COLD CUP,THE CUP SINGAPORE,,,65 9835 9288,,,,thecup_singapore@yahoo.com,,,Live
4690,200103313Z,SF JURONG EAST PTE. LTD.,SF JUICES,,,65 6266 1502,,,,,,,Live Company
4693,53511598M,BUSHIDO AI,BUSHIDO ,,,65 9710 6528,,,,steffen@bushidoasia.com,,,Live
4694,201019074C,OLD YANG KEE & SISTERS PTE. LTD.,OLD YANG KEE ,,,65 6222 4802,,,,,,,Live Company
4699,201702044R,TAPAS CLUB PTE. LTD.,TAPAS 39CLUB 39,,,65 6221 4235,,,,info@tapas39.com,,,Live Company
4701,201833593R,WONDER JUICE PTE. LTD.,WONDER JUICE BAR @ APERIA & NOVENA 2 OUTLETS,Jose ,,65 9457 1132,,,,,,,Live Company
4703,53166773A,GREEN PUMPKIN,GREEN PUMPKIN CAFE ,,,65 6303 9267,,,,contactus@res.com.sg,,,Live
4704,200505815C,XI YAN PTE. LTD.,XI YAN @ CRAIG ROAD ,,,65 6220 3546,,,,admin@xiyanseafood.com,,,Live Company
4705,201108384G,WHARF PTE. LTD.,WHARF GRILL & BAR @ ROBERTSON QUAY ,,,65 6235 2466,65 6332 6789,,,tohekura@dinelike.sg,,,Live Company
4712,200913774M,PETIT BOWL PRIVATE LIMITED,PETIT BOWL PTE LTD,,,65 9106 3559,,,,josephine_koh@petitbowl.com,,,Live Company
4716,201833586R,TSUKADA GLOBAL ASIA PTE. LTD.,TAUKADA NOJO  @ SG,Lim ,,65 8137 8564,,,,,,,Live Company
4720,201301921W,WHEELER'S YARD PTE. LTD.,WHEELER'S YARD - AMANDA ONG,,,65 9798 7400,,,,amanda@wheelersyard.com,,,Live Company
4724,202018574D,FISH SOUP PARADISE PTE. LTD.,FISH SOUP PARADISE PTE LTD (KITCHENER RD),,,65 9146 9284,,,,fei@fishsoupparadise.com,,,Live Company
4726,202433948R,THE BRIDGE BETWEEN PTE. LTD.,THE BRIDGE BISTRO & BEACON BAR ,,,65 9856 0079,,,,melvin.kok@bridgebistrobeaconbar.sg,,,Live Company
4727,53487751J,KANDA SG,KANDA WADATSUMI ,,,65 6221 6264,,,,hara.tokio0141@gmail.com,,,Live
4729,202543083D,PAPA AYAM SINGAPORE PTE. LTD.,PAPA AYAM @ SG -- . . TO . PTE LTD,Tarun ,, 658698392184973714,,,,,,,Live Company
4734,201216329N,MENYA KOJI (S) PTE. LTD.,MENYA SANJI ,,,65 8386 6813,,,,sanjiboatquay@gmail.com,,,Live Company
4736,201527607R,WATAMI TRADING PTE. LTD.,WATAMI JAPANESE CASUAL RESTAURANT  ,,,65 6336 7686,,,,regina@watami.com.sg,,,Live Company
4743,201714903R,AH GU KAKA WA PTE. LTD.,". WA ISH - KOKORO JAPANESE IZAKAYA+65 8891 6593 (9 58 AM 22ND AUG)
",,,65 8891 6593,,,,,,,Live Company
4750,201527535W,RED EYE SMOKED MEATS PTE. LTD.,RED EYE SMOKEHOUSE,,,65 6291 0218,,,,enquire@redeyesmoke.sg,,,Live Company
4751,201833682G,SOI THAI PTE. LTD.,SOI 55 ,,,65 8795 8787,65 8795 8787,,,soififtyfive@gmail.com, soififtyfive@gmail.com,,Live Company
4753,53493980E,BUN TWO THREE,THREE BUNS QUAYSIDE ROBERTSON QUAY ,,,65 9027 7067,,,,,,,Live
4760,201218351W,ERWIN PTE. LTD.,ERWIN'S GASTROBAR,,,65 8533 1006,,,,accounts@erwins.com.sg,,,Live Company
4762,202314242E,DERTIEN MOOKATA PTE. LTD.,DERTIEN SG SEMBAWANG - LOYVERSEPOS ,,,65 9223 5040,,,,limhuiching97@gmail.com,,,Live Company
4765,200010004Z,SOUTH EAST TRAVEL PTE LTD,SOUTH BRONX,,,65 9833 1790,,,,holla@southbronxburger.com,,,Live Company
4767,53387162W,SUPER DREAM,SUPER DREAM ( BUGIS STREET /CHINATOWN/DJITSUN MALL ) ,,,65 9698 9512,,,,huatengshan@gmail.com,,,Live
4775,201827155R,ABURI @VIVO PTE. LTD.,AFURI - VIVO CITY,,,65 6333 9781,,,,ap.invoices@jfh.com.sg, Accountpayable@jfh.com.sg, samwan@jfh.com.sg,Live Company
4777,201833586R,TSUKADA GLOBAL ASIA PTE. LTD.,TSUKADA NOJO,,,65 8268 4469,,,,tsukada_sgp@apcompany.jp,,,Live Company
4782,202025776D,GOCHISO SHOKUDO PTE. LTD.,GOCHI-SO SHOKUDO(WESTGATE/SELETAR MALL),,,65 9336 5960,,,,raymond.teo@eurasiaglobalfood.com,,,Live Company
4784,201402760H,99 FOOD PTE. LTD.,99 FOOD BAZAAR ,,,65 8499 7151,,,,rafiq@99foodbazaar.com,,,Live Company
4792,53199820K,CHUAN WEI XUAN,CHUAN WEI XUAN 川味軒 ,,,65 8858 8554,,,,,,,Live
4799,53169692L,CLUCK CLUCK,CLUCK CLUCK @ TANJONG PAGAR,,,65 9018 9236,65 9198 2673,,,cluck-cluck@hotmail.com, heythere@theheyco.com,,Live
4800,202140946M,FRUCE PTE. LTD.,FRUCE GROUP OF F&B ,,,65 9456 0046,,,,shiya.lim@frucesg.com,,,Live Company
4809,53237274C,JI DE LAI HAINANESE CHICKEN RICE,JI DE CHI DESSERT ,,,65 6339 9928,65 6484 6522,,,info@jidechi-dessert.com,,,Live
4810,201538832D,AL CAPONE'S PTE. LTD.,AL CAPONE'S RISTORANTE & BAR ,,,65 6509 5097,,,,alcaponesingapore.hr@gmail.com,,,Live Company
4813,53495246A,UYA UNAGI,UNAGI SALMON ,,,65 8100 6006,,,,erinar88@gmail.com,,,Live
4814,201402278R,LITTLE ISLAND BREWING CO. PTE. LTD.,LITTLE ISLAND BREWERY CO. LTD @ SG -- MARKET RESEARCH 2022,Jow Leong,,65 9762 2736,,,,it.system.guy@gmail.com,,,Live Company
4816,202449433M,PIN XIANG HUNAN PTE. LTD.,PIN XIANG HUNAN CUISINE (SMARTWEB) ,,,65 8499 5908,,,,weihuamb@hotmail.com,,,Live Company
4818,40629200X,WEE NAM KEE HAINANESE CHICKEN RICE RESTAURANT,WEE NAM KEE CHICKEN RICE,Albert Albert,,65 9655 1411,,,,albert.tan@wnk.com.sg,,,Live
4820,202442369G,BUTTER LIVEHOUSE PTE. LTD.,ALIVEHOUSE (SMARTTERMINAL) ,,, 9062589,,,,,,,Live Company
4821,201805838R,HOUSE OF NB PTE. LTD.,HOUSE OF DIMPAS,,,65 9337 3383,,,,desmond.tay@asianuc.com,,,Live Company
4829,201131704D,HSG PTE. LTD.,HSG (5 TO 9 OUTLETS) @ SG ,Tracy Chin ,,65 9880 9819,,,,tracy_chin@hsg.com.sg,,,Live Company
4837,201541722Z,OLLELLA PTE. LTD.,OLLELLA ,,,65 6917 7273,65 8833 9938,,,hello@ollella.com,,,Live Company
4843,199000742W,PRIMA FOOD PTE LTD,PRIMA FOOD PTE LTD,,,65 9879 1233,,,,chuachinleong@prima.com.sg,,,Live Company
4848,200611021K,PRASAN PTE. LTD.,PRASAN HOTEL AND HOSPITALITY AND SANGEETHA,Praveen Rajkimar ,Sênior ,91 9884190000,,,,Praveen.phhs@gmail.com,,,Live Company
4851,202123419G,SMILE MARTABAK PTE. LTD.,SMILE MARTABAK @., ,,65 9755 8257,,,,https://martabak.sg/,,,Live Company
4856,200406512W,EN GROUP PTE. LTD.,SINGAPORE - EN GROUP (CHURA SUSHI - RENEWAL) - SMARTWEB + SMART CONNECT QUOTE 945,,,65 9699 9974,,,,cindy@endiningbars.com,,,Live Company
4860,201828295W,KOPI VENTURES PTE. LTD.,KOPI VENTURES (GLORIA JEAN'S COFFEES)- SMARTCONNECT + SMARTWEB,,,65 9187 4028,,,,kevin@kopiventures.com,,,Live Company
4862,201733639R,YOLE GLOBAL PTE. LTD.,YOLE,Jo Wong,,65 8692 1898,,,,joeywong501@gmail.com,,,Live Company
4866,201915960D,BTL ENTERPRISES PTE. LTD.,BTL ENTERPRISES PTE LTD - LILYS RESTAURANT @ SG-- MARKET RESEARCH 2022,Lee Lee,,60 100000000,,,,lleekuok@gmail.com,,,Live Company
4867,53174819K,THE PEAR TREE CENTRE FOR EDUCATION,THE STRATHMORE,David Basheer,Managing Director ,61 404885886,,,,David@strath.com.au,,,Live
4868,199605988G,SHISH MAHAL RESTAURANT & PUB PTE LTD,SHISH MAHAI RESTAURANT SG ,,,65 6837 3480,,,,enquiry@shishmahal.com.sg,,,Live Company
4869,202006162Z,NUDE FOODS PTE. LTD.,NUDE FOOD PTE LTD (INQUIRY) ,,,65 9847 4985,,,,in@getnudefoods.com,,,Live Company
4871,51399800D,J65,J65 @ JEN TANGLIN ,,,65 6831 4374,,,,,,,Live
4874,199906748N,SUKI-YA HOLDINGS PTE. LTD.,SUKI-YA @ BUGIS,,,65 9667 0996,,,,araccts@createries.com,,,Live Company
4875,201320688G,POTATO HEAD SINGAPORE PTE. LTD.,POTATO HEAD FOLK ,,,65 6327 1939,,,,nura.jamil@pttfamily.com,,,Live Company
4876,201709044K,HANS SCHICK GLASS SYSTEM PTE. LTD.,HANS IM GLUCK @ SG -- 5 OUTLETS -- MARKET RESEARCH 2022,Marco ,,65 8686 9985,,,,m.basile@hig-burgergrill.sg,,,Live Company
4878,199805627D,AWFULLY CHOCOLATE PTE LTD,AWFULLY CHOCOLATE ,,,65 6338 3527,65 6345 8212,,,chris@awfullychocolate.com,,,Live Company
4880,200310757H,GOURMET PLUS PTE. LTD.,GOURMET PLUS PTE LTD - AHSHIDA RAZALI,,,65 9776 0087,,,,ahshida.razali@gourmetplus.com,,,Live Company
4881,202202047R,FOLK COLLECTIVE PTE. LTD.,FOLKS COLLECTIVE - THE ECLECTIC EMPORIUM SG ,,,65 6536 6739,,,,hello@folkscollective.com,,,Live Company
4882,202527525K,BLESSED GEISHA COFFEE PTE. LTD.,GEISHA SPECIALITY COFFEE,,,65 9062 5726,,,,service@geishaspeciality.com.sg,,,Live Company
4886,200414085M,EDEN FAR EAST PTE. LTD.,EAST OF EDEN ,,,65 9423 3734,,,,,,,Live Company
4887,202509566H,A2B VEG RESTAURANT PTE. LTD.,A2B VEG RESTAURANT,,,65 9880 4089,,,,Najeeba2b@gmail.com,,,Live Company
4888,46292900X,NO 5 COCKTAIL BAR,NO. 5 EMERALD HILL COCKTAIL BAR,,,65 6732 0818,,,,info@emerald-hill.com,,,Live
4894,201831106D,1929 @ KEONG SAIK PTE. LTD.,1929 @ KEONG SAIK RESTAURANT & BAR ,,,65 9720 2848,,,,,,,Live Company
4909,201619853D,JAM PTE. LTD.,JAM AT SIRI HOUSE ,,,65 9667 0533,,,,contact.sg@sirihouse.com,,,Live Company
4910,202039337H,LIVE NATION SINGAPORE VENUES PTE. LTD.,CURRY NATIONS , ,,65 9374 1967,,,,NA ,,,LIVE
4913,201914965C,FOREST DARTS PTE. LTD.,FOREST DARTS BAR ,,,65 9229 8779,,,,forestdartscafe@gmail.com,,,Live Company
4914,200005720G,WAN (SGX TRADER) PTE LTD,"WAN POT TEA @ SG -- SG TO SG
",Andrew Tham,,65 8847 1557,,,,"andrewtham@wanpotea.sg
",,,Live Company
4919,199201352R,CHOWON GARDEN KOREAN RESTAURANT PTE. LTD.,CHOWON GARDEN ,,,65 6225 1317,,,,khs12121277@gmail.com,,,Live Company
4922,07479300D,VOCO ORCHARD SINGAPORE,VOCO ORCHARD SINGAPORE AN IHG HOTEL,Anne Kasztura,,65 8201 2295,,,,anne.kasztura1@ihg.com,,,Live
4924,53502384K,NOEY NOM CHA THAI,CHA THAI ,,,65 6636 3696,,,,info@chathaisg.com,,,Live
4932,202415448Z,FUN FUN RICE BOWL PTE. LTD.,FUN BOWL (COLD CALL) ,,,65 9180 7302,,,,,,,Live Company
4938,201118802N,HABITAT COFFEE PTE. LTD.,HABITAT COFFEE @ LAVENDER -- MARKET RESEARCH 2022,Esther ,,65 9797 4407,,,,chin_esther2002@yahoo.com,,,Live Company
4942,200706176K,OPEN FARM COMMUNITY PTE. LTD.,OPEN FARM (COLD KNOCK),,,65 9731 6633,,,,,,,Live Company
4944,201811626E,FISHOP PTE. LTD.,"FISHOP @ SG -- SG TO SG
",Xavier Lim ,,65 9111 2282,,,,,,,Live Company
4947,53032543L,CEDELE,CEDELE - GREENWICH V,,,65 6753 9946,,,,ap.finance@bakdepot.com,,,Live
4948,200617230Z,THAI TANTRIC RESTAURANT PTE. LTD.,THAI TANTRIC AUTHENTIC ,,,65 9816 1872,,,,,,,Live Company
4950,202029496K,YAKIZEN PTE. LTD.,YAKIZEN PTE LTD JP RESTAURAN,Johnny Candra ,,65 9800 0293,,,,jonnycandra@yahoo.com,,,Live Company
4951,200611177N,SIAM COCONUT PTE. LTD.,SIAM COCONUT PTE. LTD. ,Kelvin Ngian ,,65 9699 7325,,,,kelvin@siamco.co,,,Live Company
4965,200007651N,ORANGE GUM PTE LTD,GUM GANG WON ,,,65 6222 2957,,,,,,,Live Company
4966,201833492K,JWB FOOD PTE. LTD.,JWB FOOD PTE LTDNON CHAIN,Jeric Goh ,, 94,,,,,,,Live Company
4967,53511533D,216 CHANG FEN,CHOA CHU KANG 216 BBQ CHICKEN WING SG ,,,65 9728 4033,,,,jasminepay@gmail.com,,,Live
4973,201938234M,2023 PTE. LTD.,2023 . SLSC PTE LTD SWEELEE CAFE @ SG SQUARE UP .,Yee Ling Lim,,65 8220 2606,,,,yeeling.lim@sweelee.com.sg,,,Live Company
4977,201731952R,HOME @ 435 PTE. LTD.,HOME @ 435 (COLD CALL) ,,,65 9694 0740,,,,,,,Live Company
4979,201403400E,SAPORI ITALIANI PTE. LTD.,SAPORE ITALIAN RESTAURANT ,,,65 8315 8502,,,,ace-associates@outlook.com,,,Live Company
4980,201736400Z,MEZBAN BARI RESTAURANT & CATERING PTE. LTD.,BACI BACI RESTAURANT SG ,Alberto Na,,65 9751 5441,,,,,,,Live Company
4985,199605988G,SHISH MAHAL RESTAURANT & PUB PTE LTD,SHISH MAHAL ,,,65 8306 8341,,,,shishmahalsingapore@gmail.com,,,Live Company
4987,202426822C,GRAND PRINCETON LAND PTE. LTD.,GRAND PRINCE ,,, 97700000000,,,,urinbolor@grandprince.mn,,,Live Company
4988,201110522E,SMITHS FISH & CHIPS (BP) PTE. LTD.,SMITH FISH N CHIPS ,,,65 6737 9313,,,,paul@smithsfishandchips.com,,,Live Company
4996,201717440K,SO GOOD BAKERY PTE. LTD.,SO GOOD BAKERY  (COLD KNOCK),,,65 6909 5526,,,,,,,Live Company
5004,53099288D,LITTLE VIETNAM,LITTLE VIETNAM RESTAURANT & CAFE ,,,65 6547 8587,,,,,,,Live
5009,202331674K,FIRST TASTE PTE. LTD.,SEASONAL TASTES ,,,65 6922 6968,,,,,,,Live Company
5016,53471779M,TAKE A MOMENT TAM CHOTTOMATTE,CHOTTO MATTE ,,,65 6222 8846,,,,alikeholdings@gmail.com,,,Live
5020,202015467Z,COMME ME DAS PTE. LTD.,COMME ME DAS  (NOUS UNIVERSE REFERRAL),,,65 8200 4132,,,,zaff@commemedas.sg,,,Live Company
5023,202310546G,ROBOT CHEF PTE. LTD.,ROBO CHEF FRIED RICE SG ,,,65 9488 1911,,,,,,,Live Company
5024,201224192D,CARRY ON PRIVATE LIMITED,CARRY ON CAFE ,Roysten -,,65 8499 9931,,,,roystengoh18@gmail.com,,,Live Company
5031,53476815J,GONG CHA ASIA,GONG CHA ,Andy Oh ,COO,65 9234 0257,,,,Andy.oh@gong-cha-sg.com,,,Live
5032,200512067Z,ASTREEM CONSULTING PTE. LTD.,ASTREEM ,,,65 9774 9501,,,,abhishek@astreem.com,,,Live Company
5035,52839174K,PADIN TRANSPORTATION SERVICES,PADIN IITALIAN STREATS ,,,65 8509 2131,,,,piadiniitalianstreats@gmail.com,,,Live
5038,201601199H,OBRO INTERNATIONAL PTE. LTD.,OBRO ,Eldad Tan,,65 8138 1309,,,,volk.singapore@obro,,,Live Company
5050,199500891D,TIAN TIAN FISHERMAN'S PIER SEAFOOD RESTAURANT PTE....,TIAN TIAN FISHERMAN'S PIER,,,65 6536 8660,,,,forum_v@singnet.com.sg,,,Live Company
5051,202001785D,YAN YU TANG PTE. LTD.,YU TANG CLAN GUOCO TOWER SG ,,,65 6242 9980,,,,general@yutang-clan.com,,,Live Company
5054,201829455M,YAN'S DINING PTE. LTD.,YAN'S DINING FINE SHANGHAI CUISINE ,,,65 8815 3521,,,,1647186985@qq.com,,,Live Company
5060,201406241G,AJUMMA'S PRIVATE LIMITED,AJUMMAS KOREAN RESTAURANT,,,65 8133 0760,,,,,,,Live Company
5074,201510884C,QSR HOLDINGS PTE. LTD.,QSR 2023WOK HEY ,,,65 9144 6336,,,,jake@wokhey.sg,,,Live Company
5080,53032543L,CEDELE,CEDELE (MAPLETREE BUSINESS CITY),,,65 9627 8228,65 6922 9706,,,cathy@bakdepot.com, contactus@cedeledepot.com, carolwong@bakdepot.com,Live
5082,39565000C,WERNER'S OVEN,WERNER'S OVEN ,,,65 6442 3897,,,,admin@wernersoven.com.sg,,,Live
5084,53034854C,PC HARBOUR,HARBOUR CITY DIMSUM HOUSE,"Steven Charles, Christopher Vincent","Marketing Manager, BDM", 9177711184, 9177711182,,,sckokseng@harbourcitydimsum.com / cvkokseng@harbourcitydimsum.com,,,Live
5085,202205697R,GV FOODS PRIVATE LIMITED,GV FOOD PTE LTD ,,,65 9820 7882,,,,belden.phang@gmail.com,,,Live Company
5089,53190366D,FRAICHE,FRAICHE,,,65 9631 0341,,,,liacheong@gmail.com,,,Live
5091,201723941G,POPULUS INVESTMENT PTE. LTD.,THE POPULUS COFFEE & FOOD CO. ,,,65 6635 8420,,,,hello@thepopuluscafe.com, 2degreesnorthcoffee@gmail.com,,Live Company
5094,201025245R,SILVER TIGER ASSOCIATES PTE. LTD.,SILVER TIGER ,Sandy ,Lead associate ,65 8228 8838,,,,Sandy.monteiro@silvertiger.asia,,,Live Company
5097,53177809J,SG STUDENT CARE,PARK CAFE @ SG,Na Na,,65 9644 6645,,,,,,,Live
5098,201326985R,QSR ASIA PTE. LTD.,[QSR]PASTA MANIA,,,65 9688 4840,,,,eric.ang@pastamania.com,,,Live Company
5100,199906924N,LERIDA PTE LTD,LE RIDA ,,,65 9134 2395,65 6463 4755,,,info@lerida.com.sg,,,Live Company
5102,200802361K,AL AHAMED BRIYANI HOUSE PTE. LTD.,AL AHAMED BIRYANI HOUSE PTE LTD,,,65 9858 0037,,,,al.ahamedbriyani@gmail.com,,,Live Company
5103,202441023K,ATNA.AI PTE. LTD.,ATNAF - AZARIA LULSEGED,,,48 989680295,,,,azarialulseged96@gmail.com,,,Live Company
5104,53285958L,LICKERS,"LICKERS , HOUGANG AND TELOK BLANGAH @ SG",Lim ,,65 9099 5265,,,,Call ,,,Live
5108,202402501Z,STBQ PTE. LTD.,STBQ (NIKUSTAR) ,,,65 9782 2661,,,,phillip@bzbasia.com,,,Live Company
5109,200607657C,OSG CONTAINERS AND MODULAR PTE. LTD.,OSG BAR +,,,60 169030329,,,,,,,Live Company
5112,53214360D,TRI KING CAR ACCESSORIES,TORI KING,,,65 6225 2235,,,,torikingtv@gmail.com,,,Live
5114,201538682W,VEG KITCHEN PTE. LTD.,SUPER KITCHEN @ SG,Rajasekar Y,,1 9866387894,,,,raja.superkitchin@gmail.com,,,Live Company
5116,201327766H,THE BOILER PTE. LTD.,THE BOILER SEAFOOD BEER & BAR SG ,,,65 9237 8816,,,,malcolm.hong@theboiler.com.sg,,,Live Company
5118,201507628R,ADDA T A PTE. LTD.,ADDA ,,,65 8793 2103,,,,haifa@geniecollective.sg,,,Live Company
5119,200603018H,DA PAOLO DEMPSEY PTE. LTD.,DA PAOLO DEMPSEY RESTAURANT & BAR ,,,65 9017 5121,,,,mauro@dapaolo.com.sg,,,Live Company
5122,53182734L,JB GARDEN SEAFOOD RESTAURANT,JB GARDEN SEAFOOD RESTAURANT  (COLD KNOCK),,,65 9835 7949,,,,,,,Live
5124,202126986E,AVPVI KATSUSHIKA SG HOLDING PTE. LTD.,KAI SUSHI,,,65 8185 8093,,,,enquiries@kaisushi.sg,,,Live Company
5127,53346400E,ROOTS,ROOTS KITCHEN BAR,,,65 6291 5679,,,,derek@rootskitchen.bar,,,Live
5128,201403460C,ORANGE SOCKS PTE. LTD.,SOCKS & PANS ,,,65 9793 9280,,,,socksnpans@gmail.com,,,Live Company
5139,201903759H,MY OLD PLACE PTE. LTD.,MY - KAMPACHI 3 OLS ,,,60 322757890,,,,mm@hotmail.com,,,Live Company
5140,202518285C,ALNO PTE. LTD.,ALNO#PONG,Thomas Hoi,Project Manager,65 6333 0292,65 6333 3093,,,thomas@flaslngapore.otg,,,Live Company
5142,53476815J,GONG CHA ASIA,GONG CHA,,,65 9660 3085,,,,sujata.quek@gong-cha-sg.com,,,Live
5143,202542712H,NICOLAS LE RESTAURANT PTE. LTD.,NICHOLAS LE RESTAURANT ,,,65 6224 2404,,,,,,,Live Company
5146,201916334W,ABCD TRADING SERVICES PTE. LTD.,ABCD - ASHU SINGH,,,1 9711086292,,,,ashu987665@gmail.com,,,Live Company
5150,201108952N,PARIS BAGUETTE SINGAPORE PTE. LTD.,PARIS BAGUETTE CAFÉ,,,65 6734 7765,,,,erictan@spc.co.kr,,,Live Company
5151,202525465N,JIMOO PTE. LTD.,JIMOTO YA ,,,65 6223 3397,,,,info@jimotoyasingapore.com,,,Live Company
5154,53508321A,OVEN FRIENDS CLUB,OVEN & FRIED CHICKEN ,,,65 6222 5959,,,,chicken@ofcsingapore.com, bukit_timah@ofcsingapore.com,,Live
5157,201816646M,STANRAY (IRELAND) PTE. LTD.,IRELAND'S POTATO,,,65 9720 0961,,,,alfred@refinge.com,,,Live Company
5164,53465544X,KY ANH QUAN VIETNAM CUISINE,KY ANH QUAN ,,,65 6348 1208,,,,,,,Live
5166,201000940E,NANA'S GREEN TEA PTE. LTD.,NANA'S GREEN TEA ,,,65 6684 4312,,,,info@nanasgreentea.com.sg,,,Live Company
5171,53274893W,OLD HEN COFFEE,OLD HEN KITCHEN ,,,65 6341 5458,,,,hello@oldhencoffee.com,,,Live
5174,201633563K,SENS (SINGAPORE) PRIVATE LIMITED,SENS RESTAURANT ,,,65 6262 5618,,,,dine@sensrestaurant.com, info@sen.com.sg,,Live Company
5181,201535965Z,HAJIME PRIVATE LIMITED,HAJIME TONKATSU AND RAMEN ,,,65 6509 9952,,,,soonhui@hajime.com.sg,,,Live Company
5186,53400011L,SASCO,SASCO - MARIA LEONG,,,62 735183135,,,,marialeong@sasco.org.sg,,,Live
5189,200602934E,ASIA CUISINE.COM PTE. LTD.,COMO CUISINE ,,,65 8265 0396,,,,giulia.corinto@comodempsey.sg,,,Live Company
5191,53426862E,GRACE ESPRESSO,GRACE ESPRESSO REQUIREMENT OF . KIOSK SOLUTIONS @ SG,Na Na,,65 9337 1976,,,,,,,Live
5194,201701265E,YUNNAN ENERGY INTERNATIONAL INVESTMENT (SINGAPORE)...,YUNNAN ORIGINAL ECOLOGY HOTPOT ,,,65 6635 8243,,,,xjp_wujishi@xcxchg.com,,,Live Company
5197,202436632D,ANT MICRO GIANT HOLDING GROUP PTE. LTD.,ANT GROUP ,Yukun Shi ,,65 9876 6760,,,,yukun.shi@antgroup.com,,,Live Company
5199,53032543L,CEDELE,CEDELE (BAKERY DEPOT),Wendy Tan,Director's assistant ,65 9729 4707,,,,Wendytan@bakdepot.com,,,Live
5201,53322742M,190 DEGREES BAKERY,190 DEGREES BAKERY (TOA PAYOH),,,65 9221 8444,,,,190degreesbakery@gmail.com,,,Live
5207,200304360N,CHENNAI ARYA RESTAURANTS PTE. LTD.,CHENNAI ARYA RESTAURANTS PTE LTD,,,65 8259 1625,,,,sathyavelavan@gmail.com,,,Live Company
5210,201913810M,ABURI @SUNTEC PTE. LTD.,ABURI SUSHI HEISHIRO ,,,65 6369 9489,,,,kobayashi@heishirou.com,,,Live Company
5213,202504057M,AI IMPLEMENTATION GROUP PTE. LTD.,SINGAPORE - IMPLEMENTATION CONFIRMATION QUOTE 675,,,65 8798 2687,65 9384 6143,,,alex.serrano@jollibeesingapore.com,,,Live Company
5215,201621937D,BREWERKZ GROUP PTE. LTD.,BREWERKS / EASY & LIGHT GROUP PTE LTD,Lee Keng Li,Senior Manager,65 9488 9998,,,,kengli@easylight.com.sg,,,Live Company
5216,201827958E,THE 1925 HOLDINGS PTE. LTD.,THE 1925 BREWING CO. ,,,65 6909 1425,,,,hello@the1925.com.sg,,,Live Company
5218,200411651H,THE MIND CAFE PTE. LTD.,MINDCAFE,,,65 6334 4426,,,,alvin@themindcafe.com.sg,,,Live Company
5227,202540554Z,WA KAPPOU PTE. LTD.,KAPPOU JAPANESE SUSHI TAPAS BAR ,,,65 9170 4583,,,,,,,Live Company
5228,202428675C,DONGJI UNIQUE SEAFOOD PTE. LTD.,DOONGJI ,,,65 6345 4264,,,,,,,Live Company
5230,201420558W,ROYZ ET VOUS PTE. LTD.,ROYZ ET VOUS (COLD KNOCK) ,,,65 9781 9343,,,,,,,Live Company
5232,53281938A,BISTRO 86,BISTRO 1855,,,65 9225 3638,,,,hello@fatchap.sg,,,Live
5233,201326985R,QSR ASIA PTE. LTD.,QSR 2023CHARLTON MEDIA GROUP ,,,31 051200,,,,,,,Live Company
5235,53337686J,BABA CHEWS BAR AND EATERY,BABA CHEWS ,,,65 8894 3088,,,,Mike.luo1@ihg.com,,,Live
5236,202327147M,CHAGEE GROUP (SEA) PTE. LTD.,CHAGEE  （霸王茶姬）FRANCHISEE,,,65 8211 9600,,,,teehongchang@gmail.com,,,Live Company
5237,202141792Z,TIGER MAMA'S INC PRIVATE LIMITED,TIGER'S MILK,,,65 6808 2183,,,,enquiries@tigersmilk.sg,,,Live Company
5239,201832090N,DELICIOUS SG PTE. LTD.,DELICIUS PASTICCERIA,,,65 6702 7329,,,,-,,,Live Company
5242,201322375K,ZENSO THAI & JAPANESE PTE. LTD.,ZENSO THAI,,,65 6884 9660,,,,info@zenso.sg, michelle@zenso.sg,,Live Company
5244,53279663B,CREAM AND CUSTARD,CREAM & CUSTARD (COLD KNOCK) ,,,65 8731 8908,,,,,,,Live
5250,202243062R,ALAKAI ADVISORY PTE. LTD.,ALAKAI ,,,65 6094 4957,,,,,,,Live Company
5251,202335080W,APOLO BAZAAR PTE. LTD.,APOLO BISTRO,,,65 9786 6646,,,,ceo@bananaleafapolo.com,,,Live Company
5252,201824157H,SERIOUSLY KETO PTE. LTD.,SERIOUSLY KETO ,,,65 9838 4047,,,,INFO@SERIOUSLYKETO.COM, kueh@seriouslyketo.com,,Live Company
5255,201723621W,FAT FAT BALL PTE. LTD.,FAT CHAP SG ,,,65 6836 5994,,,,,,,Live Company
5257,200309740H,DARUMA PTE. LTD.,DARUMA RAMEN HOUSE,,,65 9181 8231,,,,joel.chia@finexis.com.sg,,,Live Company
5259,201927200R,VATOS URBAN MIX PTE. LTD.,VATOS URBAN TACOS,,,65 8263 6977,65 6385 6010,,,info@vatossg.com,,,Live Company
5264,52936878A,NIQQI'S THE CHEESE PRATA SHOP,NIQQI’S THE CHEESEPRATA ,,,65 9692 9441,,,,,,,Live
5265,201728228W,HEY DINGDONG PTE. LTD.,HEY LONG CHA ,,,65 9688 4079,,,,,,,Live Company
5267,201700115K,THUS COFFEE PTE. LTD.,THUS COFFEE (COLD CALL) ,,,65 8171 9983,,,,,,,Live Company
5272,53041373J,GOOD CHANCE POPIAH EATING HOUSE,GOOD CHANCE POPIAH ,,,65 6271 0698,,,,cai_yongxing@yahoo.com.sg,,,Live
5279,201818926D,RASA ISTIMEWA RESTAURANT @ SAFRA JURONG PTE. LTD.,RASA ISTIMEWA RESTAURANT @ SAFRA JURONG4 OUTLETS ,Serena Toh ,,65 6877 9339,,,,rasaistimewajurong@gmail.com,,,Live Company
5281,200604069Z,SEA CUISINE PTE. LTD.,SEA CUISINE (PAY LATER- EPOINT) ,,,65 9654 6389,,,,kenny@seacuisine.com.sg,,,Live Company
5283,202311450R,THE SG WINERY PTE. LTD.,THE WINERY TAPAS  BAR,,,65 9321 5554,,,,michael@thewinery.com.sg,,,Live Company
5287,202100932D,I-CHIRASHI PTE. LTD.,CHRIRASHI AI  (LEAD),,,65 8292 2422,,,,,,,Live Company
5294,201903462C,BT PTE. LTD.,BT BRANDS SDN BHD,Marcus Low,Executive Director,60 175373333,,,,marcus@btbrands.com.my,,,Live Company
5295,53413815B,THE NAIL PRIME,THE PRIME SOCIETY,,,65 6474 7427,,,,arielle@portico.sg,,,Live
5298,202331923Z,NUDE SEAFOOD (WATER) PTE. LTD.,NUDE SEAFOOD AT MARINA ONE ,,,65 9646 0384,,,,junchen@flocgroup.com,,,Live Company
5302,53507471M,MY OPPA,OPPA CHICKEN ,,,65 6221 5217,,,,oppachicken@outlook.com,,,Live
5306,53476815J,GONG CHA ASIA,GONG CHA SINGAPORE ,,,65 9832 8421,,,,junyi@gong-cha-sg.com,,,Live
5309,201202027E,OUE RESTAURANTS PTE. LTD.,OUE RESTAURANTS - SMARTPAY + SMARTTERMINAL,,,65 9644 8526,,,,wensheng.seah@ouerestaurants.com,,,Live Company
5311,201837258C,OLA MALL INVESTMENT MANAGEMENT PTE. LTD.,OLA COCINA DEL MAR,,,65 6604 7050,,,,ola@ola.kitchen,,,Live Company
5317,53459250C,3 MINS COFFEE SINGAPORE,- 3 MINS COFFEE SINGAPORE - +65 8666 0320,Sharlene Yeo ,,65 8666 0320,,,,ywlsharlene@gmail.com,,,Live
5318,201006597E,ALCHEMY BISTRO PTE. LTD.,ALCHEMY BISTRO PTE LTD @ SG -- MARKET RESEARCH 2022, ,,65 8333 2444,,,,,,,Live Company
5324,201627004Z,TIAN BAO PTE. LTD.,TIAN BAO SZECHUAN KITCHEN ,,,65 6734 4216,65 6266 5688,,,,,,Live Company
5326,201218309C,INDOCHILI CATERING & SUPPLY PTE. LTD.,INDOCHILI SG ,,,65 6445 1766,,,,james@indochili.com,,,Live Company
5327,201917187C,THOSE DAYS PTE. LTD.,THOSE DAYS YONG TAU FOO ,,,65 8571 2565,,,,,,,Live Company
5333,200921077H,PIEDRA NEGRA PTE. LTD.,PEDRA NEGRA,,,65 6291 1748,,,,aileen@blujaz.net,,,Live Company
5337,201831431K,ASTONS BRO PTE. LIMITED,ASTONS ,,,65 9638 8488,,,,heinz_iten@astons.com.sg,,,Live Company
5340,201425215M,THE SUCRE PEOPLE PTE. LTD.,THE SUCRE PEOPLE PTE LTD NON CHAIN @ SG,James Tan ,,65 6221 3969,,,,enquiries@madaboutsucre.com,,,Live Company
5342,53309760J,MULTI FOOD SUPPLY,MULTIFOOD SUPPLY ,,,65 9061 5461,,,,op.multifood@gmail.com,,,Live
5353,200603317C,DA CHANG JIN KOREAN HOT STONE BBQ PTE. LTD.,8 KOREAN BBQ,,,65 9299 5391,65 8692 1188,65 8692 1188,,admin@8stepsholding.com, questions@8koreanbbq.com,,Live Company
5357,201525868Z,TAKAGI RAMEN PTE. LTD.,TAKAGT RAMEN,Hengyang Kai,,65 8344 4717,,,,,,,Live Company
5359,201214618C,SOPRA GINZA PTE. LTD.,SOPRA CUCINA & BAR,,,65 6737 3253,,,,-,,,Live Company
5360,53340457J,STAR,STAR CINNAMON,,,65 9100 3803,,,,ongchin@singnet.com.sg,,,Live
5361,201415888D,REFUEL CAFE & EATERY PTE. LTD.,REFUEL CAFE,,,65 6448 0015,,,,robert,,,Live Company
5367,53407197W,WESTERN EMPIRE 80,WESTERN EMPIRE 80 @ MARINE PARADE CENTRAL,Ng Shan Wei ,,65 8698 2568,,,,grillmasterjaguar24@gmail.com,,,Live
5369,200204636C,MORETIN PTE. LTD.,MORETTINO CAFE - AMOL DAVE,,,65 9388 5404,,,,hello@morettinocafe.com,,,Live Company
5370,51580000K,TASVEE RESTAURANT,"TASVEE RESTAURANT - WA ISH ADDRESS +65 8130 7135 :454 GEYLANG RD, SINGAPORE 389413",,,65 8130 7135,,,,,,,Live
5371,53241978B,A LITTLE CAKESHOPPE,A LITTLE CAKESHOPPE,,,65 9687 9122,,,,info@alittlecakeshoppe.com,,,Live
5373,201939689E,TAM JAI (SINGAPORE) PTE. LTD.,TAMJAI(SINGAPORE)PTE.LTD ,,,65 8333 4978,,,,parmodverma843@gmail.com,,,Live Company
5374,201218351W,ERWIN PTE. LTD.,ERWIN'S GASTROBAR (ST) ,,,65 6634 8715,65 6634 8715,65 9777 8071,,raymond.ho@erwins.com.sg, enquiries@erwins.com.sg, clawrence@ponte-group.com,Live Company
5375,201600048D,NINJA BOWL PTE. LTD.,NINJA BOWL ,,,65 6222 8055,,,,,,,Live Company
5379,201319317M,ELSIE'S KITCHEN CATERING SERVICES PTE. LTD.,ELSIE'S CATERING ,,,65 9430 3230,,,,sales@elsiekitchen.com.sg,,,Live Company
5380,201732998H,WESTERN MAHUA PTE. LTD.,WESTERN MA HUA LA MIAN,,,86 13811420043,,,,13811420129@163.com,,,Live Company
5383,202200170Z,SG MR KOPI PRIVATE LIMITED,SG MR MOOKATA @ SG - . ISH,,,65 8282 4097,,,,,,,Live Company
5386,37613900E,IZAKAYA NIJUMARU RESTAURANT,IZAKAYA NIJIMARU ,,,65 6235 6693,,,,,,,Live
5388,201843301H,SHAN DONG CAI GUAN PTE. LTD.,SHAN DONG CAI GUAN (SMARTTERMINAL) ,,,65 8500 0538,,,,zhaobo@gmail.com,,,Live Company
5395,201400025W,O BAR PTE. LTD.,OBAR BY HJ BISTRO ,,,65 9150 8771,,,,general.obar@gmail.com,,,Live Company
5407,202028071R,FIRST STREET PTE. LTD.,STANADALONE CAFE ,Lim ,,65 8100 0772,,,,,,,Live Company
5421,53102955K,CHINA WHAMPOA HOME MADE NOODLE,CHINA WHAMPOA HANDMADE NOODLES ,,,65 9625 6692,,,,namwahfoods@gmail.com,,,Live
5423,201617041Z,HYDRO POWTECH SINGAPORE PTE. LTD.,HYDRO POWTECH SINGAPORE PTE LTD ,,,65 8938 0005,,,,alberttian@hydropowtech.com.sg,,,Live Company
5425,201108331K,NUEVO ASIA CAPITAL PTE. LIMITED,NUEVO CAFE ,,,65 9669 0699,,,,,,,Live Company
5429,200700494Z,KOI CAFE GROUP (S) PTE. LTD.,KOI CAFÉ,,,1 7984445154,,,,stevenshaan@koicoms.com,,,Live Company
5433,202206940R,MINI GROUP PTE. LTD.,MIND GROUP - NIRUPAM SAHAY,,,852 68271475,,,,nirupamsahay@hotmail.com,,,Live Company
5438,201411116E,JEW KIT @ KILLINEY PTE. LTD.,JEW KIT RESTAURANT @ KILLINEY,,,65 9384 7213,,,,florence@jewkit.com.sg,,,Live Company
5439,53458679A,TORA HACHI,TORA HACHI JAPANESE GRILL & RESTAURANT,,,65 9067 3489,,,,ikushiya@gmail.com,,,Live
5442,201500961Z,MISS LOI PTE. LTD.,MISS LOK ,,,65 6604 8814,,,,,,,Live Company
5444,53461779D,BIG SISTER BRAND,BIG BRAND SATAY BAR ,,,65 8613 3133,,,,hi@bigbrand.sg,,,Live
5447,201529202R,THE GENTLEBROS PTE. LTD.,GENTLE BROS ,,,65 6221 8695,,,,chill@gentlebroscafe.com,,,Live Company
5448,201610086K,WRS PTE. LTD.,WRS ,,,65 6277 7250,,,,tiongleng.tan@sg.panasonic.com,,,Live Company
5451,200611021K,PRASAN PTE. LTD.,PARASAN,Praveen ,Boss,91 98841900000,,,,Praveen.phhs@gmail.com,,,Live Company
5452,201538210H,DEHESA PTE. LTD.,DEHESA,,,65 6221 7790,,,,reservations@dehesa.com.sg,,,Live Company
5459,200821283D,NOMURA DESIGN & ENGINEERING SINGAPORE PTE. LTD.,NOMURA DESIGN & ENGRG - CRISTABEL CHANG,,,65 9646 6687,,,,cristabel.chang@nomuradesign.sg,,,Live Company
5466,201507700W,FLOWER CITY LOUNGE PTE. LTD.,FLOWER LOUNGE RESTAURANT ,,,65 9877 6066,,,,dengh2111@gmail.com,,,Live Company
5468,53403093M,EAT AT MY KITCHEN,MY KITCHEN AT TANJONG KATONG ,,,65 8247 2729,,,,,,,Live
5476,53466716C,HALIM RESTAURANT,HALIA RESTAURANT SINGAPORE,,,65 6287 0711,,,,gavinchen@thehalia.com,,,Live
5481,201105610H,CAFE PAL PTE. LTD.,CAFE PAL MODERN THAI,,,65 6333 5400,,,,victor@cafepal.com.sg,,,Live Company
5482,202136922D,HELLO CONCEPTS PTE. LTD.,HELLO CONCEPTS PTE LTD @ SG -- MARKET RESEARCH 2022,Colin ,,65 9061 6454,,,,colin@hellocollectivegroup.com,,,Live Company
5483,201625078Z,SHIJI (SINGAPORE) PTE. LTD.,SHIJI (SINGAPORE) PTE. LTD. (POS PARTNER),,,65 9618 2012,,,,roger.huang@shijigroup.com,,,Live Company
5492,200406512W,EN GROUP PTE. LTD.,EN GROUP- SW+SC+CRM ,,,65 9117 4293,,,,jamie@endiningbars.com,,,Live Company
5493,201908673R,GIN KHAO PTE. LTD.,GIN KHAO - . KIOSK . - 97267198,,,65 9726 7198,,,,        royston@micro2000.com.sg,,,Live Company
5496,201332252R,ARCADE BAR PTE. LTD.,CUSCADEN BAR MING ARCADE,,,65 6725 3377,,,,manhattan.rsn@fourseasons.com,,,Live Company
5497,200108022Z,TWG TEA COMPANY PTE. LTD.,TWG TEA ,,,65 6383 1837,,,,,,,Live Company
5508,53239158J,XING HE JIA TRADING,JIA HE XING DUMPLING SG ,,,65 6970 7663,65 8655 7158,,,jiahexing.sg@gmail.com,,,Live
5511,202311450R,THE SG WINERY PTE. LTD.,THE WINERY TAPAS BAR ,,,65 8262 3365,,,,Ailing@thewinery.com.sg,,,Live Company
5518,201735794E,KUCINA ITALIAN CATERING PTE. LTD.,KUCINA ITALIAN RESTAURANT (SMARTWEB) ,,,65 6493 2154,,,,gero@kucinaitalian.com,,,Live Company
5523,202241110M,GOSSIP BAR PTE. LTD.,CLUB GOSSIP,,,65 9681 1052,,,,ClubGossipSG@gmail.com,,,Live Company
5525,201503639N,TIMBRE + PTE. LTD.,TIMBRE+ ART HOUSE SW,,,65 6338 8277,,,,pauline.low@timbregroup.asia,,,Live Company
5529,201223242W,TENGALA ENTERPRISE PTE. LTD.,TENGAWA WHITE CURRY ,,,65 9823 6393,,,,bob_1113@hotmail.com,,,Live Company
5538,53486246B,SERGIO LUSSO,SERGIO'S CAKE SHOP ,,,61 297588777,,,,aarontan@hotmail.com,,,Live
5543,201329126D,PAPRIKA & CUMIN PTE. LTD.,PAPRIKA & CUMMINS,,,65 9003 3106,,,,floyd@pnc.sg,,,Live Company
5548,201543404E,SAUTE PTE. LTD.,SAUTE SAN @ CITY SQUARE MALL,,,65 9007 5507,,,,saute.sales@gmail.com,,,Live Company
5553,200907018E,7TH MILE COFFEE PTE. LTD.,7TH MILE SEAFOOD ,,,65 6466 0833,,,,info@7thmilecoffeeshop.com.sg,,,Live Company
5556,201543525R,KOMA PTE. LTD.,KOMA (INFOGENESIS) ,,,65 9105 0392,,,,mehmet.turkmen@marinabaysands.com,,,Live Company
5558,53035184J,LAGNAA,LAGNAA...BARE FOOT DINING,,,65 6296 1215,,,,barefootdining@lagnaa.com, kristabel.quek@gmail.com,,Live
5559,53203569X,KI KI KA KA SHOP,KI-SHO,,,65 6733 5251,,,,chen@ki-sho.com.sg,,,Live
5566,202446373Z,HAINAN CHICKEN RICE SG PTE. LTD.,SG HAINAN SECOND STREET PTE LTD 2 OUTLETS @ SG,,,65 9773 6311,,,,jerry@redginger.com.sg,,,Live Company
5574,53453554B,ROLLIE,ROLLIE OLIE SG ,,,65 8188 1520,,,,,,,Live
5590,52801542K,JUST THE PLACE,JUST THE PLACE BISTRO ,,,65 9777 9546,,,,joanne_fang@yahoo.com,,,Live
5591,200904991M,FAT FISH F & B PTE. LTD.,FAT FISH STEAMBOAT ,,,65 6582 2922,65 9899 7320,,,ponlim@yahoo.com.sg,,,Live Company
5594,201732998H,WESTERN MAHUA PTE. LTD.,WESTERN MAHUA 西部马华牛肉面 ,,,65 8946 9580,,,,,,,Live Company
5599,53497910J,&JERRY,JERRY BBQ & GRILL ,,,65 6323 4550,,,,alhakam333@gmail.com,,,Live
5616,200609290K,BOSSES RESTAURANT PTE. LTD.,BOSSES RESTAURANT - BLACK SOCIETY -,,,65 6376 9740,,,,,,,Live Company
5617,200301894Z,TAM KAH SHARK'S FIN PTE. LTD.,TAM KAH SHARKS FIN @ SG--2 OUTLETS,Lee ,,65 9189 8878,,,,	sales@tamkahsharksfin.com,,,Live Company
5621,200916218R,HUNAN TRADITIONAL CUISINE PTE. LTD.,HUNAN TRADITIONAL ,,,65 9088 0382,,,,yuyao-mi@hotmail.com,,,Live Company
5626,201728854Z,CO CONCEPTS PTE. LTD.,CO-CONCEPTS PTE LTD : YINJI @ FAR EAST SQUARE,,,65 9745 7834,,,,finance@minorfoodsingapore.com, joanne_koh@coconcepts.com.sg,,Live Company
5630,53447658M,THE GREAT FIT,THE FIT FACTORY GROUP,,,65 8222 0282,,,,derrickgoh@thefitfactorygroup.com,,,Live
5632,201426569Z,GUKSU PTE. LTD.,GUKSU RESTAURANT,,,65 6334 7950,,,,danny.guksu@gmail.com,,,Live Company
5635,201934147W,JINSA PTE. LTD.,JINSA GALBI (COLD CALL),,,65 9137 8891,,,,,,,Live Company
5641,202034418G,PIN XIN SG PTE. LTD.,SG XIN JI PORRIDGE PTE LTD 3 OUTLETS SAPAAD . @ SG - WEB. TO SG,,,65 9485 5585,,,,sqtjohn1117@gmail.com,,,Live Company
5648,202500696N,LAILA'S CAFE PTE. LTD.,NAM 'S CAFE,,,65 9383 0419,,,,namscafe@gmail.com,,,Live Company
5653,52923711C,THE FRENCH STALL,THE FRENCH STALL BISTROT,,,65 9712 5563,,,,thefrenchstall@gmail.com,,,Live
5654,202108120D,WW HOTPOT F&B PTE. LTD.,"WW HOTPOT @ SG -- SG TO SG
", ,,65 9008 0180,,,,,,,Live Company
5655,202236548Z,LE MATIN PTE. LTD.,LE MATIN SW ST ,,,65 8355 7764,,,,john@benjaminbarker.com.au,,,Live Company
5657,200911456M,SALAD STOP PTE. LTD.,SALADSTOP  ,,,65 6735 4487,,,,ryan.lawrence@saladstop.com.sg, info@saladstop.com.sg,,Live Company
5658,202134566G,WINE LIKE THAT PRIVATE LIMITED,THAT WINE BAR ,,,65 9114 1988,,,,mingfye@hotmail.com,,,Live Company
5660,52860439B,MORTON'S OF CHICAGO - THE STEAKHOUSE,MORTON'S  THE STEAKHOUSE,,,65 6339 3740,,,,sblagden@ldry.com,,,Live
5661,202216231K,KEBABS FAKTORY PTE. LTD.,KEBABS FAKTORY (AYER RAJAH CRESCENT) ,,,65 8751 0249,,,,kelly@geniecollective.sg,,,Live Company
5662,202302200C,KOLE (SG) PTE. LTD.,KELE SG ,,,65 6560 1249,,,,info@kele.sg,,,Live Company
5667,201616315M,AMORE PTE. LTD.,AMORE RESTAURANT GROUP (AMO PASTA),,,65 6802 8287,,,,Chanlala@yahoo.com.hk,,,Live Company
5669,202304238Z,KRAPOW FOOD GROUP PTE. LTD.,KRAPOW THAI (SW ),,,65 9011 3472,,,,von.krapow@gmail.com,,,Live Company
5672,53099837L,"FOREST DEW RESTAURANT, VEGETARIAN",FOREST DEW RESTURANT (COLD CALL) ,,,65 6293 9579,,,,,,,Live
5673,200516457K,SOUTH COAST PTE. LTD.,SOUTH COAST BISTRO & BAR,,,65 6688 7600,,,,enquiries@southcoast.com.sg,,,Live Company
5674,201113260Z,JIGGER & PONY PTE. LTD.,JIGGER & PONY PTE LTD @ SG -- MARKET RESEARCH 2022,Gan Guoyi,,65 6221 5561,,,,guoyi@jiggerandpony.com,,,Live Company
5678,201810804K,BREAD YARD PTE. LTD.,BREAD YARD (SMARTTERMINAL) ,,,65 9237 9810,,,,Ivan@grangecollective.com.sg,,,Live Company
5679,202411854C,BALZAC CAPITAL PTE. LTD.,BALZAC BRASSERIE & BAR,,,65 6336 0797,,,,ben@balzacbrasserie.com,,,Live Company
5680,201916016K,BUKIT MERAH VIEW KWAY CHAP PRIVATE LIMITED,BUKIT MERAH VIEW FISHBALL MINCED MEAT NOODLE,Zacc Na,,65 9152 5566,,,,zaccl@outlook.com,,,Live Company
5681,201901380W,SG EVENTS MANAGEMENT PTE. LTD.,SG DOSIRAK 2 OUTLETS . KIOSK . @ SG,,,65 9897 4433,,,,ahhui0430@icloud.com,,,Live Company
5684,53229822E,BURNT ENDS,BURNT ENDS BAKERY ,,,65 8200 9153,,,,dexter@burntends.com.sg,,,Live
5689,201611974D,YTEAMS PTE. LTD.,YTEA ,,,65 9669 8716,,,,,,,Live Company
5691,53438172C,FORK SPOON TRAVEL,ONE FORK TWO STICK KITCHEN,,,65 9730 0470,,,,,,,Live
5698,200102485H,SAKURA FAMILY RESTAURANT PTE LTD,SAKURA INTERNATIONAL BUFFET RESTAURANT ,,,65 6368 8197,,,,,,,Live Company
5700,201605112R,BIG BANG SEABREEZE PTE. LTD.,BIG BANG SEA BREEZE PTE LTD,,,65 9877 3038,,,,yuansong@olabeachclub.com,,,Live Company
5704,198903055W,BARA PTE LTD,BARA, ,,65 8321 6771,,,,NA ,,,Live Company
5708,202434271M,FULL OF LUCK PTE. LTD.,FULL LUCK CLUB ,,,65 6208 6845,,,,hello@fullofluck.club, hilda.tan.sg@gmail.com,,Live Company
5710,202108837N,CHEZ SUZETTE PTE. LTD.,SUZETTE ,,,65 9652 5092,,,,imsuzette.sg@gmail.com,,,Live Company
5712,201129398R,PENANG CULTURE PTE. LTD.,PENANG CULTURE - PASIR RIS,,,65 8138 3828,,,,ricky.lim@GDgroup.com.sg, ap@neogroup.com.sg,,Live Company
5717,53258291L,PHIN'S CATERING SERVICES,PHINS CATERING SERVICES COUNTER ORDER TAKE AWAY,Goh Dorothy ,,65 9618 5050,,,,"phins.dorothy@gmail.com

 
",,,Live
5719,200910763Z,A THOUSAND TALES PTE. LTD.,A THOUSAND TALES (CLOSED),,,65 9819 8722,,,,gerry@athousandtales.com,,,Live Company
5724,53407658X,RUMI THE POET'S CUP,RUMI THE POETS CUP @ SG -- MARKET RESEARCH 2022,Syahruramadhan Syahruramadhan,,65 9238 5628,,,,rumithepoetscup@gmail.com,,,Live
5727,201737195C,PAPI'S TACOS PTE. LTD.,PAPI’S TACOS - SEAH STREET ,,,65 9857 7725,,,,Akhi@papistacos.com,,,Live Company
5731,40629200X,WEE NAM KEE HAINANESE CHICKEN RICE RESTAURANT,WEE NAM KEE CHICKEN RICE (JURONG POINT) SG ,,,65 6251 8236,,,,jjexcellent.baoshi@gmail.com,,,Live
5735,201327766H,THE BOILER PTE. LTD.,THE BOILER - ESPLANADE ,,,65 6909 3435,,,,Malcolm.hong@theboiler.com.sg,,,Live Company
5736,201543404E,SAUTE PTE. LTD.,SAUTE SUSHI SMART TERMINAL,,,65 9184 6992,,,,saute.sales@gmail.com,,,Live Company
5737,53422009J,J 5-SENSES,5 SENSES RESTAURANT ,,,65 9297 7353,,,,5sensesbistro@gmail.com,,,Live
5742,201320268D,DON DAE BAK PTE. LTD.,DON DAE BAK RESTAURANT ,,,65 9466 9775,,,,,,,Live Company
5744,202107830C,YORK CO SG PTE. LTD.,SG YORK HOTEL SINGAPORE @ MOUNT ELIZEBETH - . TO SG,,,65 9686 0607,,,,zhilin.yeaw@yorkhotel.com.sg,,,Live Company
5749,53174208C,BRINDAS DELIVERY & CATERING,BRINDAS (INQUIRY) ,,,65 9185 3360,,,,info@brindas.com.sg,,,Live
5751,202423680W,TOP TEN GROUP (S) PTE. LTD.,TOP TEN GROUP ,Wesly Wirjadi,Owner,62 811324039,,,,Wesleywirjadi@gmail.com,,,Live Company
5753,201701760D,RE:TERRA PTE. LTD.,"RE: WALAKU @ SG--SG TO SG
",,,65 9138 4753,,,,"
walaku.sg@gmail.com",,,Live Company
5755,201602630D,VOUCH SG PTE. LTD.,VOUCH SG -- (5-9OUTLETS)-,Venessa Tan ,,65 9179 7972,,,,venessa@vouch.sg,,,Live Company
5756,53000537M,MUN TING XIANG TEA HOUSE,MUN TING XIANG TEAHOUSE,,,65 9794 9518,,,,muntingxiang.teahouse@gmail.com,,,Live
5758,202401861D,BAI GONG PREMIUM LOUNGE PTE. LTD.,GONG LOUNGE,,,65 8393 2216,,,,laurent@icesentosa.sg,,,Live Company
5765,201717604M,TRUNK KITCHEN & BAR PTE. LTD.,TRUNK BAR & BISTRO SG ,,,65 8828 9892,,,,,,,Live Company
5784,201931125C,KIND KONES PTE. LTD.,KIND KONES (COLD KNOCK) ,,,65 9152 8855,,,,,,,Live Company
5787,201501553G,CETUS HUMPBACK SHIPPING PTE. LTD.,HUMBACK,,,65 6750 4461,,,,info@humback.sg,,,Live Company
5788,199500028N,POLAR PUFFS & CAKES PTE LTD,POLAR PUFFS,Chan Kok Yew,Chairman,65 9670 2035,,,,kokyew.chan@polarpuffs.com.sg,,,Live Company
5793,201736824G,AVOMIN PTE. LTD.,AVOMIN SG ,,,65 9881 0378,,,,avominsg@gmail.com,,,Live Company
5796,201826183R,BHAI BIRIYANI PTE. LTD.,BHAI BIRYANI SDN BHD @ SG,Mohamed Mubarak ,,60 165454275,,,,"bhaibiryani.sb@gmail.com
",,,Live Company
5801,202218583M,THE WEARY ANZAC BISCUIT COMPANY PTE. LTD.,THE WEARY ANZAC,,,65 9626 3495,,,,info@wearyanzac.com,,,Live Company
5805,201901307M,MAD SET PTE. LTD.,MAD NEST ,,,65 6348 6861,,,,jerome@madnest.sg,,,Live Company
5806,200304879W,THE WINE COMPANY PTE. LTD.,THE WINE COMPANY @ DEMPSEY RD,,,65 6479 9341,,,,belinda@thewinecompany.com.sg,,,Live Company
5810,202039193M,RENGA PTE. LTD.,RENGA-YA HOUSE OF JAPANESE CHARCOAL BBQ ,,,65 9793 3573,,,,renga-ya@superdining.com.sg,,,Live Company
5813,201910201N,SG LIFE CONCEPTS PTE. LTD.,SG LIFE CONCEPTS PTE LTD ,,,65 9010 1085,,,,crystalzatswipe@gmail.com,,,Live Company
5816,201107092W,FLYTECH (SINGAPORE) PRIVATE LIMITED,FLYTECH - CHEN OLIVIA,,,886 287914988,,,,oliviachen@flytech.com.tw,,,Live Company
5817,53215859L,GELATO COTTAGE,GELATO COTTAGE,,,65 6337 7148,,,,ask@gelatocottage.com,,,Live
5818,53375147X,JIN YU MAN TANG,JIN YU MAN TANG DESSERT ,,,65 8028 6618,,,,,,,Live
5824,53430007C,XI YAN SEAFOOD,XI YAN SEAFOOD (COLD CALL),,,65 8931 6647,,,,,,,Live
5826,53309760J,MULTI FOOD SUPPLY,MULTIFOOD SUPPLY,Kim Tan ,,65 9186 1180,,,,op.multifood@gmail.com,,,Live
5829,201207368M,VIOLET OON INC. PTE. LTD.,VIOLET OON SINGAPORE ( 5 LOCATIONS) SG ,,,65 9834 9935,,,,eat@violetoon.com,,,Live Company
5833,199704982H,OTTO BUILD (S) PTE LTD,OTTO'S DELI FRESH ,,,65 6694 3291,,,,hazel@ottosdelifresh.com,,,Live Company
5836,201216329N,MENYA KOJI (S) PTE. LTD.,MENYA SANJI KAGOSHIMA RAMEN ,,,65 6604 8891,,,,,,,Live Company
5839,200402181M,THE PUMP ROOM PTE. LTD.,THE PUMP ROOM,,,65 9114 4348,,,,,,,Live Company
5847,53481981L,THE BUTTE STUDIO,BUTTER STUDIO ,,,48 656294711,,,,hello@thebutterstudio.com,,,Live
5852,202032640N,FANG TIAN PTE. LTD.,TIAN FANG PAVILION. 天方阁私房菜 ,,,65 9876 2888,,,,,,,Live Company
5854,201820811H,DAE YANG STRAPS PTE. LTD.,DAE. BAPS ,,,65 9363 8046,,,,,,,Live Company
5855,53021467M,INLE MYANMAR RESTAURANT,INLE MYANMAR ,,,65 6333 5438,,,,contact@inlemyanmar.com.sg,,,Live
5856,201508862G,STRALA SG BY J&S PTE. LTD.,SGRALA MARCA ,,,65 8218 8198,,,,augustine@la-marca.com,,,Live Company
5857,200609442W,SWL CAPITAL PTE. LTD.,SWRL WINE BAR CAFE,,,65 8660 6040,,,,swrlsg@gmail.com,,,Live Company
5861,201801252D,HARARU IZAKAYA PTE. LTD.,HARARU IAZAKAYA PTE LTD ,,,65 9169 0734,,,,leslie.ong@harrys.com.sg,,,Live Company
5862,202112169M,FOBE ASIA PTE. LTD.,FOBE ASIA,,,65 9237 0214,,,,jamiencole@fobeasia,,,Live Company
5865,201804190G,FIVE OARS COFFEE ROASTERS PTE. LTD.,FIVE OARS (COLD CALL) ,,,65 9184 6184,,,,,,,Live Company
5869,201806877M,LITTLE ELEPHANT PTE. LTD.,LITTLE ELEPHANT SG THAI BISTRO,Alfrede Chong Alfrede Chong,,65 9889 0988,,,,feedback@littleelephant.sg,,,Live Company
5872,53317672K,"CAPRI BY FRASER CHINA SQUARE, SINGAPORE",CAPRI BY FRASER CHANGI,,,65 6933 9833,,,,alex.chong@capribyfraser.com,,,Live
5873,53461379M,JULIETT KILO COMMUNICATIONS,KILO AT PACT,,,65 6884 7560,,,,orchard@kilokitchen.com,,,Live
5876,200602934E,ASIA CUISINE.COM PTE. LTD.,COMO CUISINE ,,, 6518003046688,,,,comocuisineres@comodempsey.sg,,,Live Company
5880,200714462D,L.K. MAJU RESTAURANT PTE. LTD.,LK MAJU,,,65 6299 5990,,,,,,,Live Company
5882,201218309C,INDOCHILI CATERING & SUPPLY PTE. LTD.,INDOCHILI,,,65 9027 1999,,,,james.harto@indochili.com,,,Live Company
5884,198702184R,LEI GARDEN RESTAURANT PTE LTD,LEI GARDEN,,,65 6222 3679,,,,chijmes@leigarden.asia,,,Live Company
5890,42917400D,HUA YUAN CONFECTIONERY,HUA YUAN CONFECTIONERY,,,65 9772 6476,,,,rickyphua6476@gmail.com,,,Live
5891,201134907N,G5 F & B PTE. LTD.,G5 F&B  (ENQUIRY),,,65 8798 0755,,,,,,,Live Company
5895,200907618M,TAK ZI INVESTMENT PTE. LTD.,TAK KESAH RESTAURANT @ SG,Lee ,,60 172512122,,,,NA ,,,Live Company
5900,53319078M,TAKE-OUT SALAD,TAKEOUT SALAD  (LEAD),,,65 9166 0531,,,,,,,Live
5901,53319078M,TAKE-OUT SALAD,TAKE-OUT SALAD,,,65 9335 4333,,,,cs@takeoutsalad.com,,,Live
5902,53510017E,JJ THAI KITCHEN,SALA THAI KITCHEN ,,,65 6334 7848,,,,salathaikitchen@yahoo.com,,,Live
5903,202534518Z,GREAT NANYANG GLOBAL PTE. LTD.,"NAME GREAT NANYANG, SELLING COFFEE, TOAST AND ALL DAY MENU @ SG",See ,,65 8753 1850,,,,,,,Live Company
5904,53281938A,BISTRO 86,BISTRO BOWL ,,,65 9022 0012,,,,,,,Live
5907,202039506H,YS FNB PTE. LTD.,YS FNB (INQUIRY) ,,,65 9637 8941,,,,,,,Live Company
5918,201509128R,LAO HUO TANG GROUP PTE. LTD.,LAO JIANG SUPERIOR SOUP 2 OUTLETS - . KIOSK . 2 OUTLETS [WA CHAT - 1 27PM 5TH SEP],,,65 8887 7520,,,,,,,Live Company
5921,00397700E,SIN WAH,SIN WAH KITCHEN ,,,65 8399 6805,,,,,,,Live
5923,201510653D,CARUSO VENTURES PTE. LTD.,CARUSO ,,,65 6469 7508,,,,info@caruso.sg,,,Live Company
5925,201230353E,TALENT TRADER GROUP PTE. LTD.,TALENT TRADER GROUP - JASMINE LAYUGAN,,,65 6876 7999,,,,jasmine.layugan@talenttradergroup.com,,,Live Company
5926,200720778W,UDDERS PTE. LTD.,UDDERS ICE CREAM @ SG,Wei Li ,,65 9424 4567,,,,weili@udders.com.sg,,,Live Company
5935,202451136H,BOTANY PTE. LTD.,BOTANY (INQUIRY),,,65 9077 7599,,,,,,,Live Company
5939,201231478R,HENG XU (OLD CHENGDU) RESTAURANT PTE. LTD.,OLD CHENGDU SICHUAN CUISINE RESTAURANT,,,65 6222 6858,,,,oldchengdu.sg@gmail.com,,,Live Company
5942,201406614Z,TINGKAT PTE. LTD.,TINGKAT PERMAKAN SG ,,,65 9099 4141,,,,enquiry@peramakan.com,,,Live Company
5945,53483166D,XIANG WEI HUNAN CUISINE,XIANG XIANG HUNAN CUISINE @ SG - 2023 . CALL .,Mr. Ling ,,65 8129 9370,,,,,,,Live
5946,200721949R,KKO KKO NA RA PTE. LTD.,KKO KKO CHICKEN BAR ,,,65 6391 9717,,,,kkokko.sg@gmail.com,,,Live Company
5947,202217169W,YE OLDE HOLDINGS PTE. LTD.,YE OLDE HOLDINGS PTE. LTD.,,,65 8102 7290,,,,jun@yeoldecow.com,,,Live Company
5948,53501436L,POP OF POPPIES,POPPIES BISTRO BAR,,,65 6445 4405,,,,emma@poppies.com.sg,,,Live
5954,201836006K,GO CHECKMATE PTE. LTD.,GO CHA BAR QSR ,,,65 9777 9644,,,,maxkeeinternational@gmail.com,,,Live Company
5955,201700519M,THE TOP SEAFOOD PTE. LTD.,THE SEAFOOD KRUB ,,,65 9376 8096,,,,,,,Live Company
5960,202222101K,BEE HIANG SG SEA FOOD PTE. LTD.,SG BEER BASKET @ SG - UPPER SERANGOON ROAD,,,65 9622 1979,,,,william@beerbasket.sg,,,Live Company
5962,200702419E,COCOBA PTE. LTD.,COCOBAY INDIAN CUISINE,,,65 9321 4858,,,,,,,Live Company
5964,53420352C,SPARK LAUNCHPAD,SPARK LAUNCHPAD PARTNERSHIP . @ SG,Patrick Ng ,,65 9873 4301,,,,"patrick.ng@sparklaunchpad.sg
",,,Live
5965,200403500N,OCTAPAS PRIVATE LIMITED,OCTAPAS  SPANISH TAPAS BAR,,,65 6837 2938,65 9732 4435,,,joy@octapasasia.com, henny@octapasasia.com,,Live Company
5970,202133826D,THE BLACK SAMPAN PTE. LTD.,THE SAMPAN SG ,,,65 6732 1698,,,,info@thesampan.sg,,,Live Company
5974,53392931L,MAK'S BRIDAL & BEAUTY,MAK'S NOODLE @ VIVOCITY ,,,65 9116 5891,,,,westgate@maksnoodle.sg,,,Live
5976,53417194W,CLEAN,CLEAN ADDICTS ,,,65 9635 3003,,,,hicleanaddicts@gmail.com,,,Live
5981,53393673W,RUMOURS BEACH CLUB,RUMOURS BEACH CLUB (PAY LATER - RAPTOR) ,,,65 9776 9190,,,,info@rumours.com.sg,,,Live
5982,201101035R,CUGINO PTE. LTD.,CUGINI TRATTORIA PIZZERIA  (PANEVINO PTE LTD -MANGIATUTTO GROUP)  ,,,65 6221 3791,,,,gerri.cugini@gmail.com,,,Live Company
5984,199702636M,THE BAKERY DEPOT PTE LTD,THE BAKERY DEPOT PTE LTD,Mah Mun Khong ,,65 8181 9764,,,,allanmah@bakdepot.com,,,Live Company
5988,53119709C,BILLY'S LIMOUSINE AGENT,BILLY'S WESTERN URGENT @ SG ,Na ,,65 8768 8587,,,,,,,Live
5991,53360009W,OH MY MANGO,OH MY MANGO ,,,65 9066 0426,,,,Darwinkoh@gmail.com,,,Live
5997,201113013Z,RAMEN CHAMPION PTE. LTD.,RAMEN CHAMPION & HOKKAIDO PARADISE ,,,65 8118 7306,,,,chantel_lua@komarsgroup.com,,,Live Company
6002,202330196H,SONG FA RESERVE PTE. LTD.,SONG FA RESERVE (SQ & SW ),,,65 9067 0865,,,,leonard.goh@songfa.com.sg,,,Live Company
6008,201105350R,GROUP THERAPY COFFEE PTE. LTD.,GROUP THERAPY COFFEE PTE LTD - WEILIN LOH,,,65 9743 7573,,,,weilin.loh@gtcoffee.com,,,Live Company
6016,201423039Z,SICHUAN CHEF PTE. LTD.,SI CHUAN CHEF SG ,,,65 6679 1763,,,,admin@sichuan.com.sg,,,Live Company
6018,53387200J,XI YAN SEAFOOD RESTAURANT,YAN XI RESTAURANT (INQUIRY),,,65 9724 9825,,,,,,,Live
6022,201225830D,YECHUN XIAO JIANG NAN RESTAURANT GROUP PTE. LTD.,YECHUN XIAO JIANG NAN,,,65 6333 4038,65 6538 3968,,,,,,Live Company
6025,202021855R,FAMCO AML MANAGEMENT PTE. LTD.,FIMCO MANAGEMENT SDN BHD,,,81 321482811,,,,cherie.wong@fimco.com.my,,,Live Company
6026,199307755H,SENTOSA LEISURE MANAGEMENT PTE. LTD.,SENTOSA LEISURE MANAGEMENT PTE. LTD ,,,65 8727 7179,,,,see_cher_siong@sentosa.com.sg,,,Live Company
6027,202432487G,G.R.A.I.L. SG PTE. LTD.,SG L&R CATERING PTE LTD @ SG - +65 9118 0713,,,65 9118 0713,,,,adoyciatpqx@hotmail.com,,,Live Company
6030,53417717D,BEAN,BEAN POT CHICKEN ,,,65 6543 6566,,,,,,,Live
6034,200403500N,OCTAPAS PRIVATE LIMITED,OCTAPAS SPANISH BAR AND RESTAURANT @ SG,Joy Jallorina,,65 9770 9489,,,,joy@octapasasia.com,,,Live Company
6037,201110162W,DIAMOND KITCHEN PRIVATE LIMITED,DAIMOND KITCHEN ,,,65 6448 0629,,,,reservation@diamondkitchen.com.sg,,,Live Company
6038,53033299W,BREAD JUNCTION,BREAD JUNCTION ,,,65 9070 9096,,,,ken@gmail.com,,,Live
6039,202420683C,FOUR GULF POINTS PTE. LTD.,FOUR POINTS EATERY SG ,,,65 6349 4872,,,,reservation@fourpointssingaporeriverview.com,,,Live Company
6041,53397095D,GLC RESTAURANT,RESTAURANT 121 ,,,65 6382 2275,,,,,,,Live
6043,201943248E,MIZNON PTE. LTD.,MIZNON (COLD KNOCK) ,,,65 8872 8391,,,,,,,Live Company
6049,201218435K,DREAMS ESTABLISHMENT PTE. LTD.,DREAMS ESTABLISHMENT @ SG-,Evelyn Ng,,65 6222 2972,,,,evelyn@dreamsestablishment.com,,,Live Company
6050,200713798N,PICOTIN PTE. LTD.,PICOTIN EXPRESS ,,,65 9125 2994,,,,,,,Live Company
6058,201540819C,SG STYLE PTE. LTD.,STYLEZ PTE LTD @ SG - SG . TO SG EATS365 .,,,65 9111 9450,,,,ryito2@gmail.com,,,Live Company
6059,201733479W,TIONG BAHRU YONG TAO HU PTE. LTD.,YONG TAO HU ,,,65 9239 4934,,,,,,,Live Company
6068,4FINGERS,4FINGERS PTE. LTD.,4FINGERS CRISPY CHICKEN ,,,65 6338 0631,65 9697 3443,,,feedback@4fingers.com, dave@4fingers.com,,Live Company
6070,53319078M,TAKE-OUT SALAD,TAKE-OUT SALAD ,,,65 9337 8418,,,,cs@takeoutsalad.com,,,Live
6071,202028088E,GREAT RIVER SMARTER LOGISTICS (SINGAPORE) PTE. LTD...,SINGAPORE - SMARTQR FOR VIBE BISTRO (REVISED) QUOTE 1129,,,65 9824 2823,,,,wilson@fullcircleholding.com,,,Live Company
6073,53294980C,BIRDIE NUM NUM,BIRDIE NUM NUM GASTRO BAR SG ,,,65 8133 5666,,,,birdienumnumgastrobar@gmail.com,,,Live
6074,53478869J,OBBA,OBBA KOREAN RESTAURANT,,,65 6463 9262,,,,,,,Live
6076,53475913X,XIANG CAO TANG,XIANG CAO YUNAN  (COLD KNOCK),,,65 8511 0631,,,,,,,Live
6077,201212643M,NIVEKEN PTE. LTD.,NIVEKEN ,,,65 6434 3826,,,,joting@niveken.com,,,Live Company
6081,53292555J,ZAFFRON KITCHEN,ZAFFRON KITCHEN @ EAST COAST ,,,65 6440 6786,65 9424 2706,65 6844 1852,,info@zaffronkitchen.com, prem@firstgourmet.com, info@zaffronkitchen.com,Live
6086,200409509K,NATURE 2000 PTE. LTD.,NATURE 2000 PTE LTD (INQUIRY) ,,,65 8684 4552,,,,jytan@nature2000.com.sg,,,Live Company
6088,201712890K,JUSTIN WEE & ASSOCIATES PTE. LTD.,JUSTIN FLAVOURS OF ASIA SG ,,,65 6688 7722,,,,just.in@justinquek.com,,,Live Company
6098,200000386H,THE HEALER MEDICAL PRACTICES PTE LTD,THE FLAMESHACK SG ,,,65 6440 9705,,,,sales.theflameshack@gmail.com,,,Live Company
6105,200608824R,SHIN KUSHIYA PTE. LTD.,KUSHIYA JAPANESE GRILL,,,65 6275 8766,,,,kelvin.lau@shinkushiya.com,,,Live Company
6106,201502226N,OH MA SPOON PTE. LTD.,OH SUN KOREAN FOOD,,,65 9049 0838,,,,koryo@singnet.com.sg,,,Live Company
6114,202443511C,SG VIET PTE. LTD.,SG VIE5 (S) PTE. LTD. @ SG - WEB. TO SG,,,65 8820 0151,,,,anthony.nvh@vie5.com.sg,,,Live Company
6116,201835852K,LOTUS THAI PTE. LTD.,LOTUS THAI KITCHEN ,,,65 8781 3009,,,,,,,Live Company
6120,201935738Z,DASHI PTE. LTD.,DASHI MASTER MARUSAYA ,,,65 6732 0383,,,,t.nagano@marusaya.sg,,,Live Company
6125,53413400M,STRAITS CAT CLAN,STRAITS CLAN SOCIAL CLUB ,Minali Na ,,65 8793 2263,,,,minali_oommen@straitsclan.com,,,Live
6128,53483079W,CITA RASA AZIE,CITA RASA KITCHEN ,,,65 6758 5888,,,,,,,Live
6132,201721958D,MYO RESTOBAR PTE. LTD.,RESTAURANT @ OXLEY TOWER SG,Sam ,,65 9236 0994,,,,,,,Live Company
6133,53340471A,CHIC-A-BOO CHICKEN SPECIALTY,CHIC A BOO,,,65 8100 8859,,,,Lili_ng@astons.com.sg,,,Live
6137,201805838R,HOUSE OF NB PTE. LTD.,HOUSE OF GIMBAP ,,,65 6837 0765,,,,,,,Live Company
6140,201426680C,THE CLIFFORD SPA PTE. LTD.,THE CLIFFORD PIER ,,,65 6597 5266,,,,,,,Live Company
6144,53407777C,CRAFT WINE.BISTRO ALL DAY BAR,CRAFT BISTRO,,,65 6467 7710,,,,hello@crafgtbakery.com.sg, crafthv@gmail.com,,Live
6146,201903033R,ALLADIN PTE. LTD.,ALLADINS BRIYANI ,Faayiz - ,,65 9380 0239,,,,faayizali1@gmail.com,,,Live Company
6147,200601852W,ICHIGO PTE. LTD.,ICHIHO F&B PTE LTD SG ,,,48 682028168,65 9855 6862,,,ichihofb@gmail.com, katatsufb@gmail.com,,Live Company
6150,201321255N,EXALTA PTE. LTD.,EXALT PTE LTD1 OUTLET, ,,65 9797 2714,,,,,,,Live Company
6153,202233228C,MAHADA PTE. LTD.,MAHADYA,Afzal Ahmed,Head of F&B,62 81314423025,,,,afzal.ahmed@mahadya.co.id,,,Live Company
6156,200603043M,ZAK CORP. (S.G.) PTE. LTD.,ZARK'S FOOD VENTURES CORP.,Rafael Kris D. G. Reyes,Marketing Manager,63 9176365373,,,,krisparsley.zarksburgers@gmail.com,,,Live Company
6163,201721958D,MYO RESTOBAR PTE. LTD.,MYO RESTROBAR,Ang Chong Ngan ,,65 8369 6499,,,,angchongngan@gmail.com,,,Live Company
6165,53491289C,YONO,ICE YODO ,Che ,,65 9820 2602,,,,cwsparklej@gmail.com,,,Live
6166,200503267G,TENSHIN TRADING PTE. LTD.,TENSHIN RESTAURANT ,,,65 6735 4588,65 6735 4588,,,tenshinrest@gmail.com,,,Live Company
6169,201424198R,WINNIE PTE. LTD.,WINNIE'S SG ,,,65 9652 5358,,,,hello@winnies.sg,,,Live Company
6174,201630261R,J.B. AH MENG RESTAURANT PTE. LTD.,JB AH MENG RESTAURANT ( GEYLANG) ,,,65 9144 2022,,,,,,,Live Company
6178,201623780N,TIAN XIANG WANG PTE. LTD.,TIANG XIANG WANG TIAN XIANG WANG & CENTRAL KITCHEN OUTLET., ,,65 8930 9938,,,,,,,Live Company
6179,201800321M,SEAR MGT PTE. LTD.,SEAR,,,65 6221 9555,,,,Yvonne@hiddendoor.com.sg,,,Live Company
6196,53436331L,CKE TRANSPORT,CKE CARL'S JR. RESTAURANT ,,,60 195113080,,,,sngea@ckr.com,,,Live
6199,53194486K,LUKE'S OYSTER BAR AND CHOP HOUSE,LUKE'S OYSTER BAR  CHOP HOUSE @ GEMMILL LANE,,,65 8125 0420,,,,chris@tmrg.com.sg,,,Live
6201,200602934E,ASIA CUISINE.COM PTE. LTD.,COMO CUISINE (COLD KNOCK),,,65 8275 0936,,,,,,,Live Company
6208,202423847M,THE EMO BROTHERS PTE. LTD.,THE EMOS,,,65 6440 0113,,,,emos.eastcoast@gmail.com,,,Live Company
6209,201024391N,PERFECT TREATS PTE. LTD.,PREFECT TREATS SDN BHD ,,,60 126161324,,,,ryan_poh@morganfields.com,,,Live Company
6210,200702717G,SIMPLY SANDWICH PTE. LTD.,SIMPLY SANDWICH,,,65 8282 3235,,,,simplysandwichtt@gmail.com,,,Live Company
6211,202025556H,MY MUMS KITCHEN PTE. LTD.,MY MUMS MEAL ,,,65 9027 0847,,,,,,,Live Company
6214,202112662H,GO INBOUND PRIVATE LIMITED,INBOUND LEADSOLO RISTORANTE  (COLD KNOCK),,,65 9134 3167,,,,angelalyx@live.com,,,Live Company
6216,201417664W,SUPER DARIO LASAGNE PTE. LTD.,SUPER DARIO LASAGNE CAFE (COLD CALL) ,,,65 9151 2196,,,,,,,Live Company
6217,53284046A,XIN YUE SPORT SERVICES TRADING ENTERPRISE,XIN YUE CANTONESE RESTAURANT ,,,65 6235 8854,,,,,,,Live
6218,53243158L,KINKI,KINKI RESTAURANT & BAR,,,65 6830 6830,,,,enquiry@kinki.com.sg,,,Live
6220,53198968B,CHEF'S HATS,CHEFS HATS ,,,65 9479 9101,,,,,,,Live
6223,53458869K,MUUGU STUDIOS,MUUGU FORK! ,,,65 6292 7363,,,,contact@muugu.com,,,Live
6232,198905296C,DA PAOLO GROUP PTE. LTD.,DA PAOLO GROUP --. FOR . WEB SOLUTIUONS, ,,65 9847 7970,,,,https://www.dapaolo.com.sg/home,,,Live Company
6238,53250330M,THE HOTEL LOT,REGAL HOTEL ,,, 28373150,,,,kathy.ma@regalhotel.com,,,Live
6239,198702350D,KAZU SUMIYAKI RESTAURANT PTE LTD,KAZU SUMI YAKI RESTAURANT,,,65 9630 9574,,,,kazushi@singnet.com.sg,,,Live Company
6241,53384765J,OWN BAK KUT TEH AND PIG'S ORGAN SOUP,OWNS 1 CAFE AND 1 MORE TO OPEN SOON ,Sutarsa Tanu,President Director,1 2131996133,,,,sutarsa@watchworldindonesia.com,,,Live
6249,201502930D,UNCLE HO PTE. LTD.,UNCLE HO TUCKSHOP ,,,65 9624 5791,,,,sales888@unclehostuckshop.com,,,Live Company
6251,201814276Z,SI WEI CC PTE. LTD.,SI WEI CUISINE ,,,65 6221 6836,,,,emyli0930@gmail.com,,,Live Company
6252,53168740J,SHINAGI,SHINAGI ,,,65 9340 3891,,,,iwan.golf@yahoo.com,,,Live
6253,201711702G,ATTICA CAR LEASING PTE. LTD.,ATTICA BAR,,,65 6333 9973,,,,krishnant@attica.com.sg,,,Live Company
6255,202427065E,NIAN RESTAURANT FISH SOUP PTE. LTD.,SOUP RESTAURANT- SMARTCONNECT ,,,65 6645 9326,,,,,,,Live Company
6259,53439458B,JAMIES CRAFTS,JAMIES ITALIAN SG ,,,65 6733 5500,,,,enquiries@jamiesitalian.sg,,,Live
6263,200816608W,ENG WAH GLOBAL PTE. LTD.,ENG WAH GLOBAL PTE LTD,,,65 9855 0769,,,,athaliaho@engwah.com.sg,,,Live Company
6276,201601719N,SOUPER TANG SINGAPORE PTE. LTD.,SOUPER TANG ,,,65 6737 6772,,,,roy@soupertang.sg,,,Live Company
6279,53485696M,NANYANG FRIED CHICKEN RICE,NANYANG CHICKEN SG ,,,65 9002 2500,,,,ken@nanyangsauce.com,,,Live
6288,201712748Z,PASTA E FORMAGGIO PTE. LTD.,PASTA E FORMAGGIO @ OXLEY TOWER,,,65 8752 2100,,,,chefanup@ymail.com,,,Live Company
6290,53476815J,GONG CHA ASIA,GONG CHA (SINGAPORE) PTE LTD,Sujataquek Zhen Rui,Assistant Supply Chain Manager,65 6200 2288,,,,sujata.quek@gong-cha-sg.com,,,Live
6294,201717440K,SO GOOD BAKERY PTE. LTD.,SO GOOD BAKERY ,,, 8268666,,,,jennifer@sogoodbakery.com,,,Live Company
6296,201333585G,THEHEYCO PTE. LTD.,THEHEYCO- SMARTWEB + SMARTCONNECT,,,65 9338 7773,,,,shaun@theheyco.com,,,Live Company
6297,201727713G,HUGGS BRAND PTE. LTD.,HUGGS-EPIGRAM @ SINGAPORE,Kala Mishra ,,65 9450 9148,,,,kala@mishlei.com.sg,,,Live Company
6304,202432941D,GREYBOX KATONG (SINGAPORE) PTE. LTD.,GREYBOX CAFE ,,,65 9128 2081,,,,,,,Live Company
6305,53474720E,BEAUTY BAR BY BEVERLYN CHONG,8 BAR (CHONG QING GRILL FISH) ,,,65 9068 1878,,,,jonathan.soh@8ightbar.com,,,Live
6307,T19LL0815A,NYA BESAR KITCHEN LLP,NYAM NYAM KITCHEN ,,,65 6344 1224,,,,nyamyamkitchen@gmail.com,,,Live
6308,53475264X,HONEYMOON,HONEYMOON DESSERT,,,65 8613 3688,,,,petter.zhu@multiconceptslink.com,,,Live
6312,201604194D,BARASHITEI PTE. LTD.,BARASHI-TEI ,,,65 9798 2961,,,,,,,Live Company
6313,201510517C,JOSEPHINE CHONG LLC,JOSEPHINE – FRENCH CUISINE & WINE BAR (SMARTTERMINAL) ,,,65 9107 5941,,,,othmane@ascepartners.com,,,Live Company
6314,202021339C,CHONGQING PREMIUM GRILLED FISH PTE. LTD.,CHONG QING GRILLED FISH,,,65 6333 9148,65 6225 0087,65 6298 0454,,info@8ightbar.com,,,Live Company
6315,201933792W,ADDICTUDE PTE. LTD.,ADDICTUDE (INQUIRY) ,,,65 8881 9485,,,,addictude@addictudesg.com,,,Live Company
6318,53115439D,HANASHIZUKU JAPANESE CUISINE,HANASHIZUKU ,,,65 6733 7498,,,,hanashizukurestaurant.com,,,Live
6320,T24LL1229B,BAOMAKER LLP,BAO MAKERS BAR SG ,,,65 6291 2330,,,,contactus@baomakers.com,,,Live
6327,201707620R,BIBIKGOURMAND PTE. LTD.,BIBIGO,,,65 9777 8245,,,,jeffery@cj.net,,,Live Company
6332,200616118K,SUNNYCHOICE PTE. LTD.,SUNNY CHOICE ,,,65 6272 3138,,,,info@sunnychoice.com.sg, info@sunnychoice.com.sg,,Live Company
6333,201623289Z,KEBABCHI F&B PTE. LTD.,"KEBABCHI CHARCOAL BBQ
","Bilal
 Ur Rehman
",,65 9067 1070,,,,"b.urrehman@gmail.com
",,,Live Company
6337,201616138C,GLOBOTIX PTE. LTD.,GLOBOTIZ ,Annie Chia ,,65 9730 0375,,,,annie@globotix.sg,,,Live Company
6338,T13LL0439A,W-39 BISTRO LLP,W39 BISTRO & BAKERY,,,65 9092 5015,,,,contact@w39bistro.com,,,Live
6340,201230550C,GOODWOOD HOLDING PTE. LTD.,GOODWOOD HOLDING PTE LTD (INQUIRY) ,,,65 9023 7766,,,,shawnthamwk@gmail.com,,,Live Company
6342,201433422G,BRASEIRO PRIVATE LIMITED,BRASEIRO RESTAURANT,David Na,,65 9116 3304,,,,,,,Live Company
6347,200005756K,HARBOURFRONT CENTRE PTE. LTD.,HORBOURF RONT CENTRE,,,65 6238 0511,65 6904 9568,,,,,,Live Company
6360,T17LL0764G,THE SNACK KORNER LLP,THE SNACK COMER ,Kenny Leong ,,65 9385 2414,,,,kenny@tsk.com.sg,,,Live
6365,201531377C,HATTENDO SINGAPORE PTE. LTD.,HATTENDO CAFE  (KIOSK),,,65 8451 0055,,,,hsg_info@hattendo.net,,,Live Company
6366,199403289R,ANDERSEN'S OF DENMARK (ASIA) PTE LTD,ANDERSEN'S OF DENMARK ICE CREAM,,,65 6846 9555,65 6634 2308,65 6634 2308,,,,,Live Company
6369,53425302D,YAKINIKU-GO,YAKINIKU WARRIOR ,,,65 9236 6352,,,,yakinikuwarrior89@gmail.com,,,Live
6376,200300719C,PEPERONI PTE. LTD.,PEPERONI (LES AMIS GROUP) ,,,65 6884 7737,,,,peperonifeedback@lesamis.com.sg,,,Live Company
6392,202141780E,BREAKFASTGRILL PRIVATE LIMITED,BREAKFAST GRILL @ SG , ,,65 8612 8807,,,,,,,Live Company
6398,200600921G,HYANGTOGOL (KOREAN RESTAURANT) PTE. LTD.,HYANG TO GOL RESTAURANT,,,65 6220 7160,,,,hyangtogol@hyangtogol.com,,,Live Company
6400,199307830D,TENDERFRESH FRIED & BBQ CHICKEN PTE LTD,TENDERFRESH CLASSIC ,,,65 9067 3050,,,,kelvin.chua@tenderfresh.com.sg,,,Live Company
6403,198201458K,YAKINIKU DAI DO MON (PTE) LTD,YAKINIKU DAIDOMON ,,,65 6356 7577,,,,,,,Live Company
6405,202525771G,GOLDENSPOON COLLECTION PTE. LTD.,THE GOLDEN SPOON SEAFOOD BEACH ,,,65 6536 2218,,,,,,,Live Company
6406,202330325W,SONGBIRDS BAR & BISTRO PTE. LTD.,SONG BIRDS BAR & BISTRO ,,,65 8670 1438,,,,na@gmail.com,,,Live Company
6419,201820919K,XPERIENCE DMC PRIVATE LIMITED,XPERIENCE RESTAURANT ,,,65 6701 6800,,,,,,,Live Company
6420,S92FC4395F,PT. FREEPORT INDONESIA,PT CARTENZ TECHNOLOGY INDONESIA,Daniel W. Alim,Chairman,62 2129772929,,,,alim@cartenz.co.id,,,Live Company
6421,201430923C,ALTERNATIVE SELECTION PTE. LTD.,ALTERNATIVE SELECTION PTE LTD ,,,65 6817 4624,,,,juno@alternative.sg,,,Live Company
6422,199300048M,NAKAJIMA SUISAN (ASIA) PTE. LTD.,NAKAJIMA SUISAN ,,,65 6686 2361,,,,,,,Live Company
6426,200516298D,HIGHLANDER BAR PTE. LTD.,HIGHLANDER BAR & RESTAURANT,,,65 6235 9528,,,,louie@highlanderasia.com,,,Live Company
6429,202215146G,COBISTRO PRIVATE LTD.,COO BISTRO ,,,65 6221 7060,,,,silas@staycoo.com,,,Live Company
6432,T17LL0379F,YUMMO CHOW LLP,YUMMOCHOW ,,,65 9827 1173,,,,yummochow@gmail.com,,,Live
6437,T13LL0439A,W-39 BISTRO LLP,W39 BISTRO AND BAKERY ,Beiyi - ,,65 8113 7056,,,,beiyi.l@outlook.com,,,Live
6439,202008917Z,PRASANNA'S PTE. LTD.,PRASANA'S ,,,65 6861 0363,,,,,,,Live Company
6440,201601751W,HEIJOUEN SG PTE. LTD.,HEIJOEN ,,,65 6538 2981,,,,heijouen-sgg@outlook.jp,,,Live Company
6442,200720670R,RISTORANTE PIETRASANTA PTE. LTD.,PIETRASANTA,,,65 6479 9521,,,,finance@acs-sea.com.sg,,,Live Company
6443,201627512D,VESPETTA RESTO PTE. LTD.,VESPETTA ITALIAN RESTAURANT ,,,65 8221 4676,,,,vespettagastrobar@gmail.com,,,Live Company
6446,T20LL0397C,FUYOU LIMITED LIABILITY PARTNERSHIP,FUYOU LIMITED LIABILITY PARTNERSHIP,,,65 9181 3362,,,,meu.enquiry@gmail.com,,,Live
6450,T05LL1103B,AYASOFYA LLP,AYASOFYA TURKISH RESTAURANT @ SG, ,,65 8171 2115,,,,,,,Live
6453,201420738C,ACCORDONS ENTERPRISE (SINGAPORE) PTE. LTD.,"PACE ENTERPRISE @ SINGAPORE -- SG TO SG
",Kenley Goh ,,65 9111 9050,,,,"kenley.goh@pacenow.co
",,,Live Company
6454,201623289Z,KEBABCHI F&B PTE. LTD.,KEBABCHI CHARCOAL BBQ (ST) ,,,65 8333 0109,,,,essarem_61@hotmail.com,,,Live Company
6463,53459241D,BRAAIPITT,BRAAIHUT,Dharmesh Bhula,Development manager, 64220218997,,,,dharmeshbhula@braai-hut.com,,,Live
6466,T21LL1316G,SAHNMUSHA YAKIBAR LIMITED LIABILITY PARTNERSHIP,YAKIBABAR ,,,65 9880 1311,,,,,,,Live
6471,T18LL0328A,LVL2 BISTRO LLP,PANDA BISTRO,,,65 8942 8742,,,,luhui0812@outlook.com,,,Live
6476,202442222E,SALTHOUSE HOLDINGS PTE. LTD.,MALTHOUSE,,,65 9299 5673,,,,jeremy@easterncraft.com,,,Live Company
6481,202505381E,PERCOLATE PTE. LTD.,PERCOLATE CHOCOLATE (COLD KNOCK),,,65 9663 9171,,,,,,,Live Company
6483,201102685D,FOUNTAIN INVESTMENT HOLDINGS PRIVATE LIMITED,FOUNTAIN HOT POT ,,,65 6848 5010,,,,,,,Live Company
6485,T09LL1303D,BUTTERCAKENCREAM LIMITED LIABILITY PARTNERSHIP,BUTTERCAKE N CREAM,,,65 6777 3477,,,,info@buttercakencream.com,,,Live
6487,T21LL0856B,JAMGROUP LLP,JAP GROUP,Joseph Shyu,Managing Director ,66 818328411,,,,Teljjb2b@yahoo.com,,,Live
6488,T16LL1240L,HARMONY HUT INTERNATIONAL FOOD LIMITED LIABILITY P...,HARMONY HUT INTERNATIONAL FOOD LLP ,,,65 9459 1367,,,,harmonyhut@hotmail.com,,,Live
6490,201830539R,BETTERONE GARMENTS PTE. LTD.,BUTTERO,,,65 6438 7737,,,,,,,Live Company
6491,201531377C,HATTENDO SINGAPORE PTE. LTD.,DORSETT SINGAPORE (HOTEL),Kenneth Koh,IT Manager,65 9238 8625,,,,kenneth.koh@dorsetthotels.com,,,Live Company
6492,200921403N,TOMIZUSHI INTERNATIONAL PTE. LTD.,TOMI SUSHI,,,65 6333 4633,65 6238 1123,,,sgp-katong@tomizushi.com;-,,,Live Company
6494,201227608R,PENTAGON GROUP PTE. LTD.,PENTAGON GROUPSG 12 OUTLETSPENTAGON GROUP PTE LTD @ SG LEVELFIVE SOLUTION . - . FORM,,,65 9106 8949,,,,kaelyngohhh@gmail.com,,,Live Company
6500,202104118M,WINGSTOP (SINGAPORE) PTE. LTD.,WINGSTOP WISTERIA,,,65 8448 6178,,,,vt@simplywrapps.com,,,Live Company
6504,47245200B,KILLINEY KOPITIAM,KILLINEY KOPITIAM SG (PRINCIPAL),,,61 396635818,,,,sonia@killiney-kopitiam.com,,,Live
6510,201832003M,SARASOLAR TECHNOLOGIES PTE. LTD.,SGRAPOLAR ,,,65 6216 3517,,,,,,,Live Company
6511,200010635R,ASCENDAS PTE LTD,ASCENDAS FUSIONOPOLIS ,,,65 9796 2028,,,,aikbing.tan@ascendas-singbridge.com,,,Live Company
6513,200517371M,SHANGHAI FAMILY RESTAURANT PTE. LTD.,SHANGHAI FAMILY ,,,65 6848 4530,,,,enquiries.shanghaifamily@gmail.com,,,Live Company
6514,202109055W,HANNIBAL SHIPPING PTE. LTD.,HANNIBAL ,,,65 6732 7550,,,,,,,Live Company
6515,T25LL0256K,OMOTEN LLP,OMOTÉ SG ,,,65 9452 1521,,,,hello@omote-sg.com,,,Live
6516,202215456D,YORIMICHI PTE. LTD.,YORIMACHI YAKITORI ,,,65 8399 0587,,,,midnightyaki@gmail.com,,,Live Company
6519,T08LL0275L,THE BROWN YEAST LLP,THE YEAST SIDE @ SG, ,,65 9070 5911,,,,,,,Live
6520,T18LL2077F,NINE TALES CONSULTING LLP,NINE.TALES.TEA SG ,,,65 6970 1169,,,,,,,Live
6521,201021934H,LIMONCELLO PTE. LTD.,LIMONCELLO PIZZA & GRILL ,,,65 6634 5117,,,,limoncellosg@gmail.com,,,Live Company
6523,201212755C,KATANASHI SINGAPORE PTE. LTD.,KATANASHI JAPANESE TAPAS BAR,,,65 6533 0490,65 9710 7034,,,nishimura.katanashi@gmail.com,,,Live Company
6535,T18LL2077F,NINE TALES CONSULTING LLP,NINE TALES TEA ,,,65 9026 6385,,,,,,,Live
6536,53155864M,SHIROKANE TORITAMA,TORITAMA ,,,65 6836 5680,,,,murakami@orihara-net.co.jp,,,Live
6545,202018609D,MORIMORI YOGASHI PTE. LTD.,MORI MORI YOGASHI @ SG-,Jing Yo Yi ,,65 9845 8246,,,,toh_jing_yi@yahoo.com.sg,,,Live Company
6553,T12LL0207G,PIETRO RISTORANTE ITALIANO  LLP,PEITRO RISTORANTE ITALIANO,,,65 6484 5528,,,,peter.peitro@gmail.com,,,Live
6555,53155149X,ISTANBUL GRILL'S AND CAFE,ISTANBUL MEZZE & GRILL SG ,,,65 6592 3385,,,,istanblue.sg@gmail.com,,,Live
6558,24836000X,ORIGINAL CHIEW KEE NOODLE HOUSE,CHIEW KEE NOODLE HOUSE ,,,65 6221 3531,,,,info@chiewkee.com,,,Live
6567,53425302D,YAKINIKU-GO,YAKINIKU HOKKIADO @ SINGAPORE,Shinya ,,65 9786 3540,,,,yakinikuhokkiadosingapore@gmail.com,,,Live
6568,202304319Z,OMNIVORE PTE. LTD.,OMNIVORE & LOCAL COFFEE PEOPLE - SK ,,,65 9499 9911,,,,hello@everybotty.com,,,Live Company
6569,202228356R,HEARTLAND BREW PTE. LTD.,HEARTLAND BREW PTE. LTD.,Alexander Kho,,65 8757 6848,,,,alex_access@hotmail.com,,,Live Company
6579,201431090D,BRUNCHES PTE. LTD.,BRUNCHERS CAFE  (COLD CALL),,,65 8319 7938,,,,,,,Live Company
6583,53503161X,SUSHITECH,SUSHITEI,,,60 123168005,,,,andrewkong@sushitei.com.my,,,Live
6589,201106099W,YUANXING CHAOZHOU RESTAURANT PTE. LTD.,YUAN XING CHAO ZHOU RESTAURANT ,,,65 6298 3179,,,,yuanxingchaozhou@singnet.com.sg,,,Live Company
6590,201533054M,WILDFIRE BURGERS PTE. LTD.,WILDFIRE BURGERS SINGAPORE (SAVOURWORLD),,,65 9665 6038,65 9838 1837,,,Michel.li@revolverasia.com, jason.tan@revolverasia.com,,Live Company
6592,201212920W,TABSQUARE PTE. LTD.,SINGAPORE - TABSQUARE'S  FOR BIRYANI CONCEPTS PTE LTC QUOTE 715,,,65 9021 9764,,,,sales@mrbiryanisg.com,,,Live Company
6593,52803003E,YAKINIKUTEI GODAIMON,YAKINIKUTEI AO-CHAN (GODAIMON KUIDORAKU PTE LTD),,,65 6735 6457,,,,chie78@mbox1.ntti.net.sg,,,Live
6600,201417044E,ALTITUDE HOLDINGS PTE. LTD.,ALTITUDE HOLDINGS ,Ron Koh ,,65 9107 8513,,,,ron.koh@altitudeholdings.com.sg,,,Live Company
6602,T07LL0669D,ART FOR THE MASSES LLP,THE MASSES RESTAURANT ,,,65 9824 4300,65 6266 0061,,,dylanong888@gmail.com, enquiry@themasses.sg,,Live
6603,53019225W,TOYNTOYS.COM,TOMNTOMS COFFEE PTE LTD ,,,65 8655 8645,65 9863 6434,,,singapore@tomntoms.com.sg,,,Live
6605,201609942R,FUJISOBA INTERNATIONAL PTE. LTD.,FUJI SOBA ,,,65 6235 1720,,,,yandou@fujisoba.asia,,,Live Company
6606,200206256C,SANGEETHA BHAVAN RESTAURANT PTE. LTD.,SANGEETHA BHAWAN,,,65 6296 0059,,,,info@sangeethabhavan.com,,,Live Company
6607,53336846D,GRISSINI,GRISSINI ITALIAN ,,,65 6733 0880,,,,enquiry@grandcopthorne.com.sg,,,Live
6612,202450330R,DRAFTCRAFT PTE. LTD.,DRAFT & CRAFT,,,65 8482 3630,,,,keira@draftandcraft.sg,,,Live Company
6614,199408968D,ABR SWENSEN'S PTE. LTD.,SWENSENS / ABR HOLDINGS,Keith Chua,Executive Chairman,65 9819 7313,,,,keith@abr.com.sg,,,Live Company
6615,202321899C,SANPOUTEI SINGAPORE PTE. LTD.,SANPOUTEI RAMEN ,,,65 8608 1878,,,,casperrong13@gmail.com,,,Live Company
6619,201431943D,OBERSTRASSE 31 PTE. LTD.,OBERSTRASSE CAFE ,,,65 9325 8892,,,,limleyan@hotmail.com,,,Live Company
6623,53347840E,YAKINIKU JAN JAN,YAKINIKU AOCHAN ,,,65 9780 7218,,,,,,,Live
6625,201937684W,BEANSPARTY DESSERT PTE. LTD.,BEANS PARTY DESSERTS PTE LTD,,,65 9792 2972,,,,admin@beansparty.com, gimong@gmail.com,,Live Company
6627,43101900B,BASILICO,BASILICO @ REGENT SINGAPORE,,,65 6732 3202,,,,,,,Live
6633,201816349C,FIRST GRILL PTE. LTD.,SPICE GRILL,,,65 6222 2921,,,,singh.k@spicegrill.sg,,,Live Company
6634,T07LL0669D,ART FOR THE MASSES LLP,THE MASSES ,,,65 6266 0061,,,,enquiry@themasses.sg,,,Live
6635,T13LL0686J,SWIFTLET ECO GARDEN LLP,CANOPY GARDEN DINING,,,65 6556 1533,,,,events@deliinthepark.com.sg,,,Live
6636,197301477D,GANEN PTE. LTD.,GANEN EQUITY ,,,65 6846 9951,65 9679 3940,,,info@ganen.asia, gengfanbianwo@gmail.com,,Live Company
6638,S92FC4395F,PT. FREEPORT INDONESIA,PT PUYO INDONESIA KREASI,Adrian Agus,CEO,62 81316655330,,,,adrian@puyodesserts.com,,,Live Company
6642,53155149X,ISTANBUL GRILL'S AND CAFE,ISTANBLUE MEZZE & GRILL HOUSE ,,,65 9858 8190,,,,ekadakal@yahoo.com,,,Live
6646,202126647C,RIPPLETS PTE. LTD.,RIPPLETS (EPOINT) ,,,65 8168 1868,,,,Eslynn@ripplets.tech,,,Live Company
6652,201507099H,CHATERAISE (SINGAPORE) PTE. LTD.,CHATERAISE (COLD KNOCK) ,,,65 9030 9321,,,,,,,Live Company
6653,T23LL0554C,OKRA BY SWG LLP,OKRA BY SWG LLP @ SG - +65 9474 1162 - VIA GOOGLE SEARCH,,,65 9474 1162,,,,,,,Live
6654,202306342N,SLIPPERY SLOPE PTE. LTD.,SLIPPERY SLOPE @ SG - BISTRO - SG WEB . TO SG,,,65 9856 0796,,,,hello@slipperyslopesg.com,,,Live Company
6658,201212920W,TABSQUARE PTE. LTD.,SINGAPORE - TABSQUARE'S SMART WEB FOR HAVE FUN KARAOKE QUOTE 828,,,65 8218 0206,,,,terence@goodwillsg.com,,,Live Company
6660,202408515N,LABREEZE PTE. LTD.,LABREZZA ,,,65 6506 6884,,,,,,,Live Company
6663,202528031D,PAPERCUT LABS PTE. LTD.,PUPPERCUT - RUTH RUTH,,,65 9788 1214,,,,hello@puppercut.com,,,Live Company
6667,201303859C,SHABESTAN PTE. LTD.,SHABESTAN  (COLD KNOCK),,,65 8633 0936,,,,,,,Live Company
6668,53390484J,LILASBLOOMS,LILASBLOOMS,,,65 9069 3870,,,,lilasblooms@gmail.com,,,Live
6671,201108524Z,BOULEVARD RESIDENCES PTE. LTD.,BOULEVARD RESTOBAR,,,65 9137 4054,,,,cat@blvd.sg,,,Live Company
6674,53334730X,WONDERLAND,WONDERLAND CAFE (COLD CALL),,,65 8631 0633,,,,,,,Live
6675,T17LL0922K,BUTA KIN LLP,BUTA RAMEN ,,,65 9696 7303,,,,press@butaramen.com,,,Live
6680,202347591E,NINETEEN FORTYONE PTE. LTD.,"FORTYNINE @ SG -- INCOMING CALL . TO SG
",Na ,,65 9092 1993,,,,,,,Live Company
6681,T19LL1432F,BELLE PALATA LLP,PALATA SINGAPORE,,,65 6499 8991,,,,,,,Live
6683,200411423D,PEACHWOOD & CO PTE. LTD.,PEACEHOOD PTE LTD,,,65 9739 5782,,,,Ssara373@gmail.com,,,Live Company
6694,201800545K,ORIENTAL CHINESE MEDIA PTE. LTD.,ORIENTAL CHINESE RESTAURANT ,,,65 9628 6175,65 6227 7769,,,yvonne@sgit4.biz,,,Live Company
6696,201311512R,CHIPSLEY'S WORLD PTE. LTD.,CHOPSUEY CAFE,,,65 9224 6611,,,,contact@pscafe.com,,,Live Company
6697,53475773A,APPLEYARD RAIL,JAPAN RAIL CAFE ,,,65 6536 1357,,,,daryl@jreast.sg,,,Live
6698,202326467E,FRUITFUL COLLAB PTE. LTD.,FRUITFUL COLLAB PTE LTD FOODCOURT @ SG,Raymond ,,65 8117 7505,,,,ha2ards@ymail.com,,,Live Company
6699,201841550W,SOCIETEA PTE. LTD.,SOCIETEA (BENCOOLEN) ,,,65 9088 3379,,,,societeasingapore@gmail.com,,,Live Company
6704,201531677E,MELLOWER COFFEE (SINGAPORE) PTE. LTD.,MELLOWER ,,,65 9791 6387,,,,,,,Live Company
6705,201901311Z,BINOMIAL PTE. LTD.,BINOMIO  ,,,65 9758 6471,,,,,,,Live Company
6718,T20LL0768C,NENDA LLP,NENDA RESTAURANT,Na ,,65 9221 0045,,,,,,,Live
6719,53508794B,YUMMYVIET&THAI,YUMMY VIET,,,65 9888 8885,65 6222 5191,,,enquiry@yummyviet.com.sg,,,Live
6721,T15LL1307D,FERICH LLP,FERICHLLP,,,65 8655 9787,,,,ferichllp@gmail.com,officeferichllp@gmail.com,,Live
6722,202324840H,CREAMERY PTE. LTD.,CREAMERY BATH (COLD CALL) ,,,65 6757 2895,,,,,,,Live Company
6730,201541225Z,EUROFERROUS ASIA (PTE. LTD.),EUROFERROUS ASIA PTE LTD,,,65 8244 9154,,,,mistervincelim@gmail.com,,,Live Company
6733,201733184M,DURIANBB (S) PTE. LTD.,DURIANBB (COLD CALL) ,,,65 8731 9928,,,,,,,Live Company
6735,53456541K,ORIGINAL GREENS,ORIGINAL GREENS,,,65 8879 5528,,,,Thousandflavours@bighomieltd.com,,,Live
6742,201319754H,SINGAPORE HOSPITALITY GROUP PTE. LTD.,LANDMARK HOSPITALITY,Carlo Aoun,Executive Director,966 556200019,,,,carlo.aoun@landmarkgroup.com,,,Live Company
6743,T13LL1087F,LOH NAM TAI LIMITED LIABILITY PARTNERSHIP,LOH NAM TAI,,,65 6538 1216,,,,LohNamTai@gmail.com,,,Live
6747,T16LL0961G,MICASA KITCHEN & BAR LIMITED LIABILITY PARTNERSHIP,MICASA KITCHEN & BAR SG ,,,65 6463 0263,,,,admin@micasakitchenandbar.com,,,Live
6748,200407537N,HIGHLANDER COFFEE PTE. LTD.,HIGHLANDS COFFEE,Le Thai Anh,Director,84 913920448,,,,thaianh@vtijs.com,,,Live Company
6752,200107110D,SARAVANA BHAVAN PTE LTD,SARVANNA BHAWAN ,,,65 6297 0770,65 6297 7755,,,hsb@saravanabhavan.com,,,Live Company
6753,T21LL0795B,SHELTER SHELTER LLP,SHELTER IN THE WOODS ,,,65 6466 6225,,,,patrick@shelterinthewoods.com,,,Live
6754,S92FC4395F,PT. FREEPORT INDONESIA,PT TOP FOOD INDONESIA,Mirfanda Haryanto,General Manager Marketing,62 8118200995,,,,miranda@esteler77.com,,,Live Company
6756,T17LL0746L,WANG YUAN CAFE LLP,WANG YUAN FISH SOUP ,,,65 9771 6613,,,,bbqpzq@hotmail.com,,,Live
6760,53495650E,SHIROKUMA.SG,SHIROKUYA ,,,65 6337 5188,,,,chijmes@shirokuya.com.sg,,,Live
6765,202215456D,YORIMICHI PTE. LTD.,YORIMICHI YAKITORI ,,,65 6299 5812,,,,midnightyaki@gmail.com,,,Live Company
6767,51506300B,INTERCONTINENTAL SINGAPORE,INTERCONTINENTAL SINGAPORE ROBERTSON QUAY ,Ankit Asron ,,65 6826 5005,,,,ankit.airon@ihg.com,,,Live
6768,201202807R,ARTEASTIQ PTE. LTD.,ARTEASTIQ- SMARTCONNECT + SMARTWEB ,,,65 9850 2654,,,,ivan_teo@arteastiq.com,,,Live Company
6770,202104118M,WINGSTOP (SINGAPORE) PTE. LTD.,WINGSTOP SG -- MARKET RESEARCH 2022,Dylan Goh,,65 9062 5492,,,,dylangohjk@yahoo.com.sg,,,Live Company
6772,53425302D,YAKINIKU-GO,YAKINIKUOH GOEN ,,,65 6336 3366,,,,hiroshi@jfort.sg,,,Live
6774,201601335W,WABISABI CONSULTING PTE. LTD.,WABISABI DINING @ SG,Emi Na,,65 9689 0447,,,,emi.horiuchi@gmail.com,,,Live Company
6780,202536038E,HAPPYFISH01 PTE. LTD.,IRVIN SELLING FISH & CHIP,,,65 6719 8450,65 6257 8801,,,cocobasg@gmail.com,,,Live Company
6783,T15LL0291C,NOODLE CAFE SLS LLP,NOODLES CAFE ,,,31 132003,,,,,,,Live
6787,T14LL1152G,WAFFLE EMPIRE LLP,WAFFLE STORE @ SG-,Renyi Tan ,,65 9835 6716,,,,	tanrenyi@hotmail.com,,,Live
6788,201326775N,A-TECH HUB PTE. LTD.,A TECH - PANDIAN PALANIYANDI,,,65 9010 4555,,,,safety_pandian@hotmail.com,,,Live Company
6796,201133091R,SAINTMARC SOUTH EAST ASIA PTE. LTD.,SAINTMARK CAFE ,,,65 6276 5730,,,,naomi@saint-marc-sg.com,,,Live Company
6799,201724862E,TORIHONTO PTE. LTD.,TORIGO,,,65 6634 8801,,,,torigochicken@gmail.com, torigochicken3@gmail.com,,Live Company
6801,53425302D,YAKINIKU-GO,YAKINIKU LIKE ,,,65 9677 1647,,,,,,,Live
6805,202027857R,TOGATHER GROUP PTE. LTD.,TOGATHER GROUP PTE. LTD. @ SG--NON CHAIN,Yi Jie Ang ,,65 9759 6779,,,,grouptogather@gmail.com,,,Live Company
6807,201109833C,METROPOLITAN LAW CORPORATION,METROPOLITIAN YMCA,Catherine C,, 6839831662355528,,,,catherine.lee@mymca.org.sg,,,Live Company
6810,T13LL0686J,SWIFTLET ECO GARDEN LLP,CANOPY GARDEN DINING ,,,65 9746 7186,,,,,,,Live
6816,200900893N,BADALING HOLDINGS PTE. LTD.,BADALING HOLDINGS PTE LTD -- 50 F&B STALLS ,Ming Fu ,,65 9795 9032,,,,mingfu96@hotmail.com,,,Live Company
6820,53243632J,MAKSPLACE - THE BENTORANT,THE BENTO PLACE,,,65 9827 7826,,,,,,,Live
6821,T22FC0055K,MELCO RESORTS & ENTERTAINMENT LIMITED SINGAPORE BR...,MELCO RESORTS & ENTERTAINMENT,Billy Ma,,65 8161 1615,,,,billykyma@melco-resorts.com,,,Live Company
6825,197200078R,SINGAPORE AIRLINES LIMITED,SINGAPORE AIRLINES - JOSEPHINE KOH LEH POH,,,65 9732 1418,,,,lehpoh_koh@singaporeair.com.sg,,,Live Company
6828,201505098E,NUNSARAM PTE. LTD.,NUNSARAM KOREAN DESSERT ,,,65 6282 4012,,,,go4bites@gmail.com,,,Live Company
6829,T14LL2785B,WANG WANG ENTERPRISE LLP,WANG WANG ENTERPRISE LLPSNACK BAR BABA TEA,Jason ,,65 9889 5386,,,,jason@teagif.com,,,Live
6831,201109833C,METROPOLITAN LAW CORPORATION,METROPOLITAN YMCA,,,65 9694 3367,65 6839 8304,,,catherine.lee@mymca.org.sg,,,Live Company
6835,T19LL0601H,BIG MOUTH MALA HOT POT LLP,BIG MOUTH MALA HOTPOT (WOODLANDS),,,65 9877 8713,,,,Mia.guchun@gmail.com,,,Live
6838,201816349C,FIRST GRILL PTE. LTD.,FIRST GRILL (CALL COLD),,,65 9238 0089,,,,,,,Live Company
6840,201305062N,BAYFRONT PTE. LTD.,BAYFRONT (CATERER) SG ,,,65 9040 0002,,,,bayfrontsteamboat@gmail.com,,,Live Company
6842,200717581C,SANTOUKA KAMEI SINGAPORE PTE. LTD.,SANTOUKA,,,65 6221 9500,,,,,,,Live Company
6843,200619223M,CHOPSTICKS COPPER CHIMNEY PTE. LTD.,COPPER CHIMNEY ,,,65 9068 5542,,,,contact@copperchimney.com.sg,,,Live Company
6845,T21LL0010A,CELAVION LLP,CELAVI ,,,65 8693 2426,,,,thomas.chong@celavi.com,,,Live
6850,202013970R,COMMONWEALTH CONCEPTS PTE. LTD.,COMMONWEALTH CONCEPTS- SMARTWEB ,,,65 9691 9639,,,,brian.stampe@commonwealthconcepts.com,,,Live Company
6852,201842083M,NORTHEAST CHEF HE CATERING PTE. LTD.,NORTHEAST MOM SPRING PANCAKE ,,,65 6835 7626,,,,,,,Live Company
6858,200723600R,KILLINEY DENTAL CENTRE PTE. LTD.,KILLINEY CENTRAL PARK @ SYDNEY,,,65 6291 2668,,,,contactus@killiney-kopitiam.com,,,Live Company
6860,53434731B,PRAWNAHOLIC,PRAWNHOLIC ,,,65 9751 4417,,,,prawnholicsg@gmail.com,,,Live
6861,202244756E,HENGSHAN INVESTMENTS PTE. LTD.,HENLESHAN ,,,65 9225 5716,,,,,,,Live Company
6863,201816349C,FIRST GRILL PTE. LTD.,FIRST GRILL PTE LTD,,, 7530218,,,,fred@rssw.com.sg,,,Live Company
6864,53244324A,SMOKEHOUSE CHARCOAL BBQ,SMOKE HOUSE CHARCOAL BBQ,,,65 6235 2185,,,,ivy.lau@res.com.sg,,,Live
6874,201632014H,GROUNDSTORY PTE. LTD.,GROUNDSTORY STORIES ,,,65 6297 6166,,,,,,,Live Company
6878,201721985H,WATERBATH CHEF PTE. LTD.,WATERBATHCHEF ,,,65 9107 1076,,,,waterbathchef@gmail.com,,,Live Company
6879,201625272D,ONE CHIMICHANGA PTE. LTD.,CHIMICHANGA HOLLAND VILLAGE ,,,65 8753 2911,,,,JEROME@CHIMICHANGA.SG,,,Live Company
6880,200309485K,CITIBANK SINGAPORE LIMITED,CITIBANK PARTNERSHIP . TO . PTE LTD,Shawn Lim,,65 6657 5599,,,,shawn.lim@citi.com,,,Live Company
6882,S73PF0144D,KAN & CO,KAN SUSHI ,,,65 8716 1950,,,,kanglobal.pte.ltd@gmail.com,,,Live
6883,201727063H,INVICTUS LAW CORPORATION,INVICTUS LAW CROPRATION ,,,65 6535 1611,,,,pat@invictuslaw.sg,,,Live Company
6886,T18FC0087L,AZQORE SA SINGAPORE BRANCH,AZQORE SG ,,,65 8322 0464,,,,mmshastry@hotmail.com,,,Live Company
6890,202527084D,USHIDOKI SINGAPORE PTE. LTD.,USHIDOKI WAGYU KAISEKI,,,65 6221 6379,,,,ushidoki@travelwagyu.sg,,,Live Company
6891,S92FC4395F,PT. FREEPORT INDONESIA,PT CHAMP RESTO INDONESIA,Ali Budiman,Chief Executive Officer,62 811885665,,,,agbudiman@gmail.com,,,Live Company
6898,199304141R,YOSHINOYA (S) PTE LTD,"YOSHINOYA @ SG -- INCOMING ISH TO SG
",Lee Wan Jin Jin ,,65 8833 5179,,,,wanjin@yoshinoya.com.sg,,,Live Company
6901,200107060M,DELITURK FOOD PTE LTD,DELITURK TURKISH CUISINE RESTAURANT,,,65 6244 9891,,,,deliturksg@gmail.com,,,Live Company
6902,53061254B,CUSCADEN CAFE & PUB,CUSCACEN CAFÉ & PUB ,,,65 6887 3319,,,,,,,Live
6903,T13LL0743C,SAKURA HONGKONG & ASIAN CUISINE LIMITED LIABILITY...,SAKURA HONG KONG & ASIAN CUISINE,,,65 8178 0566,,,,-,,,Live
6904,53483014E,OTTABEER OCEAN,EIGHT KOREAN BBQ,,,65 8692 1188,,,,cherry@8koreanbbq.com,,,Live
6907,201218502N,SCRAMBLED EGGS PTE. LTD.,SCRAMBLED SG ,,,65 6221 0289,,,,support@scrambledconcepts.com,,,Live Company
6908,53365437L,TABLESCAPE,TABLESCAPE RESTAURANT SG ,,,65 6432 5566,,,,hello@tablescape.sg,,,Live
6909,T20LL1901G,THE TACK SHOP LLP,THE TUCK SHOP SG ,,,65 6744 8205,,,,events@thetuckshop.com.sg,,,Live
6912,202036475D,TALKDARTS ORGANIZATION PTE. LTD.,TALK DARTS @ LAVENDER --. TO . PTE LTD, Email .,,65 8767 1021,,,,65 87671021 Info@talkdatrts.org,,,Live Company
6914,200910890Z,TADCASTER PUBS PTE. LTD.,TADCASTER -SMART TERMINALS,,,65 9828 8014,62 36948292766607,,,adrian@tadcaster.com.sg, tony@tadcaster.com.sg,,Live Company
6916,201432474R,KANEMOCHI PTE. LTD.,KANE MOCHI (PREMIUM MOCHI ICE CREAM),,,65 6509 1915,,,,admin@kanemochi.com.sg,,,Live Company
6917,200209232C,GARIBALDI PTE. LTD.,"GARIBALDI ITALIAN RESTAURANT & BAR @ SG -- SG TO SG
",Water Na,, 9438306265633727706563373770,,,,gm@garibaldisingapore.com,,,Live Company
6920,T05FC6753J,ABS INDIA PRIVATE LIMITED (SINGAPORE BRANCH),APBS ,Eunice Lok,,65 8157 9476,,,,eunice.lok@apb.com.sg,,,Live Company
6922,202321899C,SANPOUTEI SINGAPORE PTE. LTD.,SANPOUTEI RAMEN,,,65 6463 7277,,,,info@sanpoutei.sg,,,Live Company
6928,201509344G,ENEREXPERTS PTE. LTD.,ENEREXPERTS PTE LTD - PRADIP SADARANGANI,,,65 6243 8248,,,,pgsadaran@gmail.com,,,Live Company
6930,T12LL0517G,GUO & CHENG LLP,GUO CHENG CHUAN WEI,,,65 6757 3358,,,,,,,Live
6937,201802501H,SGFALCON PTE. LTD.,SGRALEON CAFE ,,,65 8046 0372,,,,,,,Live Company
6941,T24LL1239G,KAJIKE LLP,KAJIKEN ,,,65 6904 4714,65 8226 0199,,,,,,Live
6943,201800506K,YAOWARAT THAI KWAY CHAP PRIVATE LIMITED,YAOWARAT THAI ,,,65 8157 8344,,,,,,,Live Company
6946,201903923N,LOBSTERS & ICE CREAM (TJP) PTE. LTD.,LOBSTERS ICE CREAM ,,,65 9663 6632,,,,,,,Live Company
6947,T16LL1085G,KOME LLP,KOME BAR ,,,65 6255 2838,,,,tatsu@tatsu.com.sg,,,Live
6949,200310279D,INDOCHINE GROUP PTE. LTD.,INDOCHINE- SUPERTREE  ,,,65 6694 8489,,,,,,,Live Company
6950,201302799C,LABYRINTH FOOD (PTE.) LTD.,RESTAURANT LABYRINTH,,,65 6223 4098,,,,info@labyrinth.com.sg,,,Live Company
6953,201216918W,NJ PTE. LTD.,NJ RELISH PTE LTD - BHARADH RAJ,,,65 8739 3509,,,,bhradh@njrelish.sg,,,Live Company
6957,200602327W,LOVELIFE VENTURES PTE. LTD.,LOVELIFE VENTURES PTE LTD,,,60 179393932,,,,logan@boostjuicebars.com.my, finance@boostjuicebars.com.sg, xiang.yi@boostjuicebars.com.my,Live Company
6959,200715917D,STEADWORKS PTE. LTD.,SALADWORKS,,,65 9875 8710,,,,guestrelations@saladworks.com,,,Live Company
6961,53501659W,ISHWARYA CAFE,ISHWARYA RESEARCH . ISH TO . PTE LTD,Lim ,,65 9073 8627,,,,,,,Live
6963,201920282E,ELEMEN 79 PRIVATE LIMITED,ELEMEN MY EARTH DIET ,,,65 9871 7300,,,,hello@rbtea.com.sg,,,Live Company
6966,53504923D,TRACAPHE SOLUTIONS,TRE CAPHE ,,,65 9722 8197,,,,,,,Live
6967,201512328H,MOOLOOLABAR PTE. LTD.,MOOLOOLA BAR,,,65 8100 9191,,,,mooloolabar@yahoo.com,,,Live Company
6970,202421358K,BLOOMING CHATBOT PTE. LTD.,. . CHATBOT LEAD - PATRONS @ SG - 2 OUTLETS,,,65 8446 0086,,,,,,,Live Company
6979,201023803W,FILIPINO PRIME GRILL PTE. LTD.,FILIPINO PRIME GRILL PTE LTD (GERRY'S GRILL SINGAPORE) ,,,65 9335 3729,,,,..,,,Live Company
6984,201709566K,BAKENING PTE. LTD.,BAKENING.CO ,,,65 8750 4421,,,,hello@bakening.co,,,Live Company
6989,53469628K,HOMEANDAWAY_WHO,HOMEANDAWAYWHO ,,,65 8284 1230,,,,ongw0097@e.ntu.edu.sg,,,Live
6997,201613218C,BUTTERKNIFE FOLK PTE. LTD.,BUTTERKNIFE FOLK ,,,65 6734 7855,,,,,,,Live Company
6998,201109833C,METROPOLITAN LAW CORPORATION,METROPOLITAN YMCA SINGAPORE,,,65 6839 8316,,,,catherine.lee@mymca.org.sg,,,Live Company
6999,47245200B,KILLINEY KOPITIAM,KILLINEY KOPITIAM SG - OCBC ,,,65 9137 0914,,,,jingsong@killineyexchange.com,,,Live
7000,200801613R,WOORINARA PTE. LTD.,WOORINARA KOREAN RESTAURANT ,,,65 9114 9512,65 6464 9282,,,woorinaraco19@gmail.com,,,Live Company
7003,T07LL0965D,TOMIKA LLP,TIMIKA CUISINE ,,,65 8226 4699,,,,manesha.ravi@yahoo.com.sg,,,Live
7007,201838365M,MORE THAN STUDIOS PTE. LTD.,"MORE INFO THANKS
","Douglas Williams
",,65 8874 5385,,,,"douglas@ladiesandgentlemen.sg
",,,Live Company
7014,T18LL1971B,XIN HUA REN LLP,XIN HUA RESTAURANT,,,65 8399 7731,,,,cjiahuey@yahoo.com,,,Live
7016,202240445M,GOODRICH FOODS PTE. LTD.,GOOD RICH FOODS PTE LTD ,,,65 9186 6912,,,,admin@goodrichfoods.biz,,,Live Company
7017,T10LL1080H,THE PAPER BUNNY LLP,THE BUNGY BAR SINGAPORE ,,,65 6339 5707,,,,simon_wong@bungybar.com.sg,,,Live
7019,201621157M,FAIRTRADE COMMODITIES PTE. LTD.,FAIR TRADE COMMODITIES ,,,60 40000000,,,,pa10.md@fairtradeasean.com,,,Live Company
7021,201910240N,ROYAL DURIAN PTE. LTD.,ROYAL DURIAN SINGAPORE ,,,65 8186 8552,,,,hello@royalduriansg.com,,,Live Company
7022,201010333R,PARADISE INN (2) PTE. LTD.,PARADISE INN (2) PTE LTD : LENU @ WOODLEIGH,,,65 8299 2150,,,"107 Defu Lane 10, #05-01
Paradise Group IHQ
SINGAPORE 539224",accounts@paradisegroup.com.sg, yewyew@paradisegroup.com.sg, weiping@paradisegroup.com.sg,Live Company
7027,201909597G,COCONUTNUT FOOD INDUSTRIAL PTE. LTD.,COCONUTNUT (COLD KNOCK) ,,,65 9759 9901,,,,,,,Live Company
7028,53475773A,APPLEYARD RAIL,JAPAN RAIL CAFE @ SG,Wyncy Tan ,,65 9781 6541,,,,wyncy@jreast.sg,,,Live
7029,202108437R,VINNHARR FLAMEZ MUSIC PTE. LTD.,VINNHARR DINERS PARADISE PTE LTD,,,65 9101 2878,,,,vinharr05@gmail.com,,,Live Company
7031,202337125D,TABBOULEH PTE. LTD.,TABBOUEH SG ,,,65 6292 5235,,,,mm_khan383@yahoo.com,,,Live Company
